ISO-10303-21;
HEADER;
FILE_DESCRIPTION(('Open CASCADE Model'),'2;1');
FILE_NAME('Open CASCADE Shape Model','2026-09-21T18:21:08',('Author'),(
    'Open CASCADE'),'Open CASCADE STEP processor 7.9','Open CASCADE 7.9'
  ,'Unknown');
FILE_SCHEMA(('AUTOMOTIVE_DESIGN { 1 0 10303 214 1 1 1 1 }'));
ENDSEC;
DATA;
#1 = APPLICATION_PROTOCOL_DEFINITION('international standard',
  'automotive_design',2000,#2);
#2 = APPLICATION_CONTEXT(
  'core data for automotive mechanical design processes');
#3 = SHAPE_DEFINITION_REPRESENTATION(#4,#10);
#4 = PRODUCT_DEFINITION_SHAPE('','',#5);
#5 = PRODUCT_DEFINITION('design','',#6,#9);
#6 = PRODUCT_DEFINITION_FORMATION('','',#7);
#7 = PRODUCT('Open CASCADE STEP translator 7.9 1',
  'Open CASCADE STEP translator 7.9 1','',(#8));
#8 = PRODUCT_CONTEXT('',#2,'mechanical');
#9 = PRODUCT_DEFINITION_CONTEXT('part definition',#2,'design');
#10 = ADVANCED_BREP_SHAPE_REPRESENTATION('',(#11,#15),#7458);
#11 = AXIS2_PLACEMENT_3D('',#12,#13,#14);
#12 = CARTESIAN_POINT('',(0.,0.,0.));
#13 = DIRECTION('',(0.,0.,1.));
#14 = DIRECTION('',(1.,0.,-0.));
#15 = MANIFOLD_SOLID_BREP('',#16);
#16 = CLOSED_SHELL('',(#17,#137,#215,#288,#435,#1048,#1055,#1131,#1186,
    #1240,#1273,#1346,#1393,#1440,#1487,#1513,#1585,#1633,#1680,#1708,
    #1763,#1882,#1937,#2028,#2138,#2207,#2257,#5327,#5400,#5468,#5494,
    #5541,#5567,#6441,#6586,#7304,#7364,#7422,#7450));
#17 = ADVANCED_FACE('',(#18),#32,.T.);
#18 = FACE_BOUND('',#19,.T.);
#19 = EDGE_LOOP('',(#20,#55,#83,#111));
#20 = ORIENTED_EDGE('',*,*,#21,.T.);
#21 = EDGE_CURVE('',#22,#24,#26,.T.);
#22 = VERTEX_POINT('',#23);
#23 = CARTESIAN_POINT('',(-12.,10.5,20.));
#24 = VERTEX_POINT('',#25);
#25 = CARTESIAN_POINT('',(-12.,10.5,23.));
#26 = SURFACE_CURVE('',#27,(#31,#43),.PCURVE_S1.);
#27 = LINE('',#28,#29);
#28 = CARTESIAN_POINT('',(-12.,10.5,20.));
#29 = VECTOR('',#30,1.);
#30 = DIRECTION('',(0.,0.,1.));
#31 = PCURVE('',#32,#37);
#32 = PLANE('',#33);
#33 = AXIS2_PLACEMENT_3D('',#34,#35,#36);
#34 = CARTESIAN_POINT('',(-12.,10.5,20.));
#35 = DIRECTION('',(0.,1.,0.));
#36 = DIRECTION('',(1.,0.,0.));
#37 = DEFINITIONAL_REPRESENTATION('',(#38),#42);
#38 = LINE('',#39,#40);
#39 = CARTESIAN_POINT('',(0.,0.));
#40 = VECTOR('',#41,1.);
#41 = DIRECTION('',(0.,-1.));
#42 = ( GEOMETRIC_REPRESENTATION_CONTEXT(2)
PARAMETRIC_REPRESENTATION_CONTEXT() REPRESENTATION_CONTEXT('2D SPACE',''
  ) );
#43 = PCURVE('',#44,#49);
#44 = CYLINDRICAL_SURFACE('',#45,10.5);
#45 = AXIS2_PLACEMENT_3D('',#46,#47,#48);
#46 = CARTESIAN_POINT('',(-12.,0.,20.));
#47 = DIRECTION('',(0.,-0.,-1.));
#48 = DIRECTION('',(0.,-1.,0.));
#49 = DEFINITIONAL_REPRESENTATION('',(#50),#54);
#50 = LINE('',#51,#52);
#51 = CARTESIAN_POINT('',(3.14159265359,0.));
#52 = VECTOR('',#53,1.);
#53 = DIRECTION('',(0.,-1.));
#54 = ( GEOMETRIC_REPRESENTATION_CONTEXT(2)
PARAMETRIC_REPRESENTATION_CONTEXT() REPRESENTATION_CONTEXT('2D SPACE',''
  ) );
#55 = ORIENTED_EDGE('',*,*,#56,.T.);
#56 = EDGE_CURVE('',#24,#57,#59,.T.);
#57 = VERTEX_POINT('',#58);
#58 = CARTESIAN_POINT('',(12.,10.5,23.));
#59 = SURFACE_CURVE('',#60,(#64,#71),.PCURVE_S1.);
#60 = LINE('',#61,#62);
#61 = CARTESIAN_POINT('',(-12.,10.5,23.));
#62 = VECTOR('',#63,1.);
#63 = DIRECTION('',(1.,0.,0.));
#64 = PCURVE('',#32,#65);
#65 = DEFINITIONAL_REPRESENTATION('',(#66),#70);
#66 = LINE('',#67,#68);
#67 = CARTESIAN_POINT('',(0.,-3.));
#68 = VECTOR('',#69,1.);
#69 = DIRECTION('',(1.,0.));
#70 = ( GEOMETRIC_REPRESENTATION_CONTEXT(2)
PARAMETRIC_REPRESENTATION_CONTEXT() REPRESENTATION_CONTEXT('2D SPACE',''
  ) );
#71 = PCURVE('',#72,#77);
#72 = PLANE('',#73);
#73 = AXIS2_PLACEMENT_3D('',#74,#75,#76);
#74 = CARTESIAN_POINT('',(-6.401285907749E-17,-1.920385772325E-16,23.));
#75 = DIRECTION('',(-0.,-0.,-1.));
#76 = DIRECTION('',(-1.,0.,0.));
#77 = DEFINITIONAL_REPRESENTATION('',(#78),#82);
#78 = LINE('',#79,#80);
#79 = CARTESIAN_POINT('',(12.,10.5));
#80 = VECTOR('',#81,1.);
#81 = DIRECTION('',(-1.,0.));
#82 = ( GEOMETRIC_REPRESENTATION_CONTEXT(2)
PARAMETRIC_REPRESENTATION_CONTEXT() REPRESENTATION_CONTEXT('2D SPACE',''
  ) );
#83 = ORIENTED_EDGE('',*,*,#84,.F.);
#84 = EDGE_CURVE('',#85,#57,#87,.T.);
#85 = VERTEX_POINT('',#86);
#86 = CARTESIAN_POINT('',(12.,10.5,20.));
#87 = SURFACE_CURVE('',#88,(#92,#99),.PCURVE_S1.);
#88 = LINE('',#89,#90);
#89 = CARTESIAN_POINT('',(12.,10.5,20.));
#90 = VECTOR('',#91,1.);
#91 = DIRECTION('',(0.,0.,1.));
#92 = PCURVE('',#32,#93);
#93 = DEFINITIONAL_REPRESENTATION('',(#94),#98);
#94 = LINE('',#95,#96);
#95 = CARTESIAN_POINT('',(24.,0.));
#96 = VECTOR('',#97,1.);
#97 = DIRECTION('',(0.,-1.));
#98 = ( GEOMETRIC_REPRESENTATION_CONTEXT(2)
PARAMETRIC_REPRESENTATION_CONTEXT() REPRESENTATION_CONTEXT('2D SPACE',''
  ) );
#99 = PCURVE('',#100,#105);
#100 = CYLINDRICAL_SURFACE('',#101,10.5);
#101 = AXIS2_PLACEMENT_3D('',#102,#103,#104);
#102 = CARTESIAN_POINT('',(12.,0.,20.));
#103 = DIRECTION('',(0.,0.,-1.));
#104 = DIRECTION('',(0.,1.,0.));
#105 = DEFINITIONAL_REPRESENTATION('',(#106),#110);
#106 = LINE('',#107,#108);
#107 = CARTESIAN_POINT('',(0.,0.));
#108 = VECTOR('',#109,1.);
#109 = DIRECTION('',(0.,-1.));
#110 = ( GEOMETRIC_REPRESENTATION_CONTEXT(2)
PARAMETRIC_REPRESENTATION_CONTEXT() REPRESENTATION_CONTEXT('2D SPACE',''
  ) );
#111 = ORIENTED_EDGE('',*,*,#112,.F.);
#112 = EDGE_CURVE('',#22,#85,#113,.T.);
#113 = SURFACE_CURVE('',#114,(#118,#125),.PCURVE_S1.);
#114 = LINE('',#115,#116);
#115 = CARTESIAN_POINT('',(-12.,10.5,20.));
#116 = VECTOR('',#117,1.);
#117 = DIRECTION('',(1.,0.,0.));
#118 = PCURVE('',#32,#119);
#119 = DEFINITIONAL_REPRESENTATION('',(#120),#124);
#120 = LINE('',#121,#122);
#121 = CARTESIAN_POINT('',(0.,0.));
#122 = VECTOR('',#123,1.);
#123 = DIRECTION('',(1.,0.));
#124 = ( GEOMETRIC_REPRESENTATION_CONTEXT(2)
PARAMETRIC_REPRESENTATION_CONTEXT() REPRESENTATION_CONTEXT('2D SPACE',''
  ) );
#125 = PCURVE('',#126,#131);
#126 = PLANE('',#127);
#127 = AXIS2_PLACEMENT_3D('',#128,#129,#130);
#128 = CARTESIAN_POINT('',(-6.401285907749E-17,-1.920385772325E-16,20.)
  );
#129 = DIRECTION('',(-0.,-0.,-1.));
#130 = DIRECTION('',(-1.,0.,0.));
#131 = DEFINITIONAL_REPRESENTATION('',(#132),#136);
#132 = LINE('',#133,#134);
#133 = CARTESIAN_POINT('',(12.,10.5));
#134 = VECTOR('',#135,1.);
#135 = DIRECTION('',(-1.,0.));
#136 = ( GEOMETRIC_REPRESENTATION_CONTEXT(2)
PARAMETRIC_REPRESENTATION_CONTEXT() REPRESENTATION_CONTEXT('2D SPACE',''
  ) );
#137 = ADVANCED_FACE('',(#138),#44,.T.);
#138 = FACE_BOUND('',#139,.T.);
#139 = EDGE_LOOP('',(#140,#170,#192,#193));
#140 = ORIENTED_EDGE('',*,*,#141,.T.);
#141 = EDGE_CURVE('',#142,#144,#146,.T.);
#142 = VERTEX_POINT('',#143);
#143 = CARTESIAN_POINT('',(-12.,-10.5,20.));
#144 = VERTEX_POINT('',#145);
#145 = CARTESIAN_POINT('',(-12.,-10.5,23.));
#146 = SURFACE_CURVE('',#147,(#151,#158),.PCURVE_S1.);
#147 = LINE('',#148,#149);
#148 = CARTESIAN_POINT('',(-12.,-10.5,20.));
#149 = VECTOR('',#150,1.);
#150 = DIRECTION('',(0.,0.,1.));
#151 = PCURVE('',#44,#152);
#152 = DEFINITIONAL_REPRESENTATION('',(#153),#157);
#153 = LINE('',#154,#155);
#154 = CARTESIAN_POINT('',(0.,0.));
#155 = VECTOR('',#156,1.);
#156 = DIRECTION('',(0.,-1.));
#157 = ( GEOMETRIC_REPRESENTATION_CONTEXT(2)
PARAMETRIC_REPRESENTATION_CONTEXT() REPRESENTATION_CONTEXT('2D SPACE',''
  ) );
#158 = PCURVE('',#159,#164);
#159 = PLANE('',#160);
#160 = AXIS2_PLACEMENT_3D('',#161,#162,#163);
#161 = CARTESIAN_POINT('',(12.,-10.5,20.));
#162 = DIRECTION('',(0.,-1.,0.));
#163 = DIRECTION('',(-1.,0.,0.));
#164 = DEFINITIONAL_REPRESENTATION('',(#165),#169);
#165 = LINE('',#166,#167);
#166 = CARTESIAN_POINT('',(24.,0.));
#167 = VECTOR('',#168,1.);
#168 = DIRECTION('',(0.,-1.));
#169 = ( GEOMETRIC_REPRESENTATION_CONTEXT(2)
PARAMETRIC_REPRESENTATION_CONTEXT() REPRESENTATION_CONTEXT('2D SPACE',''
  ) );
#170 = ORIENTED_EDGE('',*,*,#171,.T.);
#171 = EDGE_CURVE('',#144,#24,#172,.T.);
#172 = SURFACE_CURVE('',#173,(#178,#185),.PCURVE_S1.);
#173 = CIRCLE('',#174,10.5);
#174 = AXIS2_PLACEMENT_3D('',#175,#176,#177);
#175 = CARTESIAN_POINT('',(-12.,0.,23.));
#176 = DIRECTION('',(0.,-0.,-1.));
#177 = DIRECTION('',(0.,-1.,0.));
#178 = PCURVE('',#44,#179);
#179 = DEFINITIONAL_REPRESENTATION('',(#180),#184);
#180 = LINE('',#181,#182);
#181 = CARTESIAN_POINT('',(0.,-3.));
#182 = VECTOR('',#183,1.);
#183 = DIRECTION('',(1.,0.));
#184 = ( GEOMETRIC_REPRESENTATION_CONTEXT(2)
PARAMETRIC_REPRESENTATION_CONTEXT() REPRESENTATION_CONTEXT('2D SPACE',''
  ) );
#185 = PCURVE('',#72,#186);
#186 = DEFINITIONAL_REPRESENTATION('',(#187),#191);
#187 = CIRCLE('',#188,10.5);
#188 = AXIS2_PLACEMENT_2D('',#189,#190);
#189 = CARTESIAN_POINT('',(12.,1.920385772325E-16));
#190 = DIRECTION('',(0.,-1.));
#191 = ( GEOMETRIC_REPRESENTATION_CONTEXT(2)
PARAMETRIC_REPRESENTATION_CONTEXT() REPRESENTATION_CONTEXT('2D SPACE',''
  ) );
#192 = ORIENTED_EDGE('',*,*,#21,.F.);
#193 = ORIENTED_EDGE('',*,*,#194,.F.);
#194 = EDGE_CURVE('',#142,#22,#195,.T.);
#195 = SURFACE_CURVE('',#196,(#201,#208),.PCURVE_S1.);
#196 = CIRCLE('',#197,10.5);
#197 = AXIS2_PLACEMENT_3D('',#198,#199,#200);
#198 = CARTESIAN_POINT('',(-12.,0.,20.));
#199 = DIRECTION('',(0.,-0.,-1.));
#200 = DIRECTION('',(0.,-1.,0.));
#201 = PCURVE('',#44,#202);
#202 = DEFINITIONAL_REPRESENTATION('',(#203),#207);
#203 = LINE('',#204,#205);
#204 = CARTESIAN_POINT('',(0.,0.));
#205 = VECTOR('',#206,1.);
#206 = DIRECTION('',(1.,0.));
#207 = ( GEOMETRIC_REPRESENTATION_CONTEXT(2)
PARAMETRIC_REPRESENTATION_CONTEXT() REPRESENTATION_CONTEXT('2D SPACE',''
  ) );
#208 = PCURVE('',#126,#209);
#209 = DEFINITIONAL_REPRESENTATION('',(#210),#214);
#210 = CIRCLE('',#211,10.5);
#211 = AXIS2_PLACEMENT_2D('',#212,#213);
#212 = CARTESIAN_POINT('',(12.,1.920385772325E-16));
#213 = DIRECTION('',(0.,-1.));
#214 = ( GEOMETRIC_REPRESENTATION_CONTEXT(2)
PARAMETRIC_REPRESENTATION_CONTEXT() REPRESENTATION_CONTEXT('2D SPACE',''
  ) );
#215 = ADVANCED_FACE('',(#216),#100,.T.);
#216 = FACE_BOUND('',#217,.T.);
#217 = EDGE_LOOP('',(#218,#219,#243,#266));
#218 = ORIENTED_EDGE('',*,*,#84,.T.);
#219 = ORIENTED_EDGE('',*,*,#220,.T.);
#220 = EDGE_CURVE('',#57,#221,#223,.T.);
#221 = VERTEX_POINT('',#222);
#222 = CARTESIAN_POINT('',(12.,-10.5,23.));
#223 = SURFACE_CURVE('',#224,(#229,#236),.PCURVE_S1.);
#224 = CIRCLE('',#225,10.5);
#225 = AXIS2_PLACEMENT_3D('',#226,#227,#228);
#226 = CARTESIAN_POINT('',(12.,0.,23.));
#227 = DIRECTION('',(0.,0.,-1.));
#228 = DIRECTION('',(0.,1.,0.));
#229 = PCURVE('',#100,#230);
#230 = DEFINITIONAL_REPRESENTATION('',(#231),#235);
#231 = LINE('',#232,#233);
#232 = CARTESIAN_POINT('',(0.,-3.));
#233 = VECTOR('',#234,1.);
#234 = DIRECTION('',(1.,0.));
#235 = ( GEOMETRIC_REPRESENTATION_CONTEXT(2)
PARAMETRIC_REPRESENTATION_CONTEXT() REPRESENTATION_CONTEXT('2D SPACE',''
  ) );
#236 = PCURVE('',#72,#237);
#237 = DEFINITIONAL_REPRESENTATION('',(#238),#242);
#238 = CIRCLE('',#239,10.5);
#239 = AXIS2_PLACEMENT_2D('',#240,#241);
#240 = CARTESIAN_POINT('',(-12.,1.920385772325E-16));
#241 = DIRECTION('',(0.,1.));
#242 = ( GEOMETRIC_REPRESENTATION_CONTEXT(2)
PARAMETRIC_REPRESENTATION_CONTEXT() REPRESENTATION_CONTEXT('2D SPACE',''
  ) );
#243 = ORIENTED_EDGE('',*,*,#244,.F.);
#244 = EDGE_CURVE('',#245,#221,#247,.T.);
#245 = VERTEX_POINT('',#246);
#246 = CARTESIAN_POINT('',(12.,-10.5,20.));
#247 = SURFACE_CURVE('',#248,(#252,#259),.PCURVE_S1.);
#248 = LINE('',#249,#250);
#249 = CARTESIAN_POINT('',(12.,-10.5,20.));
#250 = VECTOR('',#251,1.);
#251 = DIRECTION('',(0.,0.,1.));
#252 = PCURVE('',#100,#253);
#253 = DEFINITIONAL_REPRESENTATION('',(#254),#258);
#254 = LINE('',#255,#256);
#255 = CARTESIAN_POINT('',(3.14159265359,0.));
#256 = VECTOR('',#257,1.);
#257 = DIRECTION('',(0.,-1.));
#258 = ( GEOMETRIC_REPRESENTATION_CONTEXT(2)
PARAMETRIC_REPRESENTATION_CONTEXT() REPRESENTATION_CONTEXT('2D SPACE',''
  ) );
#259 = PCURVE('',#159,#260);
#260 = DEFINITIONAL_REPRESENTATION('',(#261),#265);
#261 = LINE('',#262,#263);
#262 = CARTESIAN_POINT('',(0.,-0.));
#263 = VECTOR('',#264,1.);
#264 = DIRECTION('',(0.,-1.));
#265 = ( GEOMETRIC_REPRESENTATION_CONTEXT(2)
PARAMETRIC_REPRESENTATION_CONTEXT() REPRESENTATION_CONTEXT('2D SPACE',''
  ) );
#266 = ORIENTED_EDGE('',*,*,#267,.F.);
#267 = EDGE_CURVE('',#85,#245,#268,.T.);
#268 = SURFACE_CURVE('',#269,(#274,#281),.PCURVE_S1.);
#269 = CIRCLE('',#270,10.5);
#270 = AXIS2_PLACEMENT_3D('',#271,#272,#273);
#271 = CARTESIAN_POINT('',(12.,0.,20.));
#272 = DIRECTION('',(0.,0.,-1.));
#273 = DIRECTION('',(0.,1.,0.));
#274 = PCURVE('',#100,#275);
#275 = DEFINITIONAL_REPRESENTATION('',(#276),#280);
#276 = LINE('',#277,#278);
#277 = CARTESIAN_POINT('',(0.,0.));
#278 = VECTOR('',#279,1.);
#279 = DIRECTION('',(1.,0.));
#280 = ( GEOMETRIC_REPRESENTATION_CONTEXT(2)
PARAMETRIC_REPRESENTATION_CONTEXT() REPRESENTATION_CONTEXT('2D SPACE',''
  ) );
#281 = PCURVE('',#126,#282);
#282 = DEFINITIONAL_REPRESENTATION('',(#283),#287);
#283 = CIRCLE('',#284,10.5);
#284 = AXIS2_PLACEMENT_2D('',#285,#286);
#285 = CARTESIAN_POINT('',(-12.,1.920385772325E-16));
#286 = DIRECTION('',(0.,1.));
#287 = ( GEOMETRIC_REPRESENTATION_CONTEXT(2)
PARAMETRIC_REPRESENTATION_CONTEXT() REPRESENTATION_CONTEXT('2D SPACE',''
  ) );
#288 = ADVANCED_FACE('',(#289,#315),#126,.T.);
#289 = FACE_BOUND('',#290,.T.);
#290 = EDGE_LOOP('',(#291,#292,#293,#314));
#291 = ORIENTED_EDGE('',*,*,#112,.T.);
#292 = ORIENTED_EDGE('',*,*,#267,.T.);
#293 = ORIENTED_EDGE('',*,*,#294,.T.);
#294 = EDGE_CURVE('',#245,#142,#295,.T.);
#295 = SURFACE_CURVE('',#296,(#300,#307),.PCURVE_S1.);
#296 = LINE('',#297,#298);
#297 = CARTESIAN_POINT('',(12.,-10.5,20.));
#298 = VECTOR('',#299,1.);
#299 = DIRECTION('',(-1.,0.,0.));
#300 = PCURVE('',#126,#301);
#301 = DEFINITIONAL_REPRESENTATION('',(#302),#306);
#302 = LINE('',#303,#304);
#303 = CARTESIAN_POINT('',(-12.,-10.5));
#304 = VECTOR('',#305,1.);
#305 = DIRECTION('',(1.,0.));
#306 = ( GEOMETRIC_REPRESENTATION_CONTEXT(2)
PARAMETRIC_REPRESENTATION_CONTEXT() REPRESENTATION_CONTEXT('2D SPACE',''
  ) );
#307 = PCURVE('',#159,#308);
#308 = DEFINITIONAL_REPRESENTATION('',(#309),#313);
#309 = LINE('',#310,#311);
#310 = CARTESIAN_POINT('',(0.,-0.));
#311 = VECTOR('',#312,1.);
#312 = DIRECTION('',(1.,0.));
#313 = ( GEOMETRIC_REPRESENTATION_CONTEXT(2)
PARAMETRIC_REPRESENTATION_CONTEXT() REPRESENTATION_CONTEXT('2D SPACE',''
  ) );
#314 = ORIENTED_EDGE('',*,*,#194,.T.);
#315 = FACE_BOUND('',#316,.T.);
#316 = EDGE_LOOP('',(#317,#347,#376,#404));
#317 = ORIENTED_EDGE('',*,*,#318,.F.);
#318 = EDGE_CURVE('',#319,#321,#323,.T.);
#319 = VERTEX_POINT('',#320);
#320 = CARTESIAN_POINT('',(-12.,6.2,20.));
#321 = VERTEX_POINT('',#322);
#322 = CARTESIAN_POINT('',(12.,6.2,20.));
#323 = SURFACE_CURVE('',#324,(#328,#335),.PCURVE_S1.);
#324 = LINE('',#325,#326);
#325 = CARTESIAN_POINT('',(-12.,6.2,20.));
#326 = VECTOR('',#327,1.);
#327 = DIRECTION('',(1.,0.,0.));
#328 = PCURVE('',#126,#329);
#329 = DEFINITIONAL_REPRESENTATION('',(#330),#334);
#330 = LINE('',#331,#332);
#331 = CARTESIAN_POINT('',(12.,6.2));
#332 = VECTOR('',#333,1.);
#333 = DIRECTION('',(-1.,0.));
#334 = ( GEOMETRIC_REPRESENTATION_CONTEXT(2)
PARAMETRIC_REPRESENTATION_CONTEXT() REPRESENTATION_CONTEXT('2D SPACE',''
  ) );
#335 = PCURVE('',#336,#341);
#336 = PLANE('',#337);
#337 = AXIS2_PLACEMENT_3D('',#338,#339,#340);
#338 = CARTESIAN_POINT('',(-12.,6.2,0.));
#339 = DIRECTION('',(0.,1.,0.));
#340 = DIRECTION('',(1.,0.,0.));
#341 = DEFINITIONAL_REPRESENTATION('',(#342),#346);
#342 = LINE('',#343,#344);
#343 = CARTESIAN_POINT('',(0.,-20.));
#344 = VECTOR('',#345,1.);
#345 = DIRECTION('',(1.,0.));
#346 = ( GEOMETRIC_REPRESENTATION_CONTEXT(2)
PARAMETRIC_REPRESENTATION_CONTEXT() REPRESENTATION_CONTEXT('2D SPACE',''
  ) );
#347 = ORIENTED_EDGE('',*,*,#348,.F.);
#348 = EDGE_CURVE('',#349,#319,#351,.T.);
#349 = VERTEX_POINT('',#350);
#350 = CARTESIAN_POINT('',(-12.,-6.2,20.));
#351 = SURFACE_CURVE('',#352,(#357,#364),.PCURVE_S1.);
#352 = CIRCLE('',#353,6.2);
#353 = AXIS2_PLACEMENT_3D('',#354,#355,#356);
#354 = CARTESIAN_POINT('',(-12.,2.43364331096E-16,20.));
#355 = DIRECTION('',(0.,-0.,-1.));
#356 = DIRECTION('',(0.,-1.,0.));
#357 = PCURVE('',#126,#358);
#358 = DEFINITIONAL_REPRESENTATION('',(#359),#363);
#359 = CIRCLE('',#360,6.2);
#360 = AXIS2_PLACEMENT_2D('',#361,#362);
#361 = CARTESIAN_POINT('',(12.,4.354029083284E-16));
#362 = DIRECTION('',(0.,-1.));
#363 = ( GEOMETRIC_REPRESENTATION_CONTEXT(2)
PARAMETRIC_REPRESENTATION_CONTEXT() REPRESENTATION_CONTEXT('2D SPACE',''
  ) );
#364 = PCURVE('',#365,#370);
#365 = CYLINDRICAL_SURFACE('',#366,6.2);
#366 = AXIS2_PLACEMENT_3D('',#367,#368,#369);
#367 = CARTESIAN_POINT('',(-12.,2.43364331096E-16,0.));
#368 = DIRECTION('',(0.,-0.,-1.));
#369 = DIRECTION('',(0.,-1.,0.));
#370 = DEFINITIONAL_REPRESENTATION('',(#371),#375);
#371 = LINE('',#372,#373);
#372 = CARTESIAN_POINT('',(0.,-20.));
#373 = VECTOR('',#374,1.);
#374 = DIRECTION('',(1.,0.));
#375 = ( GEOMETRIC_REPRESENTATION_CONTEXT(2)
PARAMETRIC_REPRESENTATION_CONTEXT() REPRESENTATION_CONTEXT('2D SPACE',''
  ) );
#376 = ORIENTED_EDGE('',*,*,#377,.F.);
#377 = EDGE_CURVE('',#378,#349,#380,.T.);
#378 = VERTEX_POINT('',#379);
#379 = CARTESIAN_POINT('',(12.,-6.2,20.));
#380 = SURFACE_CURVE('',#381,(#385,#392),.PCURVE_S1.);
#381 = LINE('',#382,#383);
#382 = CARTESIAN_POINT('',(12.,-6.2,20.));
#383 = VECTOR('',#384,1.);
#384 = DIRECTION('',(-1.,0.,0.));
#385 = PCURVE('',#126,#386);
#386 = DEFINITIONAL_REPRESENTATION('',(#387),#391);
#387 = LINE('',#388,#389);
#388 = CARTESIAN_POINT('',(-12.,-6.2));
#389 = VECTOR('',#390,1.);
#390 = DIRECTION('',(1.,0.));
#391 = ( GEOMETRIC_REPRESENTATION_CONTEXT(2)
PARAMETRIC_REPRESENTATION_CONTEXT() REPRESENTATION_CONTEXT('2D SPACE',''
  ) );
#392 = PCURVE('',#393,#398);
#393 = PLANE('',#394);
#394 = AXIS2_PLACEMENT_3D('',#395,#396,#397);
#395 = CARTESIAN_POINT('',(12.,-6.2,0.));
#396 = DIRECTION('',(0.,-1.,0.));
#397 = DIRECTION('',(-1.,0.,0.));
#398 = DEFINITIONAL_REPRESENTATION('',(#399),#403);
#399 = LINE('',#400,#401);
#400 = CARTESIAN_POINT('',(0.,-20.));
#401 = VECTOR('',#402,1.);
#402 = DIRECTION('',(1.,0.));
#403 = ( GEOMETRIC_REPRESENTATION_CONTEXT(2)
PARAMETRIC_REPRESENTATION_CONTEXT() REPRESENTATION_CONTEXT('2D SPACE',''
  ) );
#404 = ORIENTED_EDGE('',*,*,#405,.T.);
#405 = EDGE_CURVE('',#378,#321,#406,.T.);
#406 = SURFACE_CURVE('',#407,(#412,#423),.PCURVE_S1.);
#407 = CIRCLE('',#408,6.2);
#408 = AXIS2_PLACEMENT_3D('',#409,#410,#411);
#409 = CARTESIAN_POINT('',(12.,-2.43364331096E-16,20.));
#410 = DIRECTION('',(-0.,0.,1.));
#411 = DIRECTION('',(0.,-1.,0.));
#412 = PCURVE('',#126,#413);
#413 = DEFINITIONAL_REPRESENTATION('',(#414),#422);
#414 = ( BOUNDED_CURVE() B_SPLINE_CURVE(2,(#415,#416,#417,#418,#419,#420
,#421),.UNSPECIFIED.,.T.,.F.) B_SPLINE_CURVE_WITH_KNOTS((1,2,2,2,2,1),(
    -2.094395102393,0.,2.094395102393,4.188790204786,6.28318530718,
8.377580409573),.UNSPECIFIED.) CURVE() GEOMETRIC_REPRESENTATION_ITEM()
RATIONAL_B_SPLINE_CURVE((1.,0.5,1.,0.5,1.,0.5,1.)) REPRESENTATION_ITEM(
  '') );
#415 = CARTESIAN_POINT('',(-12.,-6.2));
#416 = CARTESIAN_POINT('',(-22.73871500692,-6.2));
#417 = CARTESIAN_POINT('',(-17.36935750346,3.1));
#418 = CARTESIAN_POINT('',(-12.,12.4));
#419 = CARTESIAN_POINT('',(-6.630642496536,3.1));
#420 = CARTESIAN_POINT('',(-1.261284993073,-6.2));
#421 = CARTESIAN_POINT('',(-12.,-6.2));
#422 = ( GEOMETRIC_REPRESENTATION_CONTEXT(2)
PARAMETRIC_REPRESENTATION_CONTEXT() REPRESENTATION_CONTEXT('2D SPACE',''
  ) );
#423 = PCURVE('',#424,#429);
#424 = CYLINDRICAL_SURFACE('',#425,6.2);
#425 = AXIS2_PLACEMENT_3D('',#426,#427,#428);
#426 = CARTESIAN_POINT('',(12.,-2.43364331096E-16,0.));
#427 = DIRECTION('',(0.,0.,-1.));
#428 = DIRECTION('',(0.,1.,0.));
#429 = DEFINITIONAL_REPRESENTATION('',(#430),#434);
#430 = LINE('',#431,#432);
#431 = CARTESIAN_POINT('',(3.14159265359,-20.));
#432 = VECTOR('',#433,1.);
#433 = DIRECTION('',(-1.,-0.));
#434 = ( GEOMETRIC_REPRESENTATION_CONTEXT(2)
PARAMETRIC_REPRESENTATION_CONTEXT() REPRESENTATION_CONTEXT('2D SPACE',''
  ) );
#435 = ADVANCED_FACE('',(#436,#462),#72,.F.);
#436 = FACE_BOUND('',#437,.F.);
#437 = EDGE_LOOP('',(#438,#439,#440,#461));
#438 = ORIENTED_EDGE('',*,*,#56,.T.);
#439 = ORIENTED_EDGE('',*,*,#220,.T.);
#440 = ORIENTED_EDGE('',*,*,#441,.T.);
#441 = EDGE_CURVE('',#221,#144,#442,.T.);
#442 = SURFACE_CURVE('',#443,(#447,#454),.PCURVE_S1.);
#443 = LINE('',#444,#445);
#444 = CARTESIAN_POINT('',(12.,-10.5,23.));
#445 = VECTOR('',#446,1.);
#446 = DIRECTION('',(-1.,0.,0.));
#447 = PCURVE('',#72,#448);
#448 = DEFINITIONAL_REPRESENTATION('',(#449),#453);
#449 = LINE('',#450,#451);
#450 = CARTESIAN_POINT('',(-12.,-10.5));
#451 = VECTOR('',#452,1.);
#452 = DIRECTION('',(1.,0.));
#453 = ( GEOMETRIC_REPRESENTATION_CONTEXT(2)
PARAMETRIC_REPRESENTATION_CONTEXT() REPRESENTATION_CONTEXT('2D SPACE',''
  ) );
#454 = PCURVE('',#159,#455);
#455 = DEFINITIONAL_REPRESENTATION('',(#456),#460);
#456 = LINE('',#457,#458);
#457 = CARTESIAN_POINT('',(0.,-3.));
#458 = VECTOR('',#459,1.);
#459 = DIRECTION('',(1.,0.));
#460 = ( GEOMETRIC_REPRESENTATION_CONTEXT(2)
PARAMETRIC_REPRESENTATION_CONTEXT() REPRESENTATION_CONTEXT('2D SPACE',''
  ) );
#461 = ORIENTED_EDGE('',*,*,#171,.T.);
#462 = FACE_BOUND('',#463,.F.);
#463 = EDGE_LOOP('',(#464,#565,#654,#862,#951));
#464 = ORIENTED_EDGE('',*,*,#465,.T.);
#465 = EDGE_CURVE('',#466,#468,#470,.T.);
#466 = VERTEX_POINT('',#467);
#467 = CARTESIAN_POINT('',(17.495652173913,1.235726496974E-15,23.));
#468 = VERTEX_POINT('',#469);
#469 = CARTESIAN_POINT('',(11.918067601014,6.157668260524,23.));
#470 = SURFACE_CURVE('',#471,(#494,#520),.PCURVE_S1.);
#471 = B_SPLINE_CURVE_WITH_KNOTS('',6,(#472,#473,#474,#475,#476,#477,
    #478,#479,#480,#481,#482,#483,#484,#485,#486,#487,#488,#489,#490,
    #491,#492,#493),.UNSPECIFIED.,.F.,.F.,(7,5,5,5,7),(0.,0.355507050561
    ,0.502451466357,0.709113216249,1.),.UNSPECIFIED.);
#472 = CARTESIAN_POINT('',(17.495652173913,-1.264688836747E-15,23.));
#473 = CARTESIAN_POINT('',(17.495652173913,0.540961861726,23.));
#474 = CARTESIAN_POINT('',(17.439676934475,1.081995596558,23.));
#475 = CARTESIAN_POINT('',(17.327699882831,1.615695771611,23.));
#476 = CARTESIAN_POINT('',(17.160962200564,2.13490635163,23.));
#477 = CARTESIAN_POINT('',(16.941690800665,2.632667722034,23.));
#478 = CARTESIAN_POINT('',(16.562540155594,3.296458636032,23.));
#479 = CARTESIAN_POINT('',(16.443279230764,3.485797335832,23.));
#480 = CARTESIAN_POINT('',(16.31588582155,3.669882381267,23.));
#481 = CARTESIAN_POINT('',(16.180635346889,3.84826751229,23.));
#482 = CARTESIAN_POINT('',(16.037834685137,4.020523627945,23.));
#483 = CARTESIAN_POINT('',(15.676845473287,4.419299596724,23.));
#484 = CARTESIAN_POINT('',(15.451599595321,4.639427891175,23.));
#485 = CARTESIAN_POINT('',(15.213031722808,4.845475066565,23.));
#486 = CARTESIAN_POINT('',(14.962196780608,5.036381892697,23.));
#487 = CARTESIAN_POINT('',(14.700260993179,5.211185533884,23.));
#488 = CARTESIAN_POINT('',(14.045995866266,5.591195750379,23.));
#489 = CARTESIAN_POINT('',(13.643991954627,5.779782596782,23.));
#490 = CARTESIAN_POINT('',(13.226103288816,5.932357608007,23.));
#491 = CARTESIAN_POINT('',(12.796267679794,6.04702908697,23.));
#492 = CARTESIAN_POINT('',(12.35872622292,6.122383773947,23.));
#493 = CARTESIAN_POINT('',(11.918067601014,6.157668260524,23.));
#494 = PCURVE('',#72,#495);
#495 = DEFINITIONAL_REPRESENTATION('',(#496),#519);
#496 = B_SPLINE_CURVE_WITH_KNOTS('',6,(#497,#498,#499,#500,#501,#502,
    #503,#504,#505,#506,#507,#508,#509,#510,#511,#512,#513,#514,#515,
    #516,#517,#518),.UNSPECIFIED.,.F.,.F.,(7,5,5,5,7),(0.,0.355507050561
    ,0.502451466357,0.709113216249,1.),.UNSPECIFIED.);
#497 = CARTESIAN_POINT('',(-17.49565217391,-1.072650259514E-15));
#498 = CARTESIAN_POINT('',(-17.49565217391,0.540961861726));
#499 = CARTESIAN_POINT('',(-17.43967693447,1.081995596558));
#500 = CARTESIAN_POINT('',(-17.32769988283,1.615695771611));
#501 = CARTESIAN_POINT('',(-17.16096220056,2.13490635163));
#502 = CARTESIAN_POINT('',(-16.94169080066,2.632667722034));
#503 = CARTESIAN_POINT('',(-16.56254015559,3.296458636032));
#504 = CARTESIAN_POINT('',(-16.44327923076,3.485797335832));
#505 = CARTESIAN_POINT('',(-16.31588582155,3.669882381267));
#506 = CARTESIAN_POINT('',(-16.18063534688,3.84826751229));
#507 = CARTESIAN_POINT('',(-16.03783468513,4.020523627945));
#508 = CARTESIAN_POINT('',(-15.67684547328,4.419299596724));
#509 = CARTESIAN_POINT('',(-15.45159959532,4.639427891175));
#510 = CARTESIAN_POINT('',(-15.2130317228,4.845475066565));
#511 = CARTESIAN_POINT('',(-14.9621967806,5.036381892697));
#512 = CARTESIAN_POINT('',(-14.70026099317,5.211185533884));
#513 = CARTESIAN_POINT('',(-14.04599586626,5.591195750379));
#514 = CARTESIAN_POINT('',(-13.64399195462,5.779782596782));
#515 = CARTESIAN_POINT('',(-13.22610328881,5.932357608007));
#516 = CARTESIAN_POINT('',(-12.79626767979,6.04702908697));
#517 = CARTESIAN_POINT('',(-12.35872622292,6.122383773947));
#518 = CARTESIAN_POINT('',(-11.91806760101,6.157668260524));
#519 = ( GEOMETRIC_REPRESENTATION_CONTEXT(2)
PARAMETRIC_REPRESENTATION_CONTEXT() REPRESENTATION_CONTEXT('2D SPACE',''
  ) );
#520 = PCURVE('',#521,#540);
#521 = B_SPLINE_SURFACE_WITH_KNOTS('',8,1,(
    (#522,#523)
    ,(#524,#525)
    ,(#526,#527)
    ,(#528,#529)
    ,(#530,#531)
    ,(#532,#533)
    ,(#534,#535)
    ,(#536,#537)
    ,(#538,#539
    )),.UNSPECIFIED.,.F.,.F.,.F.,(9,9),(2,2),(0.,1.570796326795),(0.,1.)
  ,.PIECEWISE_BEZIER_KNOTS.);
#522 = CARTESIAN_POINT('',(12.,6.2,20.));
#523 = CARTESIAN_POINT('',(11.371851607775,5.875456664017,43.));
#524 = CARTESIAN_POINT('',(13.217367153266,6.2,20.));
#525 = CARTESIAN_POINT('',(11.722096295511,5.197563720011,43.));
#526 = CARTESIAN_POINT('',(14.434734689726,5.926823108441,20.));
#527 = CARTESIAN_POINT('',(12.026157880284,4.495809559826,43.));
#528 = CARTESIAN_POINT('',(15.580582052878,5.380472008403,20.));
#529 = CARTESIAN_POINT('',(12.282139881702,3.773864690475,43.));
#530 = CARTESIAN_POINT('',(16.583404285835,4.583404285835,20.));
#531 = CARTESIAN_POINT('',(12.488495757904,3.035581088903,43.));
#532 = CARTESIAN_POINT('',(17.380472008403,3.580582052877,20.));
#533 = CARTESIAN_POINT('',(12.644050828546,2.284949325659,43.));
#534 = CARTESIAN_POINT('',(17.92682310844,2.434734689726,20.));
#535 = CARTESIAN_POINT('',(12.748016958179,1.526053928834,43.));
#536 = CARTESIAN_POINT('',(18.2,1.217367153266,20.));
#537 = CARTESIAN_POINT('',(12.8,0.763026988265,43.));
#538 = CARTESIAN_POINT('',(18.2,8.881784197001E-16,20.));
#539 = CARTESIAN_POINT('',(12.8,3.552713678801E-15,43.));
#540 = DEFINITIONAL_REPRESENTATION('',(#541),#564);
#541 = B_SPLINE_CURVE_WITH_KNOTS('',6,(#542,#543,#544,#545,#546,#547,
    #548,#549,#550,#551,#552,#553,#554,#555,#556,#557,#558,#559,#560,
    #561,#562,#563),.UNSPECIFIED.,.F.,.F.,(7,5,5,5,7),(0.,0.355507050561
    ,0.502451466357,0.709113216249,1.),.UNSPECIFIED.);
#542 = CARTESIAN_POINT('',(1.570796326795,0.130434782609));
#543 = CARTESIAN_POINT('',(1.479079619624,0.130434782609));
#544 = CARTESIAN_POINT('',(1.387350944243,0.130434782609));
#545 = CARTESIAN_POINT('',(1.295583997079,0.130434782609));
#546 = CARTESIAN_POINT('',(1.203714987017,0.130434782609));
#547 = CARTESIAN_POINT('',(1.111678358908,0.130434782609));
#548 = CARTESIAN_POINT('',(0.981324055498,0.130434782609));
#549 = CARTESIAN_POINT('',(0.943166092178,0.130434782609));
#550 = CARTESIAN_POINT('',(0.904969352527,0.130434782609));
#551 = CARTESIAN_POINT('',(0.866730250463,0.130434782609));
#552 = CARTESIAN_POINT('',(0.828445187427,0.130434782609));
#553 = CARTESIAN_POINT('',(0.7361969503,0.130434782609));
#554 = CARTESIAN_POINT('',(0.682184304414,0.130434782609));
#555 = CARTESIAN_POINT('',(0.628064514402,0.130434782609));
#556 = CARTESIAN_POINT('',(0.573826659764,0.130434782609));
#557 = CARTESIAN_POINT('',(0.519459789655,0.130434782609));
#558 = CARTESIAN_POINT('',(0.388238489317,0.130434782609));
#559 = CARTESIAN_POINT('',(0.311241518123,0.130434782609));
#560 = CARTESIAN_POINT('',(0.233949896025,0.130434782609));
#561 = CARTESIAN_POINT('',(0.156332025425,0.130434782609));
#562 = CARTESIAN_POINT('',(7.835363700274E-02,0.130434782609));
#563 = CARTESIAN_POINT('',(0.,0.130434782609));
#564 = ( GEOMETRIC_REPRESENTATION_CONTEXT(2)
PARAMETRIC_REPRESENTATION_CONTEXT() REPRESENTATION_CONTEXT('2D SPACE',''
  ) );
#565 = ORIENTED_EDGE('',*,*,#566,.T.);
#566 = EDGE_CURVE('',#468,#567,#569,.T.);
#567 = VERTEX_POINT('',#568);
#568 = CARTESIAN_POINT('',(-11.91806760101,6.157668260524,23.));
#569 = SURFACE_CURVE('',#570,(#589,#611),.PCURVE_S1.);
#570 = B_SPLINE_CURVE_WITH_KNOTS('',5,(#571,#572,#573,#574,#575,#576,
    #577,#578,#579,#580,#581,#582,#583,#584,#585,#586,#587,#588),
  .UNSPECIFIED.,.F.,.F.,(6,4,4,4,6),(0.,0.248697984542,0.50000000093,
    0.752304890418,1.),.UNSPECIFIED.);
#571 = CARTESIAN_POINT('',(11.918067601014,6.157668260524,23.));
#572 = CARTESIAN_POINT('',(10.769453652539,6.32299164149,23.));
#573 = CARTESIAN_POINT('',(9.607702854522,6.474990445721,23.));
#574 = CARTESIAN_POINT('',(8.434424791558,6.609994726434,23.));
#575 = CARTESIAN_POINT('',(7.251676857266,6.725321398092,23.));
#576 = CARTESIAN_POINT('',(4.859299876519,6.914059541868,23.));
#577 = CARTESIAN_POINT('',(3.649510756793,6.987019508158,23.));
#578 = CARTESIAN_POINT('',(2.434690864529,7.036251956585,23.));
#579 = CARTESIAN_POINT('',(1.217342776197,7.060869561816,23.));
#580 = CARTESIAN_POINT('',(-1.222200836397,7.060869561816,23.));
#581 = CARTESIAN_POINT('',(-2.444407090318,7.036055073702,23.));
#582 = CARTESIAN_POINT('',(-3.664054695597,6.986428923065,23.));
#583 = CARTESIAN_POINT('',(-4.87861109397,6.912892618167,23.));
#584 = CARTESIAN_POINT('',(-7.270753695094,6.723459252971,23.));
#585 = CARTESIAN_POINT('',(-8.448617983109,6.608360685886,23.));
#586 = CARTESIAN_POINT('',(-9.617072211057,6.473764349571,23.));
#587 = CARTESIAN_POINT('',(-10.7740854457,6.322324973889,23.));
#588 = CARTESIAN_POINT('',(-11.91806760101,6.157668260524,23.));
#589 = PCURVE('',#72,#590);
#590 = DEFINITIONAL_REPRESENTATION('',(#591),#610);
#591 = B_SPLINE_CURVE_WITH_KNOTS('',5,(#592,#593,#594,#595,#596,#597,
    #598,#599,#600,#601,#602,#603,#604,#605,#606,#607,#608,#609),
  .UNSPECIFIED.,.F.,.F.,(6,4,4,4,6),(0.,0.248697984542,0.50000000093,
    0.752304890418,1.),.UNSPECIFIED.);
#592 = CARTESIAN_POINT('',(-11.91806760101,6.157668260524));
#593 = CARTESIAN_POINT('',(-10.76945365253,6.32299164149));
#594 = CARTESIAN_POINT('',(-9.607702854522,6.474990445721));
#595 = CARTESIAN_POINT('',(-8.434424791558,6.609994726434));
#596 = CARTESIAN_POINT('',(-7.251676857266,6.725321398092));
#597 = CARTESIAN_POINT('',(-4.859299876519,6.914059541868));
#598 = CARTESIAN_POINT('',(-3.649510756793,6.987019508158));
#599 = CARTESIAN_POINT('',(-2.434690864529,7.036251956585));
#600 = CARTESIAN_POINT('',(-1.217342776197,7.060869561816));
#601 = CARTESIAN_POINT('',(1.222200836397,7.060869561816));
#602 = CARTESIAN_POINT('',(2.444407090318,7.036055073702));
#603 = CARTESIAN_POINT('',(3.664054695597,6.986428923065));
#604 = CARTESIAN_POINT('',(4.87861109397,6.912892618167));
#605 = CARTESIAN_POINT('',(7.270753695094,6.723459252971));
#606 = CARTESIAN_POINT('',(8.448617983109,6.608360685886));
#607 = CARTESIAN_POINT('',(9.617072211057,6.473764349571));
#608 = CARTESIAN_POINT('',(10.774085445703,6.322324973889));
#609 = CARTESIAN_POINT('',(11.918067601014,6.157668260524));
#610 = ( GEOMETRIC_REPRESENTATION_CONTEXT(2)
PARAMETRIC_REPRESENTATION_CONTEXT() REPRESENTATION_CONTEXT('2D SPACE',''
  ) );
#611 = PCURVE('',#612,#633);
#612 = B_SPLINE_SURFACE_WITH_KNOTS('',9,1,(
    (#613,#614)
    ,(#615,#616)
    ,(#617,#618)
    ,(#619,#620)
    ,(#621,#622)
    ,(#623,#624)
    ,(#625,#626)
    ,(#627,#628)
    ,(#629,#630)
    ,(#631,#632
    )),.UNSPECIFIED.,.F.,.F.,.F.,(10,10),(2,2),(0.,24.),(0.,1.),
  .PIECEWISE_BEZIER_KNOTS.);
#613 = CARTESIAN_POINT('',(-12.,6.2,20.));
#614 = CARTESIAN_POINT('',(-11.37185160777,5.875456664017,43.));
#615 = CARTESIAN_POINT('',(-9.333333333333,6.2,20.));
#616 = CARTESIAN_POINT('',(-9.943587553511,8.639838704529,
    42.999999999999));
#617 = CARTESIAN_POINT('',(-6.666666666667,6.2,20.));
#618 = CARTESIAN_POINT('',(-7.759331130968,11.013625930112,
    43.000000000002));
#619 = CARTESIAN_POINT('',(-4.,6.2,20.));
#620 = CARTESIAN_POINT('',(-4.941159900311,12.7605263041,42.999999999995
    ));
#621 = CARTESIAN_POINT('',(-1.333333333333,6.2,20.));
#622 = CARTESIAN_POINT('',(-1.697313885341,13.688819407078,
    43.000000000007));
#623 = CARTESIAN_POINT('',(1.333333333333,6.2,20.));
#624 = CARTESIAN_POINT('',(1.697313885341,13.688819407076,
    42.999999999993));
#625 = CARTESIAN_POINT('',(4.,6.2,20.));
#626 = CARTESIAN_POINT('',(4.941159900311,12.760526304101,
    43.000000000005));
#627 = CARTESIAN_POINT('',(6.666666666667,6.2,20.));
#628 = CARTESIAN_POINT('',(7.759331130968,11.013625930112,
    42.999999999998));
#629 = CARTESIAN_POINT('',(9.333333333333,6.2,20.));
#630 = CARTESIAN_POINT('',(9.943587553511,8.639838704529,43.000000000001
    ));
#631 = CARTESIAN_POINT('',(12.,6.2,20.));
#632 = CARTESIAN_POINT('',(11.371851607775,5.875456664017,43.));
#633 = DEFINITIONAL_REPRESENTATION('',(#634),#653);
#634 = B_SPLINE_CURVE_WITH_KNOTS('',5,(#635,#636,#637,#638,#639,#640,
    #641,#642,#643,#644,#645,#646,#647,#648,#649,#650,#651,#652),
  .UNSPECIFIED.,.F.,.F.,(6,4,4,4,6),(0.,0.248697984542,0.50000000093,
    0.752304890418,1.),.UNSPECIFIED.);
#635 = CARTESIAN_POINT('',(24.,0.130434782609));
#636 = CARTESIAN_POINT('',(22.777323601444,0.130434782609));
#637 = CARTESIAN_POINT('',(21.565183091283,0.130434782609));
#638 = CARTESIAN_POINT('',(20.362084215354,0.130434782609));
#639 = CARTESIAN_POINT('',(19.166279749994,0.130434782609));
#640 = CARTESIAN_POINT('',(16.773257236362,0.130434782609));
#641 = CARTESIAN_POINT('',(15.576146423384,0.130434782609));
#642 = CARTESIAN_POINT('',(14.382839213732,0.130434782609));
#643 = CARTESIAN_POINT('',(13.191416807479,0.130434782609));
#644 = CARTESIAN_POINT('',(10.803828595305,0.130434782609));
#645 = CARTESIAN_POINT('',(9.607651477362,0.130434782609));
#646 = CARTESIAN_POINT('',(8.40956699527,0.130434782609));
#647 = CARTESIAN_POINT('',(7.207633074728,0.130434782609));
#648 = CARTESIAN_POINT('',(4.814431193204,0.130434782609));
#649 = CARTESIAN_POINT('',(3.623360794893,0.130434782609));
#650 = CARTESIAN_POINT('',(2.425040792837,0.130434782609));
#651 = CARTESIAN_POINT('',(1.217745948083,0.130434782609));
#652 = CARTESIAN_POINT('',(0.,0.130434782609));
#653 = ( GEOMETRIC_REPRESENTATION_CONTEXT(2)
PARAMETRIC_REPRESENTATION_CONTEXT() REPRESENTATION_CONTEXT('2D SPACE',''
  ) );
#654 = ORIENTED_EDGE('',*,*,#655,.T.);
#655 = EDGE_CURVE('',#567,#656,#658,.T.);
#656 = VERTEX_POINT('',#657);
#657 = CARTESIAN_POINT('',(-11.91806760101,-6.157668260524,23.));
#658 = SURFACE_CURVE('',#659,(#717,#778),.PCURVE_S1.);
#659 = B_SPLINE_CURVE_WITH_KNOTS('',6,(#660,#661,#662,#663,#664,#665,
    #666,#667,#668,#669,#670,#671,#672,#673,#674,#675,#676,#677,#678,
    #679,#680,#681,#682,#683,#684,#685,#686,#687,#688,#689,#690,#691,
    #692,#693,#694,#695,#696,#697,#698,#699,#700,#701,#702,#703,#704,
    #705,#706,#707,#708,#709,#710,#711,#712,#713,#714,#715,#716),
  .UNSPECIFIED.,.F.,.F.,(7,5,5,5,5,5,5,5,5,5,5,7),(0.,0.145442029682,
    0.248270197248,0.321738925389,0.374288648991,0.410744388613,
    0.500000620092,0.625711644794,0.678261327148,0.751729997623,
    0.854558084477,1.),.UNSPECIFIED.);
#660 = CARTESIAN_POINT('',(-11.91806760101,6.157668260524,23.));
#661 = CARTESIAN_POINT('',(-12.35872624263,6.122383772369,23.));
#662 = CARTESIAN_POINT('',(-12.79626770645,6.047029222851,23.));
#663 = CARTESIAN_POINT('',(-13.22610329413,5.932357620556,23.));
#664 = CARTESIAN_POINT('',(-13.64399196461,5.779782598024,23.));
#665 = CARTESIAN_POINT('',(-14.04599588325,5.591195714696,23.));
#666 = CARTESIAN_POINT('',(-14.69894142252,5.211951932156,23.));
#667 = CARTESIAN_POINT('',(-14.95965272942,5.038079094864,23.));
#668 = CARTESIAN_POINT('',(-15.20937691924,4.84825492869,23.));
#669 = CARTESIAN_POINT('',(-15.44696414066,4.643427807073,23.));
#670 = CARTESIAN_POINT('',(-15.67137365759,4.424640717458,23.));
#671 = CARTESIAN_POINT('',(-16.03192328343,4.027539049322,23.));
#672 = CARTESIAN_POINT('',(-16.17497412876,3.855502034484,23.));
#673 = CARTESIAN_POINT('',(-16.3104839801,3.677324843254,23.));
#674 = CARTESIAN_POINT('',(-16.43814535448,3.493436156675,23.));
#675 = CARTESIAN_POINT('',(-16.55768221049,3.304281854118,23.));
#676 = CARTESIAN_POINT('',(-16.74836451237,2.971594173183,23.));
#677 = CARTESIAN_POINT('',(-16.82359763603,2.830405680985,23.));
#678 = CARTESIAN_POINT('',(-16.89445996818,2.686928560391,23.));
#679 = CARTESIAN_POINT('',(-16.96087075041,2.541334976507,23.));
#680 = CARTESIAN_POINT('',(-17.02275781699,2.393800235844,23.));
#681 = CARTESIAN_POINT('',(-17.11980862758,2.140929473776,23.));
#682 = CARTESIAN_POINT('',(-17.15735195275,2.036507710824,23.));
#683 = CARTESIAN_POINT('',(-17.19266636043,1.931297007689,23.));
#684 = CARTESIAN_POINT('',(-17.22573266991,1.825357385488,23.));
#685 = CARTESIAN_POINT('',(-17.25653372969,1.718749376226,23.));
#686 = CARTESIAN_POINT('',(-17.35488290381,1.349033837546,23.));
#687 = CARTESIAN_POINT('',(-17.41104235733,1.082890790033,23.));
#688 = CARTESIAN_POINT('',(-17.45331011015,0.814004378676,23.));
#689 = CARTESIAN_POINT('',(-17.48153804675,0.543282358156,23.));
#690 = CARTESIAN_POINT('',(-17.49565217058,0.271640107803,23.));
#691 = CARTESIAN_POINT('',(-17.49565217058,-0.382585683217,23.));
#692 = CARTESIAN_POINT('',(-17.46765468856,-0.765183836998,23.));
#693 = CARTESIAN_POINT('',(-17.41165636798,-1.145203239726,23.));
#694 = CARTESIAN_POINT('',(-17.32795874464,-1.520095032221,23.));
#695 = CARTESIAN_POINT('',(-17.21713194943,-1.887348669961,23.));
#696 = CARTESIAN_POINT('',(-17.02275781699,-2.393800235843,23.));
#697 = CARTESIAN_POINT('',(-16.96087075041,-2.541334976507,23.));
#698 = CARTESIAN_POINT('',(-16.89445996818,-2.68692856039,23.));
#699 = CARTESIAN_POINT('',(-16.82359763603,-2.830405680984,23.));
#700 = CARTESIAN_POINT('',(-16.74836451237,-2.971594173183,23.));
#701 = CARTESIAN_POINT('',(-16.55768221049,-3.304281854117,23.));
#702 = CARTESIAN_POINT('',(-16.43814535449,-3.493436156674,23.));
#703 = CARTESIAN_POINT('',(-16.3104839801,-3.677324843254,23.));
#704 = CARTESIAN_POINT('',(-16.17497412876,-3.855502034483,23.));
#705 = CARTESIAN_POINT('',(-16.03192328343,-4.027539049322,23.));
#706 = CARTESIAN_POINT('',(-15.67137365759,-4.424640717457,23.));
#707 = CARTESIAN_POINT('',(-15.44696414067,-4.643427807073,23.));
#708 = CARTESIAN_POINT('',(-15.20937691924,-4.84825492869,23.));
#709 = CARTESIAN_POINT('',(-14.95965272942,-5.038079094864,23.));
#710 = CARTESIAN_POINT('',(-14.69894142252,-5.211951932155,23.));
#711 = CARTESIAN_POINT('',(-14.04599588325,-5.591195714696,23.));
#712 = CARTESIAN_POINT('',(-13.64399196461,-5.779782598024,23.));
#713 = CARTESIAN_POINT('',(-13.22610329413,-5.932357620556,23.));
#714 = CARTESIAN_POINT('',(-12.79626770645,-6.047029222851,23.));
#715 = CARTESIAN_POINT('',(-12.35872624263,-6.122383772369,23.));
#716 = CARTESIAN_POINT('',(-11.91806760101,-6.157668260524,23.));
#717 = PCURVE('',#72,#718);
#718 = DEFINITIONAL_REPRESENTATION('',(#719),#777);
#719 = B_SPLINE_CURVE_WITH_KNOTS('',6,(#720,#721,#722,#723,#724,#725,
    #726,#727,#728,#729,#730,#731,#732,#733,#734,#735,#736,#737,#738,
    #739,#740,#741,#742,#743,#744,#745,#746,#747,#748,#749,#750,#751,
    #752,#753,#754,#755,#756,#757,#758,#759,#760,#761,#762,#763,#764,
    #765,#766,#767,#768,#769,#770,#771,#772,#773,#774,#775,#776),
  .UNSPECIFIED.,.F.,.F.,(7,5,5,5,5,5,5,5,5,5,5,7),(0.,0.145442029682,
    0.248270197248,0.321738925389,0.374288648991,0.410744388613,
    0.500000620092,0.625711644794,0.678261327148,0.751729997623,
    0.854558084477,1.),.UNSPECIFIED.);
#720 = CARTESIAN_POINT('',(11.918067601014,6.157668260524));
#721 = CARTESIAN_POINT('',(12.358726242633,6.122383772369));
#722 = CARTESIAN_POINT('',(12.796267706451,6.047029222851));
#723 = CARTESIAN_POINT('',(13.226103294136,5.932357620556));
#724 = CARTESIAN_POINT('',(13.64399196461,5.779782598024));
#725 = CARTESIAN_POINT('',(14.045995883252,5.591195714696));
#726 = CARTESIAN_POINT('',(14.698941422525,5.211951932156));
#727 = CARTESIAN_POINT('',(14.959652729421,5.038079094864));
#728 = CARTESIAN_POINT('',(15.209376919246,4.84825492869));
#729 = CARTESIAN_POINT('',(15.446964140669,4.643427807073));
#730 = CARTESIAN_POINT('',(15.671373657599,4.424640717458));
#731 = CARTESIAN_POINT('',(16.031923283436,4.027539049322));
#732 = CARTESIAN_POINT('',(16.174974128761,3.855502034484));
#733 = CARTESIAN_POINT('',(16.310483980106,3.677324843254));
#734 = CARTESIAN_POINT('',(16.438145354489,3.493436156675));
#735 = CARTESIAN_POINT('',(16.557682210494,3.304281854118));
#736 = CARTESIAN_POINT('',(16.748364512371,2.971594173183));
#737 = CARTESIAN_POINT('',(16.823597636034,2.830405680985));
#738 = CARTESIAN_POINT('',(16.894459968183,2.686928560391));
#739 = CARTESIAN_POINT('',(16.960870750415,2.541334976507));
#740 = CARTESIAN_POINT('',(17.022757816997,2.393800235844));
#741 = CARTESIAN_POINT('',(17.119808627589,2.140929473776));
#742 = CARTESIAN_POINT('',(17.157351952757,2.036507710824));
#743 = CARTESIAN_POINT('',(17.192666360435,1.931297007689));
#744 = CARTESIAN_POINT('',(17.225732669911,1.825357385488));
#745 = CARTESIAN_POINT('',(17.256533729696,1.718749376226));
#746 = CARTESIAN_POINT('',(17.354882903813,1.349033837546));
#747 = CARTESIAN_POINT('',(17.411042357335,1.082890790033));
#748 = CARTESIAN_POINT('',(17.453310110154,0.814004378676));
#749 = CARTESIAN_POINT('',(17.481538046757,0.543282358156));
#750 = CARTESIAN_POINT('',(17.495652170589,0.271640107803));
#751 = CARTESIAN_POINT('',(17.495652170589,-0.382585683217));
#752 = CARTESIAN_POINT('',(17.467654688565,-0.765183836998));
#753 = CARTESIAN_POINT('',(17.411656367985,-1.145203239726));
#754 = CARTESIAN_POINT('',(17.327958744648,-1.520095032221));
#755 = CARTESIAN_POINT('',(17.21713194943,-1.887348669961));
#756 = CARTESIAN_POINT('',(17.022757816998,-2.393800235843));
#757 = CARTESIAN_POINT('',(16.960870750416,-2.541334976507));
#758 = CARTESIAN_POINT('',(16.894459968184,-2.68692856039));
#759 = CARTESIAN_POINT('',(16.823597636035,-2.830405680984));
#760 = CARTESIAN_POINT('',(16.748364512372,-2.971594173183));
#761 = CARTESIAN_POINT('',(16.557682210494,-3.304281854117));
#762 = CARTESIAN_POINT('',(16.43814535449,-3.493436156674));
#763 = CARTESIAN_POINT('',(16.310483980107,-3.677324843254));
#764 = CARTESIAN_POINT('',(16.174974128761,-3.855502034483));
#765 = CARTESIAN_POINT('',(16.031923283436,-4.027539049322));
#766 = CARTESIAN_POINT('',(15.671373657599,-4.424640717457));
#767 = CARTESIAN_POINT('',(15.44696414067,-4.643427807073));
#768 = CARTESIAN_POINT('',(15.209376919247,-4.84825492869));
#769 = CARTESIAN_POINT('',(14.959652729421,-5.038079094864));
#770 = CARTESIAN_POINT('',(14.698941422525,-5.211951932155));
#771 = CARTESIAN_POINT('',(14.045995883252,-5.591195714696));
#772 = CARTESIAN_POINT('',(13.64399196461,-5.779782598024));
#773 = CARTESIAN_POINT('',(13.226103294136,-5.932357620556));
#774 = CARTESIAN_POINT('',(12.796267706451,-6.047029222851));
#775 = CARTESIAN_POINT('',(12.358726242634,-6.122383772369));
#776 = CARTESIAN_POINT('',(11.918067601014,-6.157668260524));
#777 = ( GEOMETRIC_REPRESENTATION_CONTEXT(2)
PARAMETRIC_REPRESENTATION_CONTEXT() REPRESENTATION_CONTEXT('2D SPACE',''
  ) );
#778 = PCURVE('',#779,#802);
#779 = B_SPLINE_SURFACE_WITH_KNOTS('',10,1,(
    (#780,#781)
    ,(#782,#783)
    ,(#784,#785)
    ,(#786,#787)
    ,(#788,#789)
    ,(#790,#791)
    ,(#792,#793)
    ,(#794,#795)
    ,(#796,#797)
    ,(#798,#799)
    ,(#800,#801
    )),.UNSPECIFIED.,.F.,.F.,.F.,(11,11),(2,2),(0.,3.14159265359),(0.,1.
    ),.PIECEWISE_BEZIER_KNOTS.);
#780 = CARTESIAN_POINT('',(-12.,-6.2,20.));
#781 = CARTESIAN_POINT('',(-11.37185160777,-5.875456664017,43.));
#782 = CARTESIAN_POINT('',(-13.94778744522,-6.2,20.000000000001));
#783 = CARTESIAN_POINT('',(-11.93224310815,-4.790827953608,43.));
#784 = CARTESIAN_POINT('',(-15.89557472126,-5.520095765737,
    19.999999999998));
#785 = CARTESIAN_POINT('',(-12.37768984395,-3.646811202559,43.));
#786 = CARTESIAN_POINT('',(-17.57636518285,-4.160270451974,
    20.000000000005));
#787 = CARTESIAN_POINT('',(-12.70111225371,-2.457110489592,43.));
#788 = CARTESIAN_POINT('',(-18.7231498903,-2.240428614065,
    19.999999999994));
#789 = CARTESIAN_POINT('',(-12.89729572424,-1.236394476099,43.));
#790 = CARTESIAN_POINT('',(-19.13171399384,-1.253047092385E-12,
    20.000000000005));
#791 = CARTESIAN_POINT('',(-12.9630483742,-1.088018564133E-15,43.));
#792 = CARTESIAN_POINT('',(-18.7231498903,2.240428614067,19.999999999997
    ));
#793 = CARTESIAN_POINT('',(-12.89729572424,1.236394476099,43.));
#794 = CARTESIAN_POINT('',(-17.57636518285,4.160270451973,
    20.000000000001));
#795 = CARTESIAN_POINT('',(-12.70111225371,2.457110489592,43.));
#796 = CARTESIAN_POINT('',(-15.89557472126,5.520095765737,20.));
#797 = CARTESIAN_POINT('',(-12.37768984395,3.646811202559,43.));
#798 = CARTESIAN_POINT('',(-13.94778744522,6.2,20.));
#799 = CARTESIAN_POINT('',(-11.93224310815,4.790827953608,43.));
#800 = CARTESIAN_POINT('',(-12.,6.2,20.));
#801 = CARTESIAN_POINT('',(-11.37185160777,5.875456664017,43.));
#802 = DEFINITIONAL_REPRESENTATION('',(#803),#861);
#803 = B_SPLINE_CURVE_WITH_KNOTS('',6,(#804,#805,#806,#807,#808,#809,
    #810,#811,#812,#813,#814,#815,#816,#817,#818,#819,#820,#821,#822,
    #823,#824,#825,#826,#827,#828,#829,#830,#831,#832,#833,#834,#835,
    #836,#837,#838,#839,#840,#841,#842,#843,#844,#845,#846,#847,#848,
    #849,#850,#851,#852,#853,#854,#855,#856,#857,#858,#859,#860),
  .UNSPECIFIED.,.F.,.F.,(7,5,5,5,5,5,5,5,5,5,5,7),(0.,0.145442029682,
    0.248270197248,0.321738925389,0.374288648991,0.410744388613,
    0.500000620092,0.625711644794,0.678261327148,0.751729997623,
    0.854558084477,1.),.UNSPECIFIED.);
#804 = CARTESIAN_POINT('',(3.14159265359,0.130434782609));
#805 = CARTESIAN_POINT('',(3.063239013082,0.130434782609));
#806 = CARTESIAN_POINT('',(2.985260612415,0.130434782609));
#807 = CARTESIAN_POINT('',(2.907642759007,0.130434782609));
#808 = CARTESIAN_POINT('',(2.830351135841,0.130434782609));
#809 = CARTESIAN_POINT('',(2.753354163041,0.130434782609));
#810 = CARTESIAN_POINT('',(2.622397520555,0.130434782609));
#811 = CARTESIAN_POINT('',(2.568293985888,0.130434782609));
#812 = CARTESIAN_POINT('',(2.51431825137,0.130434782609));
#813 = CARTESIAN_POINT('',(2.460459535257,0.130434782609));
#814 = CARTESIAN_POINT('',(2.406707084142,0.130434782609));
#815 = CARTESIAN_POINT('',(2.314718023519,0.130434782609));
#816 = CARTESIAN_POINT('',(2.276432816578,0.130434782609));
#817 = CARTESIAN_POINT('',(2.238193665995,0.130434782609));
#818 = CARTESIAN_POINT('',(2.199996973627,0.130434782609));
#819 = CARTESIAN_POINT('',(2.161839153902,0.130434782609));
#820 = CARTESIAN_POINT('',(2.096448870472,0.130434782609));
#821 = CARTESIAN_POINT('',(2.069199122759,0.130434782609));
#822 = CARTESIAN_POINT('',(2.041966066201,0.130434782609));
#823 = CARTESIAN_POINT('',(2.014748377461,0.130434782609));
#824 = CARTESIAN_POINT('',(1.987544734354,0.130434782609));
#825 = CARTESIAN_POINT('',(1.941490442686,0.130434782609));
#826 = CARTESIAN_POINT('',(1.922633186883,0.130434782609));
#827 = CARTESIAN_POINT('',(1.903781605525,0.130434782609));
#828 = CARTESIAN_POINT('',(1.884935255789,0.130434782609));
#829 = CARTESIAN_POINT('',(1.866093694937,0.130434782609));
#830 = CARTESIAN_POINT('',(1.801136478178,0.130434782609));
#831 = CARTESIAN_POINT('',(1.755042166421,0.130434782609));
#832 = CARTESIAN_POINT('',(1.708967806463,0.130434782609));
#833 = CARTESIAN_POINT('',(1.662906464867,0.130434782609));
#834 = CARTESIAN_POINT('',(1.616851213017,0.130434782609));
#835 = CARTESIAN_POINT('',(1.505931310163,0.130434782609));
#836 = CARTESIAN_POINT('',(1.441064197773,0.130434782609));
#837 = CARTESIAN_POINT('',(1.376181262169,0.130434782609));
#838 = CARTESIAN_POINT('',(1.311262020616,0.130434782609));
#839 = CARTESIAN_POINT('',(1.246285819497,0.130434782609));
#840 = CARTESIAN_POINT('',(1.154047919236,0.130434782609));
#841 = CARTESIAN_POINT('',(1.126844276129,0.130434782609));
#842 = CARTESIAN_POINT('',(1.099626587389,0.130434782609));
#843 = CARTESIAN_POINT('',(1.072393530831,0.130434782609));
#844 = CARTESIAN_POINT('',(1.045143783118,0.130434782609));
#845 = CARTESIAN_POINT('',(0.979753499688,0.130434782609));
#846 = CARTESIAN_POINT('',(0.941595679963,0.130434782609));
#847 = CARTESIAN_POINT('',(0.903398987595,0.130434782609));
#848 = CARTESIAN_POINT('',(0.865159837012,0.130434782609));
#849 = CARTESIAN_POINT('',(0.82687463007,0.130434782609));
#850 = CARTESIAN_POINT('',(0.734885569447,0.130434782609));
#851 = CARTESIAN_POINT('',(0.681133118333,0.130434782609));
#852 = CARTESIAN_POINT('',(0.62727440222,0.130434782609));
#853 = CARTESIAN_POINT('',(0.573298667702,0.130434782609));
#854 = CARTESIAN_POINT('',(0.519195133035,0.130434782609));
#855 = CARTESIAN_POINT('',(0.388238490549,0.130434782609));
#856 = CARTESIAN_POINT('',(0.311241517749,0.130434782609));
#857 = CARTESIAN_POINT('',(0.233949894583,0.130434782609));
#858 = CARTESIAN_POINT('',(0.156332041175,0.130434782609));
#859 = CARTESIAN_POINT('',(7.835364050806E-02,0.130434782609));
#860 = CARTESIAN_POINT('',(0.,0.130434782609));
#861 = ( GEOMETRIC_REPRESENTATION_CONTEXT(2)
PARAMETRIC_REPRESENTATION_CONTEXT() REPRESENTATION_CONTEXT('2D SPACE',''
  ) );
#862 = ORIENTED_EDGE('',*,*,#863,.T.);
#863 = EDGE_CURVE('',#656,#864,#866,.T.);
#864 = VERTEX_POINT('',#865);
#865 = CARTESIAN_POINT('',(11.918067601014,-6.157668260524,23.));
#866 = SURFACE_CURVE('',#867,(#886,#908),.PCURVE_S1.);
#867 = B_SPLINE_CURVE_WITH_KNOTS('',5,(#868,#869,#870,#871,#872,#873,
    #874,#875,#876,#877,#878,#879,#880,#881,#882,#883,#884,#885),
  .UNSPECIFIED.,.F.,.F.,(6,4,4,4,6),(0.,0.248697984542,0.50000000093,
    0.752304890418,1.),.UNSPECIFIED.);
#868 = CARTESIAN_POINT('',(-11.91806760101,-6.157668260524,23.));
#869 = CARTESIAN_POINT('',(-10.76945365253,-6.32299164149,23.));
#870 = CARTESIAN_POINT('',(-9.607702854521,-6.474990445721,23.));
#871 = CARTESIAN_POINT('',(-8.434424791559,-6.609994726434,23.));
#872 = CARTESIAN_POINT('',(-7.251676857265,-6.725321398092,23.));
#873 = CARTESIAN_POINT('',(-4.859299876518,-6.914059541868,23.));
#874 = CARTESIAN_POINT('',(-3.649510756794,-6.987019508158,23.));
#875 = CARTESIAN_POINT('',(-2.434690864528,-7.036251956585,23.));
#876 = CARTESIAN_POINT('',(-1.217342776197,-7.060869561816,23.));
#877 = CARTESIAN_POINT('',(1.222200836397,-7.060869561816,23.));
#878 = CARTESIAN_POINT('',(2.444407090318,-7.036055073702,23.));
#879 = CARTESIAN_POINT('',(3.664054695596,-6.986428923065,23.));
#880 = CARTESIAN_POINT('',(4.87861109397,-6.912892618167,23.));
#881 = CARTESIAN_POINT('',(7.270753695094,-6.723459252971,23.));
#882 = CARTESIAN_POINT('',(8.44861798311,-6.608360685886,23.));
#883 = CARTESIAN_POINT('',(9.617072211057,-6.473764349571,23.));
#884 = CARTESIAN_POINT('',(10.774085445704,-6.322324973889,23.));
#885 = CARTESIAN_POINT('',(11.918067601014,-6.157668260524,23.));
#886 = PCURVE('',#72,#887);
#887 = DEFINITIONAL_REPRESENTATION('',(#888),#907);
#888 = B_SPLINE_CURVE_WITH_KNOTS('',5,(#889,#890,#891,#892,#893,#894,
    #895,#896,#897,#898,#899,#900,#901,#902,#903,#904,#905,#906),
  .UNSPECIFIED.,.F.,.F.,(6,4,4,4,6),(0.,0.248697984542,0.50000000093,
    0.752304890418,1.),.UNSPECIFIED.);
#889 = CARTESIAN_POINT('',(11.918067601014,-6.157668260524));
#890 = CARTESIAN_POINT('',(10.769453652539,-6.32299164149));
#891 = CARTESIAN_POINT('',(9.607702854521,-6.474990445721));
#892 = CARTESIAN_POINT('',(8.434424791559,-6.609994726434));
#893 = CARTESIAN_POINT('',(7.251676857265,-6.725321398092));
#894 = CARTESIAN_POINT('',(4.859299876518,-6.914059541868));
#895 = CARTESIAN_POINT('',(3.649510756794,-6.987019508158));
#896 = CARTESIAN_POINT('',(2.434690864528,-7.036251956585));
#897 = CARTESIAN_POINT('',(1.217342776197,-7.060869561816));
#898 = CARTESIAN_POINT('',(-1.222200836397,-7.060869561816));
#899 = CARTESIAN_POINT('',(-2.444407090318,-7.036055073702));
#900 = CARTESIAN_POINT('',(-3.664054695596,-6.986428923065));
#901 = CARTESIAN_POINT('',(-4.87861109397,-6.912892618167));
#902 = CARTESIAN_POINT('',(-7.270753695094,-6.723459252971));
#903 = CARTESIAN_POINT('',(-8.44861798311,-6.608360685886));
#904 = CARTESIAN_POINT('',(-9.617072211057,-6.473764349571));
#905 = CARTESIAN_POINT('',(-10.7740854457,-6.322324973889));
#906 = CARTESIAN_POINT('',(-11.91806760101,-6.157668260524));
#907 = ( GEOMETRIC_REPRESENTATION_CONTEXT(2)
PARAMETRIC_REPRESENTATION_CONTEXT() REPRESENTATION_CONTEXT('2D SPACE',''
  ) );
#908 = PCURVE('',#909,#930);
#909 = B_SPLINE_SURFACE_WITH_KNOTS('',9,1,(
    (#910,#911)
    ,(#912,#913)
    ,(#914,#915)
    ,(#916,#917)
    ,(#918,#919)
    ,(#920,#921)
    ,(#922,#923)
    ,(#924,#925)
    ,(#926,#927)
    ,(#928,#929
    )),.UNSPECIFIED.,.F.,.F.,.F.,(10,10),(2,2),(0.,24.),(0.,1.),
  .PIECEWISE_BEZIER_KNOTS.);
#910 = CARTESIAN_POINT('',(12.,-6.2,20.));
#911 = CARTESIAN_POINT('',(11.371851607775,-5.875456664017,43.));
#912 = CARTESIAN_POINT('',(9.333333333333,-6.2,20.));
#913 = CARTESIAN_POINT('',(9.943587553511,-8.639838704529,43.));
#914 = CARTESIAN_POINT('',(6.666666666667,-6.2,20.));
#915 = CARTESIAN_POINT('',(7.759331130968,-11.01362593011,43.));
#916 = CARTESIAN_POINT('',(4.,-6.2,20.));
#917 = CARTESIAN_POINT('',(4.941159900311,-12.7605263041,43.));
#918 = CARTESIAN_POINT('',(1.333333333333,-6.2,20.));
#919 = CARTESIAN_POINT('',(1.69731388534,-13.68881940707,42.999999999999
    ));
#920 = CARTESIAN_POINT('',(-1.333333333333,-6.2,20.));
#921 = CARTESIAN_POINT('',(-1.69731388534,-13.68881940707,
    43.000000000002));
#922 = CARTESIAN_POINT('',(-4.,-6.2,20.));
#923 = CARTESIAN_POINT('',(-4.941159900311,-12.7605263041,
    42.999999999998));
#924 = CARTESIAN_POINT('',(-6.666666666667,-6.2,20.));
#925 = CARTESIAN_POINT('',(-7.759331130968,-11.01362593011,
    43.000000000001));
#926 = CARTESIAN_POINT('',(-9.333333333333,-6.2,20.));
#927 = CARTESIAN_POINT('',(-9.943587553511,-8.639838704529,43.));
#928 = CARTESIAN_POINT('',(-12.,-6.2,20.));
#929 = CARTESIAN_POINT('',(-11.37185160777,-5.875456664017,43.));
#930 = DEFINITIONAL_REPRESENTATION('',(#931),#950);
#931 = B_SPLINE_CURVE_WITH_KNOTS('',5,(#932,#933,#934,#935,#936,#937,
    #938,#939,#940,#941,#942,#943,#944,#945,#946,#947,#948,#949),
  .UNSPECIFIED.,.F.,.F.,(6,4,4,4,6),(0.,0.248697984542,0.50000000093,
    0.752304890418,1.),.UNSPECIFIED.);
#932 = CARTESIAN_POINT('',(24.,0.130434782609));
#933 = CARTESIAN_POINT('',(22.777323601444,0.130434782609));
#934 = CARTESIAN_POINT('',(21.565183091282,0.130434782609));
#935 = CARTESIAN_POINT('',(20.362084215355,0.130434782609));
#936 = CARTESIAN_POINT('',(19.166279749993,0.130434782609));
#937 = CARTESIAN_POINT('',(16.773257236362,0.130434782609));
#938 = CARTESIAN_POINT('',(15.576146423385,0.130434782609));
#939 = CARTESIAN_POINT('',(14.38283921373,0.130434782609));
#940 = CARTESIAN_POINT('',(13.191416807479,0.130434782609));
#941 = CARTESIAN_POINT('',(10.803828595305,0.130434782609));
#942 = CARTESIAN_POINT('',(9.607651477362,0.130434782609));
#943 = CARTESIAN_POINT('',(8.40956699527,0.130434782609));
#944 = CARTESIAN_POINT('',(7.207633074728,0.130434782609));
#945 = CARTESIAN_POINT('',(4.814431193204,0.130434782609));
#946 = CARTESIAN_POINT('',(3.623360794892,0.130434782609));
#947 = CARTESIAN_POINT('',(2.425040792838,0.130434782609));
#948 = CARTESIAN_POINT('',(1.217745948083,0.130434782609));
#949 = CARTESIAN_POINT('',(0.,0.130434782609));
#950 = ( GEOMETRIC_REPRESENTATION_CONTEXT(2)
PARAMETRIC_REPRESENTATION_CONTEXT() REPRESENTATION_CONTEXT('2D SPACE',''
  ) );
#951 = ORIENTED_EDGE('',*,*,#952,.T.);
#952 = EDGE_CURVE('',#864,#466,#953,.T.);
#953 = SURFACE_CURVE('',#954,(#977,#1003),.PCURVE_S1.);
#954 = B_SPLINE_CURVE_WITH_KNOTS('',6,(#955,#956,#957,#958,#959,#960,
    #961,#962,#963,#964,#965,#966,#967,#968,#969,#970,#971,#972,#973,
    #974,#975,#976),.UNSPECIFIED.,.F.,.F.,(7,5,5,5,7),(0.,0.290886783751
    ,0.497548533643,0.644492949438,1.),.UNSPECIFIED.);
#955 = CARTESIAN_POINT('',(11.918067601014,-6.157668260524,23.));
#956 = CARTESIAN_POINT('',(12.35872622292,-6.122383773947,23.));
#957 = CARTESIAN_POINT('',(12.796267679794,-6.04702908697,23.));
#958 = CARTESIAN_POINT('',(13.226103288815,-5.932357608006,23.));
#959 = CARTESIAN_POINT('',(13.643991954627,-5.779782596782,23.));
#960 = CARTESIAN_POINT('',(14.045995866265,-5.591195750379,23.));
#961 = CARTESIAN_POINT('',(14.700260993179,-5.211185533885,23.));
#962 = CARTESIAN_POINT('',(14.962196780608,-5.036381892697,23.));
#963 = CARTESIAN_POINT('',(15.213031722807,-4.845475066565,23.));
#964 = CARTESIAN_POINT('',(15.451599595321,-4.639427891175,23.));
#965 = CARTESIAN_POINT('',(15.676845473287,-4.419299596724,23.));
#966 = CARTESIAN_POINT('',(16.037834685137,-4.020523627945,23.));
#967 = CARTESIAN_POINT('',(16.180635346889,-3.84826751229,23.));
#968 = CARTESIAN_POINT('',(16.31588582155,-3.669882381267,23.));
#969 = CARTESIAN_POINT('',(16.443279230764,-3.485797335832,23.));
#970 = CARTESIAN_POINT('',(16.562540155593,-3.296458636032,23.));
#971 = CARTESIAN_POINT('',(16.941690800665,-2.632667722034,23.));
#972 = CARTESIAN_POINT('',(17.160962200564,-2.134906351632,23.));
#973 = CARTESIAN_POINT('',(17.327699882831,-1.61569577161,23.));
#974 = CARTESIAN_POINT('',(17.439676934475,-1.08199559656,23.));
#975 = CARTESIAN_POINT('',(17.495652173913,-0.540961861725,23.));
#976 = CARTESIAN_POINT('',(17.495652173913,-1.920385772325E-16,23.));
#977 = PCURVE('',#72,#978);
#978 = DEFINITIONAL_REPRESENTATION('',(#979),#1002);
#979 = B_SPLINE_CURVE_WITH_KNOTS('',6,(#980,#981,#982,#983,#984,#985,
    #986,#987,#988,#989,#990,#991,#992,#993,#994,#995,#996,#997,#998,
    #999,#1000,#1001),.UNSPECIFIED.,.F.,.F.,(7,5,5,5,7),(0.,
    0.290886783751,0.497548533643,0.644492949438,1.),.UNSPECIFIED.);
#980 = CARTESIAN_POINT('',(-11.91806760101,-6.157668260524));
#981 = CARTESIAN_POINT('',(-12.35872622292,-6.122383773947));
#982 = CARTESIAN_POINT('',(-12.79626767979,-6.04702908697));
#983 = CARTESIAN_POINT('',(-13.22610328881,-5.932357608006));
#984 = CARTESIAN_POINT('',(-13.64399195462,-5.779782596782));
#985 = CARTESIAN_POINT('',(-14.04599586626,-5.591195750379));
#986 = CARTESIAN_POINT('',(-14.70026099317,-5.211185533885));
#987 = CARTESIAN_POINT('',(-14.9621967806,-5.036381892697));
#988 = CARTESIAN_POINT('',(-15.2130317228,-4.845475066565));
#989 = CARTESIAN_POINT('',(-15.45159959532,-4.639427891175));
#990 = CARTESIAN_POINT('',(-15.67684547328,-4.419299596724));
#991 = CARTESIAN_POINT('',(-16.03783468513,-4.020523627945));
#992 = CARTESIAN_POINT('',(-16.18063534688,-3.84826751229));
#993 = CARTESIAN_POINT('',(-16.31588582155,-3.669882381267));
#994 = CARTESIAN_POINT('',(-16.44327923076,-3.485797335832));
#995 = CARTESIAN_POINT('',(-16.56254015559,-3.296458636032));
#996 = CARTESIAN_POINT('',(-16.94169080066,-2.632667722034));
#997 = CARTESIAN_POINT('',(-17.16096220056,-2.134906351632));
#998 = CARTESIAN_POINT('',(-17.32769988283,-1.61569577161));
#999 = CARTESIAN_POINT('',(-17.43967693447,-1.08199559656));
#1000 = CARTESIAN_POINT('',(-17.49565217391,-0.540961861725));
#1001 = CARTESIAN_POINT('',(-17.49565217391,0.));
#1002 = ( GEOMETRIC_REPRESENTATION_CONTEXT(2)
PARAMETRIC_REPRESENTATION_CONTEXT() REPRESENTATION_CONTEXT('2D SPACE',''
  ) );
#1003 = PCURVE('',#1004,#1023);
#1004 = B_SPLINE_SURFACE_WITH_KNOTS('',8,1,(
    (#1005,#1006)
    ,(#1007,#1008)
    ,(#1009,#1010)
    ,(#1011,#1012)
    ,(#1013,#1014)
    ,(#1015,#1016)
    ,(#1017,#1018)
    ,(#1019,#1020)
    ,(#1021,#1022
    )),.UNSPECIFIED.,.F.,.F.,.F.,(9,9),(2,2),(1.570796326795,
    3.14159265359),(0.,1.),.PIECEWISE_BEZIER_KNOTS.);
#1005 = CARTESIAN_POINT('',(18.2,0.,20.));
#1006 = CARTESIAN_POINT('',(12.8,0.,43.));
#1007 = CARTESIAN_POINT('',(18.2,-1.217367153266,20.));
#1008 = CARTESIAN_POINT('',(12.8,-0.763026988265,43.));
#1009 = CARTESIAN_POINT('',(17.926823108441,-2.434734689726,20.));
#1010 = CARTESIAN_POINT('',(12.748016958179,-1.526053928834,43.));
#1011 = CARTESIAN_POINT('',(17.380472008402,-3.580582052877,
    19.999999999999));
#1012 = CARTESIAN_POINT('',(12.644050828546,-2.284949325659,43.));
#1013 = CARTESIAN_POINT('',(16.583404285836,-4.583404285836,
    20.000000000001));
#1014 = CARTESIAN_POINT('',(12.488495757904,-3.035581088903,43.));
#1015 = CARTESIAN_POINT('',(15.580582052877,-5.380472008403,20.));
#1016 = CARTESIAN_POINT('',(12.282139881702,-3.773864690475,43.));
#1017 = CARTESIAN_POINT('',(14.434734689726,-5.926823108441,20.));
#1018 = CARTESIAN_POINT('',(12.026157880284,-4.495809559826,43.));
#1019 = CARTESIAN_POINT('',(13.217367153266,-6.2,20.));
#1020 = CARTESIAN_POINT('',(11.722096295511,-5.197563720011,43.));
#1021 = CARTESIAN_POINT('',(12.,-6.2,20.));
#1022 = CARTESIAN_POINT('',(11.371851607775,-5.875456664017,43.));
#1023 = DEFINITIONAL_REPRESENTATION('',(#1024),#1047);
#1024 = B_SPLINE_CURVE_WITH_KNOTS('',6,(#1025,#1026,#1027,#1028,#1029,
    #1030,#1031,#1032,#1033,#1034,#1035,#1036,#1037,#1038,#1039,#1040,
    #1041,#1042,#1043,#1044,#1045,#1046),.UNSPECIFIED.,.F.,.F.,(7,5,5,5,
    7),(0.,0.290886783751,0.497548533643,0.644492949438,1.),
  .UNSPECIFIED.);
#1025 = CARTESIAN_POINT('',(3.14159265359,0.130434782609));
#1026 = CARTESIAN_POINT('',(3.063239016587,0.130434782609));
#1027 = CARTESIAN_POINT('',(2.985260628165,0.130434782609));
#1028 = CARTESIAN_POINT('',(2.907642757565,0.130434782609));
#1029 = CARTESIAN_POINT('',(2.830351135467,0.130434782609));
#1030 = CARTESIAN_POINT('',(2.753354164273,0.130434782609));
#1031 = CARTESIAN_POINT('',(2.622132863934,0.130434782609));
#1032 = CARTESIAN_POINT('',(2.567765993826,0.130434782609));
#1033 = CARTESIAN_POINT('',(2.513528139188,0.130434782609));
#1034 = CARTESIAN_POINT('',(2.459408349176,0.130434782609));
#1035 = CARTESIAN_POINT('',(2.40539570329,0.130434782609));
#1036 = CARTESIAN_POINT('',(2.313147466163,0.130434782609));
#1037 = CARTESIAN_POINT('',(2.274862403126,0.130434782609));
#1038 = CARTESIAN_POINT('',(2.236623301063,0.130434782609));
#1039 = CARTESIAN_POINT('',(2.198426561412,0.130434782609));
#1040 = CARTESIAN_POINT('',(2.160268598092,0.130434782609));
#1041 = CARTESIAN_POINT('',(2.029914294682,0.130434782609));
#1042 = CARTESIAN_POINT('',(1.937877666573,0.130434782609));
#1043 = CARTESIAN_POINT('',(1.846008656511,0.130434782609));
#1044 = CARTESIAN_POINT('',(1.754241709347,0.130434782609));
#1045 = CARTESIAN_POINT('',(1.662513033965,0.130434782609));
#1046 = CARTESIAN_POINT('',(1.570796326795,0.130434782609));
#1047 = ( GEOMETRIC_REPRESENTATION_CONTEXT(2)
PARAMETRIC_REPRESENTATION_CONTEXT() REPRESENTATION_CONTEXT('2D SPACE',''
  ) );
#1048 = ADVANCED_FACE('',(#1049),#159,.T.);
#1049 = FACE_BOUND('',#1050,.T.);
#1050 = EDGE_LOOP('',(#1051,#1052,#1053,#1054));
#1051 = ORIENTED_EDGE('',*,*,#244,.T.);
#1052 = ORIENTED_EDGE('',*,*,#441,.T.);
#1053 = ORIENTED_EDGE('',*,*,#141,.F.);
#1054 = ORIENTED_EDGE('',*,*,#294,.F.);
#1055 = ADVANCED_FACE('',(#1056),#336,.T.);
#1056 = FACE_BOUND('',#1057,.T.);
#1057 = EDGE_LOOP('',(#1058,#1081,#1082,#1105));
#1058 = ORIENTED_EDGE('',*,*,#1059,.T.);
#1059 = EDGE_CURVE('',#1060,#319,#1062,.T.);
#1060 = VERTEX_POINT('',#1061);
#1061 = CARTESIAN_POINT('',(-12.,6.2,0.45));
#1062 = SURFACE_CURVE('',#1063,(#1067,#1074),.PCURVE_S1.);
#1063 = LINE('',#1064,#1065);
#1064 = CARTESIAN_POINT('',(-12.,6.2,0.));
#1065 = VECTOR('',#1066,1.);
#1066 = DIRECTION('',(0.,0.,1.));
#1067 = PCURVE('',#336,#1068);
#1068 = DEFINITIONAL_REPRESENTATION('',(#1069),#1073);
#1069 = LINE('',#1070,#1071);
#1070 = CARTESIAN_POINT('',(0.,0.));
#1071 = VECTOR('',#1072,1.);
#1072 = DIRECTION('',(0.,-1.));
#1073 = ( GEOMETRIC_REPRESENTATION_CONTEXT(2)
PARAMETRIC_REPRESENTATION_CONTEXT() REPRESENTATION_CONTEXT('2D SPACE',''
  ) );
#1074 = PCURVE('',#365,#1075);
#1075 = DEFINITIONAL_REPRESENTATION('',(#1076),#1080);
#1076 = LINE('',#1077,#1078);
#1077 = CARTESIAN_POINT('',(3.14159265359,0.));
#1078 = VECTOR('',#1079,1.);
#1079 = DIRECTION('',(0.,-1.));
#1080 = ( GEOMETRIC_REPRESENTATION_CONTEXT(2)
PARAMETRIC_REPRESENTATION_CONTEXT() REPRESENTATION_CONTEXT('2D SPACE',''
  ) );
#1081 = ORIENTED_EDGE('',*,*,#318,.T.);
#1082 = ORIENTED_EDGE('',*,*,#1083,.F.);
#1083 = EDGE_CURVE('',#1084,#321,#1086,.T.);
#1084 = VERTEX_POINT('',#1085);
#1085 = CARTESIAN_POINT('',(12.,6.2,0.45));
#1086 = SURFACE_CURVE('',#1087,(#1091,#1098),.PCURVE_S1.);
#1087 = LINE('',#1088,#1089);
#1088 = CARTESIAN_POINT('',(12.,6.2,0.));
#1089 = VECTOR('',#1090,1.);
#1090 = DIRECTION('',(0.,0.,1.));
#1091 = PCURVE('',#336,#1092);
#1092 = DEFINITIONAL_REPRESENTATION('',(#1093),#1097);
#1093 = LINE('',#1094,#1095);
#1094 = CARTESIAN_POINT('',(24.,0.));
#1095 = VECTOR('',#1096,1.);
#1096 = DIRECTION('',(0.,-1.));
#1097 = ( GEOMETRIC_REPRESENTATION_CONTEXT(2)
PARAMETRIC_REPRESENTATION_CONTEXT() REPRESENTATION_CONTEXT('2D SPACE',''
  ) );
#1098 = PCURVE('',#424,#1099);
#1099 = DEFINITIONAL_REPRESENTATION('',(#1100),#1104);
#1100 = LINE('',#1101,#1102);
#1101 = CARTESIAN_POINT('',(0.,0.));
#1102 = VECTOR('',#1103,1.);
#1103 = DIRECTION('',(0.,-1.));
#1104 = ( GEOMETRIC_REPRESENTATION_CONTEXT(2)
PARAMETRIC_REPRESENTATION_CONTEXT() REPRESENTATION_CONTEXT('2D SPACE',''
  ) );
#1105 = ORIENTED_EDGE('',*,*,#1106,.F.);
#1106 = EDGE_CURVE('',#1060,#1084,#1107,.T.);
#1107 = SURFACE_CURVE('',#1108,(#1112,#1119),.PCURVE_S1.);
#1108 = LINE('',#1109,#1110);
#1109 = CARTESIAN_POINT('',(-12.,6.2,0.45));
#1110 = VECTOR('',#1111,1.);
#1111 = DIRECTION('',(1.,0.,0.));
#1112 = PCURVE('',#336,#1113);
#1113 = DEFINITIONAL_REPRESENTATION('',(#1114),#1118);
#1114 = LINE('',#1115,#1116);
#1115 = CARTESIAN_POINT('',(0.,-0.45));
#1116 = VECTOR('',#1117,1.);
#1117 = DIRECTION('',(1.,0.));
#1118 = ( GEOMETRIC_REPRESENTATION_CONTEXT(2)
PARAMETRIC_REPRESENTATION_CONTEXT() REPRESENTATION_CONTEXT('2D SPACE',''
  ) );
#1119 = PCURVE('',#1120,#1125);
#1120 = PLANE('',#1121);
#1121 = AXIS2_PLACEMENT_3D('',#1122,#1123,#1124);
#1122 = CARTESIAN_POINT('',(-12.,5.975,0.225));
#1123 = DIRECTION('',(3.296956749044E-18,0.707106781187,-0.707106781187)
  );
#1124 = DIRECTION('',(1.,-2.331300474528E-18,2.331300474528E-18));
#1125 = DEFINITIONAL_REPRESENTATION('',(#1126),#1130);
#1126 = LINE('',#1127,#1128);
#1127 = CARTESIAN_POINT('',(0.,-0.318198051534));
#1128 = VECTOR('',#1129,1.);
#1129 = DIRECTION('',(1.,0.));
#1130 = ( GEOMETRIC_REPRESENTATION_CONTEXT(2)
PARAMETRIC_REPRESENTATION_CONTEXT() REPRESENTATION_CONTEXT('2D SPACE',''
  ) );
#1131 = ADVANCED_FACE('',(#1132),#365,.T.);
#1132 = FACE_BOUND('',#1133,.T.);
#1133 = EDGE_LOOP('',(#1134,#1157,#1158,#1159));
#1134 = ORIENTED_EDGE('',*,*,#1135,.T.);
#1135 = EDGE_CURVE('',#1136,#349,#1138,.T.);
#1136 = VERTEX_POINT('',#1137);
#1137 = CARTESIAN_POINT('',(-12.,-6.2,0.45));
#1138 = SURFACE_CURVE('',#1139,(#1143,#1150),.PCURVE_S1.);
#1139 = LINE('',#1140,#1141);
#1140 = CARTESIAN_POINT('',(-12.,-6.2,0.));
#1141 = VECTOR('',#1142,1.);
#1142 = DIRECTION('',(0.,0.,1.));
#1143 = PCURVE('',#365,#1144);
#1144 = DEFINITIONAL_REPRESENTATION('',(#1145),#1149);
#1145 = LINE('',#1146,#1147);
#1146 = CARTESIAN_POINT('',(0.,0.));
#1147 = VECTOR('',#1148,1.);
#1148 = DIRECTION('',(0.,-1.));
#1149 = ( GEOMETRIC_REPRESENTATION_CONTEXT(2)
PARAMETRIC_REPRESENTATION_CONTEXT() REPRESENTATION_CONTEXT('2D SPACE',''
  ) );
#1150 = PCURVE('',#393,#1151);
#1151 = DEFINITIONAL_REPRESENTATION('',(#1152),#1156);
#1152 = LINE('',#1153,#1154);
#1153 = CARTESIAN_POINT('',(24.,0.));
#1154 = VECTOR('',#1155,1.);
#1155 = DIRECTION('',(0.,-1.));
#1156 = ( GEOMETRIC_REPRESENTATION_CONTEXT(2)
PARAMETRIC_REPRESENTATION_CONTEXT() REPRESENTATION_CONTEXT('2D SPACE',''
  ) );
#1157 = ORIENTED_EDGE('',*,*,#348,.T.);
#1158 = ORIENTED_EDGE('',*,*,#1059,.F.);
#1159 = ORIENTED_EDGE('',*,*,#1160,.F.);
#1160 = EDGE_CURVE('',#1136,#1060,#1161,.T.);
#1161 = SURFACE_CURVE('',#1162,(#1167,#1174),.PCURVE_S1.);
#1162 = CIRCLE('',#1163,6.2);
#1163 = AXIS2_PLACEMENT_3D('',#1164,#1165,#1166);
#1164 = CARTESIAN_POINT('',(-12.,2.43364331096E-16,0.45));
#1165 = DIRECTION('',(-0.,0.,-1.));
#1166 = DIRECTION('',(-0.,-1.,0.));
#1167 = PCURVE('',#365,#1168);
#1168 = DEFINITIONAL_REPRESENTATION('',(#1169),#1173);
#1169 = LINE('',#1170,#1171);
#1170 = CARTESIAN_POINT('',(0.,-0.45));
#1171 = VECTOR('',#1172,1.);
#1172 = DIRECTION('',(1.,0.));
#1173 = ( GEOMETRIC_REPRESENTATION_CONTEXT(2)
PARAMETRIC_REPRESENTATION_CONTEXT() REPRESENTATION_CONTEXT('2D SPACE',''
  ) );
#1174 = PCURVE('',#1175,#1180);
#1175 = CONICAL_SURFACE('',#1176,6.2,0.785398163397);
#1176 = AXIS2_PLACEMENT_3D('',#1177,#1178,#1179);
#1177 = CARTESIAN_POINT('',(-12.,2.43364331096E-16,0.45));
#1178 = DIRECTION('',(0.,-0.,1.));
#1179 = DIRECTION('',(-0.,-1.,0.));
#1180 = DEFINITIONAL_REPRESENTATION('',(#1181),#1185);
#1181 = LINE('',#1182,#1183);
#1182 = CARTESIAN_POINT('',(-0.,-0.));
#1183 = VECTOR('',#1184,1.);
#1184 = DIRECTION('',(-1.,-0.));
#1185 = ( GEOMETRIC_REPRESENTATION_CONTEXT(2)
PARAMETRIC_REPRESENTATION_CONTEXT() REPRESENTATION_CONTEXT('2D SPACE',''
  ) );
#1186 = ADVANCED_FACE('',(#1187),#393,.T.);
#1187 = FACE_BOUND('',#1188,.T.);
#1188 = EDGE_LOOP('',(#1189,#1212,#1213,#1214));
#1189 = ORIENTED_EDGE('',*,*,#1190,.T.);
#1190 = EDGE_CURVE('',#1191,#378,#1193,.T.);
#1191 = VERTEX_POINT('',#1192);
#1192 = CARTESIAN_POINT('',(12.,-6.2,0.45));
#1193 = SURFACE_CURVE('',#1194,(#1198,#1205),.PCURVE_S1.);
#1194 = LINE('',#1195,#1196);
#1195 = CARTESIAN_POINT('',(12.,-6.2,0.));
#1196 = VECTOR('',#1197,1.);
#1197 = DIRECTION('',(0.,0.,1.));
#1198 = PCURVE('',#393,#1199);
#1199 = DEFINITIONAL_REPRESENTATION('',(#1200),#1204);
#1200 = LINE('',#1201,#1202);
#1201 = CARTESIAN_POINT('',(0.,-0.));
#1202 = VECTOR('',#1203,1.);
#1203 = DIRECTION('',(0.,-1.));
#1204 = ( GEOMETRIC_REPRESENTATION_CONTEXT(2)
PARAMETRIC_REPRESENTATION_CONTEXT() REPRESENTATION_CONTEXT('2D SPACE',''
  ) );
#1205 = PCURVE('',#424,#1206);
#1206 = DEFINITIONAL_REPRESENTATION('',(#1207),#1211);
#1207 = LINE('',#1208,#1209);
#1208 = CARTESIAN_POINT('',(3.14159265359,0.));
#1209 = VECTOR('',#1210,1.);
#1210 = DIRECTION('',(0.,-1.));
#1211 = ( GEOMETRIC_REPRESENTATION_CONTEXT(2)
PARAMETRIC_REPRESENTATION_CONTEXT() REPRESENTATION_CONTEXT('2D SPACE',''
  ) );
#1212 = ORIENTED_EDGE('',*,*,#377,.T.);
#1213 = ORIENTED_EDGE('',*,*,#1135,.F.);
#1214 = ORIENTED_EDGE('',*,*,#1215,.F.);
#1215 = EDGE_CURVE('',#1191,#1136,#1216,.T.);
#1216 = SURFACE_CURVE('',#1217,(#1221,#1228),.PCURVE_S1.);
#1217 = LINE('',#1218,#1219);
#1218 = CARTESIAN_POINT('',(12.,-6.2,0.45));
#1219 = VECTOR('',#1220,1.);
#1220 = DIRECTION('',(-1.,0.,0.));
#1221 = PCURVE('',#393,#1222);
#1222 = DEFINITIONAL_REPRESENTATION('',(#1223),#1227);
#1223 = LINE('',#1224,#1225);
#1224 = CARTESIAN_POINT('',(0.,-0.45));
#1225 = VECTOR('',#1226,1.);
#1226 = DIRECTION('',(1.,0.));
#1227 = ( GEOMETRIC_REPRESENTATION_CONTEXT(2)
PARAMETRIC_REPRESENTATION_CONTEXT() REPRESENTATION_CONTEXT('2D SPACE',''
  ) );
#1228 = PCURVE('',#1229,#1234);
#1229 = PLANE('',#1230);
#1230 = AXIS2_PLACEMENT_3D('',#1231,#1232,#1233);
#1231 = CARTESIAN_POINT('',(12.,-5.975,0.225));
#1232 = DIRECTION('',(-3.296956749044E-18,-0.707106781187,
    -0.707106781187));
#1233 = DIRECTION('',(-1.,2.331300474528E-18,2.331300474528E-18));
#1234 = DEFINITIONAL_REPRESENTATION('',(#1235),#1239);
#1235 = LINE('',#1236,#1237);
#1236 = CARTESIAN_POINT('',(0.,-0.318198051534));
#1237 = VECTOR('',#1238,1.);
#1238 = DIRECTION('',(1.,0.));
#1239 = ( GEOMETRIC_REPRESENTATION_CONTEXT(2)
PARAMETRIC_REPRESENTATION_CONTEXT() REPRESENTATION_CONTEXT('2D SPACE',''
  ) );
#1240 = ADVANCED_FACE('',(#1241),#424,.T.);
#1241 = FACE_BOUND('',#1242,.T.);
#1242 = EDGE_LOOP('',(#1243,#1244,#1245,#1246));
#1243 = ORIENTED_EDGE('',*,*,#1083,.T.);
#1244 = ORIENTED_EDGE('',*,*,#405,.F.);
#1245 = ORIENTED_EDGE('',*,*,#1190,.F.);
#1246 = ORIENTED_EDGE('',*,*,#1247,.F.);
#1247 = EDGE_CURVE('',#1084,#1191,#1248,.T.);
#1248 = SURFACE_CURVE('',#1249,(#1254,#1261),.PCURVE_S1.);
#1249 = CIRCLE('',#1250,6.2);
#1250 = AXIS2_PLACEMENT_3D('',#1251,#1252,#1253);
#1251 = CARTESIAN_POINT('',(12.,-2.43364331096E-16,0.45));
#1252 = DIRECTION('',(-0.,0.,-1.));
#1253 = DIRECTION('',(0.,1.,0.));
#1254 = PCURVE('',#424,#1255);
#1255 = DEFINITIONAL_REPRESENTATION('',(#1256),#1260);
#1256 = LINE('',#1257,#1258);
#1257 = CARTESIAN_POINT('',(0.,-0.45));
#1258 = VECTOR('',#1259,1.);
#1259 = DIRECTION('',(1.,0.));
#1260 = ( GEOMETRIC_REPRESENTATION_CONTEXT(2)
PARAMETRIC_REPRESENTATION_CONTEXT() REPRESENTATION_CONTEXT('2D SPACE',''
  ) );
#1261 = PCURVE('',#1262,#1267);
#1262 = CONICAL_SURFACE('',#1263,6.2,0.785398163397);
#1263 = AXIS2_PLACEMENT_3D('',#1264,#1265,#1266);
#1264 = CARTESIAN_POINT('',(12.,-2.43364331096E-16,0.45));
#1265 = DIRECTION('',(0.,-0.,1.));
#1266 = DIRECTION('',(0.,1.,0.));
#1267 = DEFINITIONAL_REPRESENTATION('',(#1268),#1272);
#1268 = LINE('',#1269,#1270);
#1269 = CARTESIAN_POINT('',(-0.,-0.));
#1270 = VECTOR('',#1271,1.);
#1271 = DIRECTION('',(-1.,-0.));
#1272 = ( GEOMETRIC_REPRESENTATION_CONTEXT(2)
PARAMETRIC_REPRESENTATION_CONTEXT() REPRESENTATION_CONTEXT('2D SPACE',''
  ) );
#1273 = ADVANCED_FACE('',(#1274),#521,.F.);
#1274 = FACE_BOUND('',#1275,.F.);
#1275 = EDGE_LOOP('',(#1276,#1298,#1299,#1321));
#1276 = ORIENTED_EDGE('',*,*,#1277,.F.);
#1277 = EDGE_CURVE('',#468,#1278,#1280,.T.);
#1278 = VERTEX_POINT('',#1279);
#1279 = CARTESIAN_POINT('',(11.371851607775,5.875456664017,43.));
#1280 = SURFACE_CURVE('',#1281,(#1284,#1291),.PCURVE_S1.);
#1281 = B_SPLINE_CURVE_WITH_KNOTS('',1,(#1282,#1283),.UNSPECIFIED.,.F.,
  .F.,(2,2),(0.,1.),.PIECEWISE_BEZIER_KNOTS.);
#1282 = CARTESIAN_POINT('',(12.,6.2,20.));
#1283 = CARTESIAN_POINT('',(11.371851607775,5.875456664017,43.));
#1284 = PCURVE('',#521,#1285);
#1285 = DEFINITIONAL_REPRESENTATION('',(#1286),#1290);
#1286 = LINE('',#1287,#1288);
#1287 = CARTESIAN_POINT('',(0.,0.));
#1288 = VECTOR('',#1289,1.);
#1289 = DIRECTION('',(0.,1.));
#1290 = ( GEOMETRIC_REPRESENTATION_CONTEXT(2)
PARAMETRIC_REPRESENTATION_CONTEXT() REPRESENTATION_CONTEXT('2D SPACE',''
  ) );
#1291 = PCURVE('',#612,#1292);
#1292 = DEFINITIONAL_REPRESENTATION('',(#1293),#1297);
#1293 = LINE('',#1294,#1295);
#1294 = CARTESIAN_POINT('',(24.,0.));
#1295 = VECTOR('',#1296,1.);
#1296 = DIRECTION('',(0.,1.));
#1297 = ( GEOMETRIC_REPRESENTATION_CONTEXT(2)
PARAMETRIC_REPRESENTATION_CONTEXT() REPRESENTATION_CONTEXT('2D SPACE',''
  ) );
#1298 = ORIENTED_EDGE('',*,*,#465,.F.);
#1299 = ORIENTED_EDGE('',*,*,#1300,.T.);
#1300 = EDGE_CURVE('',#466,#1301,#1303,.T.);
#1301 = VERTEX_POINT('',#1302);
#1302 = CARTESIAN_POINT('',(12.8,0.,43.));
#1303 = SURFACE_CURVE('',#1304,(#1307,#1314),.PCURVE_S1.);
#1304 = B_SPLINE_CURVE_WITH_KNOTS('',1,(#1305,#1306),.UNSPECIFIED.,.F.,
  .F.,(2,2),(0.,1.),.PIECEWISE_BEZIER_KNOTS.);
#1305 = CARTESIAN_POINT('',(18.2,8.881784197001E-16,20.));
#1306 = CARTESIAN_POINT('',(12.8,3.552713678801E-15,43.));
#1307 = PCURVE('',#521,#1308);
#1308 = DEFINITIONAL_REPRESENTATION('',(#1309),#1313);
#1309 = LINE('',#1310,#1311);
#1310 = CARTESIAN_POINT('',(1.570796326795,0.));
#1311 = VECTOR('',#1312,1.);
#1312 = DIRECTION('',(0.,1.));
#1313 = ( GEOMETRIC_REPRESENTATION_CONTEXT(2)
PARAMETRIC_REPRESENTATION_CONTEXT() REPRESENTATION_CONTEXT('2D SPACE',''
  ) );
#1314 = PCURVE('',#1004,#1315);
#1315 = DEFINITIONAL_REPRESENTATION('',(#1316),#1320);
#1316 = LINE('',#1317,#1318);
#1317 = CARTESIAN_POINT('',(1.570796326795,0.));
#1318 = VECTOR('',#1319,1.);
#1319 = DIRECTION('',(0.,1.));
#1320 = ( GEOMETRIC_REPRESENTATION_CONTEXT(2)
PARAMETRIC_REPRESENTATION_CONTEXT() REPRESENTATION_CONTEXT('2D SPACE',''
  ) );
#1321 = ORIENTED_EDGE('',*,*,#1322,.T.);
#1322 = EDGE_CURVE('',#1301,#1278,#1323,.T.);
#1323 = SURFACE_CURVE('',#1324,(#1329,#1335),.PCURVE_S1.);
#1324 = CIRCLE('',#1325,12.8);
#1325 = AXIS2_PLACEMENT_3D('',#1326,#1327,#1328);
#1326 = CARTESIAN_POINT('',(0.,0.,43.));
#1327 = DIRECTION('',(0.,0.,1.));
#1328 = DIRECTION('',(1.,0.,0.));
#1329 = PCURVE('',#521,#1330);
#1330 = DEFINITIONAL_REPRESENTATION('',(#1331),#1334);
#1331 = B_SPLINE_CURVE_WITH_KNOTS('',1,(#1332,#1333),.UNSPECIFIED.,.F.,
  .F.,(2,2),(0.,0.476891867666),.PIECEWISE_BEZIER_KNOTS.);
#1332 = CARTESIAN_POINT('',(1.570796326795,1.));
#1333 = CARTESIAN_POINT('',(0.,1.));
#1334 = ( GEOMETRIC_REPRESENTATION_CONTEXT(2)
PARAMETRIC_REPRESENTATION_CONTEXT() REPRESENTATION_CONTEXT('2D SPACE',''
  ) );
#1335 = PCURVE('',#1336,#1341);
#1336 = CONICAL_SURFACE('',#1337,12.8,0.732815101787);
#1337 = AXIS2_PLACEMENT_3D('',#1338,#1339,#1340);
#1338 = CARTESIAN_POINT('',(0.,0.,43.));
#1339 = DIRECTION('',(0.,0.,1.));
#1340 = DIRECTION('',(1.,0.,0.));
#1341 = DEFINITIONAL_REPRESENTATION('',(#1342),#1345);
#1342 = B_SPLINE_CURVE_WITH_KNOTS('',1,(#1343,#1344),.UNSPECIFIED.,.F.,
  .F.,(2,2),(0.,0.476891867666),.PIECEWISE_BEZIER_KNOTS.);
#1343 = CARTESIAN_POINT('',(0.,0.));
#1344 = CARTESIAN_POINT('',(0.476891867666,0.));
#1345 = ( GEOMETRIC_REPRESENTATION_CONTEXT(2)
PARAMETRIC_REPRESENTATION_CONTEXT() REPRESENTATION_CONTEXT('2D SPACE',''
  ) );
#1346 = ADVANCED_FACE('',(#1347),#1004,.F.);
#1347 = FACE_BOUND('',#1348,.F.);
#1348 = EDGE_LOOP('',(#1349,#1350,#1351,#1373));
#1349 = ORIENTED_EDGE('',*,*,#1300,.F.);
#1350 = ORIENTED_EDGE('',*,*,#952,.F.);
#1351 = ORIENTED_EDGE('',*,*,#1352,.T.);
#1352 = EDGE_CURVE('',#864,#1353,#1355,.T.);
#1353 = VERTEX_POINT('',#1354);
#1354 = CARTESIAN_POINT('',(11.371851607775,-5.875456664017,43.));
#1355 = SURFACE_CURVE('',#1356,(#1359,#1366),.PCURVE_S1.);
#1356 = B_SPLINE_CURVE_WITH_KNOTS('',1,(#1357,#1358),.UNSPECIFIED.,.F.,
  .F.,(2,2),(0.,1.),.PIECEWISE_BEZIER_KNOTS.);
#1357 = CARTESIAN_POINT('',(12.,-6.2,20.));
#1358 = CARTESIAN_POINT('',(11.371851607775,-5.875456664017,43.));
#1359 = PCURVE('',#1004,#1360);
#1360 = DEFINITIONAL_REPRESENTATION('',(#1361),#1365);
#1361 = LINE('',#1362,#1363);
#1362 = CARTESIAN_POINT('',(3.14159265359,0.));
#1363 = VECTOR('',#1364,1.);
#1364 = DIRECTION('',(0.,1.));
#1365 = ( GEOMETRIC_REPRESENTATION_CONTEXT(2)
PARAMETRIC_REPRESENTATION_CONTEXT() REPRESENTATION_CONTEXT('2D SPACE',''
  ) );
#1366 = PCURVE('',#909,#1367);
#1367 = DEFINITIONAL_REPRESENTATION('',(#1368),#1372);
#1368 = LINE('',#1369,#1370);
#1369 = CARTESIAN_POINT('',(0.,0.));
#1370 = VECTOR('',#1371,1.);
#1371 = DIRECTION('',(0.,1.));
#1372 = ( GEOMETRIC_REPRESENTATION_CONTEXT(2)
PARAMETRIC_REPRESENTATION_CONTEXT() REPRESENTATION_CONTEXT('2D SPACE',''
  ) );
#1373 = ORIENTED_EDGE('',*,*,#1374,.T.);
#1374 = EDGE_CURVE('',#1353,#1301,#1375,.T.);
#1375 = SURFACE_CURVE('',#1376,(#1381,#1387),.PCURVE_S1.);
#1376 = CIRCLE('',#1377,12.8);
#1377 = AXIS2_PLACEMENT_3D('',#1378,#1379,#1380);
#1378 = CARTESIAN_POINT('',(0.,0.,43.));
#1379 = DIRECTION('',(0.,0.,1.));
#1380 = DIRECTION('',(1.,0.,0.));
#1381 = PCURVE('',#1004,#1382);
#1382 = DEFINITIONAL_REPRESENTATION('',(#1383),#1386);
#1383 = B_SPLINE_CURVE_WITH_KNOTS('',1,(#1384,#1385),.UNSPECIFIED.,.F.,
  .F.,(2,2),(5.806293439514,6.28318530718),.PIECEWISE_BEZIER_KNOTS.);
#1384 = CARTESIAN_POINT('',(3.14159265359,1.));
#1385 = CARTESIAN_POINT('',(1.570796326795,1.));
#1386 = ( GEOMETRIC_REPRESENTATION_CONTEXT(2)
PARAMETRIC_REPRESENTATION_CONTEXT() REPRESENTATION_CONTEXT('2D SPACE',''
  ) );
#1387 = PCURVE('',#1336,#1388);
#1388 = DEFINITIONAL_REPRESENTATION('',(#1389),#1392);
#1389 = B_SPLINE_CURVE_WITH_KNOTS('',1,(#1390,#1391),.UNSPECIFIED.,.F.,
  .F.,(2,2),(5.806293439514,6.28318530718),.PIECEWISE_BEZIER_KNOTS.);
#1390 = CARTESIAN_POINT('',(5.806293439514,0.));
#1391 = CARTESIAN_POINT('',(6.28318530718,0.));
#1392 = ( GEOMETRIC_REPRESENTATION_CONTEXT(2)
PARAMETRIC_REPRESENTATION_CONTEXT() REPRESENTATION_CONTEXT('2D SPACE',''
  ) );
#1393 = ADVANCED_FACE('',(#1394),#909,.F.);
#1394 = FACE_BOUND('',#1395,.F.);
#1395 = EDGE_LOOP('',(#1396,#1397,#1398,#1420));
#1396 = ORIENTED_EDGE('',*,*,#1352,.F.);
#1397 = ORIENTED_EDGE('',*,*,#863,.F.);
#1398 = ORIENTED_EDGE('',*,*,#1399,.T.);
#1399 = EDGE_CURVE('',#656,#1400,#1402,.T.);
#1400 = VERTEX_POINT('',#1401);
#1401 = CARTESIAN_POINT('',(-11.37185160777,-5.875456664017,43.));
#1402 = SURFACE_CURVE('',#1403,(#1406,#1413),.PCURVE_S1.);
#1403 = B_SPLINE_CURVE_WITH_KNOTS('',1,(#1404,#1405),.UNSPECIFIED.,.F.,
  .F.,(2,2),(0.,1.),.PIECEWISE_BEZIER_KNOTS.);
#1404 = CARTESIAN_POINT('',(-12.,-6.2,20.));
#1405 = CARTESIAN_POINT('',(-11.37185160777,-5.875456664017,43.));
#1406 = PCURVE('',#909,#1407);
#1407 = DEFINITIONAL_REPRESENTATION('',(#1408),#1412);
#1408 = LINE('',#1409,#1410);
#1409 = CARTESIAN_POINT('',(24.,0.));
#1410 = VECTOR('',#1411,1.);
#1411 = DIRECTION('',(0.,1.));
#1412 = ( GEOMETRIC_REPRESENTATION_CONTEXT(2)
PARAMETRIC_REPRESENTATION_CONTEXT() REPRESENTATION_CONTEXT('2D SPACE',''
  ) );
#1413 = PCURVE('',#779,#1414);
#1414 = DEFINITIONAL_REPRESENTATION('',(#1415),#1419);
#1415 = LINE('',#1416,#1417);
#1416 = CARTESIAN_POINT('',(0.,0.));
#1417 = VECTOR('',#1418,1.);
#1418 = DIRECTION('',(0.,1.));
#1419 = ( GEOMETRIC_REPRESENTATION_CONTEXT(2)
PARAMETRIC_REPRESENTATION_CONTEXT() REPRESENTATION_CONTEXT('2D SPACE',''
  ) );
#1420 = ORIENTED_EDGE('',*,*,#1421,.T.);
#1421 = EDGE_CURVE('',#1400,#1353,#1422,.T.);
#1422 = SURFACE_CURVE('',#1423,(#1428,#1434),.PCURVE_S1.);
#1423 = CIRCLE('',#1424,12.8);
#1424 = AXIS2_PLACEMENT_3D('',#1425,#1426,#1427);
#1425 = CARTESIAN_POINT('',(0.,0.,43.));
#1426 = DIRECTION('',(0.,0.,1.));
#1427 = DIRECTION('',(1.,0.,0.));
#1428 = PCURVE('',#909,#1429);
#1429 = DEFINITIONAL_REPRESENTATION('',(#1430),#1433);
#1430 = B_SPLINE_CURVE_WITH_KNOTS('',1,(#1431,#1432),.UNSPECIFIED.,.F.,
  .F.,(2,2),(3.618484521255,5.806293439514),.PIECEWISE_BEZIER_KNOTS.);
#1431 = CARTESIAN_POINT('',(24.,1.));
#1432 = CARTESIAN_POINT('',(0.,1.));
#1433 = ( GEOMETRIC_REPRESENTATION_CONTEXT(2)
PARAMETRIC_REPRESENTATION_CONTEXT() REPRESENTATION_CONTEXT('2D SPACE',''
  ) );
#1434 = PCURVE('',#1336,#1435);
#1435 = DEFINITIONAL_REPRESENTATION('',(#1436),#1439);
#1436 = B_SPLINE_CURVE_WITH_KNOTS('',1,(#1437,#1438),.UNSPECIFIED.,.F.,
  .F.,(2,2),(3.618484521255,5.806293439514),.PIECEWISE_BEZIER_KNOTS.);
#1437 = CARTESIAN_POINT('',(3.618484521255,0.));
#1438 = CARTESIAN_POINT('',(5.806293439514,0.));
#1439 = ( GEOMETRIC_REPRESENTATION_CONTEXT(2)
PARAMETRIC_REPRESENTATION_CONTEXT() REPRESENTATION_CONTEXT('2D SPACE',''
  ) );
#1440 = ADVANCED_FACE('',(#1441),#779,.F.);
#1441 = FACE_BOUND('',#1442,.F.);
#1442 = EDGE_LOOP('',(#1443,#1444,#1445,#1467));
#1443 = ORIENTED_EDGE('',*,*,#1399,.F.);
#1444 = ORIENTED_EDGE('',*,*,#655,.F.);
#1445 = ORIENTED_EDGE('',*,*,#1446,.T.);
#1446 = EDGE_CURVE('',#567,#1447,#1449,.T.);
#1447 = VERTEX_POINT('',#1448);
#1448 = CARTESIAN_POINT('',(-11.37185160777,5.875456664017,43.));
#1449 = SURFACE_CURVE('',#1450,(#1453,#1460),.PCURVE_S1.);
#1450 = B_SPLINE_CURVE_WITH_KNOTS('',1,(#1451,#1452),.UNSPECIFIED.,.F.,
  .F.,(2,2),(0.,1.),.PIECEWISE_BEZIER_KNOTS.);
#1451 = CARTESIAN_POINT('',(-12.,6.2,20.));
#1452 = CARTESIAN_POINT('',(-11.37185160777,5.875456664017,43.));
#1453 = PCURVE('',#779,#1454);
#1454 = DEFINITIONAL_REPRESENTATION('',(#1455),#1459);
#1455 = LINE('',#1456,#1457);
#1456 = CARTESIAN_POINT('',(3.14159265359,0.));
#1457 = VECTOR('',#1458,1.);
#1458 = DIRECTION('',(0.,1.));
#1459 = ( GEOMETRIC_REPRESENTATION_CONTEXT(2)
PARAMETRIC_REPRESENTATION_CONTEXT() REPRESENTATION_CONTEXT('2D SPACE',''
  ) );
#1460 = PCURVE('',#612,#1461);
#1461 = DEFINITIONAL_REPRESENTATION('',(#1462),#1466);
#1462 = LINE('',#1463,#1464);
#1463 = CARTESIAN_POINT('',(0.,0.));
#1464 = VECTOR('',#1465,1.);
#1465 = DIRECTION('',(0.,1.));
#1466 = ( GEOMETRIC_REPRESENTATION_CONTEXT(2)
PARAMETRIC_REPRESENTATION_CONTEXT() REPRESENTATION_CONTEXT('2D SPACE',''
  ) );
#1467 = ORIENTED_EDGE('',*,*,#1468,.T.);
#1468 = EDGE_CURVE('',#1447,#1400,#1469,.T.);
#1469 = SURFACE_CURVE('',#1470,(#1475,#1481),.PCURVE_S1.);
#1470 = CIRCLE('',#1471,12.8);
#1471 = AXIS2_PLACEMENT_3D('',#1472,#1473,#1474);
#1472 = CARTESIAN_POINT('',(0.,0.,43.));
#1473 = DIRECTION('',(0.,0.,1.));
#1474 = DIRECTION('',(1.,0.,0.));
#1475 = PCURVE('',#779,#1476);
#1476 = DEFINITIONAL_REPRESENTATION('',(#1477),#1480);
#1477 = B_SPLINE_CURVE_WITH_KNOTS('',1,(#1478,#1479),.UNSPECIFIED.,.F.,
  .F.,(2,2),(2.664700785924,3.618484521255),.PIECEWISE_BEZIER_KNOTS.);
#1478 = CARTESIAN_POINT('',(3.14159265359,1.));
#1479 = CARTESIAN_POINT('',(0.,1.));
#1480 = ( GEOMETRIC_REPRESENTATION_CONTEXT(2)
PARAMETRIC_REPRESENTATION_CONTEXT() REPRESENTATION_CONTEXT('2D SPACE',''
  ) );
#1481 = PCURVE('',#1336,#1482);
#1482 = DEFINITIONAL_REPRESENTATION('',(#1483),#1486);
#1483 = B_SPLINE_CURVE_WITH_KNOTS('',1,(#1484,#1485),.UNSPECIFIED.,.F.,
  .F.,(2,2),(2.664700785924,3.618484521255),.PIECEWISE_BEZIER_KNOTS.);
#1484 = CARTESIAN_POINT('',(2.664700785924,0.));
#1485 = CARTESIAN_POINT('',(3.618484521255,0.));
#1486 = ( GEOMETRIC_REPRESENTATION_CONTEXT(2)
PARAMETRIC_REPRESENTATION_CONTEXT() REPRESENTATION_CONTEXT('2D SPACE',''
  ) );
#1487 = ADVANCED_FACE('',(#1488),#612,.F.);
#1488 = FACE_BOUND('',#1489,.F.);
#1489 = EDGE_LOOP('',(#1490,#1491,#1492,#1493));
#1490 = ORIENTED_EDGE('',*,*,#1446,.F.);
#1491 = ORIENTED_EDGE('',*,*,#566,.F.);
#1492 = ORIENTED_EDGE('',*,*,#1277,.T.);
#1493 = ORIENTED_EDGE('',*,*,#1494,.T.);
#1494 = EDGE_CURVE('',#1278,#1447,#1495,.T.);
#1495 = SURFACE_CURVE('',#1496,(#1501,#1507),.PCURVE_S1.);
#1496 = CIRCLE('',#1497,12.8);
#1497 = AXIS2_PLACEMENT_3D('',#1498,#1499,#1500);
#1498 = CARTESIAN_POINT('',(0.,0.,43.));
#1499 = DIRECTION('',(0.,0.,1.));
#1500 = DIRECTION('',(1.,0.,0.));
#1501 = PCURVE('',#612,#1502);
#1502 = DEFINITIONAL_REPRESENTATION('',(#1503),#1506);
#1503 = B_SPLINE_CURVE_WITH_KNOTS('',1,(#1504,#1505),.UNSPECIFIED.,.F.,
  .F.,(2,2),(0.476891867666,2.664700785924),.PIECEWISE_BEZIER_KNOTS.);
#1504 = CARTESIAN_POINT('',(24.,1.));
#1505 = CARTESIAN_POINT('',(0.,1.));
#1506 = ( GEOMETRIC_REPRESENTATION_CONTEXT(2)
PARAMETRIC_REPRESENTATION_CONTEXT() REPRESENTATION_CONTEXT('2D SPACE',''
  ) );
#1507 = PCURVE('',#1336,#1508);
#1508 = DEFINITIONAL_REPRESENTATION('',(#1509),#1512);
#1509 = B_SPLINE_CURVE_WITH_KNOTS('',1,(#1510,#1511),.UNSPECIFIED.,.F.,
  .F.,(2,2),(0.476891867666,2.664700785924),.PIECEWISE_BEZIER_KNOTS.);
#1510 = CARTESIAN_POINT('',(0.476891867666,0.));
#1511 = CARTESIAN_POINT('',(2.664700785924,0.));
#1512 = ( GEOMETRIC_REPRESENTATION_CONTEXT(2)
PARAMETRIC_REPRESENTATION_CONTEXT() REPRESENTATION_CONTEXT('2D SPACE',''
  ) );
#1513 = ADVANCED_FACE('',(#1514),#1120,.T.);
#1514 = FACE_BOUND('',#1515,.T.);
#1515 = EDGE_LOOP('',(#1516,#1537,#1538,#1559));
#1516 = ORIENTED_EDGE('',*,*,#1517,.F.);
#1517 = EDGE_CURVE('',#1060,#1518,#1520,.T.);
#1518 = VERTEX_POINT('',#1519);
#1519 = CARTESIAN_POINT('',(-12.,5.75,4.718447854657E-16));
#1520 = SURFACE_CURVE('',#1521,(#1525,#1531),.PCURVE_S1.);
#1521 = LINE('',#1522,#1523);
#1522 = CARTESIAN_POINT('',(-12.,5.975,0.225));
#1523 = VECTOR('',#1524,1.);
#1524 = DIRECTION('',(-3.405797163643E-34,-0.707106781187,
    -0.707106781187));
#1525 = PCURVE('',#1120,#1526);
#1526 = DEFINITIONAL_REPRESENTATION('',(#1527),#1530);
#1527 = B_SPLINE_CURVE_WITH_KNOTS('',1,(#1528,#1529),.UNSPECIFIED.,.F.,
  .F.,(2,2),(-0.318198051534,0.318198051534),.PIECEWISE_BEZIER_KNOTS.);
#1528 = CARTESIAN_POINT('',(0.,-0.318198051534));
#1529 = CARTESIAN_POINT('',(0.,0.318198051534));
#1530 = ( GEOMETRIC_REPRESENTATION_CONTEXT(2)
PARAMETRIC_REPRESENTATION_CONTEXT() REPRESENTATION_CONTEXT('2D SPACE',''
  ) );
#1531 = PCURVE('',#1175,#1532);
#1532 = DEFINITIONAL_REPRESENTATION('',(#1533),#1536);
#1533 = B_SPLINE_CURVE_WITH_KNOTS('',1,(#1534,#1535),.UNSPECIFIED.,.F.,
  .F.,(2,2),(-0.318198051534,0.318198051534),.PIECEWISE_BEZIER_KNOTS.);
#1534 = CARTESIAN_POINT('',(-3.14159265359,0.));
#1535 = CARTESIAN_POINT('',(-3.14159265359,-0.45));
#1536 = ( GEOMETRIC_REPRESENTATION_CONTEXT(2)
PARAMETRIC_REPRESENTATION_CONTEXT() REPRESENTATION_CONTEXT('2D SPACE',''
  ) );
#1537 = ORIENTED_EDGE('',*,*,#1106,.T.);
#1538 = ORIENTED_EDGE('',*,*,#1539,.T.);
#1539 = EDGE_CURVE('',#1084,#1540,#1542,.T.);
#1540 = VERTEX_POINT('',#1541);
#1541 = CARTESIAN_POINT('',(12.,5.75,5.273559366969E-16));
#1542 = SURFACE_CURVE('',#1543,(#1547,#1553),.PCURVE_S1.);
#1543 = LINE('',#1544,#1545);
#1544 = CARTESIAN_POINT('',(12.,5.975,0.225));
#1545 = VECTOR('',#1546,1.);
#1546 = DIRECTION('',(-3.405797163643E-34,-0.707106781187,
    -0.707106781187));
#1547 = PCURVE('',#1120,#1548);
#1548 = DEFINITIONAL_REPRESENTATION('',(#1549),#1552);
#1549 = B_SPLINE_CURVE_WITH_KNOTS('',1,(#1550,#1551),.UNSPECIFIED.,.F.,
  .F.,(2,2),(-0.318198051534,0.318198051534),.PIECEWISE_BEZIER_KNOTS.);
#1550 = CARTESIAN_POINT('',(24.,-0.318198051534));
#1551 = CARTESIAN_POINT('',(24.,0.318198051534));
#1552 = ( GEOMETRIC_REPRESENTATION_CONTEXT(2)
PARAMETRIC_REPRESENTATION_CONTEXT() REPRESENTATION_CONTEXT('2D SPACE',''
  ) );
#1553 = PCURVE('',#1262,#1554);
#1554 = DEFINITIONAL_REPRESENTATION('',(#1555),#1558);
#1555 = B_SPLINE_CURVE_WITH_KNOTS('',1,(#1556,#1557),.UNSPECIFIED.,.F.,
  .F.,(2,2),(-0.318198051534,0.318198051534),.PIECEWISE_BEZIER_KNOTS.);
#1556 = CARTESIAN_POINT('',(0.,0.));
#1557 = CARTESIAN_POINT('',(0.,-0.45));
#1558 = ( GEOMETRIC_REPRESENTATION_CONTEXT(2)
PARAMETRIC_REPRESENTATION_CONTEXT() REPRESENTATION_CONTEXT('2D SPACE',''
  ) );
#1559 = ORIENTED_EDGE('',*,*,#1560,.F.);
#1560 = EDGE_CURVE('',#1518,#1540,#1561,.T.);
#1561 = SURFACE_CURVE('',#1562,(#1566,#1573),.PCURVE_S1.);
#1562 = LINE('',#1563,#1564);
#1563 = CARTESIAN_POINT('',(-12.,5.75,0.));
#1564 = VECTOR('',#1565,1.);
#1565 = DIRECTION('',(1.,0.,0.));
#1566 = PCURVE('',#1120,#1567);
#1567 = DEFINITIONAL_REPRESENTATION('',(#1568),#1572);
#1568 = LINE('',#1569,#1570);
#1569 = CARTESIAN_POINT('',(0.,0.318198051534));
#1570 = VECTOR('',#1571,1.);
#1571 = DIRECTION('',(1.,0.));
#1572 = ( GEOMETRIC_REPRESENTATION_CONTEXT(2)
PARAMETRIC_REPRESENTATION_CONTEXT() REPRESENTATION_CONTEXT('2D SPACE',''
  ) );
#1573 = PCURVE('',#1574,#1579);
#1574 = PLANE('',#1575);
#1575 = AXIS2_PLACEMENT_3D('',#1576,#1577,#1578);
#1576 = CARTESIAN_POINT('',(-8.339703471363E-17,-4.169851735681E-17,0.)
  );
#1577 = DIRECTION('',(-0.,-0.,-1.));
#1578 = DIRECTION('',(-1.,0.,0.));
#1579 = DEFINITIONAL_REPRESENTATION('',(#1580),#1584);
#1580 = LINE('',#1581,#1582);
#1581 = CARTESIAN_POINT('',(12.,5.75));
#1582 = VECTOR('',#1583,1.);
#1583 = DIRECTION('',(-1.,0.));
#1584 = ( GEOMETRIC_REPRESENTATION_CONTEXT(2)
PARAMETRIC_REPRESENTATION_CONTEXT() REPRESENTATION_CONTEXT('2D SPACE',''
  ) );
#1585 = ADVANCED_FACE('',(#1586),#1175,.T.);
#1586 = FACE_BOUND('',#1587,.T.);
#1587 = EDGE_LOOP('',(#1588,#1609,#1610,#1611));
#1588 = ORIENTED_EDGE('',*,*,#1589,.F.);
#1589 = EDGE_CURVE('',#1136,#1590,#1592,.T.);
#1590 = VERTEX_POINT('',#1591);
#1591 = CARTESIAN_POINT('',(-12.,-5.75,5.273559366969E-16));
#1592 = SURFACE_CURVE('',#1593,(#1597,#1603),.PCURVE_S1.);
#1593 = LINE('',#1594,#1595);
#1594 = CARTESIAN_POINT('',(-12.,-5.975,0.225));
#1595 = VECTOR('',#1596,1.);
#1596 = DIRECTION('',(3.405797163643E-34,0.707106781187,-0.707106781187)
  );
#1597 = PCURVE('',#1175,#1598);
#1598 = DEFINITIONAL_REPRESENTATION('',(#1599),#1602);
#1599 = B_SPLINE_CURVE_WITH_KNOTS('',1,(#1600,#1601),.UNSPECIFIED.,.F.,
  .F.,(2,2),(-0.318198051534,0.318198051534),.PIECEWISE_BEZIER_KNOTS.);
#1600 = CARTESIAN_POINT('',(0.,0.));
#1601 = CARTESIAN_POINT('',(0.,-0.45));
#1602 = ( GEOMETRIC_REPRESENTATION_CONTEXT(2)
PARAMETRIC_REPRESENTATION_CONTEXT() REPRESENTATION_CONTEXT('2D SPACE',''
  ) );
#1603 = PCURVE('',#1229,#1604);
#1604 = DEFINITIONAL_REPRESENTATION('',(#1605),#1608);
#1605 = B_SPLINE_CURVE_WITH_KNOTS('',1,(#1606,#1607),.UNSPECIFIED.,.F.,
  .F.,(2,2),(-0.318198051534,0.318198051534),.PIECEWISE_BEZIER_KNOTS.);
#1606 = CARTESIAN_POINT('',(24.,-0.318198051534));
#1607 = CARTESIAN_POINT('',(24.,0.318198051534));
#1608 = ( GEOMETRIC_REPRESENTATION_CONTEXT(2)
PARAMETRIC_REPRESENTATION_CONTEXT() REPRESENTATION_CONTEXT('2D SPACE',''
  ) );
#1609 = ORIENTED_EDGE('',*,*,#1160,.T.);
#1610 = ORIENTED_EDGE('',*,*,#1517,.T.);
#1611 = ORIENTED_EDGE('',*,*,#1612,.F.);
#1612 = EDGE_CURVE('',#1590,#1518,#1613,.T.);
#1613 = SURFACE_CURVE('',#1614,(#1619,#1626),.PCURVE_S1.);
#1614 = CIRCLE('',#1615,5.75);
#1615 = AXIS2_PLACEMENT_3D('',#1616,#1617,#1618);
#1616 = CARTESIAN_POINT('',(-12.,2.43364331096E-16,0.));
#1617 = DIRECTION('',(-0.,0.,-1.));
#1618 = DIRECTION('',(-0.,-1.,0.));
#1619 = PCURVE('',#1175,#1620);
#1620 = DEFINITIONAL_REPRESENTATION('',(#1621),#1625);
#1621 = LINE('',#1622,#1623);
#1622 = CARTESIAN_POINT('',(-0.,-0.45));
#1623 = VECTOR('',#1624,1.);
#1624 = DIRECTION('',(-1.,-0.));
#1625 = ( GEOMETRIC_REPRESENTATION_CONTEXT(2)
PARAMETRIC_REPRESENTATION_CONTEXT() REPRESENTATION_CONTEXT('2D SPACE',''
  ) );
#1626 = PCURVE('',#1574,#1627);
#1627 = DEFINITIONAL_REPRESENTATION('',(#1628),#1632);
#1628 = CIRCLE('',#1629,5.75);
#1629 = AXIS2_PLACEMENT_2D('',#1630,#1631);
#1630 = CARTESIAN_POINT('',(12.,2.850628484528E-16));
#1631 = DIRECTION('',(0.,-1.));
#1632 = ( GEOMETRIC_REPRESENTATION_CONTEXT(2)
PARAMETRIC_REPRESENTATION_CONTEXT() REPRESENTATION_CONTEXT('2D SPACE',''
  ) );
#1633 = ADVANCED_FACE('',(#1634),#1229,.T.);
#1634 = FACE_BOUND('',#1635,.T.);
#1635 = EDGE_LOOP('',(#1636,#1657,#1658,#1659));
#1636 = ORIENTED_EDGE('',*,*,#1637,.F.);
#1637 = EDGE_CURVE('',#1191,#1638,#1640,.T.);
#1638 = VERTEX_POINT('',#1639);
#1639 = CARTESIAN_POINT('',(12.,-5.75,-3.330669073875E-16));
#1640 = SURFACE_CURVE('',#1641,(#1645,#1651),.PCURVE_S1.);
#1641 = LINE('',#1642,#1643);
#1642 = CARTESIAN_POINT('',(12.,-6.2,0.45));
#1643 = VECTOR('',#1644,1.);
#1644 = DIRECTION('',(-8.659560562355E-17,0.707106781187,-0.707106781187
    ));
#1645 = PCURVE('',#1229,#1646);
#1646 = DEFINITIONAL_REPRESENTATION('',(#1647),#1650);
#1647 = B_SPLINE_CURVE_WITH_KNOTS('',1,(#1648,#1649),.UNSPECIFIED.,.F.,
  .F.,(2,2),(0.,0.636396103068),.PIECEWISE_BEZIER_KNOTS.);
#1648 = CARTESIAN_POINT('',(0.,-0.318198051534));
#1649 = CARTESIAN_POINT('',(0.,0.318198051534));
#1650 = ( GEOMETRIC_REPRESENTATION_CONTEXT(2)
PARAMETRIC_REPRESENTATION_CONTEXT() REPRESENTATION_CONTEXT('2D SPACE',''
  ) );
#1651 = PCURVE('',#1262,#1652);
#1652 = DEFINITIONAL_REPRESENTATION('',(#1653),#1656);
#1653 = B_SPLINE_CURVE_WITH_KNOTS('',1,(#1654,#1655),.UNSPECIFIED.,.F.,
  .F.,(2,2),(0.,0.636396103068),.PIECEWISE_BEZIER_KNOTS.);
#1654 = CARTESIAN_POINT('',(-3.14159265359,0.));
#1655 = CARTESIAN_POINT('',(-3.14159265359,-0.45));
#1656 = ( GEOMETRIC_REPRESENTATION_CONTEXT(2)
PARAMETRIC_REPRESENTATION_CONTEXT() REPRESENTATION_CONTEXT('2D SPACE',''
  ) );
#1657 = ORIENTED_EDGE('',*,*,#1215,.T.);
#1658 = ORIENTED_EDGE('',*,*,#1589,.T.);
#1659 = ORIENTED_EDGE('',*,*,#1660,.F.);
#1660 = EDGE_CURVE('',#1638,#1590,#1661,.T.);
#1661 = SURFACE_CURVE('',#1662,(#1666,#1673),.PCURVE_S1.);
#1662 = LINE('',#1663,#1664);
#1663 = CARTESIAN_POINT('',(12.,-5.75,0.));
#1664 = VECTOR('',#1665,1.);
#1665 = DIRECTION('',(-1.,0.,0.));
#1666 = PCURVE('',#1229,#1667);
#1667 = DEFINITIONAL_REPRESENTATION('',(#1668),#1672);
#1668 = LINE('',#1669,#1670);
#1669 = CARTESIAN_POINT('',(0.,0.318198051534));
#1670 = VECTOR('',#1671,1.);
#1671 = DIRECTION('',(1.,0.));
#1672 = ( GEOMETRIC_REPRESENTATION_CONTEXT(2)
PARAMETRIC_REPRESENTATION_CONTEXT() REPRESENTATION_CONTEXT('2D SPACE',''
  ) );
#1673 = PCURVE('',#1574,#1674);
#1674 = DEFINITIONAL_REPRESENTATION('',(#1675),#1679);
#1675 = LINE('',#1676,#1677);
#1676 = CARTESIAN_POINT('',(-12.,-5.75));
#1677 = VECTOR('',#1678,1.);
#1678 = DIRECTION('',(1.,0.));
#1679 = ( GEOMETRIC_REPRESENTATION_CONTEXT(2)
PARAMETRIC_REPRESENTATION_CONTEXT() REPRESENTATION_CONTEXT('2D SPACE',''
  ) );
#1680 = ADVANCED_FACE('',(#1681),#1262,.T.);
#1681 = FACE_BOUND('',#1682,.T.);
#1682 = EDGE_LOOP('',(#1683,#1684,#1685,#1686));
#1683 = ORIENTED_EDGE('',*,*,#1539,.F.);
#1684 = ORIENTED_EDGE('',*,*,#1247,.T.);
#1685 = ORIENTED_EDGE('',*,*,#1637,.T.);
#1686 = ORIENTED_EDGE('',*,*,#1687,.F.);
#1687 = EDGE_CURVE('',#1540,#1638,#1688,.T.);
#1688 = SURFACE_CURVE('',#1689,(#1694,#1701),.PCURVE_S1.);
#1689 = CIRCLE('',#1690,5.75);
#1690 = AXIS2_PLACEMENT_3D('',#1691,#1692,#1693);
#1691 = CARTESIAN_POINT('',(12.,-2.43364331096E-16,0.));
#1692 = DIRECTION('',(-0.,0.,-1.));
#1693 = DIRECTION('',(0.,1.,0.));
#1694 = PCURVE('',#1262,#1695);
#1695 = DEFINITIONAL_REPRESENTATION('',(#1696),#1700);
#1696 = LINE('',#1697,#1698);
#1697 = CARTESIAN_POINT('',(-0.,-0.45));
#1698 = VECTOR('',#1699,1.);
#1699 = DIRECTION('',(-1.,-0.));
#1700 = ( GEOMETRIC_REPRESENTATION_CONTEXT(2)
PARAMETRIC_REPRESENTATION_CONTEXT() REPRESENTATION_CONTEXT('2D SPACE',''
  ) );
#1701 = PCURVE('',#1574,#1702);
#1702 = DEFINITIONAL_REPRESENTATION('',(#1703),#1707);
#1703 = CIRCLE('',#1704,5.75);
#1704 = AXIS2_PLACEMENT_2D('',#1705,#1706);
#1705 = CARTESIAN_POINT('',(-12.,-2.016658137392E-16));
#1706 = DIRECTION('',(0.,1.));
#1707 = ( GEOMETRIC_REPRESENTATION_CONTEXT(2)
PARAMETRIC_REPRESENTATION_CONTEXT() REPRESENTATION_CONTEXT('2D SPACE',''
  ) );
#1708 = ADVANCED_FACE('',(#1709),#1336,.T.);
#1709 = FACE_BOUND('',#1710,.T.);
#1710 = EDGE_LOOP('',(#1711,#1712,#1732,#1758,#1759,#1760,#1761,#1762));
#1711 = ORIENTED_EDGE('',*,*,#1374,.T.);
#1712 = ORIENTED_EDGE('',*,*,#1713,.T.);
#1713 = EDGE_CURVE('',#1301,#1714,#1716,.T.);
#1714 = VERTEX_POINT('',#1715);
#1715 = CARTESIAN_POINT('',(20.,0.,51.));
#1716 = SEAM_CURVE('',#1717,(#1720,#1726),.PCURVE_S1.);
#1717 = B_SPLINE_CURVE_WITH_KNOTS('',1,(#1718,#1719),.UNSPECIFIED.,.F.,
  .F.,(2,2),(0.,1.),.PIECEWISE_BEZIER_KNOTS.);
#1718 = CARTESIAN_POINT('',(12.8,0.,43.));
#1719 = CARTESIAN_POINT('',(20.,0.,51.));
#1720 = PCURVE('',#1336,#1721);
#1721 = DEFINITIONAL_REPRESENTATION('',(#1722),#1725);
#1722 = B_SPLINE_CURVE_WITH_KNOTS('',1,(#1723,#1724),.UNSPECIFIED.,.F.,
  .F.,(2,2),(0.,1.),.PIECEWISE_BEZIER_KNOTS.);
#1723 = CARTESIAN_POINT('',(0.,0.));
#1724 = CARTESIAN_POINT('',(0.,8.));
#1725 = ( GEOMETRIC_REPRESENTATION_CONTEXT(2)
PARAMETRIC_REPRESENTATION_CONTEXT() REPRESENTATION_CONTEXT('2D SPACE',''
  ) );
#1726 = PCURVE('',#1336,#1727);
#1727 = DEFINITIONAL_REPRESENTATION('',(#1728),#1731);
#1728 = B_SPLINE_CURVE_WITH_KNOTS('',1,(#1729,#1730),.UNSPECIFIED.,.F.,
  .F.,(2,2),(0.,1.),.PIECEWISE_BEZIER_KNOTS.);
#1729 = CARTESIAN_POINT('',(6.28318530718,0.));
#1730 = CARTESIAN_POINT('',(6.28318530718,8.));
#1731 = ( GEOMETRIC_REPRESENTATION_CONTEXT(2)
PARAMETRIC_REPRESENTATION_CONTEXT() REPRESENTATION_CONTEXT('2D SPACE',''
  ) );
#1732 = ORIENTED_EDGE('',*,*,#1733,.F.);
#1733 = EDGE_CURVE('',#1714,#1714,#1734,.T.);
#1734 = SURFACE_CURVE('',#1735,(#1740,#1747),.PCURVE_S1.);
#1735 = CIRCLE('',#1736,20.);
#1736 = AXIS2_PLACEMENT_3D('',#1737,#1738,#1739);
#1737 = CARTESIAN_POINT('',(0.,0.,51.));
#1738 = DIRECTION('',(0.,0.,1.));
#1739 = DIRECTION('',(1.,0.,0.));
#1740 = PCURVE('',#1336,#1741);
#1741 = DEFINITIONAL_REPRESENTATION('',(#1742),#1746);
#1742 = LINE('',#1743,#1744);
#1743 = CARTESIAN_POINT('',(0.,8.));
#1744 = VECTOR('',#1745,1.);
#1745 = DIRECTION('',(1.,0.));
#1746 = ( GEOMETRIC_REPRESENTATION_CONTEXT(2)
PARAMETRIC_REPRESENTATION_CONTEXT() REPRESENTATION_CONTEXT('2D SPACE',''
  ) );
#1747 = PCURVE('',#1748,#1753);
#1748 = CYLINDRICAL_SURFACE('',#1749,20.);
#1749 = AXIS2_PLACEMENT_3D('',#1750,#1751,#1752);
#1750 = CARTESIAN_POINT('',(0.,0.,51.));
#1751 = DIRECTION('',(-0.,-0.,-1.));
#1752 = DIRECTION('',(1.,0.,0.));
#1753 = DEFINITIONAL_REPRESENTATION('',(#1754),#1757);
#1754 = B_SPLINE_CURVE_WITH_KNOTS('',1,(#1755,#1756),.UNSPECIFIED.,.F.,
  .F.,(2,2),(0.,6.28318530718),.PIECEWISE_BEZIER_KNOTS.);
#1755 = CARTESIAN_POINT('',(0.,0.));
#1756 = CARTESIAN_POINT('',(-6.28318530718,0.));
#1757 = ( GEOMETRIC_REPRESENTATION_CONTEXT(2)
PARAMETRIC_REPRESENTATION_CONTEXT() REPRESENTATION_CONTEXT('2D SPACE',''
  ) );
#1758 = ORIENTED_EDGE('',*,*,#1713,.F.);
#1759 = ORIENTED_EDGE('',*,*,#1322,.T.);
#1760 = ORIENTED_EDGE('',*,*,#1494,.T.);
#1761 = ORIENTED_EDGE('',*,*,#1468,.T.);
#1762 = ORIENTED_EDGE('',*,*,#1421,.T.);
#1763 = ADVANCED_FACE('',(#1764,#1770),#1574,.T.);
#1764 = FACE_BOUND('',#1765,.T.);
#1765 = EDGE_LOOP('',(#1766,#1767,#1768,#1769));
#1766 = ORIENTED_EDGE('',*,*,#1560,.T.);
#1767 = ORIENTED_EDGE('',*,*,#1687,.T.);
#1768 = ORIENTED_EDGE('',*,*,#1660,.T.);
#1769 = ORIENTED_EDGE('',*,*,#1612,.T.);
#1770 = FACE_BOUND('',#1771,.T.);
#1771 = EDGE_LOOP('',(#1772,#1800,#1829,#1855));
#1772 = ORIENTED_EDGE('',*,*,#1773,.F.);
#1773 = EDGE_CURVE('',#1774,#1776,#1778,.T.);
#1774 = VERTEX_POINT('',#1775);
#1775 = CARTESIAN_POINT('',(-12.,4.6,0.));
#1776 = VERTEX_POINT('',#1777);
#1777 = CARTESIAN_POINT('',(12.,4.6,0.));
#1778 = SURFACE_CURVE('',#1779,(#1783,#1789),.PCURVE_S1.);
#1779 = LINE('',#1780,#1781);
#1780 = CARTESIAN_POINT('',(-6.,4.6,0.));
#1781 = VECTOR('',#1782,1.);
#1782 = DIRECTION('',(1.,0.,0.));
#1783 = PCURVE('',#1574,#1784);
#1784 = DEFINITIONAL_REPRESENTATION('',(#1785),#1788);
#1785 = B_SPLINE_CURVE_WITH_KNOTS('',1,(#1786,#1787),.UNSPECIFIED.,.F.,
  .F.,(2,2),(-6.,18.),.PIECEWISE_BEZIER_KNOTS.);
#1786 = CARTESIAN_POINT('',(12.,4.6));
#1787 = CARTESIAN_POINT('',(-12.,4.6));
#1788 = ( GEOMETRIC_REPRESENTATION_CONTEXT(2)
PARAMETRIC_REPRESENTATION_CONTEXT() REPRESENTATION_CONTEXT('2D SPACE',''
  ) );
#1789 = PCURVE('',#1790,#1795);
#1790 = PLANE('',#1791);
#1791 = AXIS2_PLACEMENT_3D('',#1792,#1793,#1794);
#1792 = CARTESIAN_POINT('',(-12.,4.6,-1.));
#1793 = DIRECTION('',(0.,1.,0.));
#1794 = DIRECTION('',(1.,0.,0.));
#1795 = DEFINITIONAL_REPRESENTATION('',(#1796),#1799);
#1796 = B_SPLINE_CURVE_WITH_KNOTS('',1,(#1797,#1798),.UNSPECIFIED.,.F.,
  .F.,(2,2),(-6.,18.),.PIECEWISE_BEZIER_KNOTS.);
#1797 = CARTESIAN_POINT('',(-1.7763568394E-15,-1.));
#1798 = CARTESIAN_POINT('',(24.,-1.));
#1799 = ( GEOMETRIC_REPRESENTATION_CONTEXT(2)
PARAMETRIC_REPRESENTATION_CONTEXT() REPRESENTATION_CONTEXT('2D SPACE',''
  ) );
#1800 = ORIENTED_EDGE('',*,*,#1801,.F.);
#1801 = EDGE_CURVE('',#1802,#1774,#1804,.T.);
#1802 = VERTEX_POINT('',#1803);
#1803 = CARTESIAN_POINT('',(-12.,-4.6,0.));
#1804 = SURFACE_CURVE('',#1805,(#1810,#1817),.PCURVE_S1.);
#1805 = CIRCLE('',#1806,4.6);
#1806 = AXIS2_PLACEMENT_3D('',#1807,#1808,#1809);
#1807 = CARTESIAN_POINT('',(-12.,3.37569878617E-16,0.));
#1808 = DIRECTION('',(-0.,0.,-1.));
#1809 = DIRECTION('',(-3.861645303044E-16,-1.,0.));
#1810 = PCURVE('',#1574,#1811);
#1811 = DEFINITIONAL_REPRESENTATION('',(#1812),#1816);
#1812 = CIRCLE('',#1813,4.6);
#1813 = AXIS2_PLACEMENT_2D('',#1814,#1815);
#1814 = CARTESIAN_POINT('',(12.,3.792683959738E-16));
#1815 = DIRECTION('',(3.861645303044E-16,-1.));
#1816 = ( GEOMETRIC_REPRESENTATION_CONTEXT(2)
PARAMETRIC_REPRESENTATION_CONTEXT() REPRESENTATION_CONTEXT('2D SPACE',''
  ) );
#1817 = PCURVE('',#1818,#1823);
#1818 = CYLINDRICAL_SURFACE('',#1819,4.6);
#1819 = AXIS2_PLACEMENT_3D('',#1820,#1821,#1822);
#1820 = CARTESIAN_POINT('',(-12.,3.37569878617E-16,-1.));
#1821 = DIRECTION('',(-0.,0.,-1.));
#1822 = DIRECTION('',(-3.861645303044E-16,-1.,0.));
#1823 = DEFINITIONAL_REPRESENTATION('',(#1824),#1828);
#1824 = LINE('',#1825,#1826);
#1825 = CARTESIAN_POINT('',(0.,-1.));
#1826 = VECTOR('',#1827,1.);
#1827 = DIRECTION('',(1.,0.));
#1828 = ( GEOMETRIC_REPRESENTATION_CONTEXT(2)
PARAMETRIC_REPRESENTATION_CONTEXT() REPRESENTATION_CONTEXT('2D SPACE',''
  ) );
#1829 = ORIENTED_EDGE('',*,*,#1830,.F.);
#1830 = EDGE_CURVE('',#1831,#1802,#1833,.T.);
#1831 = VERTEX_POINT('',#1832);
#1832 = CARTESIAN_POINT('',(12.,-4.6,0.));
#1833 = SURFACE_CURVE('',#1834,(#1838,#1844),.PCURVE_S1.);
#1834 = LINE('',#1835,#1836);
#1835 = CARTESIAN_POINT('',(6.,-4.6,0.));
#1836 = VECTOR('',#1837,1.);
#1837 = DIRECTION('',(-1.,0.,0.));
#1838 = PCURVE('',#1574,#1839);
#1839 = DEFINITIONAL_REPRESENTATION('',(#1840),#1843);
#1840 = B_SPLINE_CURVE_WITH_KNOTS('',1,(#1841,#1842),.UNSPECIFIED.,.F.,
  .F.,(2,2),(-6.,18.),.PIECEWISE_BEZIER_KNOTS.);
#1841 = CARTESIAN_POINT('',(-12.,-4.6));
#1842 = CARTESIAN_POINT('',(12.,-4.6));
#1843 = ( GEOMETRIC_REPRESENTATION_CONTEXT(2)
PARAMETRIC_REPRESENTATION_CONTEXT() REPRESENTATION_CONTEXT('2D SPACE',''
  ) );
#1844 = PCURVE('',#1845,#1850);
#1845 = PLANE('',#1846);
#1846 = AXIS2_PLACEMENT_3D('',#1847,#1848,#1849);
#1847 = CARTESIAN_POINT('',(12.,-4.6,-1.));
#1848 = DIRECTION('',(0.,-1.,0.));
#1849 = DIRECTION('',(-1.,0.,0.));
#1850 = DEFINITIONAL_REPRESENTATION('',(#1851),#1854);
#1851 = B_SPLINE_CURVE_WITH_KNOTS('',1,(#1852,#1853),.UNSPECIFIED.,.F.,
  .F.,(2,2),(-6.,18.),.PIECEWISE_BEZIER_KNOTS.);
#1852 = CARTESIAN_POINT('',(-1.7763568394E-15,-1.));
#1853 = CARTESIAN_POINT('',(24.,-1.));
#1854 = ( GEOMETRIC_REPRESENTATION_CONTEXT(2)
PARAMETRIC_REPRESENTATION_CONTEXT() REPRESENTATION_CONTEXT('2D SPACE',''
  ) );
#1855 = ORIENTED_EDGE('',*,*,#1856,.F.);
#1856 = EDGE_CURVE('',#1776,#1831,#1857,.T.);
#1857 = SURFACE_CURVE('',#1858,(#1863,#1870),.PCURVE_S1.);
#1858 = CIRCLE('',#1859,4.6);
#1859 = AXIS2_PLACEMENT_3D('',#1860,#1861,#1862);
#1860 = CARTESIAN_POINT('',(12.,-3.37569878617E-16,0.));
#1861 = DIRECTION('',(0.,0.,-1.));
#1862 = DIRECTION('',(3.861645303044E-16,1.,0.));
#1863 = PCURVE('',#1574,#1864);
#1864 = DEFINITIONAL_REPRESENTATION('',(#1865),#1869);
#1865 = CIRCLE('',#1866,4.6);
#1866 = AXIS2_PLACEMENT_2D('',#1867,#1868);
#1867 = CARTESIAN_POINT('',(-12.,-2.958713612602E-16));
#1868 = DIRECTION('',(-3.861645303044E-16,1.));
#1869 = ( GEOMETRIC_REPRESENTATION_CONTEXT(2)
PARAMETRIC_REPRESENTATION_CONTEXT() REPRESENTATION_CONTEXT('2D SPACE',''
  ) );
#1870 = PCURVE('',#1871,#1876);
#1871 = CYLINDRICAL_SURFACE('',#1872,4.6);
#1872 = AXIS2_PLACEMENT_3D('',#1873,#1874,#1875);
#1873 = CARTESIAN_POINT('',(12.,-3.37569878617E-16,-1.));
#1874 = DIRECTION('',(0.,0.,-1.));
#1875 = DIRECTION('',(3.861645303044E-16,1.,0.));
#1876 = DEFINITIONAL_REPRESENTATION('',(#1877),#1881);
#1877 = LINE('',#1878,#1879);
#1878 = CARTESIAN_POINT('',(0.,-1.));
#1879 = VECTOR('',#1880,1.);
#1880 = DIRECTION('',(1.,0.));
#1881 = ( GEOMETRIC_REPRESENTATION_CONTEXT(2)
PARAMETRIC_REPRESENTATION_CONTEXT() REPRESENTATION_CONTEXT('2D SPACE',''
  ) );
#1882 = ADVANCED_FACE('',(#1883),#1748,.T.);
#1883 = FACE_BOUND('',#1884,.F.);
#1884 = EDGE_LOOP('',(#1885,#1908,#1935,#1936));
#1885 = ORIENTED_EDGE('',*,*,#1886,.T.);
#1886 = EDGE_CURVE('',#1714,#1887,#1889,.T.);
#1887 = VERTEX_POINT('',#1888);
#1888 = CARTESIAN_POINT('',(20.,0.,53.));
#1889 = SEAM_CURVE('',#1890,(#1894,#1901),.PCURVE_S1.);
#1890 = LINE('',#1891,#1892);
#1891 = CARTESIAN_POINT('',(20.,0.,51.));
#1892 = VECTOR('',#1893,1.);
#1893 = DIRECTION('',(0.,0.,1.));
#1894 = PCURVE('',#1748,#1895);
#1895 = DEFINITIONAL_REPRESENTATION('',(#1896),#1900);
#1896 = LINE('',#1897,#1898);
#1897 = CARTESIAN_POINT('',(-0.,0.));
#1898 = VECTOR('',#1899,1.);
#1899 = DIRECTION('',(-0.,-1.));
#1900 = ( GEOMETRIC_REPRESENTATION_CONTEXT(2)
PARAMETRIC_REPRESENTATION_CONTEXT() REPRESENTATION_CONTEXT('2D SPACE',''
  ) );
#1901 = PCURVE('',#1748,#1902);
#1902 = DEFINITIONAL_REPRESENTATION('',(#1903),#1907);
#1903 = LINE('',#1904,#1905);
#1904 = CARTESIAN_POINT('',(-6.28318530718,0.));
#1905 = VECTOR('',#1906,1.);
#1906 = DIRECTION('',(-0.,-1.));
#1907 = ( GEOMETRIC_REPRESENTATION_CONTEXT(2)
PARAMETRIC_REPRESENTATION_CONTEXT() REPRESENTATION_CONTEXT('2D SPACE',''
  ) );
#1908 = ORIENTED_EDGE('',*,*,#1909,.T.);
#1909 = EDGE_CURVE('',#1887,#1887,#1910,.T.);
#1910 = SURFACE_CURVE('',#1911,(#1916,#1923),.PCURVE_S1.);
#1911 = CIRCLE('',#1912,20.);
#1912 = AXIS2_PLACEMENT_3D('',#1913,#1914,#1915);
#1913 = CARTESIAN_POINT('',(0.,0.,53.));
#1914 = DIRECTION('',(0.,0.,1.));
#1915 = DIRECTION('',(1.,0.,0.));
#1916 = PCURVE('',#1748,#1917);
#1917 = DEFINITIONAL_REPRESENTATION('',(#1918),#1922);
#1918 = LINE('',#1919,#1920);
#1919 = CARTESIAN_POINT('',(-0.,-2.));
#1920 = VECTOR('',#1921,1.);
#1921 = DIRECTION('',(-1.,0.));
#1922 = ( GEOMETRIC_REPRESENTATION_CONTEXT(2)
PARAMETRIC_REPRESENTATION_CONTEXT() REPRESENTATION_CONTEXT('2D SPACE',''
  ) );
#1923 = PCURVE('',#1924,#1929);
#1924 = PLANE('',#1925);
#1925 = AXIS2_PLACEMENT_3D('',#1926,#1927,#1928);
#1926 = CARTESIAN_POINT('',(-1.093952106032E-15,1.371473012632E-15,53.)
  );
#1927 = DIRECTION('',(0.,0.,1.));
#1928 = DIRECTION('',(1.,0.,-0.));
#1929 = DEFINITIONAL_REPRESENTATION('',(#1930),#1934);
#1930 = CIRCLE('',#1931,20.);
#1931 = AXIS2_PLACEMENT_2D('',#1932,#1933);
#1932 = CARTESIAN_POINT('',(1.093952106032E-15,-1.371473012632E-15));
#1933 = DIRECTION('',(1.,0.));
#1934 = ( GEOMETRIC_REPRESENTATION_CONTEXT(2)
PARAMETRIC_REPRESENTATION_CONTEXT() REPRESENTATION_CONTEXT('2D SPACE',''
  ) );
#1935 = ORIENTED_EDGE('',*,*,#1886,.F.);
#1936 = ORIENTED_EDGE('',*,*,#1733,.F.);
#1937 = ADVANCED_FACE('',(#1938),#1790,.F.);
#1938 = FACE_BOUND('',#1939,.F.);
#1939 = EDGE_LOOP('',(#1940,#1941,#1964,#2007));
#1940 = ORIENTED_EDGE('',*,*,#1773,.F.);
#1941 = ORIENTED_EDGE('',*,*,#1942,.T.);
#1942 = EDGE_CURVE('',#1774,#1943,#1945,.T.);
#1943 = VERTEX_POINT('',#1944);
#1944 = CARTESIAN_POINT('',(-12.,4.6,20.));
#1945 = SURFACE_CURVE('',#1946,(#1950,#1957),.PCURVE_S1.);
#1946 = LINE('',#1947,#1948);
#1947 = CARTESIAN_POINT('',(-12.,4.6,-1.));
#1948 = VECTOR('',#1949,1.);
#1949 = DIRECTION('',(0.,0.,1.));
#1950 = PCURVE('',#1790,#1951);
#1951 = DEFINITIONAL_REPRESENTATION('',(#1952),#1956);
#1952 = LINE('',#1953,#1954);
#1953 = CARTESIAN_POINT('',(-1.7763568394E-15,0.));
#1954 = VECTOR('',#1955,1.);
#1955 = DIRECTION('',(0.,-1.));
#1956 = ( GEOMETRIC_REPRESENTATION_CONTEXT(2)
PARAMETRIC_REPRESENTATION_CONTEXT() REPRESENTATION_CONTEXT('2D SPACE',''
  ) );
#1957 = PCURVE('',#1818,#1958);
#1958 = DEFINITIONAL_REPRESENTATION('',(#1959),#1963);
#1959 = LINE('',#1960,#1961);
#1960 = CARTESIAN_POINT('',(3.14159265359,0.));
#1961 = VECTOR('',#1962,1.);
#1962 = DIRECTION('',(0.,-1.));
#1963 = ( GEOMETRIC_REPRESENTATION_CONTEXT(2)
PARAMETRIC_REPRESENTATION_CONTEXT() REPRESENTATION_CONTEXT('2D SPACE',''
  ) );
#1964 = ORIENTED_EDGE('',*,*,#1965,.T.);
#1965 = EDGE_CURVE('',#1943,#1966,#1968,.T.);
#1966 = VERTEX_POINT('',#1967);
#1967 = CARTESIAN_POINT('',(12.,4.6,20.));
#1968 = SURFACE_CURVE('',#1969,(#1973,#1980),.PCURVE_S1.);
#1969 = LINE('',#1970,#1971);
#1970 = CARTESIAN_POINT('',(-12.,4.6,20.));
#1971 = VECTOR('',#1972,1.);
#1972 = DIRECTION('',(1.,0.,0.));
#1973 = PCURVE('',#1790,#1974);
#1974 = DEFINITIONAL_REPRESENTATION('',(#1975),#1979);
#1975 = LINE('',#1976,#1977);
#1976 = CARTESIAN_POINT('',(0.,-21.));
#1977 = VECTOR('',#1978,1.);
#1978 = DIRECTION('',(1.,0.));
#1979 = ( GEOMETRIC_REPRESENTATION_CONTEXT(2)
PARAMETRIC_REPRESENTATION_CONTEXT() REPRESENTATION_CONTEXT('2D SPACE',''
  ) );
#1980 = PCURVE('',#1981,#2002);
#1981 = B_SPLINE_SURFACE_WITH_KNOTS('',9,1,(
    (#1982,#1983)
    ,(#1984,#1985)
    ,(#1986,#1987)
    ,(#1988,#1989)
    ,(#1990,#1991)
    ,(#1992,#1993)
    ,(#1994,#1995)
    ,(#1996,#1997)
    ,(#1998,#1999)
    ,(#2000,#2001
    )),.UNSPECIFIED.,.F.,.F.,.F.,(10,10),(2,2),(0.,24.),(0.,1.),
  .PIECEWISE_BEZIER_KNOTS.);
#1982 = CARTESIAN_POINT('',(-12.,4.6,20.));
#1983 = CARTESIAN_POINT('',(-9.33746117302,3.579360116325,43.));
#1984 = CARTESIAN_POINT('',(-9.333333333333,4.6,20.));
#1985 = CARTESIAN_POINT('',(-8.379195033053,6.079184829283,
    42.999999999999));
#1986 = CARTESIAN_POINT('',(-6.666666666667,4.6,20.));
#1987 = CARTESIAN_POINT('',(-6.668019511382,8.290396825777,
    43.000000000004));
#1988 = CARTESIAN_POINT('',(-4.,4.6,20.));
#1989 = CARTESIAN_POINT('',(-4.303277138018,9.953813613139,
    42.999999999992));
#1990 = CARTESIAN_POINT('',(-1.333333333333,4.6,20.));
#1991 = CARTESIAN_POINT('',(-1.488397778396,10.85026455221,
    43.000000000011));
#1992 = CARTESIAN_POINT('',(1.333333333333,4.6,20.));
#1993 = CARTESIAN_POINT('',(1.488397778396,10.850264552205,
    42.99999999999));
#1994 = CARTESIAN_POINT('',(4.,4.6,20.));
#1995 = CARTESIAN_POINT('',(4.303277138018,9.953813613142,
    43.000000000006));
#1996 = CARTESIAN_POINT('',(6.666666666667,4.6,20.));
#1997 = CARTESIAN_POINT('',(6.668019511382,8.290396825776,
    42.999999999997));
#1998 = CARTESIAN_POINT('',(9.333333333333,4.6,20.));
#1999 = CARTESIAN_POINT('',(8.379195033053,6.079184829283,
    43.000000000001));
#2000 = CARTESIAN_POINT('',(12.,4.6,20.));
#2001 = CARTESIAN_POINT('',(9.33746117302,3.579360116325,43.));
#2002 = DEFINITIONAL_REPRESENTATION('',(#2003),#2006);
#2003 = B_SPLINE_CURVE_WITH_KNOTS('',1,(#2004,#2005),.UNSPECIFIED.,.F.,
  .F.,(2,2),(0.,24.),.PIECEWISE_BEZIER_KNOTS.);
#2004 = CARTESIAN_POINT('',(0.,0.));
#2005 = CARTESIAN_POINT('',(24.,0.));
#2006 = ( GEOMETRIC_REPRESENTATION_CONTEXT(2)
PARAMETRIC_REPRESENTATION_CONTEXT() REPRESENTATION_CONTEXT('2D SPACE',''
  ) );
#2007 = ORIENTED_EDGE('',*,*,#2008,.F.);
#2008 = EDGE_CURVE('',#1776,#1966,#2009,.T.);
#2009 = SURFACE_CURVE('',#2010,(#2014,#2021),.PCURVE_S1.);
#2010 = LINE('',#2011,#2012);
#2011 = CARTESIAN_POINT('',(12.,4.6,-1.));
#2012 = VECTOR('',#2013,1.);
#2013 = DIRECTION('',(0.,0.,1.));
#2014 = PCURVE('',#1790,#2015);
#2015 = DEFINITIONAL_REPRESENTATION('',(#2016),#2020);
#2016 = LINE('',#2017,#2018);
#2017 = CARTESIAN_POINT('',(24.,0.));
#2018 = VECTOR('',#2019,1.);
#2019 = DIRECTION('',(0.,-1.));
#2020 = ( GEOMETRIC_REPRESENTATION_CONTEXT(2)
PARAMETRIC_REPRESENTATION_CONTEXT() REPRESENTATION_CONTEXT('2D SPACE',''
  ) );
#2021 = PCURVE('',#1871,#2022);
#2022 = DEFINITIONAL_REPRESENTATION('',(#2023),#2027);
#2023 = LINE('',#2024,#2025);
#2024 = CARTESIAN_POINT('',(0.,0.));
#2025 = VECTOR('',#2026,1.);
#2026 = DIRECTION('',(0.,-1.));
#2027 = ( GEOMETRIC_REPRESENTATION_CONTEXT(2)
PARAMETRIC_REPRESENTATION_CONTEXT() REPRESENTATION_CONTEXT('2D SPACE',''
  ) );
#2028 = ADVANCED_FACE('',(#2029),#1871,.F.);
#2029 = FACE_BOUND('',#2030,.F.);
#2030 = EDGE_LOOP('',(#2031,#2032,#2033,#2075,#2117));
#2031 = ORIENTED_EDGE('',*,*,#1856,.F.);
#2032 = ORIENTED_EDGE('',*,*,#2008,.T.);
#2033 = ORIENTED_EDGE('',*,*,#2034,.T.);
#2034 = EDGE_CURVE('',#1966,#2035,#2037,.T.);
#2035 = VERTEX_POINT('',#2036);
#2036 = CARTESIAN_POINT('',(16.6,2.105524110969E-16,20.));
#2037 = SURFACE_CURVE('',#2038,(#2043,#2050),.PCURVE_S1.);
#2038 = CIRCLE('',#2039,4.6);
#2039 = AXIS2_PLACEMENT_3D('',#2040,#2041,#2042);
#2040 = CARTESIAN_POINT('',(12.,-3.37569878617E-16,20.));
#2041 = DIRECTION('',(0.,0.,-1.));
#2042 = DIRECTION('',(3.861645303044E-16,1.,0.));
#2043 = PCURVE('',#1871,#2044);
#2044 = DEFINITIONAL_REPRESENTATION('',(#2045),#2049);
#2045 = LINE('',#2046,#2047);
#2046 = CARTESIAN_POINT('',(0.,-21.));
#2047 = VECTOR('',#2048,1.);
#2048 = DIRECTION('',(1.,0.));
#2049 = ( GEOMETRIC_REPRESENTATION_CONTEXT(2)
PARAMETRIC_REPRESENTATION_CONTEXT() REPRESENTATION_CONTEXT('2D SPACE',''
  ) );
#2050 = PCURVE('',#2051,#2070);
#2051 = B_SPLINE_SURFACE_WITH_KNOTS('',8,1,(
    (#2052,#2053)
    ,(#2054,#2055)
    ,(#2056,#2057)
    ,(#2058,#2059)
    ,(#2060,#2061)
    ,(#2062,#2063)
    ,(#2064,#2065)
    ,(#2066,#2067)
    ,(#2068,#2069
    )),.UNSPECIFIED.,.F.,.F.,.F.,(9,9),(2,2),(0.,1.570796326795),(0.,1.)
  ,.PIECEWISE_BEZIER_KNOTS.);
#2052 = CARTESIAN_POINT('',(12.,4.6,20.));
#2053 = CARTESIAN_POINT('',(9.33746117302,3.579360116325,43.));
#2054 = CARTESIAN_POINT('',(12.903207887907,4.6,20.));
#2055 = CARTESIAN_POINT('',(9.501242184664,3.152105303342,43.));
#2056 = CARTESIAN_POINT('',(13.806416060119,4.397320370778,
    19.999999999999));
#2057 = CARTESIAN_POINT('',(9.642680688827,2.716285816031,43.));
#2058 = CARTESIAN_POINT('',(14.656560877942,3.991963103009,
    20.000000000001));
#2059 = CARTESIAN_POINT('',(9.761253309793,2.273264589251,43.));
#2060 = CARTESIAN_POINT('',(15.400590276587,3.400590276587,
    19.999999999999));
#2061 = CARTESIAN_POINT('',(9.856537964286,1.824443165457,43.));
#2062 = CARTESIAN_POINT('',(15.991963103009,2.656560877941,
    20.000000000001));
#2063 = CARTESIAN_POINT('',(9.928215638483,1.371252094428,43.));
#2064 = CARTESIAN_POINT('',(16.397320370778,1.806416060119,
    19.999999999999));
#2065 = CARTESIAN_POINT('',(9.97607216502,0.915141333003,43.));
#2066 = CARTESIAN_POINT('',(16.6,0.903207887907,20.));
#2067 = CARTESIAN_POINT('',(10.,0.457570644809,43.));
#2068 = CARTESIAN_POINT('',(16.6,6.040236570535E-16,20.));
#2069 = CARTESIAN_POINT('',(10.,2.442490654175E-15,43.));
#2070 = DEFINITIONAL_REPRESENTATION('',(#2071),#2074);
#2071 = B_SPLINE_CURVE_WITH_KNOTS('',1,(#2072,#2073),.UNSPECIFIED.,.F.,
  .F.,(2,2),(0.,1.570796326795),.PIECEWISE_BEZIER_KNOTS.);
#2072 = CARTESIAN_POINT('',(0.,0.));
#2073 = CARTESIAN_POINT('',(1.570796326795,0.));
#2074 = ( GEOMETRIC_REPRESENTATION_CONTEXT(2)
PARAMETRIC_REPRESENTATION_CONTEXT() REPRESENTATION_CONTEXT('2D SPACE',''
  ) );
#2075 = ORIENTED_EDGE('',*,*,#2076,.T.);
#2076 = EDGE_CURVE('',#2035,#2077,#2079,.T.);
#2077 = VERTEX_POINT('',#2078);
#2078 = CARTESIAN_POINT('',(12.,-4.6,20.));
#2079 = SURFACE_CURVE('',#2080,(#2085,#2092),.PCURVE_S1.);
#2080 = CIRCLE('',#2081,4.6);
#2081 = AXIS2_PLACEMENT_3D('',#2082,#2083,#2084);
#2082 = CARTESIAN_POINT('',(12.,-3.37569878617E-16,20.));
#2083 = DIRECTION('',(0.,0.,-1.));
#2084 = DIRECTION('',(3.861645303044E-16,1.,0.));
#2085 = PCURVE('',#1871,#2086);
#2086 = DEFINITIONAL_REPRESENTATION('',(#2087),#2091);
#2087 = LINE('',#2088,#2089);
#2088 = CARTESIAN_POINT('',(0.,-21.));
#2089 = VECTOR('',#2090,1.);
#2090 = DIRECTION('',(1.,0.));
#2091 = ( GEOMETRIC_REPRESENTATION_CONTEXT(2)
PARAMETRIC_REPRESENTATION_CONTEXT() REPRESENTATION_CONTEXT('2D SPACE',''
  ) );
#2092 = PCURVE('',#2093,#2112);
#2093 = B_SPLINE_SURFACE_WITH_KNOTS('',8,1,(
    (#2094,#2095)
    ,(#2096,#2097)
    ,(#2098,#2099)
    ,(#2100,#2101)
    ,(#2102,#2103)
    ,(#2104,#2105)
    ,(#2106,#2107)
    ,(#2108,#2109)
    ,(#2110,#2111
    )),.UNSPECIFIED.,.F.,.F.,.F.,(9,9),(2,2),(1.570796326795,
    3.14159265359),(0.,1.),.PIECEWISE_BEZIER_KNOTS.);
#2094 = CARTESIAN_POINT('',(16.6,2.991626517149E-16,20.));
#2095 = CARTESIAN_POINT('',(10.,0.,43.));
#2096 = CARTESIAN_POINT('',(16.6,-0.903207887907,20.));
#2097 = CARTESIAN_POINT('',(10.,-0.457570644809,43.));
#2098 = CARTESIAN_POINT('',(16.397320370778,-1.806416060119,
    19.999999999999));
#2099 = CARTESIAN_POINT('',(9.97607216502,-0.915141333003,43.));
#2100 = CARTESIAN_POINT('',(15.991963103009,-2.656560877941,
    20.000000000001));
#2101 = CARTESIAN_POINT('',(9.928215638483,-1.371252094428,43.));
#2102 = CARTESIAN_POINT('',(15.400590276587,-3.400590276587,
    19.999999999999));
#2103 = CARTESIAN_POINT('',(9.856537964286,-1.824443165457,43.));
#2104 = CARTESIAN_POINT('',(14.656560877942,-3.991963103009,
    20.000000000001));
#2105 = CARTESIAN_POINT('',(9.761253309793,-2.273264589251,43.));
#2106 = CARTESIAN_POINT('',(13.806416060119,-4.397320370778,20.));
#2107 = CARTESIAN_POINT('',(9.642680688827,-2.716285816031,43.));
#2108 = CARTESIAN_POINT('',(12.903207887907,-4.6,20.));
#2109 = CARTESIAN_POINT('',(9.501242184664,-3.152105303342,43.));
#2110 = CARTESIAN_POINT('',(12.,-4.6,20.));
#2111 = CARTESIAN_POINT('',(9.33746117302,-3.579360116325,43.));
#2112 = DEFINITIONAL_REPRESENTATION('',(#2113),#2116);
#2113 = B_SPLINE_CURVE_WITH_KNOTS('',1,(#2114,#2115),.UNSPECIFIED.,.F.,
  .F.,(2,2),(1.570796326795,3.14159265359),.PIECEWISE_BEZIER_KNOTS.);
#2114 = CARTESIAN_POINT('',(1.570796326795,0.));
#2115 = CARTESIAN_POINT('',(3.14159265359,0.));
#2116 = ( GEOMETRIC_REPRESENTATION_CONTEXT(2)
PARAMETRIC_REPRESENTATION_CONTEXT() REPRESENTATION_CONTEXT('2D SPACE',''
  ) );
#2117 = ORIENTED_EDGE('',*,*,#2118,.F.);
#2118 = EDGE_CURVE('',#1831,#2077,#2119,.T.);
#2119 = SURFACE_CURVE('',#2120,(#2124,#2131),.PCURVE_S1.);
#2120 = LINE('',#2121,#2122);
#2121 = CARTESIAN_POINT('',(12.,-4.6,-1.));
#2122 = VECTOR('',#2123,1.);
#2123 = DIRECTION('',(0.,0.,1.));
#2124 = PCURVE('',#1871,#2125);
#2125 = DEFINITIONAL_REPRESENTATION('',(#2126),#2130);
#2126 = LINE('',#2127,#2128);
#2127 = CARTESIAN_POINT('',(3.14159265359,0.));
#2128 = VECTOR('',#2129,1.);
#2129 = DIRECTION('',(0.,-1.));
#2130 = ( GEOMETRIC_REPRESENTATION_CONTEXT(2)
PARAMETRIC_REPRESENTATION_CONTEXT() REPRESENTATION_CONTEXT('2D SPACE',''
  ) );
#2131 = PCURVE('',#1845,#2132);
#2132 = DEFINITIONAL_REPRESENTATION('',(#2133),#2137);
#2133 = LINE('',#2134,#2135);
#2134 = CARTESIAN_POINT('',(-1.7763568394E-15,-0.));
#2135 = VECTOR('',#2136,1.);
#2136 = DIRECTION('',(0.,-1.));
#2137 = ( GEOMETRIC_REPRESENTATION_CONTEXT(2)
PARAMETRIC_REPRESENTATION_CONTEXT() REPRESENTATION_CONTEXT('2D SPACE',''
  ) );
#2138 = ADVANCED_FACE('',(#2139),#1845,.F.);
#2139 = FACE_BOUND('',#2140,.F.);
#2140 = EDGE_LOOP('',(#2141,#2142,#2143,#2186));
#2141 = ORIENTED_EDGE('',*,*,#1830,.F.);
#2142 = ORIENTED_EDGE('',*,*,#2118,.T.);
#2143 = ORIENTED_EDGE('',*,*,#2144,.T.);
#2144 = EDGE_CURVE('',#2077,#2145,#2147,.T.);
#2145 = VERTEX_POINT('',#2146);
#2146 = CARTESIAN_POINT('',(-12.,-4.6,20.));
#2147 = SURFACE_CURVE('',#2148,(#2152,#2159),.PCURVE_S1.);
#2148 = LINE('',#2149,#2150);
#2149 = CARTESIAN_POINT('',(12.,-4.6,20.));
#2150 = VECTOR('',#2151,1.);
#2151 = DIRECTION('',(-1.,0.,0.));
#2152 = PCURVE('',#1845,#2153);
#2153 = DEFINITIONAL_REPRESENTATION('',(#2154),#2158);
#2154 = LINE('',#2155,#2156);
#2155 = CARTESIAN_POINT('',(0.,-21.));
#2156 = VECTOR('',#2157,1.);
#2157 = DIRECTION('',(1.,0.));
#2158 = ( GEOMETRIC_REPRESENTATION_CONTEXT(2)
PARAMETRIC_REPRESENTATION_CONTEXT() REPRESENTATION_CONTEXT('2D SPACE',''
  ) );
#2159 = PCURVE('',#2160,#2181);
#2160 = B_SPLINE_SURFACE_WITH_KNOTS('',9,1,(
    (#2161,#2162)
    ,(#2163,#2164)
    ,(#2165,#2166)
    ,(#2167,#2168)
    ,(#2169,#2170)
    ,(#2171,#2172)
    ,(#2173,#2174)
    ,(#2175,#2176)
    ,(#2177,#2178)
    ,(#2179,#2180
    )),.UNSPECIFIED.,.F.,.F.,.F.,(10,10),(2,2),(0.,24.),(0.,1.),
  .PIECEWISE_BEZIER_KNOTS.);
#2161 = CARTESIAN_POINT('',(12.,-4.6,20.));
#2162 = CARTESIAN_POINT('',(9.33746117302,-3.579360116325,43.));
#2163 = CARTESIAN_POINT('',(9.333333333333,-4.6,20.));
#2164 = CARTESIAN_POINT('',(8.379195033053,-6.079184829283,43.));
#2165 = CARTESIAN_POINT('',(6.666666666667,-4.6,20.));
#2166 = CARTESIAN_POINT('',(6.668019511381,-8.290396825776,
    42.999999999999));
#2167 = CARTESIAN_POINT('',(4.,-4.6,20.));
#2168 = CARTESIAN_POINT('',(4.303277138019,-9.953813613141,
    43.000000000001));
#2169 = CARTESIAN_POINT('',(1.333333333333,-4.6,20.));
#2170 = CARTESIAN_POINT('',(1.488397778395,-10.8502645522,
    42.999999999998));
#2171 = CARTESIAN_POINT('',(-1.333333333333,-4.6,20.));
#2172 = CARTESIAN_POINT('',(-1.488397778395,-10.8502645522,
    43.000000000001));
#2173 = CARTESIAN_POINT('',(-4.,-4.6,20.));
#2174 = CARTESIAN_POINT('',(-4.303277138019,-9.953813613141,
    42.999999999999));
#2175 = CARTESIAN_POINT('',(-6.666666666667,-4.6,20.));
#2176 = CARTESIAN_POINT('',(-6.668019511381,-8.290396825776,43.));
#2177 = CARTESIAN_POINT('',(-9.333333333333,-4.6,20.));
#2178 = CARTESIAN_POINT('',(-8.379195033053,-6.079184829283,43.));
#2179 = CARTESIAN_POINT('',(-12.,-4.6,20.));
#2180 = CARTESIAN_POINT('',(-9.33746117302,-3.579360116325,43.));
#2181 = DEFINITIONAL_REPRESENTATION('',(#2182),#2185);
#2182 = B_SPLINE_CURVE_WITH_KNOTS('',1,(#2183,#2184),.UNSPECIFIED.,.F.,
  .F.,(2,2),(0.,24.),.PIECEWISE_BEZIER_KNOTS.);
#2183 = CARTESIAN_POINT('',(0.,0.));
#2184 = CARTESIAN_POINT('',(24.,0.));
#2185 = ( GEOMETRIC_REPRESENTATION_CONTEXT(2)
PARAMETRIC_REPRESENTATION_CONTEXT() REPRESENTATION_CONTEXT('2D SPACE',''
  ) );
#2186 = ORIENTED_EDGE('',*,*,#2187,.F.);
#2187 = EDGE_CURVE('',#1802,#2145,#2188,.T.);
#2188 = SURFACE_CURVE('',#2189,(#2193,#2200),.PCURVE_S1.);
#2189 = LINE('',#2190,#2191);
#2190 = CARTESIAN_POINT('',(-12.,-4.6,-1.));
#2191 = VECTOR('',#2192,1.);
#2192 = DIRECTION('',(0.,0.,1.));
#2193 = PCURVE('',#1845,#2194);
#2194 = DEFINITIONAL_REPRESENTATION('',(#2195),#2199);
#2195 = LINE('',#2196,#2197);
#2196 = CARTESIAN_POINT('',(24.,0.));
#2197 = VECTOR('',#2198,1.);
#2198 = DIRECTION('',(0.,-1.));
#2199 = ( GEOMETRIC_REPRESENTATION_CONTEXT(2)
PARAMETRIC_REPRESENTATION_CONTEXT() REPRESENTATION_CONTEXT('2D SPACE',''
  ) );
#2200 = PCURVE('',#1818,#2201);
#2201 = DEFINITIONAL_REPRESENTATION('',(#2202),#2206);
#2202 = LINE('',#2203,#2204);
#2203 = CARTESIAN_POINT('',(0.,0.));
#2204 = VECTOR('',#2205,1.);
#2205 = DIRECTION('',(0.,-1.));
#2206 = ( GEOMETRIC_REPRESENTATION_CONTEXT(2)
PARAMETRIC_REPRESENTATION_CONTEXT() REPRESENTATION_CONTEXT('2D SPACE',''
  ) );
#2207 = ADVANCED_FACE('',(#2208),#1818,.F.);
#2208 = FACE_BOUND('',#2209,.F.);
#2209 = EDGE_LOOP('',(#2210,#2211,#2212,#2256));
#2210 = ORIENTED_EDGE('',*,*,#1801,.F.);
#2211 = ORIENTED_EDGE('',*,*,#2187,.T.);
#2212 = ORIENTED_EDGE('',*,*,#2213,.T.);
#2213 = EDGE_CURVE('',#2145,#1943,#2214,.T.);
#2214 = SURFACE_CURVE('',#2215,(#2220,#2227),.PCURVE_S1.);
#2215 = CIRCLE('',#2216,4.6);
#2216 = AXIS2_PLACEMENT_3D('',#2217,#2218,#2219);
#2217 = CARTESIAN_POINT('',(-12.,3.37569878617E-16,20.));
#2218 = DIRECTION('',(-0.,0.,-1.));
#2219 = DIRECTION('',(-3.861645303044E-16,-1.,0.));
#2220 = PCURVE('',#1818,#2221);
#2221 = DEFINITIONAL_REPRESENTATION('',(#2222),#2226);
#2222 = LINE('',#2223,#2224);
#2223 = CARTESIAN_POINT('',(0.,-21.));
#2224 = VECTOR('',#2225,1.);
#2225 = DIRECTION('',(1.,0.));
#2226 = ( GEOMETRIC_REPRESENTATION_CONTEXT(2)
PARAMETRIC_REPRESENTATION_CONTEXT() REPRESENTATION_CONTEXT('2D SPACE',''
  ) );
#2227 = PCURVE('',#2228,#2251);
#2228 = B_SPLINE_SURFACE_WITH_KNOTS('',10,1,(
    (#2229,#2230)
    ,(#2231,#2232)
    ,(#2233,#2234)
    ,(#2235,#2236)
    ,(#2237,#2238)
    ,(#2239,#2240)
    ,(#2241,#2242)
    ,(#2243,#2244)
    ,(#2245,#2246)
    ,(#2247,#2248)
    ,(#2249,#2250
    )),.UNSPECIFIED.,.F.,.F.,.F.,(11,11),(2,2),(0.,3.14159265359),(0.,1.
    ),.PIECEWISE_BEZIER_KNOTS.);
#2229 = CARTESIAN_POINT('',(-12.,-4.6,20.));
#2230 = CARTESIAN_POINT('',(-9.33746117302,-3.579360116325,43.));
#2231 = CARTESIAN_POINT('',(-13.44513262065,-4.6,20.000000000001));
#2232 = CARTESIAN_POINT('',(-9.599510791649,-2.895752415553,43.));
#2233 = CARTESIAN_POINT('',(-14.89026511577,-4.095554922966,
    19.999999999997));
#2234 = CARTESIAN_POINT('',(-9.805951714392,-2.190828529797,43.));
#2235 = CARTESIAN_POINT('',(-16.13730320018,-3.086652270819,
    20.000000000006));
#2236 = CARTESIAN_POINT('',(-9.954833246575,-1.469675801121,43.));
#2237 = CARTESIAN_POINT('',(-16.98814346699,-1.662253487855,
    19.999999999991));
#2238 = CARTESIAN_POINT('',(-10.04473672078,-0.737588746605,43.));
#2239 = CARTESIAN_POINT('',(-17.29127167285,-2.499493479197E-13,
    20.000000000009));
#2240 = CARTESIAN_POINT('',(-10.07480081095,-3.774758283726E-16,43.));
#2241 = CARTESIAN_POINT('',(-16.98814346699,1.662253487856,
    19.999999999993));
#2242 = CARTESIAN_POINT('',(-10.04473672078,0.737588746605,43.));
#2243 = CARTESIAN_POINT('',(-16.13730320018,3.086652270819,
    20.000000000004));
#2244 = CARTESIAN_POINT('',(-9.954833246575,1.469675801121,43.));
#2245 = CARTESIAN_POINT('',(-14.89026511577,4.095554922966,
    19.999999999999));
#2246 = CARTESIAN_POINT('',(-9.805951714392,2.190828529797,43.));
#2247 = CARTESIAN_POINT('',(-13.44513262065,4.6,20.));
#2248 = CARTESIAN_POINT('',(-9.599510791649,2.895752415553,43.));
#2249 = CARTESIAN_POINT('',(-12.,4.6,20.));
#2250 = CARTESIAN_POINT('',(-9.33746117302,3.579360116325,43.));
#2251 = DEFINITIONAL_REPRESENTATION('',(#2252),#2255);
#2252 = B_SPLINE_CURVE_WITH_KNOTS('',1,(#2253,#2254),.UNSPECIFIED.,.F.,
  .F.,(2,2),(0.,3.14159265359),.PIECEWISE_BEZIER_KNOTS.);
#2253 = CARTESIAN_POINT('',(0.,0.));
#2254 = CARTESIAN_POINT('',(3.14159265359,0.));
#2255 = ( GEOMETRIC_REPRESENTATION_CONTEXT(2)
PARAMETRIC_REPRESENTATION_CONTEXT() REPRESENTATION_CONTEXT('2D SPACE',''
  ) );
#2256 = ORIENTED_EDGE('',*,*,#1942,.F.);
#2257 = ADVANCED_FACE('',(#2258,#2261),#1924,.T.);
#2258 = FACE_BOUND('',#2259,.T.);
#2259 = EDGE_LOOP('',(#2260));
#2260 = ORIENTED_EDGE('',*,*,#1909,.T.);
#2261 = FACE_BOUND('',#2262,.T.);
#2262 = EDGE_LOOP('',(#2263,#3303,#3797,#4835));
#2263 = ORIENTED_EDGE('',*,*,#2264,.F.);
#2264 = EDGE_CURVE('',#2265,#2267,#2269,.T.);
#2265 = VERTEX_POINT('',#2266);
#2266 = CARTESIAN_POINT('',(-9.050966799188,-9.050966799188,53.));
#2267 = VERTEX_POINT('',#2268);
#2268 = CARTESIAN_POINT('',(12.934313455158,-5.357568053111,53.));
#2269 = SURFACE_CURVE('',#2270,(#2286,#2305),.PCURVE_S1.);
#2270 = B_SPLINE_CURVE_WITH_KNOTS('',3,(#2271,#2272,#2273,#2274,#2275,
    #2276,#2277,#2278,#2279,#2280,#2281,#2282,#2283,#2284,#2285),
  .UNSPECIFIED.,.F.,.F.,(4,1,1,1,1,1,1,1,1,1,1,1,4),(0.,2.102595066172,
    4.221516116785,6.356763430772,8.508337280717,10.676237933043,
    12.860465648202,15.061020680845,17.277903279999,19.511113689228,
    21.760652146794,24.026518885805,26.308714134368),.UNSPECIFIED.);
#2271 = CARTESIAN_POINT('',(-9.050966799188,-9.050966799188,53.));
#2272 = CARTESIAN_POINT('',(-8.579416864913,-9.570884495477,53.));
#2273 = CARTESIAN_POINT('',(-7.54540912757,-10.53419726259,53.));
#2274 = CARTESIAN_POINT('',(-5.773241636808,-11.71312182883,53.));
#2275 = CARTESIAN_POINT('',(-3.817229128504,-12.59311187288,53.));
#2276 = CARTESIAN_POINT('',(-1.728004961183,-13.14633569189,53.));
#2277 = CARTESIAN_POINT('',(0.439843782565,-13.35261064531,53.));
#2278 = CARTESIAN_POINT('',(2.628644447729,-13.20113265946,53.));
#2279 = CARTESIAN_POINT('',(4.77931915,-12.69061999563,53.));
#2280 = CARTESIAN_POINT('',(6.832958459213,-11.82957782415,53.));
#2281 = CARTESIAN_POINT('',(8.732368419619,-10.6361449528,53.));
#2282 = CARTESIAN_POINT('',(10.423947187291,-9.137904676567,53.));
#2283 = CARTESIAN_POINT('',(11.858102090681,-7.370658025506,53.));
#2284 = CARTESIAN_POINT('',(12.61319774729,-6.04820474887,53.));
#2285 = CARTESIAN_POINT('',(12.934313455158,-5.357568053111,53.));
#2286 = PCURVE('',#1924,#2287);
#2287 = DEFINITIONAL_REPRESENTATION('',(#2288),#2304);
#2288 = B_SPLINE_CURVE_WITH_KNOTS('',3,(#2289,#2290,#2291,#2292,#2293,
    #2294,#2295,#2296,#2297,#2298,#2299,#2300,#2301,#2302,#2303),
  .UNSPECIFIED.,.F.,.F.,(4,1,1,1,1,1,1,1,1,1,1,1,4),(0.,2.102595066172,
    4.221516116785,6.356763430772,8.508337280717,10.676237933043,
    12.860465648202,15.061020680845,17.277903279999,19.511113689228,
    21.760652146794,24.026518885805,26.308714134368),.UNSPECIFIED.);
#2289 = CARTESIAN_POINT('',(-9.050966799188,-9.050966799188));
#2290 = CARTESIAN_POINT('',(-8.579416864913,-9.570884495477));
#2291 = CARTESIAN_POINT('',(-7.54540912757,-10.53419726259));
#2292 = CARTESIAN_POINT('',(-5.773241636808,-11.71312182883));
#2293 = CARTESIAN_POINT('',(-3.817229128504,-12.59311187288));
#2294 = CARTESIAN_POINT('',(-1.728004961183,-13.14633569189));
#2295 = CARTESIAN_POINT('',(0.439843782565,-13.35261064531));
#2296 = CARTESIAN_POINT('',(2.628644447729,-13.20113265946));
#2297 = CARTESIAN_POINT('',(4.77931915,-12.69061999563));
#2298 = CARTESIAN_POINT('',(6.832958459213,-11.82957782415));
#2299 = CARTESIAN_POINT('',(8.732368419619,-10.6361449528));
#2300 = CARTESIAN_POINT('',(10.423947187291,-9.137904676567));
#2301 = CARTESIAN_POINT('',(11.858102090681,-7.370658025506));
#2302 = CARTESIAN_POINT('',(12.61319774729,-6.04820474887));
#2303 = CARTESIAN_POINT('',(12.934313455158,-5.357568053111));
#2304 = ( GEOMETRIC_REPRESENTATION_CONTEXT(2)
PARAMETRIC_REPRESENTATION_CONTEXT() REPRESENTATION_CONTEXT('2D SPACE',''
  ) );
#2305 = PCURVE('',#2306,#3297);
#2306 = B_SPLINE_SURFACE_WITH_KNOTS('',3,9,(
    (#2307,#2308,#2309,#2310,#2311,#2312,#2313,#2314,#2315,#2316,#2317
      ,#2318,#2319,#2320,#2321,#2322,#2323,#2324,#2325,#2326,#2327,#2328
      ,#2329,#2330,#2331,#2332,#2333,#2334,#2335,#2336,#2337,#2338,#2339
      ,#2340,#2341,#2342,#2343,#2344,#2345,#2346,#2347,#2348,#2349,#2350
      ,#2351,#2352,#2353,#2354,#2355,#2356,#2357,#2358,#2359,#2360,#2361
      ,#2362,#2363,#2364,#2365,#2366,#2367,#2368,#2369,#2370,#2371,#2372
      )
    ,(#2373,#2374,#2375,#2376,#2377,#2378,#2379,#2380,#2381,#2382,#2383
      ,#2384,#2385,#2386,#2387,#2388,#2389,#2390,#2391,#2392,#2393,#2394
      ,#2395,#2396,#2397,#2398,#2399,#2400,#2401,#2402,#2403,#2404,#2405
      ,#2406,#2407,#2408,#2409,#2410,#2411,#2412,#2413,#2414,#2415,#2416
      ,#2417,#2418,#2419,#2420,#2421,#2422,#2423,#2424,#2425,#2426,#2427
      ,#2428,#2429,#2430,#2431,#2432,#2433,#2434,#2435,#2436,#2437,#2438
      )
    ,(#2439,#2440,#2441,#2442,#2443,#2444,#2445,#2446,#2447,#2448,#2449
      ,#2450,#2451,#2452,#2453,#2454,#2455,#2456,#2457,#2458,#2459,#2460
      ,#2461,#2462,#2463,#2464,#2465,#2466,#2467,#2468,#2469,#2470,#2471
      ,#2472,#2473,#2474,#2475,#2476,#2477,#2478,#2479,#2480,#2481,#2482
      ,#2483,#2484,#2485,#2486,#2487,#2488,#2489,#2490,#2491,#2492,#2493
      ,#2494,#2495,#2496,#2497,#2498,#2499,#2500,#2501,#2502,#2503,#2504
      )
    ,(#2505,#2506,#2507,#2508,#2509,#2510,#2511,#2512,#2513,#2514,#2515
      ,#2516,#2517,#2518,#2519,#2520,#2521,#2522,#2523,#2524,#2525,#2526
      ,#2527,#2528,#2529,#2530,#2531,#2532,#2533,#2534,#2535,#2536,#2537
      ,#2538,#2539,#2540,#2541,#2542,#2543,#2544,#2545,#2546,#2547,#2548
      ,#2549,#2550,#2551,#2552,#2553,#2554,#2555,#2556,#2557,#2558,#2559
      ,#2560,#2561,#2562,#2563,#2564,#2565,#2566,#2567,#2568,#2569,#2570
      )
    ,(#2571,#2572,#2573,#2574,#2575,#2576,#2577,#2578,#2579,#2580,#2581
      ,#2582,#2583,#2584,#2585,#2586,#2587,#2588,#2589,#2590,#2591,#2592
      ,#2593,#2594,#2595,#2596,#2597,#2598,#2599,#2600,#2601,#2602,#2603
      ,#2604,#2605,#2606,#2607,#2608,#2609,#2610,#2611,#2612,#2613,#2614
      ,#2615,#2616,#2617,#2618,#2619,#2620,#2621,#2622,#2623,#2624,#2625
      ,#2626,#2627,#2628,#2629,#2630,#2631,#2632,#2633,#2634,#2635,#2636
      )
    ,(#2637,#2638,#2639,#2640,#2641,#2642,#2643,#2644,#2645,#2646,#2647
      ,#2648,#2649,#2650,#2651,#2652,#2653,#2654,#2655,#2656,#2657,#2658
      ,#2659,#2660,#2661,#2662,#2663,#2664,#2665,#2666,#2667,#2668,#2669
      ,#2670,#2671,#2672,#2673,#2674,#2675,#2676,#2677,#2678,#2679,#2680
      ,#2681,#2682,#2683,#2684,#2685,#2686,#2687,#2688,#2689,#2690,#2691
      ,#2692,#2693,#2694,#2695,#2696,#2697,#2698,#2699,#2700,#2701,#2702
      )
    ,(#2703,#2704,#2705,#2706,#2707,#2708,#2709,#2710,#2711,#2712,#2713
      ,#2714,#2715,#2716,#2717,#2718,#2719,#2720,#2721,#2722,#2723,#2724
      ,#2725,#2726,#2727,#2728,#2729,#2730,#2731,#2732,#2733,#2734,#2735
      ,#2736,#2737,#2738,#2739,#2740,#2741,#2742,#2743,#2744,#2745,#2746
      ,#2747,#2748,#2749,#2750,#2751,#2752,#2753,#2754,#2755,#2756,#2757
      ,#2758,#2759,#2760,#2761,#2762,#2763,#2764,#2765,#2766,#2767,#2768
      )
    ,(#2769,#2770,#2771,#2772,#2773,#2774,#2775,#2776,#2777,#2778,#2779
      ,#2780,#2781,#2782,#2783,#2784,#2785,#2786,#2787,#2788,#2789,#2790
      ,#2791,#2792,#2793,#2794,#2795,#2796,#2797,#2798,#2799,#2800,#2801
      ,#2802,#2803,#2804,#2805,#2806,#2807,#2808,#2809,#2810,#2811,#2812
      ,#2813,#2814,#2815,#2816,#2817,#2818,#2819,#2820,#2821,#2822,#2823
      ,#2824,#2825,#2826,#2827,#2828,#2829,#2830,#2831,#2832,#2833,#2834
      )
    ,(#2835,#2836,#2837,#2838,#2839,#2840,#2841,#2842,#2843,#2844,#2845
      ,#2846,#2847,#2848,#2849,#2850,#2851,#2852,#2853,#2854,#2855,#2856
      ,#2857,#2858,#2859,#2860,#2861,#2862,#2863,#2864,#2865,#2866,#2867
      ,#2868,#2869,#2870,#2871,#2872,#2873,#2874,#2875,#2876,#2877,#2878
      ,#2879,#2880,#2881,#2882,#2883,#2884,#2885,#2886,#2887,#2888,#2889
      ,#2890,#2891,#2892,#2893,#2894,#2895,#2896,#2897,#2898,#2899,#2900
      )
    ,(#2901,#2902,#2903,#2904,#2905,#2906,#2907,#2908,#2909,#2910,#2911
      ,#2912,#2913,#2914,#2915,#2916,#2917,#2918,#2919,#2920,#2921,#2922
      ,#2923,#2924,#2925,#2926,#2927,#2928,#2929,#2930,#2931,#2932,#2933
      ,#2934,#2935,#2936,#2937,#2938,#2939,#2940,#2941,#2942,#2943,#2944
      ,#2945,#2946,#2947,#2948,#2949,#2950,#2951,#2952,#2953,#2954,#2955
      ,#2956,#2957,#2958,#2959,#2960,#2961,#2962,#2963,#2964,#2965,#2966
      )
    ,(#2967,#2968,#2969,#2970,#2971,#2972,#2973,#2974,#2975,#2976,#2977
      ,#2978,#2979,#2980,#2981,#2982,#2983,#2984,#2985,#2986,#2987,#2988
      ,#2989,#2990,#2991,#2992,#2993,#2994,#2995,#2996,#2997,#2998,#2999
      ,#3000,#3001,#3002,#3003,#3004,#3005,#3006,#3007,#3008,#3009,#3010
      ,#3011,#3012,#3013,#3014,#3015,#3016,#3017,#3018,#3019,#3020,#3021
      ,#3022,#3023,#3024,#3025,#3026,#3027,#3028,#3029,#3030,#3031,#3032
      )
    ,(#3033,#3034,#3035,#3036,#3037,#3038,#3039,#3040,#3041,#3042,#3043
      ,#3044,#3045,#3046,#3047,#3048,#3049,#3050,#3051,#3052,#3053,#3054
      ,#3055,#3056,#3057,#3058,#3059,#3060,#3061,#3062,#3063,#3064,#3065
      ,#3066,#3067,#3068,#3069,#3070,#3071,#3072,#3073,#3074,#3075,#3076
      ,#3077,#3078,#3079,#3080,#3081,#3082,#3083,#3084,#3085,#3086,#3087
      ,#3088,#3089,#3090,#3091,#3092,#3093,#3094,#3095,#3096,#3097,#3098
      )
    ,(#3099,#3100,#3101,#3102,#3103,#3104,#3105,#3106,#3107,#3108,#3109
      ,#3110,#3111,#3112,#3113,#3114,#3115,#3116,#3117,#3118,#3119,#3120
      ,#3121,#3122,#3123,#3124,#3125,#3126,#3127,#3128,#3129,#3130,#3131
      ,#3132,#3133,#3134,#3135,#3136,#3137,#3138,#3139,#3140,#3141,#3142
      ,#3143,#3144,#3145,#3146,#3147,#3148,#3149,#3150,#3151,#3152,#3153
      ,#3154,#3155,#3156,#3157,#3158,#3159,#3160,#3161,#3162,#3163,#3164
      )
    ,(#3165,#3166,#3167,#3168,#3169,#3170,#3171,#3172,#3173,#3174,#3175
      ,#3176,#3177,#3178,#3179,#3180,#3181,#3182,#3183,#3184,#3185,#3186
      ,#3187,#3188,#3189,#3190,#3191,#3192,#3193,#3194,#3195,#3196,#3197
      ,#3198,#3199,#3200,#3201,#3202,#3203,#3204,#3205,#3206,#3207,#3208
      ,#3209,#3210,#3211,#3212,#3213,#3214,#3215,#3216,#3217,#3218,#3219
      ,#3220,#3221,#3222,#3223,#3224,#3225,#3226,#3227,#3228,#3229,#3230
      )
    ,(#3231,#3232,#3233,#3234,#3235,#3236,#3237,#3238,#3239,#3240,#3241
      ,#3242,#3243,#3244,#3245,#3246,#3247,#3248,#3249,#3250,#3251,#3252
      ,#3253,#3254,#3255,#3256,#3257,#3258,#3259,#3260,#3261,#3262,#3263
      ,#3264,#3265,#3266,#3267,#3268,#3269,#3270,#3271,#3272,#3273,#3274
      ,#3275,#3276,#3277,#3278,#3279,#3280,#3281,#3282,#3283,#3284,#3285
      ,#3286,#3287,#3288,#3289,#3290,#3291,#3292,#3293,#3294,#3295,#3296
      )),.UNSPECIFIED.,.F.,.F.,.F.,(4,1,1,1,1,1,1,1,1,1,1,1,4),(10,8,8,8
    ,8,8,8,8,10),(0.,2.102595066172,4.221516116785,6.356763430772,
    8.508337280717,10.676237933043,12.860465648202,15.061020680845,
    17.277903279999,19.511113689228,21.760652146794,24.026518885805,
    26.308714134368),(0.,2.75,5.5,8.25,11.,13.75,16.5,19.25,22.),
  .UNSPECIFIED.);
#2307 = CARTESIAN_POINT('',(-9.050966799188,-9.050966799188,53.));
#2308 = CARTESIAN_POINT('',(-4.706814592977,-13.39511900539,
    53.305555555556));
#2309 = CARTESIAN_POINT('',(1.984022639734,-15.39395958314,
    53.611111111111));
#2310 = CARTESIAN_POINT('',(9.565489320003,-13.59664655143,
    53.916666666667));
#2311 = CARTESIAN_POINT('',(15.583139593634,-7.613459457558,
    54.222222222222));
#2312 = CARTESIAN_POINT('',(17.310257044112,1.070540436717,
    54.527777777778));
#2313 = CARTESIAN_POINT('',(14.040702699832,8.901106558955,
    54.833333333333));
#2314 = CARTESIAN_POINT('',(7.723979012137,13.462910458839,
    55.138888888889));
#2315 = CARTESIAN_POINT('',(0.777557727831,14.176695120138,
    55.444444444444));
#2316 = CARTESIAN_POINT('',(-10.57425359637,9.474620912151,
    56.055555555556));
#2317 = CARTESIAN_POINT('',(-14.98139321718,4.058037342733,
    56.361111111111));
#2318 = CARTESIAN_POINT('',(-16.22230889955,-3.6342432838,
    56.666666666667));
#2319 = CARTESIAN_POINT('',(-12.99718654234,-11.48321373757,
    56.972222222222));
#2320 = CARTESIAN_POINT('',(-5.635414868068,-16.40247248966,
    57.277777777778));
#2321 = CARTESIAN_POINT('',(2.850458614351,-16.37810334135,
    57.583333333333));
#2322 = CARTESIAN_POINT('',(9.482257347972,-12.28808907319,
    57.888888888889));
#2323 = CARTESIAN_POINT('',(12.800000000001,-6.143558967015,
    58.194444444444));
#2324 = CARTESIAN_POINT('',(12.799999999999,6.143558967018,
    58.805555555555));
#2325 = CARTESIAN_POINT('',(9.482257347974,12.288089073186,
    59.111111111112));
#2326 = CARTESIAN_POINT('',(2.850458614353,16.378103341375,
    59.416666666665));
#2327 = CARTESIAN_POINT('',(-5.635414868075,16.402472489649,
    59.722222222224));
#2328 = CARTESIAN_POINT('',(-12.99718654233,11.483213737576,
    60.027777777776));
#2329 = CARTESIAN_POINT('',(-16.22230889956,3.634243283802,
    60.333333333334));
#2330 = CARTESIAN_POINT('',(-14.98139321718,-4.058037342734,
    60.638888888888));
#2331 = CARTESIAN_POINT('',(-10.57425359637,-9.474620912151,
    60.944444444445));
#2332 = CARTESIAN_POINT('',(0.777557727831,-14.17669512013,
    61.555555555555));
#2333 = CARTESIAN_POINT('',(7.723979012133,-13.46291045884,
    61.861111111112));
#2334 = CARTESIAN_POINT('',(14.040702699854,-8.901106558918,
    62.166666666664));
#2335 = CARTESIAN_POINT('',(17.310257044058,-1.070540436802,
    62.472222222226));
#2336 = CARTESIAN_POINT('',(15.583139593717,7.613459457677,
    62.777777777774));
#2337 = CARTESIAN_POINT('',(9.56548931992,13.596646551327,
    63.083333333336));
#2338 = CARTESIAN_POINT('',(1.984022639789,15.3939595832,63.388888888888
    ));
#2339 = CARTESIAN_POINT('',(-4.706814592997,13.395119005383,
    63.694444444445));
#2340 = CARTESIAN_POINT('',(-13.39511900538,4.706814592984,
    64.305555555555));
#2341 = CARTESIAN_POINT('',(-15.39395958316,-1.984022639743,
    64.611111111112));
#2342 = CARTESIAN_POINT('',(-13.5966465514,-9.565489319993,
    64.916666666664));
#2343 = CARTESIAN_POINT('',(-7.613459457593,-15.58313959364,
    65.222222222225));
#2344 = CARTESIAN_POINT('',(1.070540436744,-17.3102570441,
    65.527777777776));
#2345 = CARTESIAN_POINT('',(8.901106558942,-14.04070269983,
    65.833333333335));
#2346 = CARTESIAN_POINT('',(13.462910458842,-7.723979012137,
    66.138888888888));
#2347 = CARTESIAN_POINT('',(14.176695120138,-0.777557727831,
    66.444444444445));
#2348 = CARTESIAN_POINT('',(9.474620912151,10.574253596377,
    67.055555555555));
#2349 = CARTESIAN_POINT('',(4.058037342735,14.981393217184,
    67.361111111113));
#2350 = CARTESIAN_POINT('',(-3.634243283811,16.222308899546,
    67.666666666664));
#2351 = CARTESIAN_POINT('',(-11.48321373754,12.997186542371,
    67.972222222226));
#2352 = CARTESIAN_POINT('',(-16.40247248971,5.635414868038,
    68.277777777775));
#2353 = CARTESIAN_POINT('',(-16.37810334128,-2.850458614324,
    68.583333333335));
#2354 = CARTESIAN_POINT('',(-12.28808907325,-9.482257347979,
    68.888888888888));
#2355 = CARTESIAN_POINT('',(-6.143558966993,-12.8,69.194444444445));
#2356 = CARTESIAN_POINT('',(6.143558967001,-12.79999999999,
    69.805555555555));
#2357 = CARTESIAN_POINT('',(12.288089073228,-9.482257347983,
    70.111111111112));
#2358 = CARTESIAN_POINT('',(16.378103341314,-2.850458614323,
    70.416666666664));
#2359 = CARTESIAN_POINT('',(16.402472489709,5.635414868029,
    70.722222222225));
#2360 = CARTESIAN_POINT('',(11.483213737539,12.997186542378,
    71.027777777775));
#2361 = CARTESIAN_POINT('',(3.634243283814,16.222308899544,
    71.333333333335));
#2362 = CARTESIAN_POINT('',(-4.058037342736,14.981393217184,
    71.638888888888));
#2363 = CARTESIAN_POINT('',(-9.474620912151,10.574253596377,
    71.944444444445));
#2364 = CARTESIAN_POINT('',(-14.17669512013,-0.777557727831,
    72.555555555555));
#2365 = CARTESIAN_POINT('',(-13.46291045886,-7.723979012128,
    72.861111111112));
#2366 = CARTESIAN_POINT('',(-8.90110655885,-14.04070269987,
    73.166666666665));
#2367 = CARTESIAN_POINT('',(-1.070540436957,-17.31025704399,
    73.472222222225));
#2368 = CARTESIAN_POINT('',(7.613459457892,-15.58313959382,
    73.777777777775));
#2369 = CARTESIAN_POINT('',(13.596646551136,-9.565489319799,
    74.083333333335));
#2370 = CARTESIAN_POINT('',(15.39395958331,-1.984022639873,
    74.388888888888));
#2371 = CARTESIAN_POINT('',(13.395119005345,4.70681459303,
    74.694444444445));
#2372 = CARTESIAN_POINT('',(9.050966799188,9.050966799188,75.));
#2373 = CARTESIAN_POINT('',(-8.579416864913,-9.570884495477,53.));
#2374 = CARTESIAN_POINT('',(-3.985722078611,-13.68870898082,
    53.305555555556));
#2375 = CARTESIAN_POINT('',(2.832472076602,-15.32642409885,
    53.611111111111));
#2376 = CARTESIAN_POINT('',(10.335754892749,-13.10906142033,
    53.916666666667));
#2377 = CARTESIAN_POINT('',(16.041776796723,-6.780292524725,
    54.222222222222));
#2378 = CARTESIAN_POINT('',(17.29787451073,2.02150730926,54.527777777778
    ));
#2379 = CARTESIAN_POINT('',(13.590693223306,9.693918484984,
    54.833333333333));
#2380 = CARTESIAN_POINT('',(7.007235229826,13.921935787467,
    55.138888888889));
#2381 = CARTESIAN_POINT('',(3.15837890637E-03,14.257162674936,
    55.444444444444));
#2382 = CARTESIAN_POINT('',(-11.12144557859,8.920770468814,
    56.055555555556));
#2383 = CARTESIAN_POINT('',(-15.24368724808,3.24832891178,
    56.361111111111));
#2384 = CARTESIAN_POINT('',(-16.06660189809,-4.532471878707,
    56.666666666667));
#2385 = CARTESIAN_POINT('',(-12.40296328814,-12.22577016235,
    56.972222222222));
#2386 = CARTESIAN_POINT('',(-4.752086684224,-16.75495871869,
    57.277777777778));
#2387 = CARTESIAN_POINT('',(3.755126037192,-16.26574157444,
    57.583333333334));
#2388 = CARTESIAN_POINT('',(10.180629047085,-11.80156624902,
    57.888888888889));
#2389 = CARTESIAN_POINT('',(13.170692289285,-5.458900866496,
    58.194444444445));
#2390 = CARTESIAN_POINT('',(12.497710055738,6.861047836296,
    58.805555555555));
#2391 = CARTESIAN_POINT('',(8.83455819876,12.840278624583,
    59.111111111112));
#2392 = CARTESIAN_POINT('',(1.96102385195,16.577988598571,
    59.416666666665));
#2393 = CARTESIAN_POINT('',(-6.548858332557,16.137639977995,
    59.722222222224));
#2394 = CARTESIAN_POINT('',(-13.66086589326,10.80202283999,
    60.027777777776));
#2395 = CARTESIAN_POINT('',(-16.46470683621,2.755435842253,
    60.333333333334));
#2396 = CARTESIAN_POINT('',(-14.79915875094,-4.889431654189,
    60.638888888888));
#2397 = CARTESIAN_POINT('',(-10.08356971906,-10.07910309678,
    60.944444444445));
#2398 = CARTESIAN_POINT('',(1.556112293316,-14.17198687712,
    61.555555555555));
#2399 = CARTESIAN_POINT('',(8.481999222362,-13.07583002445,
    61.861111111112));
#2400 = CARTESIAN_POINT('',(14.565744753755,-8.155861551789,
    62.166666666664));
#2401 = CARTESIAN_POINT('',(17.415144434849,-0.125294460849,
    62.472222222226));
#2402 = CARTESIAN_POINT('',(15.207777647732,8.487312209315,
    62.777777777774));
#2403 = CARTESIAN_POINT('',(8.846341083178,14.156891253401,
    63.083333333336));
#2404 = CARTESIAN_POINT('',(1.146175687381,15.543759359258,
    63.388888888888));
#2405 = CARTESIAN_POINT('',(-5.453060010154,13.173111651198,
    63.694444444445));
#2406 = CARTESIAN_POINT('',(-13.6887089808,3.985722078619,
    64.305555555555));
#2407 = CARTESIAN_POINT('',(-15.32642409887,-2.832472076612,
    64.611111111113));
#2408 = CARTESIAN_POINT('',(-13.1090614203,-10.33575489273,
    64.916666666664));
#2409 = CARTESIAN_POINT('',(-6.78029252476,-16.04177679673,
    65.222222222226));
#2410 = CARTESIAN_POINT('',(2.021507309287,-17.29787451072,
    65.527777777775));
#2411 = CARTESIAN_POINT('',(9.693918484971,-13.5906932233,
    65.833333333335));
#2412 = CARTESIAN_POINT('',(13.92193578747,-7.007235229825,
    66.138888888888));
#2413 = CARTESIAN_POINT('',(14.257162674936,-3.158378906306E-03,
    66.444444444445));
#2414 = CARTESIAN_POINT('',(8.920770468814,11.121445578596,
    67.055555555555));
#2415 = CARTESIAN_POINT('',(3.248328911782,15.243687248091,
    67.361111111113));
#2416 = CARTESIAN_POINT('',(-4.532471878717,16.066601898082,
    67.666666666664));
#2417 = CARTESIAN_POINT('',(-12.22577016232,12.402963288174,
    67.972222222226));
#2418 = CARTESIAN_POINT('',(-16.75495871874,4.75208668419,
    68.277777777775));
#2419 = CARTESIAN_POINT('',(-16.26574157437,-3.755126037162,
    68.583333333335));
#2420 = CARTESIAN_POINT('',(-11.80156624908,-10.18062904709,
    68.888888888888));
#2421 = CARTESIAN_POINT('',(-5.458900866475,-13.17069228928,
    69.194444444445));
#2422 = CARTESIAN_POINT('',(6.86104783628,-12.49771005573,
    69.805555555555));
#2423 = CARTESIAN_POINT('',(12.840278624625,-8.834558198767,
    70.111111111112));
#2424 = CARTESIAN_POINT('',(16.577988598509,-1.961023851923,
    70.416666666664));
#2425 = CARTESIAN_POINT('',(16.137639978056,6.548858332513,
    70.722222222225));
#2426 = CARTESIAN_POINT('',(10.802022839952,13.660865893309,
    71.027777777775));
#2427 = CARTESIAN_POINT('',(2.755435842266,16.464706836198,
    71.333333333335));
#2428 = CARTESIAN_POINT('',(-4.889431654191,14.799158750947,
    71.638888888888));
#2429 = CARTESIAN_POINT('',(-10.07910309678,10.083569719069,
    71.944444444445));
#2430 = CARTESIAN_POINT('',(-14.17198687712,-1.556112293316,
    72.555555555555));
#2431 = CARTESIAN_POINT('',(-13.07583002447,-8.481999222358,
    72.861111111112));
#2432 = CARTESIAN_POINT('',(-8.15586155172,-14.56574475377,
    73.166666666665));
#2433 = CARTESIAN_POINT('',(-0.125294461008,-17.41514443479,
    73.472222222225));
#2434 = CARTESIAN_POINT('',(8.487312209535,-15.20777764783,
    73.777777777775));
#2435 = CARTESIAN_POINT('',(14.156891253204,-8.846341083068,
    74.083333333335));
#2436 = CARTESIAN_POINT('',(15.543759359372,-1.14617568746,
    74.388888888888));
#2437 = CARTESIAN_POINT('',(13.173111651158,5.453060010185,
    74.694444444445));
#2438 = CARTESIAN_POINT('',(8.579416864913,9.570884495477,75.));
#2439 = CARTESIAN_POINT('',(-7.54540912757,-10.53419726259,53.));
#2440 = CARTESIAN_POINT('',(-2.489357404668,-14.15573366147,
    53.305555555556));
#2441 = CARTESIAN_POINT('',(4.523253369796,-15.04739287898,
    53.611111111111));
#2442 = CARTESIAN_POINT('',(11.79861679214,-12.00052998262,
    53.916666666667));
#2443 = CARTESIAN_POINT('',(16.820968092402,-5.031155762521,
    54.222222222222));
#2444 = CARTESIAN_POINT('',(17.112150678897,3.927295402002,
    54.527777777778));
#2445 = CARTESIAN_POINT('',(12.553733850987,11.208371059192,
    54.833333333333));
#2446 = CARTESIAN_POINT('',(5.491607441979,14.721601830004,
    55.138888888889));
#2447 = CARTESIAN_POINT('',(-1.564098130745,14.287590968728,
    55.444444444444));
#2448 = CARTESIAN_POINT('',(-12.12555422687,7.717032677363,
    56.055555555556));
#2449 = CARTESIAN_POINT('',(-15.63293251886,1.579472569832,
    56.361111111111));
#2450 = CARTESIAN_POINT('',(-15.60225458249,-6.308206349244,
    56.666666666667));
#2451 = CARTESIAN_POINT('',(-11.08517622185,-13.61499974886,
    56.972222222222));
#2452 = CARTESIAN_POINT('',(-2.920271870986,-17.3126978855,
    57.277777777778));
#2453 = CARTESIAN_POINT('',(5.551111441971,-15.88726659394,
    57.583333333334));
#2454 = CARTESIAN_POINT('',(11.499433153612,-10.70732882885,
    57.888888888889));
#2455 = CARTESIAN_POINT('',(13.798567792997,-4.022589047427,
    58.194444444445));
#2456 = CARTESIAN_POINT('',(11.769856766337,8.24937376304,
    58.805555555555));
#2457 = CARTESIAN_POINT('',(7.441690413097,13.838536674767,
    59.111111111112));
#2458 = CARTESIAN_POINT('',(0.142774186195,16.828538070803,
    59.416666666665));
#2459 = CARTESIAN_POINT('',(-8.33665624736,15.451784961236,
    59.722222222224));
#2460 = CARTESIAN_POINT('',(-14.87713499622,9.32310057519,
    60.027777777776));
#2461 = CARTESIAN_POINT('',(-16.80234551724,0.951315153264,
    60.333333333334));
#2462 = CARTESIAN_POINT('',(-14.29289734576,-6.526591622093,
    60.638888888888));
#2463 = CARTESIAN_POINT('',(-8.996868066116,-11.20883685549,
    60.944444444445));
#2464 = CARTESIAN_POINT('',(3.117295482665,-14.03082775626,
    61.555555555555));
#2465 = CARTESIAN_POINT('',(9.93729682909,-12.17100835874,
    61.861111111112));
#2466 = CARTESIAN_POINT('',(15.493035503769,-6.571884530396,
    62.166666666664));
#2467 = CARTESIAN_POINT('',(17.465661925368,1.788855371133,
    62.472222222226));
#2468 = CARTESIAN_POINT('',(14.306870118394,10.176982032622,
    62.777777777774));
#2469 = CARTESIAN_POINT('',(7.308765399328,15.159222486809,
    63.083333333336));
#2470 = CARTESIAN_POINT('',(-0.560102339435,15.702551986007,
    63.388888888888));
#2471 = CARTESIAN_POINT('',(-6.912660863732,12.601460850452,
    63.694444444445));
#2472 = CARTESIAN_POINT('',(-14.15573366146,2.489357404677,
    64.305555555555));
#2473 = CARTESIAN_POINT('',(-15.047392879,-4.523253369809,
    64.611111111112));
#2474 = CARTESIAN_POINT('',(-12.00052998259,-11.79861679212,
    64.916666666664));
#2475 = CARTESIAN_POINT('',(-5.031155762554,-16.82096809241,
    65.222222222225));
#2476 = CARTESIAN_POINT('',(3.927295402027,-17.11215067888,
    65.527777777775));
#2477 = CARTESIAN_POINT('',(11.20837105918,-12.55373385099,
    65.833333333335));
#2478 = CARTESIAN_POINT('',(14.721601830007,-5.491607441979,
    66.138888888888));
#2479 = CARTESIAN_POINT('',(14.287590968728,1.564098130745,
    66.444444444445));
#2480 = CARTESIAN_POINT('',(7.717032677363,12.125554226872,
    67.055555555555));
#2481 = CARTESIAN_POINT('',(1.579472569833,15.632932518866,
    67.361111111113));
#2482 = CARTESIAN_POINT('',(-6.308206349252,15.602254582478,
    67.666666666664));
#2483 = CARTESIAN_POINT('',(-13.61499974884,11.085176221887,
    67.972222222226));
#2484 = CARTESIAN_POINT('',(-17.31269788555,2.920271870946,
    68.277777777775));
#2485 = CARTESIAN_POINT('',(-15.88726659387,-5.551111441933,
    68.583333333335));
#2486 = CARTESIAN_POINT('',(-10.7073288289,-11.49943315362,
    68.888888888888));
#2487 = CARTESIAN_POINT('',(-4.022589047406,-13.79856779299,
    69.194444444445));
#2488 = CARTESIAN_POINT('',(8.249373763023,-11.76985676633,
    69.805555555555));
#2489 = CARTESIAN_POINT('',(13.83853667481,-7.441690413098,
    70.111111111113));
#2490 = CARTESIAN_POINT('',(16.828538070737,-0.142774186176,
    70.416666666664));
#2491 = CARTESIAN_POINT('',(15.451784961304,8.336656247323,
    70.722222222226));
#2492 = CARTESIAN_POINT('',(9.323100575146,14.877134996261,
    71.027777777774));
#2493 = CARTESIAN_POINT('',(0.95131515328,16.80234551723,71.333333333336
    ));
#2494 = CARTESIAN_POINT('',(-6.526591622095,14.292897345768,
    71.638888888888));
#2495 = CARTESIAN_POINT('',(-11.20883685549,8.996868066116,
    71.944444444445));
#2496 = CARTESIAN_POINT('',(-14.03082775626,-3.117295482665,
    72.555555555555));
#2497 = CARTESIAN_POINT('',(-12.17100835876,-9.937296829086,
    72.861111111112));
#2498 = CARTESIAN_POINT('',(-6.571884530324,-15.49303550378,
    73.166666666665));
#2499 = CARTESIAN_POINT('',(1.788855370967,-17.46566192532,
    73.472222222224));
#2500 = CARTESIAN_POINT('',(10.176982032853,-14.30687011847,
    73.777777777776));
#2501 = CARTESIAN_POINT('',(15.159222486599,-7.308765399238,
    74.083333333334));
#2502 = CARTESIAN_POINT('',(15.702551986131,0.560102339368,
    74.388888888888));
#2503 = CARTESIAN_POINT('',(12.601460850409,6.912660863759,
    74.694444444445));
#2504 = CARTESIAN_POINT('',(7.54540912757,10.534197262593,75.));
#2505 = CARTESIAN_POINT('',(-5.773241636808,-11.71312182883,53.));
#2506 = CARTESIAN_POINT('',(-0.151346742782,-14.48407889342,
    53.305555555556));
#2507 = CARTESIAN_POINT('',(6.967853236327,-14.2194486721,
    53.611111111111));
#2508 = CARTESIAN_POINT('',(13.701744797441,-9.995509153208,
    53.916666666667));
#2509 = CARTESIAN_POINT('',(17.551466431375,-2.241182516967,
    54.222222222222));
#2510 = CARTESIAN_POINT('',(16.370326562729,6.714239197476,
    54.527777777778));
#2511 = CARTESIAN_POINT('',(10.642472150208,13.205665300122,
    54.833333333333));
#2512 = CARTESIAN_POINT('',(3.043665415427,15.539602661659,
    55.138888888889));
#2513 = CARTESIAN_POINT('',(-3.900755303537,13.949749731747,
    55.444444444444));
#2514 = CARTESIAN_POINT('',(-13.32362388451,5.682645167569,
    56.055555555556));
#2515 = CARTESIAN_POINT('',(-15.80352403202,-0.995880621788,
    56.361111111111));
#2516 = CARTESIAN_POINT('',(-14.47813398225,-8.833767366094,
    56.666666666667));
#2517 = CARTESIAN_POINT('',(-8.787161505436,-15.35755164237,
    56.972222222222));
#2518 = CARTESIAN_POINT('',(-6.155095062417E-02,-17.69387138105,
    57.277777777777));
#2519 = CARTESIAN_POINT('',(8.127757523529,-14.88581779282,
    57.583333333334));
#2520 = CARTESIAN_POINT('',(13.191959524511,-8.758761508739,
    57.888888888889));
#2521 = CARTESIAN_POINT('',(14.380643656782,-1.734512970189,
    58.194444444445));
#2522 = CARTESIAN_POINT('',(10.348808712915,10.134772096628,
    58.805555555555));
#2523 = CARTESIAN_POINT('',(5.127652307048,14.98168485455,
    59.111111111112));
#2524 = CARTESIAN_POINT('',(-2.620704356705,16.756488963917,
    59.416666666665));
#2525 = CARTESIAN_POINT('',(-10.82600557776,13.995516289111,
    59.722222222224));
#2526 = CARTESIAN_POINT('',(-16.32325298979,6.827884855633,
    60.027777777776));
#2527 = CARTESIAN_POINT('',(-16.86317970979,-1.812451257764,
    60.333333333334));
#2528 = CARTESIAN_POINT('',(-13.14035487391,-8.835961964099,
    60.638888888888));
#2529 = CARTESIAN_POINT('',(-7.105712104293,-12.62221315805,
    60.944444444445));
#2530 = CARTESIAN_POINT('',(5.402987865654,-13.43946173178,
    61.555555555555));
#2531 = CARTESIAN_POINT('',(11.878972950602,-10.47058506876,
    61.861111111112));
#2532 = CARTESIAN_POINT('',(16.484003525783,-3.991169909779,
    62.166666666664));
#2533 = CARTESIAN_POINT('',(17.072890396591,4.645967420842,
    62.472222222226));
#2534 = CARTESIAN_POINT('',(12.554979533596,12.46793334445,
    62.777777777774));
#2535 = CARTESIAN_POINT('',(4.778670244067,16.273055165513,
    63.083333333336));
#2536 = CARTESIAN_POINT('',(-3.134744379286,15.521503694561,
    63.388888888888));
#2537 = CARTESIAN_POINT('',(-8.942164764265,11.395136530812,
    63.694444444445));
#2538 = CARTESIAN_POINT('',(-14.48407889341,0.151346742792,
    64.305555555555));
#2539 = CARTESIAN_POINT('',(-14.21944867212,-6.967853236343,
    64.611111111112));
#2540 = CARTESIAN_POINT('',(-9.995509153179,-13.70174479742,
    64.916666666664));
#2541 = CARTESIAN_POINT('',(-2.241182516999,-17.55146643139,
    65.222222222225));
#2542 = CARTESIAN_POINT('',(6.714239197501,-16.37032656271,
    65.527777777775));
#2543 = CARTESIAN_POINT('',(13.20566530011,-10.64247215021,
    65.833333333335));
#2544 = CARTESIAN_POINT('',(15.539602661663,-3.043665415426,
    66.138888888888));
#2545 = CARTESIAN_POINT('',(13.949749731747,3.900755303537,
    66.444444444445));
#2546 = CARTESIAN_POINT('',(5.682645167569,13.323623884513,
    67.055555555555));
#2547 = CARTESIAN_POINT('',(-0.995880621788,15.803524032024,
    67.361111111113));
#2548 = CARTESIAN_POINT('',(-8.833767366099,14.47813398224,
    67.666666666664));
#2549 = CARTESIAN_POINT('',(-15.35755164235,8.78716150547,
    67.972222222226));
#2550 = CARTESIAN_POINT('',(-17.6938713811,6.155095057697E-02,
    68.277777777775));
#2551 = CARTESIAN_POINT('',(-14.88581779277,-8.127757523481,
    68.583333333335));
#2552 = CARTESIAN_POINT('',(-8.758761508791,-13.19195952453,
    68.888888888888));
#2553 = CARTESIAN_POINT('',(-1.734512970168,-14.38064365677,
    69.194444444445));
#2554 = CARTESIAN_POINT('',(10.134772096611,-10.34880871292,
    69.805555555555));
#2555 = CARTESIAN_POINT('',(14.981684854594,-5.127652307044,
    70.111111111112));
#2556 = CARTESIAN_POINT('',(16.756488963848,2.620704356715,
    70.416666666664));
#2557 = CARTESIAN_POINT('',(13.995516289184,10.826005577742,
    70.722222222225));
#2558 = CARTESIAN_POINT('',(6.827884855583,16.323252989821,
    71.027777777775));
#2559 = CARTESIAN_POINT('',(-1.812451257746,16.863179709779,
    71.333333333335));
#2560 = CARTESIAN_POINT('',(-8.835961964102,13.14035487392,
    71.638888888888));
#2561 = CARTESIAN_POINT('',(-12.62221315805,7.105712104293,
    71.944444444445));
#2562 = CARTESIAN_POINT('',(-13.43946173178,-5.402987865653,
    72.555555555555));
#2563 = CARTESIAN_POINT('',(-10.47058506878,-11.8789729506,
    72.861111111113));
#2564 = CARTESIAN_POINT('',(-3.991169909706,-16.48400352578,
    73.166666666664));
#2565 = CARTESIAN_POINT('',(4.645967420672,-17.07289039657,
    73.472222222226));
#2566 = CARTESIAN_POINT('',(12.467933344691,-12.55497953363,
    73.777777777774));
#2567 = CARTESIAN_POINT('',(16.273055165291,-4.778670244012,
    74.083333333336));
#2568 = CARTESIAN_POINT('',(15.521503694694,3.13474437924,
    74.388888888888));
#2569 = CARTESIAN_POINT('',(11.395136530765,8.942164764285,
    74.694444444445));
#2570 = CARTESIAN_POINT('',(5.773241636808,11.713121828835,75.));
#2571 = CARTESIAN_POINT('',(-3.817229128504,-12.59311187288,53.));
#2572 = CARTESIAN_POINT('',(2.227030665993,-14.42525032926,
    53.305555555556));
#2573 = CARTESIAN_POINT('',(9.261666519477,-12.99356086984,
    53.611111111111));
#2574 = CARTESIAN_POINT('',(15.263315155644,-7.688681044102,
    53.916666666667));
#2575 = CARTESIAN_POINT('',(17.817956315523,0.652766727934,
    54.222222222222));
#2576 = CARTESIAN_POINT('',(15.173643305955,9.362575483743,
    54.527777777778));
#2577 = CARTESIAN_POINT('',(8.413336117882,14.876297772341,
    54.833333333333));
#2578 = CARTESIAN_POINT('',(0.475319713505,15.949438995686,
    55.138888888889));
#2579 = CARTESIAN_POINT('',(-6.168016582781,13.228871674908,
    55.444444444444));
#2580 = CARTESIAN_POINT('',(-14.17943934714,3.462798601899,
    56.055555555556));
#2581 = CARTESIAN_POINT('',(-15.54876056374,-3.584212331694,
    56.361111111111));
#2582 = CARTESIAN_POINT('',(-12.94446953277,-11.15926380002,
    56.666666666666));
#2583 = CARTESIAN_POINT('',(-6.215519757461,-16.71121135672,
    56.972222222223));
#2584 = CARTESIAN_POINT('',(2.843182212453,-17.60176089409,
    57.277777777777));
#2585 = CARTESIAN_POINT('',(10.524252082553,-13.46568690552,
    57.583333333334));
#2586 = CARTESIAN_POINT('',(14.55346767075,-6.542757030077,
    57.888888888889));
#2587 = CARTESIAN_POINT('',(14.582282965018,0.63603158495,
    58.194444444445));
#2588 = CARTESIAN_POINT('',(8.62544384231,11.774940813951,
    58.805555555555));
#2589 = CARTESIAN_POINT('',(2.638847801799,15.73682220389,
    59.111111111112));
#2590 = CARTESIAN_POINT('',(-5.356075145258,16.229512154522,
    59.416666666666));
#2591 = CARTESIAN_POINT('',(-13.06077351746,12.137621957832,
    59.722222222224));
#2592 = CARTESIAN_POINT('',(-17.34972669086,4.109045462951,
    60.027777777776));
#2593 = CARTESIAN_POINT('',(-16.46825805513,-4.570004012384,
    60.333333333334));
#2594 = CARTESIAN_POINT('',(-11.61405826262,-10.94185467732,
    60.638888888888));
#2595 = CARTESIAN_POINT('',(-4.992778516618,-13.71567122092,
    60.944444444445));
#2596 = CARTESIAN_POINT('',(7.577809342502,-12.47494608907,
    61.555555555555));
#2597 = CARTESIAN_POINT('',(13.529054878622,-8.460213188719,
    61.861111111112));
#2598 = CARTESIAN_POINT('',(17.043913291543,-1.262331079425,
    62.166666666664));
#2599 = CARTESIAN_POINT('',(16.211647041259,7.421574703053,
    62.472222222226));
#2600 = CARTESIAN_POINT('',(10.435891066487,14.456757911649,
    62.777777777774));
#2601 = CARTESIAN_POINT('',(2.079908509728,16.963448538692,
    63.083333333336));
#2602 = CARTESIAN_POINT('',(-5.664427816136,14.917283543405,
    63.388888888888));
#2603 = CARTESIAN_POINT('',(-10.76097341651,9.861488922976,
    63.694444444445));
#2604 = CARTESIAN_POINT('',(-14.42525032925,-2.227030665981,
    64.305555555555));
#2605 = CARTESIAN_POINT('',(-12.99356086986,-9.261666519496,
    64.611111111112));
#2606 = CARTESIAN_POINT('',(-7.688681044076,-15.26331515562,
    64.916666666664));
#2607 = CARTESIAN_POINT('',(0.652766727905,-17.81795631554,
    65.222222222226));
#2608 = CARTESIAN_POINT('',(9.362575483765,-15.17364330593,
    65.527777777775));
#2609 = CARTESIAN_POINT('',(14.876297772329,-8.413336117889,
    65.833333333335));
#2610 = CARTESIAN_POINT('',(15.94943899569,-0.475319713504,
    66.138888888888));
#2611 = CARTESIAN_POINT('',(13.228871674907,6.168016582781,
    66.444444444445));
#2612 = CARTESIAN_POINT('',(3.462798601899,14.179439347143,
    67.055555555555));
#2613 = CARTESIAN_POINT('',(-3.584212331695,15.548760563749,
    67.361111111113));
#2614 = CARTESIAN_POINT('',(-11.15926380002,12.944469532755,
    67.666666666663));
#2615 = CARTESIAN_POINT('',(-16.71121135671,6.215519757498,
    67.972222222227));
#2616 = CARTESIAN_POINT('',(-17.60176089412,-2.843182212507,
    68.277777777774));
#2617 = CARTESIAN_POINT('',(-13.46568690547,-10.52425208249,
    68.583333333336));
#2618 = CARTESIAN_POINT('',(-6.542757030124,-14.55346767078,
    68.888888888888));
#2619 = CARTESIAN_POINT('',(0.636031584969,-14.582282965,69.194444444445
    ));
#2620 = CARTESIAN_POINT('',(11.774940813936,-8.625443842317,
    69.805555555555));
#2621 = CARTESIAN_POINT('',(15.736822203932,-2.638847801787,
    70.111111111112));
#2622 = CARTESIAN_POINT('',(16.229512154453,5.356075145256,
    70.416666666664));
#2623 = CARTESIAN_POINT('',(12.137621957908,13.060773517445,
    70.722222222225));
#2624 = CARTESIAN_POINT('',(4.109045462898,17.349726690886,
    71.027777777775));
#2625 = CARTESIAN_POINT('',(-4.570004012364,16.468258055117,
    71.333333333335));
#2626 = CARTESIAN_POINT('',(-10.94185467733,11.614058262625,
    71.638888888888));
#2627 = CARTESIAN_POINT('',(-13.71567122092,4.992778516618,
    71.944444444445));
#2628 = CARTESIAN_POINT('',(-12.47494608907,-7.577809342502,
    72.555555555555));
#2629 = CARTESIAN_POINT('',(-8.460213188735,-13.52905487862,
    72.861111111112));
#2630 = CARTESIAN_POINT('',(-1.26233107935,-17.04391329153,
    73.166666666665));
#2631 = CARTESIAN_POINT('',(7.421574702878,-16.21164704127,
    73.472222222224));
#2632 = CARTESIAN_POINT('',(14.456757911899,-10.43589106648,
    73.777777777776));
#2633 = CARTESIAN_POINT('',(16.96344853846,-2.079908509711,
    74.083333333334));
#2634 = CARTESIAN_POINT('',(14.917283543546,5.664427816112,
    74.388888888889));
#2635 = CARTESIAN_POINT('',(9.861488922926,10.760973416527,
    74.694444444445));
#2636 = CARTESIAN_POINT('',(3.817229128504,12.593111872884,75.));
#2637 = CARTESIAN_POINT('',(-1.728004961183,-13.14633569189,53.));
#2638 = CARTESIAN_POINT('',(4.581783204726,-13.97571853364,
    53.305555555556));
#2639 = CARTESIAN_POINT('',(11.340465330222,-11.39772008555,
    53.611111111111));
#2640 = CARTESIAN_POINT('',(16.436440460633,-5.138635128845,
    53.916666666667));
#2641 = CARTESIAN_POINT('',(17.60706518557,3.573554826688,
    54.222222222222));
#2642 = CARTESIAN_POINT('',(13.54854573776,11.798619298943,
    54.527777777778));
#2643 = CARTESIAN_POINT('',(5.922594723032,16.170619380232,
    54.833333333333));
#2644 = CARTESIAN_POINT('',(-2.145343699456,15.934588517673,
    55.138888888889));
#2645 = CARTESIAN_POINT('',(-8.303451905411,12.139443703965,
    55.444444444444));
#2646 = CARTESIAN_POINT('',(-14.66525130174,1.115262858662,
    56.055555555556));
#2647 = CARTESIAN_POINT('',(-14.86992299492,-6.115472258271,
    56.361111111111));
#2648 = CARTESIAN_POINT('',(-11.03744834193,-13.21895583971,
    56.666666666666));
#2649 = CARTESIAN_POINT('',(-3.436397969164,-17.63410553349,
    56.972222222223));
#2650 = CARTESIAN_POINT('',(5.715730568619,-17.03259999583,
    57.277777777777));
#2651 = CARTESIAN_POINT('',(12.673192722428,-11.65985987136,
    57.583333333334));
#2652 = CARTESIAN_POINT('',(15.542637448709,-4.115895794906,
    57.888888888889));
#2653 = CARTESIAN_POINT('',(14.392978909824,3.025822857974,
    58.194444444445));
#2654 = CARTESIAN_POINT('',(6.642515373117,13.122135321066,
    58.805555555555));
#2655 = CARTESIAN_POINT('',(4.048522572618E-02,16.078325099424,
    59.111111111112));
#2656 = CARTESIAN_POINT('',(-7.988754762597,15.255882253851,
    59.416666666665));
#2657 = CARTESIAN_POINT('',(-14.97696004043,9.923190338709,
    59.722222222224));
#2658 = CARTESIAN_POINT('',(-17.92315228128,1.237384851397,
    60.027777777776));
#2659 = CARTESIAN_POINT('',(-15.62226151063,-7.246447728842,
    60.333333333334));
#2660 = CARTESIAN_POINT('',(-9.750468518401,-12.78444267413,
    60.638888888888));
#2661 = CARTESIAN_POINT('',(-2.712455813333,-14.45531011247,
    60.944444444445));
#2662 = CARTESIAN_POINT('',(9.581288713102,-11.15850857343,
    61.555555555555));
#2663 = CARTESIAN_POINT('',(14.83891528941,-6.190331481451,
    61.861111111112));
#2664 = CARTESIAN_POINT('',(17.151867884056,1.542558744905,
    62.166666666664));
#2665 = CARTESIAN_POINT('',(14.899095909727,10.039295296008,
    62.472222222226));
#2666 = CARTESIAN_POINT('',(8.00223511381,16.085498802845,
    62.777777777774));
#2667 = CARTESIAN_POINT('',(-0.716534530596,17.206066496005,
    63.083333333336));
#2668 = CARTESIAN_POINT('',(-8.079926510266,13.900682164759,
    63.388888888888));
#2669 = CARTESIAN_POINT('',(-12.31695285015,8.037793127066,
    63.694444444445));
#2670 = CARTESIAN_POINT('',(-13.97571853363,-4.581783204713,
    64.305555555555));
#2671 = CARTESIAN_POINT('',(-11.39772008557,-11.34046533024,
    64.611111111112));
#2672 = CARTESIAN_POINT('',(-5.138635128824,-16.4364404606,
    64.916666666664));
#2673 = CARTESIAN_POINT('',(3.573554826665,-17.6070651856,
    65.222222222226));
#2674 = CARTESIAN_POINT('',(11.798619298962,-13.54854573773,
    65.527777777774));
#2675 = CARTESIAN_POINT('',(16.170619380223,-5.922594723042,
    65.833333333335));
#2676 = CARTESIAN_POINT('',(15.934588517676,2.145343699459,
    66.138888888888));
#2677 = CARTESIAN_POINT('',(12.139443703964,8.303451905411,
    66.444444444445));
#2678 = CARTESIAN_POINT('',(1.115262858663,14.665251301743,
    67.055555555555));
#2679 = CARTESIAN_POINT('',(-6.115472258272,14.869922994924,
    67.361111111112));
#2680 = CARTESIAN_POINT('',(-13.21895583971,11.037448341919,
    67.666666666664));
#2681 = CARTESIAN_POINT('',(-17.63410553348,3.436397969203,
    67.972222222226));
#2682 = CARTESIAN_POINT('',(-17.03259999586,-5.715730568677,
    68.277777777775));
#2683 = CARTESIAN_POINT('',(-11.65985987132,-12.67319272236,
    68.583333333335));
#2684 = CARTESIAN_POINT('',(-4.115895794948,-15.54263744875,
    68.888888888888));
#2685 = CARTESIAN_POINT('',(3.025822857992,-14.39297890981,
    69.194444444445));
#2686 = CARTESIAN_POINT('',(13.122135321052,-6.642515373127,
    69.805555555555));
#2687 = CARTESIAN_POINT('',(16.078325099464,-4.048522570724E-02,
    70.111111111112));
#2688 = CARTESIAN_POINT('',(15.255882253782,7.988754762583,
    70.416666666664));
#2689 = CARTESIAN_POINT('',(9.923190338787,14.976960040432,
    70.722222222226));
#2690 = CARTESIAN_POINT('',(1.237384851341,17.9231522813,71.027777777775
    ));
#2691 = CARTESIAN_POINT('',(-7.24644772882,15.622261510624,
    71.333333333335));
#2692 = CARTESIAN_POINT('',(-12.78444267413,9.750468518403,
    71.638888888888));
#2693 = CARTESIAN_POINT('',(-14.45531011247,2.712455813333,
    71.944444444445));
#2694 = CARTESIAN_POINT('',(-11.15850857343,-9.581288713102,
    72.555555555555));
#2695 = CARTESIAN_POINT('',(-6.190331481466,-14.83891528941,
    72.861111111113));
#2696 = CARTESIAN_POINT('',(1.542558744976,-17.15186788403,
    73.166666666664));
#2697 = CARTESIAN_POINT('',(10.03929529584,-14.89909590976,
    73.472222222226));
#2698 = CARTESIAN_POINT('',(16.08549880309,-8.002235113766,
    73.777777777774));
#2699 = CARTESIAN_POINT('',(17.206066495773,0.716534530575,
    74.083333333336));
#2700 = CARTESIAN_POINT('',(13.900682164903,8.079926510266,
    74.388888888888));
#2701 = CARTESIAN_POINT('',(8.037793127014,12.31695285016,
    74.694444444445));
#2702 = CARTESIAN_POINT('',(1.728004961183,13.146335691897,75.));
#2703 = CARTESIAN_POINT('',(0.439843782565,-13.35261064531,53.));
#2704 = CARTESIAN_POINT('',(6.848636818765,-13.1415007848,
    53.305555555556));
#2705 = CARTESIAN_POINT('',(13.14443600841,-9.469378970908,
    53.611111111111));
#2706 = CARTESIAN_POINT('',(17.183140119232,-2.410723211983,
    53.916666666667));
#2707 = CARTESIAN_POINT('',(16.916963014192,6.442345789209,
    54.222222222222));
#2708 = CARTESIAN_POINT('',(11.532355492509,13.952905589868,
    54.527777777778));
#2709 = CARTESIAN_POINT('',(3.23369951955,17.047552641933,
    54.833333333333));
#2710 = CARTESIAN_POINT('',(-4.748036350181,15.488735004583,
    55.138888888889));
#2711 = CARTESIAN_POINT('',(-10.24702685558,10.705198284129,
    55.444444444444));
#2712 = CARTESIAN_POINT('',(-14.76202236283,-1.298277874992,
    56.055555555556));
#2713 = CARTESIAN_POINT('',(-13.7787232316,-8.520067331419,
    56.361111111111));
#2714 = CARTESIAN_POINT('',(-8.802913625655,-14.95274474339,
    56.666666666666));
#2715 = CARTESIAN_POINT('',(-0.521929741956,-18.09437445587,
    56.972222222223));
#2716 = CARTESIAN_POINT('',(8.477633348833,-15.99428615778,
    57.277777777777));
#2717 = CARTESIAN_POINT('',(14.512347538019,-9.511238599362,
    57.583333333334));
#2718 = CARTESIAN_POINT('',(16.126735048951,-1.540698781929,
    57.888888888889));
#2719 = CARTESIAN_POINT('',(13.811683241571,5.370314253996,
    58.194444444445));
#2720 = CARTESIAN_POINT('',(4.449726783487,14.135161856324,
    58.805555555555));
#2721 = CARTESIAN_POINT('',(-2.5986577525,15.990381920417,
    59.111111111112));
#2722 = CARTESIAN_POINT('',(-10.44567616958,13.854953631068,
    59.416666666665));
#2723 = CARTESIAN_POINT('',(-16.51752565875,7.406672870206,
    59.722222222224));
#2724 = CARTESIAN_POINT('',(-18.02080093163,-1.71158738811,
    60.027777777776));
#2725 = CARTESIAN_POINT('',(-14.34101093435,-9.767869217121,
    60.333333333334));
#2726 = CARTESIAN_POINT('',(-7.594820853207,-14.30955825428,
    60.638888888888));
#2727 = CARTESIAN_POINT('',(-0.323976124068,-14.81546047724,
    60.944444444445));
#2728 = CARTESIAN_POINT('',(11.356347206062,-9.52030502752,
    61.555555555555));
#2729 = CARTESIAN_POINT('',(15.767626019371,-3.71843124695,
    61.861111111112));
#2730 = CARTESIAN_POINT('',(16.79778712431,4.348587286521,
    62.166666666664));
#2731 = CARTESIAN_POINT('',(13.163714938902,12.425594819197,
    62.472222222226));
#2732 = CARTESIAN_POINT('',(5.315076173047,17.304260231828,
    62.777777777775));
#2733 = CARTESIAN_POINT('',(-3.536318043982,16.987240666124,
    63.083333333335));
#2734 = CARTESIAN_POINT('',(-10.31388515504,12.492762267998,
    63.388888888888));
#2735 = CARTESIAN_POINT('',(-13.56372050582,5.968949253608,
    63.694444444445));
#2736 = CARTESIAN_POINT('',(-13.1415007848,-6.848636818752,
    64.305555555555));
#2737 = CARTESIAN_POINT('',(-9.469378970918,-13.14443600843,
    64.611111111112));
#2738 = CARTESIAN_POINT('',(-2.410723211966,-17.18314011919,
    64.916666666664));
#2739 = CARTESIAN_POINT('',(6.442345789189,-16.91696301422,
    65.222222222226));
#2740 = CARTESIAN_POINT('',(13.952905589885,-11.53235549248,
    65.527777777775));
#2741 = CARTESIAN_POINT('',(17.047552641924,-3.233699519561,
    65.833333333335));
#2742 = CARTESIAN_POINT('',(15.488735004586,4.748036350183,
    66.138888888888));
#2743 = CARTESIAN_POINT('',(10.705198284129,10.247026855587,
    66.444444444445));
#2744 = CARTESIAN_POINT('',(-1.298277874991,14.762022362839,
    67.055555555555));
#2745 = CARTESIAN_POINT('',(-8.520067331421,13.778723231607,
    67.361111111113));
#2746 = CARTESIAN_POINT('',(-14.95274474338,8.802913625638,
    67.666666666664));
#2747 = CARTESIAN_POINT('',(-18.09437445586,0.521929741997,
    67.972222222226));
#2748 = CARTESIAN_POINT('',(-15.99428615779,-8.477633348896,
    68.277777777774));
#2749 = CARTESIAN_POINT('',(-9.511238599334,-14.51234753794,
    68.583333333336));
#2750 = CARTESIAN_POINT('',(-1.540698781963,-16.12673504899,
    68.888888888888));
#2751 = CARTESIAN_POINT('',(5.370314254011,-13.81168324155,
    69.194444444445));
#2752 = CARTESIAN_POINT('',(14.135161856311,-4.449726783499,
    69.805555555555));
#2753 = CARTESIAN_POINT('',(15.990381920454,2.598657752525,
    70.111111111112));
#2754 = CARTESIAN_POINT('',(13.854953631002,10.445676169558,
    70.416666666664));
#2755 = CARTESIAN_POINT('',(7.406672870284,16.517525658771,
    70.722222222225));
#2756 = CARTESIAN_POINT('',(-1.711587388168,18.020800931632,
    71.027777777775));
#2757 = CARTESIAN_POINT('',(-9.767869217098,14.341010934346,
    71.333333333335));
#2758 = CARTESIAN_POINT('',(-14.30955825428,7.594820853209,
    71.638888888888));
#2759 = CARTESIAN_POINT('',(-14.81546047724,0.323976124068,
    71.944444444445));
#2760 = CARTESIAN_POINT('',(-9.52030502752,-11.35634720606,
    72.555555555555));
#2761 = CARTESIAN_POINT('',(-3.718431246964,-15.76762601937,
    72.861111111112));
#2762 = CARTESIAN_POINT('',(4.348587286588,-16.79778712427,
    73.166666666664));
#2763 = CARTESIAN_POINT('',(12.425594819036,-13.16371493897,
    73.472222222225));
#2764 = CARTESIAN_POINT('',(17.304260232065,-5.315076172963,
    73.777777777775));
#2765 = CARTESIAN_POINT('',(16.987240665896,3.536318043924,
    74.083333333335));
#2766 = CARTESIAN_POINT('',(12.492762268141,10.313885155067,
    74.388888888888));
#2767 = CARTESIAN_POINT('',(5.968949253556,13.563720505815,
    74.694444444445));
#2768 = CARTESIAN_POINT('',(-0.439843782565,13.352610645313,75.));
#2769 = CARTESIAN_POINT('',(2.628644447729,-13.20113265946,53.));
#2770 = CARTESIAN_POINT('',(8.964733270004,-11.93947389634,
    53.305555555556));
#2771 = CARTESIAN_POINT('',(14.620482587145,-7.255900003627,
    53.611111111111));
#2772 = CARTESIAN_POINT('',(17.476746650876,0.423666258139,
    53.916666666667));
#2773 = CARTESIAN_POINT('',(15.759196349553,9.180478711228,
    54.222222222222));
#2774 = CARTESIAN_POINT('',(9.173941067737,15.762724201439,
    54.527777777778));
#2775 = CARTESIAN_POINT('',(0.416675428724,17.477030098106,
    54.833333333333));
#2776 = CARTESIAN_POINT('',(-7.261831671719,14.617517340154,
    55.138888888889));
#2777 = CARTESIAN_POINT('',(-11.94310004409,8.95989959731,
    55.444444444444));
#2778 = CARTESIAN_POINT('',(-14.46128985544,-3.713291689858,
    56.055555555556));
#2779 = CARTESIAN_POINT('',(-12.29859940665,-10.73081847078,
    56.361111111111));
#2780 = CARTESIAN_POINT('',(-6.296615102053,-16.30867369589,
    56.666666666666));
#2781 = CARTESIAN_POINT('',(2.450794120653,-18.07258357685,
    56.972222222222));
#2782 = CARTESIAN_POINT('',(11.052251692897,-14.50796992935,
    57.277777777778));
#2783 = CARTESIAN_POINT('',(15.987141034291,-7.073011250035,
    57.583333333334));
#2784 = CARTESIAN_POINT('',(16.283827555342,1.115148462489,
    57.888888888889));
#2785 = CARTESIAN_POINT('',(12.848296947896,7.605178831702,
    58.194444444445));
#2786 = CARTESIAN_POINT('',(2.103459269172,14.78150664264,
    58.805555555555));
#2787 = CARTESIAN_POINT('',(-5.207546285455,15.468938477803,
    59.111111111112));
#2788 = CARTESIAN_POINT('',(-12.65750335394,12.058348785756,
    59.416666666665));
#2789 = CARTESIAN_POINT('',(-17.63501335612,4.651855853649,
    59.722222222224));
#2790 = CARTESIAN_POINT('',(-17.63288511197,-4.658973233668,
    60.027777777776));
#2791 = CARTESIAN_POINT('',(-12.65276051859,-12.06349247614,
    60.333333333334));
#2792 = CARTESIAN_POINT('',(-5.201255216424,-15.47103605424,
    60.638888888888));
#2793 = CARTESIAN_POINT('',(2.109441265563,-14.78065279358,
    60.944444444445));
#2794 = CARTESIAN_POINT('',(12.851369855913,-7.599982387068,
    61.555555555555));
#2795 = CARTESIAN_POINT('',(16.284257547914,-1.108588531168,
    61.861111111112));
#2796 = CARTESIAN_POINT('',(15.984352999712,7.079594525361,
    62.166666666664));
#2797 = CARTESIAN_POINT('',(11.046273258744,14.512219542723,
    62.472222222226));
#2798 = CARTESIAN_POINT('',(2.443561798873,18.073806037774,
    62.777777777774));
#2799 = CARTESIAN_POINT('',(-6.303241618824,16.305990055403,
    63.083333333336));
#2800 = CARTESIAN_POINT('',(-12.30293392791,10.725875848218,
    63.388888888888));
#2801 = CARTESIAN_POINT('',(-14.46279142259,3.707444374519,
    63.694444444445));
#2802 = CARTESIAN_POINT('',(-11.93947389634,-8.96473326999,
    64.305555555555));
#2803 = CARTESIAN_POINT('',(-7.255900003632,-14.62048258717,
    64.611111111112));
#2804 = CARTESIAN_POINT('',(0.42366625815,-17.47674665084,
    64.916666666664));
#2805 = CARTESIAN_POINT('',(9.180478711216,-15.75919634958,
    65.222222222226));
#2806 = CARTESIAN_POINT('',(15.76272420145,-9.173941067711,
    65.527777777774));
#2807 = CARTESIAN_POINT('',(17.4770300981,-0.416675428736,
    65.833333333335));
#2808 = CARTESIAN_POINT('',(14.617517340155,7.261831671721,
    66.138888888888));
#2809 = CARTESIAN_POINT('',(8.95989959731,11.943100044098,
    66.444444444445));
#2810 = CARTESIAN_POINT('',(-3.713291689858,14.461289855447,
    67.055555555555));
#2811 = CARTESIAN_POINT('',(-10.73081847078,12.298599406654,
    67.361111111112));
#2812 = CARTESIAN_POINT('',(-16.30867369589,6.296615102036,
    67.666666666664));
#2813 = CARTESIAN_POINT('',(-18.07258357686,-2.450794120612,
    67.972222222225));
#2814 = CARTESIAN_POINT('',(-14.50796992936,-11.05225169296,
    68.277777777775));
#2815 = CARTESIAN_POINT('',(-7.073011250017,-15.98714103421,
    68.583333333335));
#2816 = CARTESIAN_POINT('',(1.115148462461,-16.28382755539,
    68.888888888888));
#2817 = CARTESIAN_POINT('',(7.605178831715,-12.84829694787,
    69.194444444445));
#2818 = CARTESIAN_POINT('',(14.78150664263,-2.103459269186,
    69.805555555555));
#2819 = CARTESIAN_POINT('',(15.468938477835,5.207546285487,
    70.111111111112));
#2820 = CARTESIAN_POINT('',(12.058348785695,12.657503353907,
    70.416666666665));
#2821 = CARTESIAN_POINT('',(4.651855853725,17.635013356151,
    70.722222222225));
#2822 = CARTESIAN_POINT('',(-4.658973233725,17.632885111966,
    71.027777777776));
#2823 = CARTESIAN_POINT('',(-12.06349247611,12.652760518593,
    71.333333333334));
#2824 = CARTESIAN_POINT('',(-15.47103605425,5.201255216424,
    71.638888888888));
#2825 = CARTESIAN_POINT('',(-14.78065279358,-2.109441265563,
    71.944444444445));
#2826 = CARTESIAN_POINT('',(-7.599982387068,-12.85136985591,
    72.555555555555));
#2827 = CARTESIAN_POINT('',(-1.108588531181,-16.28425754792,
    72.861111111112));
#2828 = CARTESIAN_POINT('',(7.079594525423,-15.98435299966,
    73.166666666664));
#2829 = CARTESIAN_POINT('',(14.512219542574,-11.04627325884,
    73.472222222225));
#2830 = CARTESIAN_POINT('',(18.073806037996,-2.443561798751,
    73.777777777775));
#2831 = CARTESIAN_POINT('',(16.305990055186,6.303241618728,
    74.083333333335));
#2832 = CARTESIAN_POINT('',(10.725875848356,12.302933927958,
    74.388888888888));
#2833 = CARTESIAN_POINT('',(3.707444374468,14.462791422577,
    74.694444444445));
#2834 = CARTESIAN_POINT('',(-2.628644447729,13.201132659468,75.));
#2835 = CARTESIAN_POINT('',(4.77931915,-12.69061999563,53.));
#2836 = CARTESIAN_POINT('',(10.870379483706,-10.39671147842,
    53.305555555556));
#2837 = CARTESIAN_POINT('',(15.723609611563,-4.813048849979,
    53.611111111111));
#2838 = CARTESIAN_POINT('',(17.302463843566,3.289226238454,
    53.916666666667));
#2839 = CARTESIAN_POINT('',(14.158132746605,11.711684334811,
    54.222222222222));
#2840 = CARTESIAN_POINT('',(6.532140573065,17.173773339116,
    54.527777777778));
#2841 = CARTESIAN_POINT('',(-2.453968054289,17.440653610798,
    54.833333333333));
#2842 = CARTESIAN_POINT('',(-9.61717729228,13.33816505788,
    55.138888888889));
#2843 = CARTESIAN_POINT('',(-13.34191768038,6.946218512865,
    55.444444444444));
#2844 = CARTESIAN_POINT('',(-13.76522297068,-6.064268759371,
    56.055555555556));
#2845 = CARTESIAN_POINT('',(-10.46385311418,-12.68481470843,
    56.361111111111));
#2846 = CARTESIAN_POINT('',(-3.582465748998,-17.24425402098,
    56.666666666666));
#2847 = CARTESIAN_POINT('',(5.401986024142,-17.5620584831,
    56.972222222222));
#2848 = CARTESIAN_POINT('',(13.36689986769,-12.60723049519,
    57.277777777778));
#2849 = CARTESIAN_POINT('',(17.052062569068,-4.406974749465,
    57.583333333334));
#2850 = CARTESIAN_POINT('',(16.003216304275,3.780794409854,
    57.888888888889));
#2851 = CARTESIAN_POINT('',(11.523202810457,9.668120638167,
    58.194444444445));
#2852 = CARTESIAN_POINT('',(-0.334933858548,15.038104235423,
    58.805555555555));
#2853 = CARTESIAN_POINT('',(-7.714931501112,14.521610461098,
    59.111111111112));
#2854 = CARTESIAN_POINT('',(-14.56052369301,9.908855336897,
    59.416666666665));
#2855 = CARTESIAN_POINT('',(-18.29272308639,1.729900261869,
    59.722222222224));
#2856 = CARTESIAN_POINT('',(-16.76261248147,-7.524770691823,
    60.027777777776));
#2857 = CARTESIAN_POINT('',(-10.59718698454,-14.0676218885,
    60.333333333334));
#2858 = CARTESIAN_POINT('',(-2.631135681763,-16.23187824026,
    60.638888888888));
#2859 = CARTESIAN_POINT('',(4.522442251782,-14.34587867988,
    60.944444444445));
#2860 = CARTESIAN_POINT('',(14.021568069807,-5.445396944428,
    61.555555555555));
#2861 = CARTESIAN_POINT('',(16.368579992809,1.570457004046,
    61.861111111112));
#2862 = CARTESIAN_POINT('',(14.726714779226,9.660343130273,
    62.166666666664));
#2863 = CARTESIAN_POINT('',(8.598469695451,16.238031594503,
    62.472222222226));
#2864 = CARTESIAN_POINT('',(-0.537167364752,18.366483715071,
    62.777777777774));
#2865 = CARTESIAN_POINT('',(-8.941427345933,15.173830805632,
    63.083333333336));
#2866 = CARTESIAN_POINT('',(-13.98940813503,8.642557404086,
    63.388888888888));
#2867 = CARTESIAN_POINT('',(-14.98452851284,1.31174118368,
    63.694444444445));
#2868 = CARTESIAN_POINT('',(-10.39671147842,-10.87037948369,
    64.305555555555));
#2869 = CARTESIAN_POINT('',(-4.81304884998,-15.72360961158,
    64.611111111112));
#2870 = CARTESIAN_POINT('',(3.289226238458,-17.30246384352,
    64.916666666664));
#2871 = CARTESIAN_POINT('',(11.711684334805,-14.15813274664,
    65.222222222225));
#2872 = CARTESIAN_POINT('',(17.173773339122,-6.532140573036,
    65.527777777775));
#2873 = CARTESIAN_POINT('',(17.440653610795,2.453968054275,
    65.833333333335));
#2874 = CARTESIAN_POINT('',(13.338165057881,9.617177292283,
    66.138888888888));
#2875 = CARTESIAN_POINT('',(6.946218512865,13.341917680384,
    66.444444444445));
#2876 = CARTESIAN_POINT('',(-6.064268759371,13.765222970687,
    67.055555555555));
#2877 = CARTESIAN_POINT('',(-12.68481470843,10.463853114188,
    67.361111111113));
#2878 = CARTESIAN_POINT('',(-17.24425402097,3.582465748983,
    67.666666666664));
#2879 = CARTESIAN_POINT('',(-17.56205848311,-5.401986024102,
    67.972222222226));
#2880 = CARTESIAN_POINT('',(-12.60723049519,-13.36689986775,
    68.277777777774));
#2881 = CARTESIAN_POINT('',(-4.40697474946,-17.05206256898,
    68.583333333336));
#2882 = CARTESIAN_POINT('',(3.780794409836,-16.00321630433,
    68.888888888888));
#2883 = CARTESIAN_POINT('',(9.668120638177,-11.52320281043,
    69.194444444445));
#2884 = CARTESIAN_POINT('',(15.038104235415,0.334933858533,
    69.805555555555));
#2885 = CARTESIAN_POINT('',(14.521610461125,7.714931501148,
    70.111111111112));
#2886 = CARTESIAN_POINT('',(9.908855336841,14.56052369297,
    70.416666666664));
#2887 = CARTESIAN_POINT('',(1.729900261941,18.292723086434,
    70.722222222225));
#2888 = CARTESIAN_POINT('',(-7.52477069188,16.762612481461,
    71.027777777775));
#2889 = CARTESIAN_POINT('',(-14.06762188847,10.597186984544,
    71.333333333335));
#2890 = CARTESIAN_POINT('',(-16.23187824026,2.631135681763,
    71.638888888888));
#2891 = CARTESIAN_POINT('',(-14.34587867988,-4.522442251782,
    71.944444444445));
#2892 = CARTESIAN_POINT('',(-5.445396944428,-14.0215680698,
    72.555555555555));
#2893 = CARTESIAN_POINT('',(1.570457004034,-16.36857999282,
    72.861111111113));
#2894 = CARTESIAN_POINT('',(9.660343130327,-14.72671477917,
    73.166666666663));
#2895 = CARTESIAN_POINT('',(16.238031594371,-8.59846969557,
    73.472222222227));
#2896 = CARTESIAN_POINT('',(18.366483715271,0.53716736491,
    73.777777777774));
#2897 = CARTESIAN_POINT('',(15.173830805432,8.941427345803,
    74.083333333336));
#2898 = CARTESIAN_POINT('',(8.642557404215,13.989408135101,
    74.388888888888));
#2899 = CARTESIAN_POINT('',(1.311741183632,14.984528512818,
    74.694444444445));
#2900 = CARTESIAN_POINT('',(-4.77931915,12.690619995635,75.));
#2901 = CARTESIAN_POINT('',(6.832958459213,-11.82957782415,53.));
#2902 = CARTESIAN_POINT('',(12.510748218421,-8.549993198103,
    53.305555555556));
#2903 = CARTESIAN_POINT('',(16.418341918674,-2.203679614579,
    53.611111111111));
#2904 = CARTESIAN_POINT('',(16.658055733717,6.108685762469,
    53.916666666667));
#2905 = CARTESIAN_POINT('',(12.150606963255,13.964218117441,
    54.222222222222));
#2906 = CARTESIAN_POINT('',(3.674401160199,18.14184001132,
    54.527777777778));
#2907 = CARTESIAN_POINT('',(-5.301156177032,16.932476484668,
    54.833333333333));
#2908 = CARTESIAN_POINT('',(-11.74782078697,11.67930909282,
    55.138888888889));
#2909 = CARTESIAN_POINT('',(-14.4011094528,4.714786307906,
    55.444444444444));
#2910 = CARTESIAN_POINT('',(-12.68682019993,-8.286480351483,
    56.055555555556));
#2911 = CARTESIAN_POINT('',(-8.318978068969,-14.32522802668,
    56.361111111111));
#2912 = CARTESIAN_POINT('',(-0.730999568261,-17.72784973841,
    56.666666666667));
#2913 = CARTESIAN_POINT('',(8.251267647632,-16.56937431193,
    56.972222222222));
#2914 = CARTESIAN_POINT('',(15.354918490087,-10.33746174711,
    57.277777777778));
#2915 = CARTESIAN_POINT('',(17.672123413435,-1.582060880196,
    57.583333333333));
#2916 = CARTESIAN_POINT('',(15.285998999296,6.384073135362,
    57.888888888889));
#2917 = CARTESIAN_POINT('',(9.866963605382,11.500618847788,
    58.194444444444));
#2918 = CARTESIAN_POINT('',(-2.800676733466,14.892193072434,
    58.805555555555));
#2919 = CARTESIAN_POINT('',(-10.05128410755,13.167757705587,
    59.111111111112));
#2920 = CARTESIAN_POINT('',(-16.09851729739,7.459531043871,
    59.416666666665));
#2921 = CARTESIAN_POINT('',(-18.46596990414,-1.282416745505,
    59.722222222224));
#2922 = CARTESIAN_POINT('',(-15.42641207232,-10.23002411807,
    60.027777777776));
#2923 = CARTESIAN_POINT('',(-8.224585463707,-15.72155242547,
    60.333333333334));
#2924 = CARTESIAN_POINT('',(4.844508353121E-02,-16.56548240174,
    60.638888888888));
#2925 = CARTESIAN_POINT('',(6.849264780523,-13.51697952085,
    60.944444444445));
#2926 = CARTESIAN_POINT('',(14.830363043768,-3.111510146362,
    61.555555555555));
#2927 = CARTESIAN_POINT('',(16.011871684826,4.247060074602,
    61.861111111112));
#2928 = CARTESIAN_POINT('',(13.052377517651,12.018588014147,
    62.166666666664));
#2929 = CARTESIAN_POINT('',(5.881789628964,17.550844242972,
    62.472222222225));
#2930 = CARTESIAN_POINT('',(-3.547877687279,18.167256290593,
    62.777777777775));
#2931 = CARTESIAN_POINT('',(-11.37739232695,13.614764280207,
    63.083333333335));
#2932 = CARTESIAN_POINT('',(-15.32305495522,6.294612144024,
    63.388888888888));
#2933 = CARTESIAN_POINT('',(-15.1091624502,-1.155168700031,
    63.694444444445));
#2934 = CARTESIAN_POINT('',(-8.549993198107,-12.5107482184,
    64.305555555555));
#2935 = CARTESIAN_POINT('',(-2.203679614577,-16.4183419187,
    64.611111111112));
#2936 = CARTESIAN_POINT('',(6.108685762469,-16.65805573368,
    64.916666666665));
#2937 = CARTESIAN_POINT('',(13.96421811744,-12.15060696329,
    65.222222222225));
#2938 = CARTESIAN_POINT('',(18.141840011323,-3.67440116017,
    65.527777777775));
#2939 = CARTESIAN_POINT('',(16.932476484666,5.301156177019,
    65.833333333335));
#2940 = CARTESIAN_POINT('',(11.679309092821,11.747820786975,
    66.138888888888));
#2941 = CARTESIAN_POINT('',(4.714786307906,14.401109452805,
    66.444444444445));
#2942 = CARTESIAN_POINT('',(-8.286480351483,12.68682019993,
    67.055555555555));
#2943 = CARTESIAN_POINT('',(-14.32522802669,8.318978068972,
    67.361111111112));
#2944 = CARTESIAN_POINT('',(-17.7278497384,0.730999568248,
    67.666666666664));
#2945 = CARTESIAN_POINT('',(-16.56937431194,-8.251267647595,
    67.972222222226));
#2946 = CARTESIAN_POINT('',(-10.33746174709,-15.35491849015,
    68.277777777774));
#2947 = CARTESIAN_POINT('',(-1.582060880204,-17.67212341335,
    68.583333333336));
#2948 = CARTESIAN_POINT('',(6.384073135353,-15.28599899935,
    68.888888888888));
#2949 = CARTESIAN_POINT('',(11.500618847795,-9.86696360536,
    69.194444444445));
#2950 = CARTESIAN_POINT('',(14.892193072429,2.800676733449,
    69.805555555555));
#2951 = CARTESIAN_POINT('',(13.167757705608,10.051284107595,
    70.111111111112));
#2952 = CARTESIAN_POINT('',(7.459531043823,16.09851729734,
    70.416666666664));
#2953 = CARTESIAN_POINT('',(-1.28241674544,18.465969904191,
    70.722222222225));
#2954 = CARTESIAN_POINT('',(-10.23002411812,15.426412072298,
    71.027777777775));
#2955 = CARTESIAN_POINT('',(-15.72155242545,8.224585463715,
    71.333333333335));
#2956 = CARTESIAN_POINT('',(-16.56548240174,-4.844508353227E-02,
    71.638888888888));
#2957 = CARTESIAN_POINT('',(-13.51697952085,-6.849264780522,
    71.944444444445));
#2958 = CARTESIAN_POINT('',(-3.111510146362,-14.83036304376,
    72.555555555555));
#2959 = CARTESIAN_POINT('',(4.247060074592,-16.01187168483,
    72.861111111112));
#2960 = CARTESIAN_POINT('',(12.018588014192,-13.05237751758,
    73.166666666664));
#2961 = CARTESIAN_POINT('',(17.55084424286,-5.881789629105,
    73.472222222226));
#2962 = CARTESIAN_POINT('',(18.167256290766,3.547877687469,
    73.777777777774));
#2963 = CARTESIAN_POINT('',(13.61476428003,11.377392326794,
    74.083333333335));
#2964 = CARTESIAN_POINT('',(6.294612144142,15.323054955315,
    74.388888888888));
#2965 = CARTESIAN_POINT('',(-1.155168700075,15.10916245017,
    74.694444444445));
#2966 = CARTESIAN_POINT('',(-6.832958459213,11.829577824157,75.));
#2967 = CARTESIAN_POINT('',(8.732368419619,-10.6361449528,53.));
#2968 = CARTESIAN_POINT('',(13.837351521143,-6.444908991256,
    53.305555555556));
#2969 = CARTESIAN_POINT('',(16.679723530226,0.503863853667,
    53.611111111111));
#2970 = CARTESIAN_POINT('',(15.55399499823,8.804823545918,
    53.916666666667));
#2971 = CARTESIAN_POINT('',(9.785043449817,15.872775170148,
    54.222222222222));
#2972 = CARTESIAN_POINT('',(0.67507066653,18.634032268823,
    54.527777777778));
#2973 = CARTESIAN_POINT('',(-8.04725309125,15.959248453555,
    54.833333333333));
#2974 = CARTESIAN_POINT('',(-13.59257175099,9.680311930905,
    55.138888888889));
#2975 = CARTESIAN_POINT('',(-15.08685309066,2.322922935754,
    55.444444444444));
#2976 = CARTESIAN_POINT('',(-11.24964560176,-10.31768292687,
    56.055555555556));
#2977 = CARTESIAN_POINT('',(-5.917565369338,-15.60284800878,
    56.361111111111));
#2978 = CARTESIAN_POINT('',(2.182431972207,-17.73958523199,
    56.666666666667));
#2979 = CARTESIAN_POINT('',(10.919774897172,-15.11427785885,
    56.972222222222));
#2980 = CARTESIAN_POINT('',(16.957466753926,-7.754765516097,
    57.277777777778));
#2981 = CARTESIAN_POINT('',(17.823850034993,1.327421562987,
    57.583333333333));
#2982 = CARTESIAN_POINT('',(14.145125169359,8.853388603972,
    57.888888888889));
#2983 = CARTESIAN_POINT('',(7.91959283535,13.049490348179,
    58.194444444445));
#2984 = CARTESIAN_POINT('',(-5.227246242394,14.341723946106,
    58.805555555555));
#2985 = CARTESIAN_POINT('',(-12.15063116431,11.438060068831,
    59.111111111112));
#2986 = CARTESIAN_POINT('',(-17.22428577417,4.772384901289,
    59.416666666665));
#2987 = CARTESIAN_POINT('',(-18.14281753672,-4.304676381448,
    59.722222222224));
#2988 = CARTESIAN_POINT('',(-13.65359762415,-12.69890353208,
    60.027777777776));
#2989 = CARTESIAN_POINT('',(-5.594625573431,-16.97516003488,
    60.333333333334));
#2990 = CARTESIAN_POINT('',(2.766385448555,-16.45641386924,
    60.638888888888));
#2991 = CARTESIAN_POINT('',(9.025461567131,-12.31057068722,
    60.944444444445));
#2992 = CARTESIAN_POINT('',(15.25040425468,-0.658997127223,
    61.555555555555));
#2993 = CARTESIAN_POINT('',(15.217230233611,6.848529032059,
    61.861111111112));
#2994 = CARTESIAN_POINT('',(11.000568565947,14.086993460024,
    62.166666666664));
#2995 = CARTESIAN_POINT('',(2.965961487929,18.408855245518,
    62.472222222226));
#2996 = CARTESIAN_POINT('',(-6.507292450523,17.474187016437,
    62.777777777774));
#2997 = CARTESIAN_POINT('',(-13.54199401525,11.66473643788,
    63.083333333336));
#2998 = CARTESIAN_POINT('',(-16.26240504634,3.741822809654,
    63.388888888888));
#2999 = CARTESIAN_POINT('',(-14.82738091433,-3.627385318119,
    63.694444444445));
#3000 = CARTESIAN_POINT('',(-6.444908991262,-13.83735152113,
    64.305555555555));
#3001 = CARTESIAN_POINT('',(0.503863853674,-16.67972353025,
    64.611111111112));
#3002 = CARTESIAN_POINT('',(8.804823545911,-15.55399499819,
    64.916666666665));
#3003 = CARTESIAN_POINT('',(15.872775170154,-9.785043449856,
    65.222222222225));
#3004 = CARTESIAN_POINT('',(18.63403226882,-0.675070666499,
    65.527777777775));
#3005 = CARTESIAN_POINT('',(15.959248453555,8.047253091235,
    65.833333333335));
#3006 = CARTESIAN_POINT('',(9.680311930905,13.592571750997,
    66.138888888888));
#3007 = CARTESIAN_POINT('',(2.322922935754,15.086853090668,
    66.444444444445));
#3008 = CARTESIAN_POINT('',(-10.31768292687,11.249645601763,
    67.055555555555));
#3009 = CARTESIAN_POINT('',(-15.60284800879,5.91756536934,
    67.361111111112));
#3010 = CARTESIAN_POINT('',(-17.73958523198,-2.182431972219,
    67.666666666665));
#3011 = CARTESIAN_POINT('',(-15.11427785888,-10.91977489713,
    67.972222222225));
#3012 = CARTESIAN_POINT('',(-7.75476551607,-16.95746675398,
    68.277777777776));
#3013 = CARTESIAN_POINT('',(1.327421562965,-17.82385003491,
    68.583333333335));
#3014 = CARTESIAN_POINT('',(8.853388603973,-14.14512516942,
    68.888888888888));
#3015 = CARTESIAN_POINT('',(13.049490348183,-7.919592835327,
    69.194444444445));
#3016 = CARTESIAN_POINT('',(14.341723946103,5.227246242377,
    69.805555555555));
#3017 = CARTESIAN_POINT('',(11.438060068845,12.150631164362,
    70.111111111112));
#3018 = CARTESIAN_POINT('',(4.77238490125,17.224285774111,
    70.416666666665));
#3019 = CARTESIAN_POINT('',(-4.304676381391,18.142817536781,
    70.722222222224));
#3020 = CARTESIAN_POINT('',(-12.69890353213,13.653597624118,
    71.027777777777));
#3021 = CARTESIAN_POINT('',(-16.97516003485,5.594625573442,
    71.333333333334));
#3022 = CARTESIAN_POINT('',(-16.45641386924,-2.766385448556,
    71.638888888889));
#3023 = CARTESIAN_POINT('',(-12.31057068722,-9.025461567131,
    71.944444444445));
#3024 = CARTESIAN_POINT('',(-0.658997127223,-15.25040425468,
    72.555555555555));
#3025 = CARTESIAN_POINT('',(6.848529032052,-15.21723023362,
    72.861111111112));
#3026 = CARTESIAN_POINT('',(14.086993460057,-11.00056856587,
    73.166666666664));
#3027 = CARTESIAN_POINT('',(18.408855245432,-2.965961488086,
    73.472222222226));
#3028 = CARTESIAN_POINT('',(17.474187016576,6.507292450739,
    73.777777777775));
#3029 = CARTESIAN_POINT('',(11.664736437732,13.541994015066,
    74.083333333335));
#3030 = CARTESIAN_POINT('',(3.741822809755,16.262405046453,
    74.388888888888));
#3031 = CARTESIAN_POINT('',(-3.627385318158,14.827380914301,
    74.694444444445));
#3032 = CARTESIAN_POINT('',(-8.732368419619,10.636144952804,75.));
#3033 = CARTESIAN_POINT('',(10.423947187291,-9.137904676567,53.));
#3034 = CARTESIAN_POINT('',(14.809826579138,-4.134769191067,
    53.305555555556));
#3035 = CARTESIAN_POINT('',(16.494526282731,3.237689669271,
    53.611111111111));
#3036 = CARTESIAN_POINT('',(14.01363884164,11.302911340366,
    53.916666666667));
#3037 = CARTESIAN_POINT('',(7.120387742658,17.380811785145,
    54.222222222222));
#3038 = CARTESIAN_POINT('',(-2.386677623847,18.630270720991,
    54.527777777778));
#3039 = CARTESIAN_POINT('',(-10.61649394738,14.540708782342,
    54.833333333333));
#3040 = CARTESIAN_POINT('',(-15.09743828903,7.390451265319,
    55.138888888889));
#3041 = CARTESIAN_POINT('',(-15.37528466996,-0.166908329556,
    55.444444444444));
#3042 = CARTESIAN_POINT('',(-9.487505308328,-12.10018512656,
    56.055555555556));
#3043 = CARTESIAN_POINT('',(-3.320972120612,-16.4779415271,
    56.361111111111));
#3044 = CARTESIAN_POINT('',(5.079850012823,-17.2724427767,
    56.666666666666));
#3045 = CARTESIAN_POINT('',(13.332711622052,-13.22958873208,
    56.972222222222));
#3046 = CARTESIAN_POINT('',(18.125694603095,-4.924605067928,
    57.277777777778));
#3047 = CARTESIAN_POINT('',(17.496485593666,4.243921561335,
    57.583333333333));
#3048 = CARTESIAN_POINT('',(12.605459568868,11.120000932815,
    57.888888888889));
#3049 = CARTESIAN_POINT('',(5.729666708183,14.26878407505,
    58.194444444445));
#3050 = CARTESIAN_POINT('',(-7.54840546864,13.395852135951,
    58.805555555555));
#3051 = CARTESIAN_POINT('',(-13.95278370755,9.373999066463,
    59.111111111112));
#3052 = CARTESIAN_POINT('',(-17.90150430985,1.916773798083,
    59.416666666665));
#3053 = CARTESIAN_POINT('',(-17.32496433341,-7.255215418265,
    59.722222222224));
#3054 = CARTESIAN_POINT('',(-11.48595482975,-14.8612266945,
    60.027777777776));
#3055 = CARTESIAN_POINT('',(-2.774838920663,-17.78882864586,
    60.333333333334));
#3056 = CARTESIAN_POINT('',(5.449662786995,-15.90133919846,
    60.638888888888));
#3057 = CARTESIAN_POINT('',(10.989990064468,-10.75394604113,
    60.944444444445));
#3058 = CARTESIAN_POINT('',(15.264802296672,1.847443616548,
    61.555555555555));
#3059 = CARTESIAN_POINT('',(13.999946100429,9.303382287191,
    61.861111111112));
#3060 = CARTESIAN_POINT('',(8.621465023577,15.805457806558,
    62.166666666664));
#3061 = CARTESIAN_POINT('',(-7.291889477076E-02,18.78238270429,
    62.472222222226));
#3062 = CARTESIAN_POINT('',(-9.334579929394,16.299023205804,
    62.777777777774));
#3063 = CARTESIAN_POINT('',(-15.37278932503,9.37097789534,
    63.083333333336));
#3064 = CARTESIAN_POINT('',(-16.77643400752,1.050377874739,
    63.388888888888));
#3065 = CARTESIAN_POINT('',(-14.14104016204,-6.038067795463,
    63.694444444445));
#3066 = CARTESIAN_POINT('',(-4.134769191075,-14.80982657912,
    64.305555555555));
#3067 = CARTESIAN_POINT('',(3.237689669282,-16.49452628275,
    64.611111111112));
#3068 = CARTESIAN_POINT('',(11.302911340354,-14.0136388416,
    64.916666666665));
#3069 = CARTESIAN_POINT('',(17.380811785156,-7.120387742695,
    65.222222222225));
#3070 = CARTESIAN_POINT('',(18.630270720984,2.386677623875,
    65.527777777775));
#3071 = CARTESIAN_POINT('',(14.540708782344,10.616493947371,
    65.833333333335));
#3072 = CARTESIAN_POINT('',(7.390451265319,15.097438289041,
    66.138888888888));
#3073 = CARTESIAN_POINT('',(-0.166908329556,15.37528466996,
    66.444444444445));
#3074 = CARTESIAN_POINT('',(-12.10018512656,9.487505308328,
    67.055555555555));
#3075 = CARTESIAN_POINT('',(-16.4779415271,3.320972120614,
    67.361111111113));
#3076 = CARTESIAN_POINT('',(-17.27244277668,-5.079850012834,
    67.666666666664));
#3077 = CARTESIAN_POINT('',(-13.22958873211,-13.33271162202,
    67.972222222226));
#3078 = CARTESIAN_POINT('',(-4.92460506789,-18.12569460315,
    68.277777777774));
#3079 = CARTESIAN_POINT('',(4.243921561301,-17.49648559359,
    68.583333333336));
#3080 = CARTESIAN_POINT('',(11.120000932826,-12.60545956892,
    68.888888888888));
#3081 = CARTESIAN_POINT('',(14.268784075049,-5.72966670816,
    69.194444444445));
#3082 = CARTESIAN_POINT('',(13.395852135951,7.548405468622,
    69.805555555555));
#3083 = CARTESIAN_POINT('',(9.37399906647,13.952783707601,
    70.111111111112));
#3084 = CARTESIAN_POINT('',(1.916773798055,17.901504309787,
    70.416666666664));
#3085 = CARTESIAN_POINT('',(-7.255215418218,17.324964333477,
    70.722222222225));
#3086 = CARTESIAN_POINT('',(-14.86122669454,11.485954829715,
    71.027777777775));
#3087 = CARTESIAN_POINT('',(-17.78882864584,2.774838920677,
    71.333333333335));
#3088 = CARTESIAN_POINT('',(-15.90133919846,-5.449662786997,
    71.638888888888));
#3089 = CARTESIAN_POINT('',(-10.75394604113,-10.98999006446,
    71.944444444445));
#3090 = CARTESIAN_POINT('',(1.847443616548,-15.26480229667,
    72.555555555555));
#3091 = CARTESIAN_POINT('',(9.303382287186,-13.99994610044,
    72.861111111113));
#3092 = CARTESIAN_POINT('',(15.805457806582,-8.621465023503,
    73.166666666664));
#3093 = CARTESIAN_POINT('',(18.782382704228,7.291889459979E-02,
    73.472222222226));
#3094 = CARTESIAN_POINT('',(16.299023205908,9.334579929633,
    73.777777777774));
#3095 = CARTESIAN_POINT('',(9.370977895223,15.37278932482,
    74.083333333335));
#3096 = CARTESIAN_POINT('',(1.050377874823,16.776434007651,
    74.388888888888));
#3097 = CARTESIAN_POINT('',(-6.038067795497,14.141040162005,
    74.694444444445));
#3098 = CARTESIAN_POINT('',(-10.42394718729,9.137904676567,75.));
#3099 = CARTESIAN_POINT('',(11.858102090681,-7.370658025506,53.));
#3100 = CARTESIAN_POINT('',(15.39576398174,-1.67917760119,
    53.305555555556));
#3101 = CARTESIAN_POINT('',(15.860381095883,5.923667070851,
    53.611111111111));
#3102 = CARTESIAN_POINT('',(12.071752194593,13.531520766587,
    53.916666666666));
#3103 = CARTESIAN_POINT('',(4.224350833123,18.440539776991,
    54.222222222223));
#3104 = CARTESIAN_POINT('',(-5.428369016908,18.122417041179,
    54.527777777777));
#3105 = CARTESIAN_POINT('',(-12.93586176965,12.708149934708,
    54.833333333334));
#3106 = CARTESIAN_POINT('',(-16.21572622952,4.867351957155,
    55.138888888889));
#3107 = CARTESIAN_POINT('',(-15.25193510495,-2.688423040071,
    55.444444444444));
#3108 = CARTESIAN_POINT('',(-7.443063495654,-13.58123516796,
    56.055555555556));
#3109 = CARTESIAN_POINT('',(-0.59677948031,-16.91995113697,
    56.361111111111));
#3110 = CARTESIAN_POINT('',(7.881958870715,-16.33120690109,
    56.666666666667));
#3111 = CARTESIAN_POINT('',(15.420016233026,-10.95957521853,
    56.972222222222));
#3112 = CARTESIAN_POINT('',(18.82052080067,-1.920063546607,
    57.277777777778));
#3113 = CARTESIAN_POINT('',(16.690998509916,7.088005646313,
    57.583333333333));
#3114 = CARTESIAN_POINT('',(10.702371465533,13.118718119112,
    57.888888888889));
#3115 = CARTESIAN_POINT('',(3.352886987033,15.119766362271,
    58.194444444444));
#3116 = CARTESIAN_POINT('',(-9.699091244397,12.073806981658,
    58.805555555555));
#3117 = CARTESIAN_POINT('',(-15.40364818045,7.026317869807,
    59.111111111112));
#3118 = CARTESIAN_POINT('',(-18.10424793132,-1.032212256223,
    59.416666666666));
#3119 = CARTESIAN_POINT('',(-16.02649784536,-10.05236360482,
    59.722222222224));
#3120 = CARTESIAN_POINT('',(-8.976047438597,-16.65292052396,
    60.027777777777));
#3121 = CARTESIAN_POINT('',(0.161016582613,-18.13305457297,
    60.333333333334));
#3122 = CARTESIAN_POINT('',(8.024512403442,-14.90798755408,
    60.638888888888));
#3123 = CARTESIAN_POINT('',(12.68574890126,-8.883744576594,
    60.944444444445));
#3124 = CARTESIAN_POINT('',(14.866424154739,4.34034281358,
    61.555555555555));
#3125 = CARTESIAN_POINT('',(12.386199003705,11.5422253689,
    61.861111111112));
#3126 = CARTESIAN_POINT('',(5.974520578199,17.121293711258,
    62.166666666664));
#3127 = CARTESIAN_POINT('',(-3.154008088406,18.653188000296,
    62.472222222226));
#3128 = CARTESIAN_POINT('',(-11.95042792953,14.665807837768,
    62.777777777775));
#3129 = CARTESIAN_POINT('',(-16.8142950887,6.790341373514,
    63.083333333335));
#3130 = CARTESIAN_POINT('',(-16.84405398056,-1.708615104432,
    63.388888888888));
#3131 = CARTESIAN_POINT('',(-13.06213844979,-8.320440199639,
    63.694444444445));
#3132 = CARTESIAN_POINT('',(-1.6791776012,-15.39576398173,
    64.305555555555));
#3133 = CARTESIAN_POINT('',(5.923667070867,-15.8603810959,
    64.611111111112));
#3134 = CARTESIAN_POINT('',(13.531520766569,-12.07175219455,
    64.916666666665));
#3135 = CARTESIAN_POINT('',(18.440539777009,-4.224350833159,
    65.222222222225));
#3136 = CARTESIAN_POINT('',(18.122417041167,5.428369016936,
    65.527777777775));
#3137 = CARTESIAN_POINT('',(12.708149934712,12.935861769639,
    65.833333333335));
#3138 = CARTESIAN_POINT('',(4.867351957154,16.215726229527,
    66.138888888888));
#3139 = CARTESIAN_POINT('',(-2.688423040071,15.25193510495,
    66.444444444445));
#3140 = CARTESIAN_POINT('',(-13.58123516796,7.443063495655,
    67.055555555555));
#3141 = CARTESIAN_POINT('',(-16.91995113698,0.596779480311,
    67.361111111112));
#3142 = CARTESIAN_POINT('',(-16.33120690108,-7.881958870723,
    67.666666666664));
#3143 = CARTESIAN_POINT('',(-10.95957521856,-15.420016233,
    67.972222222226));
#3144 = CARTESIAN_POINT('',(-1.920063546561,-18.82052080071,
    68.277777777774));
#3145 = CARTESIAN_POINT('',(7.088005646268,-16.69099850984,
    68.583333333336));
#3146 = CARTESIAN_POINT('',(13.118718119133,-10.70237146559,
    68.888888888888));
#3147 = CARTESIAN_POINT('',(15.119766362267,-3.35288698701,
    69.194444444445));
#3148 = CARTESIAN_POINT('',(12.073806981661,9.699091244379,
    69.805555555555));
#3149 = CARTESIAN_POINT('',(7.026317869806,15.403648180497,
    70.111111111112));
#3150 = CARTESIAN_POINT('',(-1.032212256239,18.104247931254,
    70.416666666665));
#3151 = CARTESIAN_POINT('',(-10.05236360479,16.026497845438,
    70.722222222225));
#3152 = CARTESIAN_POINT('',(-16.65292052399,8.976047438547,
    71.027777777776));
#3153 = CARTESIAN_POINT('',(-18.13305457295,-0.161016582595,
    71.333333333334));
#3154 = CARTESIAN_POINT('',(-14.90798755409,-8.024512403445,
    71.638888888888));
#3155 = CARTESIAN_POINT('',(-8.883744576595,-12.68574890126,
    71.944444444445));
#3156 = CARTESIAN_POINT('',(4.34034281358,-14.86642415473,
    72.555555555555));
#3157 = CARTESIAN_POINT('',(11.542225368897,-12.38619900372,
    72.861111111113));
#3158 = CARTESIAN_POINT('',(17.121293711269,-5.974520578121,
    73.166666666662));
#3159 = CARTESIAN_POINT('',(18.653188000263,3.154008088225,
    73.472222222229));
#3160 = CARTESIAN_POINT('',(14.665807837832,11.950427929789,
    73.777777777772));
#3161 = CARTESIAN_POINT('',(6.790341373432,16.814295088472,
    74.083333333337));
#3162 = CARTESIAN_POINT('',(-1.708615104369,16.844053980707,
    74.388888888887));
#3163 = CARTESIAN_POINT('',(-8.320440199665,13.062138449751,
    74.694444444445));
#3164 = CARTESIAN_POINT('',(-11.85810209068,7.370658025506,75.));
#3165 = CARTESIAN_POINT('',(12.61319774729,-6.04820474887,53.));
#3166 = CARTESIAN_POINT('',(15.516127631618,5.695573268876E-03,
    53.305555555556));
#3167 = CARTESIAN_POINT('',(15.150192633379,7.628239335451,
    53.611111111111));
#3168 = CARTESIAN_POINT('',(10.547775045379,14.792195222143,
    53.916666666667));
#3169 = CARTESIAN_POINT('',(2.197258584775,18.825919689256,
    54.222222222222));
#3170 = CARTESIAN_POINT('',(-7.381504387212,17.457007110497,
    54.527777777778));
#3171 = CARTESIAN_POINT('',(-14.2683236391,11.246505853442,
    54.833333333333));
#3172 = CARTESIAN_POINT('',(-16.68024343012,3.080133291492,
    55.138888888889));
#3173 = CARTESIAN_POINT('',(-14.89684365904,-4.339845025641,
    55.444444444444));
#3174 = CARTESIAN_POINT('',(-5.932505106862,-14.33720994494,
    56.055555555556));
#3175 = CARTESIAN_POINT('',(1.249815289468,-16.916137376,56.361111111111
    ));
#3176 = CARTESIAN_POINT('',(9.629878492506,-15.40566108937,
    56.666666666667));
#3177 = CARTESIAN_POINT('',(16.551784953118,-9.23429039718,
    56.972222222222));
#3178 = CARTESIAN_POINT('',(18.953201786389,0.139066467782,
    57.277777777778));
#3179 = CARTESIAN_POINT('',(15.850524264271,8.878371384529,
    57.583333333333));
#3180 = CARTESIAN_POINT('',(9.22896010512,14.231818842563,
    57.888888888889));
#3181 = CARTESIAN_POINT('',(1.691284309281,15.423676815373,
    58.194444444444));
#3182 = CARTESIAN_POINT('',(-10.97558644453,10.967531687598,
    58.805555555555));
#3183 = CARTESIAN_POINT('',(-16.10678371001,5.318824184722,
    59.111111111112));
#3184 = CARTESIAN_POINT('',(-17.91806481113,-3.001258289187,
    59.416666666666));
#3185 = CARTESIAN_POINT('',(-14.86563191976,-11.75823902903,
    59.722222222223));
#3186 = CARTESIAN_POINT('',(-7.124456299426,-17.56347991461,
    60.027777777777));
#3187 = CARTESIAN_POINT('',(2.136747847718,-18.04170895499,
    60.333333333334));
#3188 = CARTESIAN_POINT('',(9.616730103915,-13.97269637865,
    60.638888888888));
#3189 = CARTESIAN_POINT('',(13.602393016512,-7.464925322653,
    60.944444444445));
#3190 = CARTESIAN_POINT('',(14.332852965854,5.943023784882,
    61.555555555555));
#3191 = CARTESIAN_POINT('',(11.077762583645,12.845268316466,
    61.861111111112));
#3192 = CARTESIAN_POINT('',(4.084095040894,17.702799809028,
    62.166666666664));
#3193 = CARTESIAN_POINT('',(-5.174250021771,18.233508740353,
    62.472222222225));
#3194 = CARTESIAN_POINT('',(-13.50027235079,13.303602665982,
    62.777777777775));
#3195 = CARTESIAN_POINT('',(-17.48596980448,4.930056580712,
    63.083333333335));
#3196 = CARTESIAN_POINT('',(-16.58927588584,-3.537555338554,
    63.388888888888));
#3197 = CARTESIAN_POINT('',(-12.10210507098,-9.710267862977,
    63.694444444445));
#3198 = CARTESIAN_POINT('',(5.69557325741E-03,-15.5161276316,
    64.305555555555));
#3199 = CARTESIAN_POINT('',(7.628239335468,-15.15019263339,
    64.611111111112));
#3200 = CARTESIAN_POINT('',(14.792195222121,-10.54777504534,
    64.916666666665));
#3201 = CARTESIAN_POINT('',(18.825919689278,-2.197258584809,
    65.222222222225));
#3202 = CARTESIAN_POINT('',(17.457007110482,7.381504387239,
    65.527777777775));
#3203 = CARTESIAN_POINT('',(11.246505853448,14.268323639089,
    65.833333333335));
#3204 = CARTESIAN_POINT('',(3.080133291491,16.680243430124,
    66.138888888888));
#3205 = CARTESIAN_POINT('',(-4.339845025641,14.89684365904,
    66.444444444445));
#3206 = CARTESIAN_POINT('',(-14.33720994494,5.932505106862,
    67.055555555555));
#3207 = CARTESIAN_POINT('',(-16.916137376,-1.249815289468,
    67.361111111112));
#3208 = CARTESIAN_POINT('',(-15.40566108936,-9.629878492512,
    67.666666666665));
#3209 = CARTESIAN_POINT('',(-9.234290397216,-16.55178495309,
    67.972222222224));
#3210 = CARTESIAN_POINT('',(0.139066467833,-18.95320178643,
    68.277777777776));
#3211 = CARTESIAN_POINT('',(8.878371384477,-15.8505242642,
    68.583333333335));
#3212 = CARTESIAN_POINT('',(14.23181884259,-9.228960105176,
    68.888888888888));
#3213 = CARTESIAN_POINT('',(15.423676815366,-1.691284309258,
    69.194444444445));
#3214 = CARTESIAN_POINT('',(10.967531687603,10.975586444516,
    69.805555555555));
#3215 = CARTESIAN_POINT('',(5.318824184716,16.106783710059,
    70.111111111111));
#3216 = CARTESIAN_POINT('',(-3.001258289195,17.918064811064,
    70.416666666667));
#3217 = CARTESIAN_POINT('',(-11.758239029,14.86563191984,70.722222222222
    ));
#3218 = CARTESIAN_POINT('',(-17.56347991464,7.124456299373,
    71.027777777778));
#3219 = CARTESIAN_POINT('',(-18.04170895497,-2.136747847698,
    71.333333333333));
#3220 = CARTESIAN_POINT('',(-13.97269637865,-9.616730103918,
    71.638888888889));
#3221 = CARTESIAN_POINT('',(-7.464925322653,-13.60239301651,
    71.944444444445));
#3222 = CARTESIAN_POINT('',(5.943023784882,-14.33285296585,
    72.555555555555));
#3223 = CARTESIAN_POINT('',(12.845268316466,-11.07776258366,
    72.861111111112));
#3224 = CARTESIAN_POINT('',(17.70279980903,-4.084095040816,
    73.166666666663));
#3225 = CARTESIAN_POINT('',(18.233508740341,5.174250021588,
    73.472222222227));
#3226 = CARTESIAN_POINT('',(13.303602666017,13.500272351055,
    73.777777777774));
#3227 = CARTESIAN_POINT('',(4.930056580657,17.48596980425,
    74.083333333335));
#3228 = CARTESIAN_POINT('',(-3.537555338507,16.589275885985,
    74.388888888888));
#3229 = CARTESIAN_POINT('',(-9.710267862998,12.102105070934,
    74.694444444445));
#3230 = CARTESIAN_POINT('',(-12.61319774729,6.04820474887,75.));
#3231 = CARTESIAN_POINT('',(12.934313455158,-5.357568053111,53.));
#3232 = CARTESIAN_POINT('',(15.505761521893,0.850456744537,
    53.305555555556));
#3233 = CARTESIAN_POINT('',(14.725059551021,8.448137249841,
    53.611111111111));
#3234 = CARTESIAN_POINT('',(9.735588159533,15.356874719554,
    53.916666666667));
#3235 = CARTESIAN_POINT('',(1.170870331888,18.933346818985,
    54.222222222222));
#3236 = CARTESIAN_POINT('',(-8.327155133249,17.043812293327,
    54.527777777778));
#3237 = CARTESIAN_POINT('',(-14.87138457493,10.462387946306,
    54.833333333333));
#3238 = CARTESIAN_POINT('',(-16.83712867903,2.169992709989,
    55.138888888889));
#3239 = CARTESIAN_POINT('',(-14.65090913157,-5.148080741649,
    55.444444444444));
#3240 = CARTESIAN_POINT('',(-5.148080741649,-14.65090913157,
    56.055555555556));
#3241 = CARTESIAN_POINT('',(2.169992709986,-16.83712867904,
    56.361111111111));
#3242 = CARTESIAN_POINT('',(10.462387946324,-14.8713845749,
    56.666666666667));
#3243 = CARTESIAN_POINT('',(17.043812293277,-8.327155133312,
    56.972222222222));
#3244 = CARTESIAN_POINT('',(18.933346819068,1.170870331969,
    57.277777777778));
#3245 = CARTESIAN_POINT('',(15.356874719464,9.735588159468,
    57.583333333333));
#3246 = CARTESIAN_POINT('',(8.448137249903,14.725059551054,
    57.888888888889));
#3247 = CARTESIAN_POINT('',(0.850456744515,15.505761521884,
    58.194444444444));
#3248 = CARTESIAN_POINT('',(-11.56559285074,10.362865388431,
    58.805555555555));
#3249 = CARTESIAN_POINT('',(-16.38592459971,4.438454324131,
    59.111111111112));
#3250 = CARTESIAN_POINT('',(-17.74305065838,-3.974849845571,
    59.416666666665));
#3251 = CARTESIAN_POINT('',(-14.21582827793,-12.55996757469,
    59.722222222224));
#3252 = CARTESIAN_POINT('',(-6.163607387096,-17.93998311259,
    60.027777777776));
#3253 = CARTESIAN_POINT('',(3.117631414298,-17.9136823428,
    60.333333333334));
#3254 = CARTESIAN_POINT('',(10.371231304306,-13.44006442501,
    60.638888888888));
#3255 = CARTESIAN_POINT('',(14.,-6.719514394968,60.944444444445));
#3256 = CARTESIAN_POINT('',(14.,6.719514394969,61.555555555555));
#3257 = CARTESIAN_POINT('',(10.371231304308,13.440064425016,
    61.861111111112));
#3258 = CARTESIAN_POINT('',(3.117631414284,17.913682342811,
    62.166666666664));
#3259 = CARTESIAN_POINT('',(-6.163607387059,17.939983112577,
    62.472222222226));
#3260 = CARTESIAN_POINT('',(-14.21582827798,12.559967574726,
    62.777777777775));
#3261 = CARTESIAN_POINT('',(-17.74305065833,3.974849845545,
    63.083333333335));
#3262 = CARTESIAN_POINT('',(-16.38592459974,-4.438454324116,
    63.388888888888));
#3263 = CARTESIAN_POINT('',(-11.56559285073,-10.36286538843,
    63.694444444445));
#3264 = CARTESIAN_POINT('',(0.850456744525,-15.50576152188,
    64.305555555555));
#3265 = CARTESIAN_POINT('',(8.44813724986,-14.72505955104,
    64.611111111112));
#3266 = CARTESIAN_POINT('',(15.35687471953,-9.735588159504,
    64.916666666665));
#3267 = CARTESIAN_POINT('',(18.933346819009,-1.170870331919,
    65.222222222225));
#3268 = CARTESIAN_POINT('',(17.043812293311,8.327155133274,
    65.527777777775));
#3269 = CARTESIAN_POINT('',(10.462387946312,14.871384574921,
    65.833333333335));
#3270 = CARTESIAN_POINT('',(2.169992709988,16.83712867904,
    66.138888888888));
#3271 = CARTESIAN_POINT('',(-5.148080741649,14.650909131574,
    66.444444444445));
#3272 = CARTESIAN_POINT('',(-14.65090913157,5.148080741649,
    67.055555555555));
#3273 = CARTESIAN_POINT('',(-16.83712867904,-2.169992709986,
    67.361111111112));
#3274 = CARTESIAN_POINT('',(-14.87138457488,-10.46238794632,
    67.666666666665));
#3275 = CARTESIAN_POINT('',(-8.32715513335,-17.04381229325,
    67.972222222224));
#3276 = CARTESIAN_POINT('',(1.170870332022,-18.93334681911,
    68.277777777776));
#3277 = CARTESIAN_POINT('',(9.735588159412,-15.3568747194,
    68.583333333334));
#3278 = CARTESIAN_POINT('',(14.725059551085,-8.448137249958,
    68.888888888888));
#3279 = CARTESIAN_POINT('',(15.505761521876,-0.850456744493,
    69.194444444445));
#3280 = CARTESIAN_POINT('',(10.362865388437,11.565592850723,
    69.805555555555));
#3281 = CARTESIAN_POINT('',(4.438454324123,16.385924599762,
    70.111111111111));
#3282 = CARTESIAN_POINT('',(-3.974849845575,17.743050658308,
    70.416666666667));
#3283 = CARTESIAN_POINT('',(-12.55996757467,14.215828278009,
    70.722222222222));
#3284 = CARTESIAN_POINT('',(-17.93998311262,6.163607387041,
    71.027777777778));
#3285 = CARTESIAN_POINT('',(-17.91368234278,-3.117631414277,
    71.333333333333));
#3286 = CARTESIAN_POINT('',(-13.44006442502,-10.37123130431,
    71.638888888889));
#3287 = CARTESIAN_POINT('',(-6.719514394968,-14.,71.944444444445));
#3288 = CARTESIAN_POINT('',(6.719514394968,-14.,72.555555555555));
#3289 = CARTESIAN_POINT('',(13.440064425017,-10.37123130432,
    72.861111111112));
#3290 = CARTESIAN_POINT('',(17.913682342809,-3.117631414205,
    73.166666666663));
#3291 = CARTESIAN_POINT('',(17.939983112573,6.163607386875,
    73.472222222227));
#3292 = CARTESIAN_POINT('',(12.559967574749,14.215828278247,
    73.777777777774));
#3293 = CARTESIAN_POINT('',(3.974849845503,17.743050658088,
    74.083333333335));
#3294 = CARTESIAN_POINT('',(-4.438454324076,16.38592459989,
    74.388888888888));
#3295 = CARTESIAN_POINT('',(-10.36286538845,11.565592850683,
    74.694444444445));
#3296 = CARTESIAN_POINT('',(-12.93431345515,5.357568053111,75.));
#3297 = DEFINITIONAL_REPRESENTATION('',(#3298),#3302);
#3298 = LINE('',#3299,#3300);
#3299 = CARTESIAN_POINT('',(0.,0.));
#3300 = VECTOR('',#3301,1.);
#3301 = DIRECTION('',(1.,0.));
#3302 = ( GEOMETRIC_REPRESENTATION_CONTEXT(2)
PARAMETRIC_REPRESENTATION_CONTEXT() REPRESENTATION_CONTEXT('2D SPACE',''
  ) );
#3303 = ORIENTED_EDGE('',*,*,#3304,.F.);
#3304 = EDGE_CURVE('',#3305,#2265,#3307,.T.);
#3305 = VERTEX_POINT('',#3306);
#3306 = CARTESIAN_POINT('',(-9.050966799188,9.050966799188,53.));
#3307 = SURFACE_CURVE('',#3308,(#3316,#3327),.PCURVE_S1.);
#3308 = ( BOUNDED_CURVE() B_SPLINE_CURVE(6,(#3309,#3310,#3311,#3312,
#3313,#3314,#3315),.UNSPECIFIED.,.F.,.F.) B_SPLINE_CURVE_WITH_KNOTS((7,7
),(0.,1.570796326795),.PIECEWISE_BEZIER_KNOTS.) CURVE()
GEOMETRIC_REPRESENTATION_ITEM() RATIONAL_B_SPLINE_CURVE((1.031393471788,
    1.010025407661,0.997924642725,0.993958444137,0.997924642725,
1.010025407661,1.031393471788)) REPRESENTATION_ITEM('') );
#3309 = CARTESIAN_POINT('',(-9.050966799188,9.050966799188,53.));
#3310 = CARTESIAN_POINT('',(-11.4706231477,6.631310450669,53.));
#3311 = CARTESIAN_POINT('',(-13.0578680139,3.505322473727,53.));
#3312 = CARTESIAN_POINT('',(-13.61119709931,5.353522453753E-14,53.));
#3313 = CARTESIAN_POINT('',(-13.0578680139,-3.505322473728,53.));
#3314 = CARTESIAN_POINT('',(-11.4706231477,-6.631310450669,53.));
#3315 = CARTESIAN_POINT('',(-9.050966799188,-9.050966799188,53.));
#3316 = PCURVE('',#1924,#3317);
#3317 = DEFINITIONAL_REPRESENTATION('',(#3318),#3326);
#3318 = ( BOUNDED_CURVE() B_SPLINE_CURVE(6,(#3319,#3320,#3321,#3322,
#3323,#3324,#3325),.UNSPECIFIED.,.F.,.F.) B_SPLINE_CURVE_WITH_KNOTS((7,7
),(0.,1.570796326795),.PIECEWISE_BEZIER_KNOTS.) CURVE()
GEOMETRIC_REPRESENTATION_ITEM() RATIONAL_B_SPLINE_CURVE((1.031393471788,
    1.010025407661,0.997924642725,0.993958444137,0.997924642725,
1.010025407661,1.031393471788)) REPRESENTATION_ITEM('') );
#3319 = CARTESIAN_POINT('',(-9.050966799188,9.050966799188));
#3320 = CARTESIAN_POINT('',(-11.4706231477,6.631310450669));
#3321 = CARTESIAN_POINT('',(-13.0578680139,3.505322473727));
#3322 = CARTESIAN_POINT('',(-13.61119709931,5.21637515249E-14));
#3323 = CARTESIAN_POINT('',(-13.0578680139,-3.505322473728));
#3324 = CARTESIAN_POINT('',(-11.4706231477,-6.631310450669));
#3325 = CARTESIAN_POINT('',(-9.050966799188,-9.050966799188));
#3326 = ( GEOMETRIC_REPRESENTATION_CONTEXT(2)
PARAMETRIC_REPRESENTATION_CONTEXT() REPRESENTATION_CONTEXT('2D SPACE',''
  ) );
#3327 = PCURVE('',#3328,#3791);
#3328 = ( BOUNDED_SURFACE() B_SPLINE_SURFACE(6,9,(
    (#3329,#3330,#3331,#3332,#3333,#3334,#3335,#3336,#3337,#3338,#3339
      ,#3340,#3341,#3342,#3343,#3344,#3345,#3346,#3347,#3348,#3349,#3350
      ,#3351,#3352,#3353,#3354,#3355,#3356,#3357,#3358,#3359,#3360,#3361
      ,#3362,#3363,#3364,#3365,#3366,#3367,#3368,#3369,#3370,#3371,#3372
      ,#3373,#3374,#3375,#3376,#3377,#3378,#3379,#3380,#3381,#3382,#3383
      ,#3384,#3385,#3386,#3387,#3388,#3389,#3390,#3391,#3392,#3393,#3394
      )
    ,(#3395,#3396,#3397,#3398,#3399,#3400,#3401,#3402,#3403,#3404,#3405
      ,#3406,#3407,#3408,#3409,#3410,#3411,#3412,#3413,#3414,#3415,#3416
      ,#3417,#3418,#3419,#3420,#3421,#3422,#3423,#3424,#3425,#3426,#3427
      ,#3428,#3429,#3430,#3431,#3432,#3433,#3434,#3435,#3436,#3437,#3438
      ,#3439,#3440,#3441,#3442,#3443,#3444,#3445,#3446,#3447,#3448,#3449
      ,#3450,#3451,#3452,#3453,#3454,#3455,#3456,#3457,#3458,#3459,#3460
      )
    ,(#3461,#3462,#3463,#3464,#3465,#3466,#3467,#3468,#3469,#3470,#3471
      ,#3472,#3473,#3474,#3475,#3476,#3477,#3478,#3479,#3480,#3481,#3482
      ,#3483,#3484,#3485,#3486,#3487,#3488,#3489,#3490,#3491,#3492,#3493
      ,#3494,#3495,#3496,#3497,#3498,#3499,#3500,#3501,#3502,#3503,#3504
      ,#3505,#3506,#3507,#3508,#3509,#3510,#3511,#3512,#3513,#3514,#3515
      ,#3516,#3517,#3518,#3519,#3520,#3521,#3522,#3523,#3524,#3525,#3526
      )
    ,(#3527,#3528,#3529,#3530,#3531,#3532,#3533,#3534,#3535,#3536,#3537
      ,#3538,#3539,#3540,#3541,#3542,#3543,#3544,#3545,#3546,#3547,#3548
      ,#3549,#3550,#3551,#3552,#3553,#3554,#3555,#3556,#3557,#3558,#3559
      ,#3560,#3561,#3562,#3563,#3564,#3565,#3566,#3567,#3568,#3569,#3570
      ,#3571,#3572,#3573,#3574,#3575,#3576,#3577,#3578,#3579,#3580,#3581
      ,#3582,#3583,#3584,#3585,#3586,#3587,#3588,#3589,#3590,#3591,#3592
      )
    ,(#3593,#3594,#3595,#3596,#3597,#3598,#3599,#3600,#3601,#3602,#3603
      ,#3604,#3605,#3606,#3607,#3608,#3609,#3610,#3611,#3612,#3613,#3614
      ,#3615,#3616,#3617,#3618,#3619,#3620,#3621,#3622,#3623,#3624,#3625
      ,#3626,#3627,#3628,#3629,#3630,#3631,#3632,#3633,#3634,#3635,#3636
      ,#3637,#3638,#3639,#3640,#3641,#3642,#3643,#3644,#3645,#3646,#3647
      ,#3648,#3649,#3650,#3651,#3652,#3653,#3654,#3655,#3656,#3657,#3658
      )
    ,(#3659,#3660,#3661,#3662,#3663,#3664,#3665,#3666,#3667,#3668,#3669
      ,#3670,#3671,#3672,#3673,#3674,#3675,#3676,#3677,#3678,#3679,#3680
      ,#3681,#3682,#3683,#3684,#3685,#3686,#3687,#3688,#3689,#3690,#3691
      ,#3692,#3693,#3694,#3695,#3696,#3697,#3698,#3699,#3700,#3701,#3702
      ,#3703,#3704,#3705,#3706,#3707,#3708,#3709,#3710,#3711,#3712,#3713
      ,#3714,#3715,#3716,#3717,#3718,#3719,#3720,#3721,#3722,#3723,#3724
      )
    ,(#3725,#3726,#3727,#3728,#3729,#3730,#3731,#3732,#3733,#3734,#3735
      ,#3736,#3737,#3738,#3739,#3740,#3741,#3742,#3743,#3744,#3745,#3746
      ,#3747,#3748,#3749,#3750,#3751,#3752,#3753,#3754,#3755,#3756,#3757
      ,#3758,#3759,#3760,#3761,#3762,#3763,#3764,#3765,#3766,#3767,#3768
      ,#3769,#3770,#3771,#3772,#3773,#3774,#3775,#3776,#3777,#3778,#3779
      ,#3780,#3781,#3782,#3783,#3784,#3785,#3786,#3787,#3788,#3789,#3790
)),.UNSPECIFIED.,.F.,.F.,.F.) B_SPLINE_SURFACE_WITH_KNOTS((7,7),(10,8,8,
    8,8,8,8,8,10),(0.,1.570796326795),(0.,2.75,5.5,8.25,11.,13.75,16.5,
19.25,22.),.UNSPECIFIED.) GEOMETRIC_REPRESENTATION_ITEM()
RATIONAL_B_SPLINE_SURFACE((
    (1.031393471788,1.031393471787,1.031393471788,1.031393471787
      ,1.031393471788,1.031393471787,1.031393471788,1.031393471787
      ,1.031393471788,1.031393471788,1.031393471788,1.031393471787
      ,1.031393471788,1.031393471787,1.031393471788,1.031393471787
      ,1.031393471788,1.031393471787,1.031393471788,1.031393471787
      ,1.031393471788,1.031393471787,1.031393471788,1.031393471787
      ,1.031393471788,1.031393471787,1.031393471788,1.031393471787
      ,1.031393471788,1.031393471787,1.031393471788,1.031393471787
      ,1.031393471788,1.031393471787,1.031393471788,1.031393471787
      ,1.031393471788,1.031393471787,1.031393471788,1.031393471787
      ,1.031393471788,1.031393471787,1.031393471788,1.031393471787
      ,1.031393471788,1.031393471787,1.031393471788,1.031393471787
      ,1.031393471788,1.031393471787,1.031393471788,1.031393471787
      ,1.031393471788,1.031393471787,1.031393471788,1.031393471787
      ,1.031393471788,1.031393471787,1.031393471788,1.031393471787
      ,1.031393471788,1.031393471787,1.031393471788,1.031393471787
      ,1.031393471788,1.031393471788)
    ,(1.010025407661,1.010025407661,1.010025407661,1.010025407661
      ,1.010025407662,1.010025407661,1.010025407661,1.010025407661
      ,1.010025407661,1.010025407661,1.010025407661,1.010025407661
      ,1.010025407661,1.010025407661,1.010025407661,1.010025407661
      ,1.010025407661,1.010025407661,1.010025407662,1.010025407661
      ,1.010025407662,1.010025407661,1.010025407662,1.010025407661
      ,1.010025407661,1.010025407661,1.010025407662,1.010025407661
      ,1.010025407662,1.010025407661,1.010025407662,1.010025407661
      ,1.010025407661,1.010025407661,1.010025407662,1.010025407661
      ,1.010025407662,1.010025407661,1.010025407662,1.010025407661
      ,1.010025407661,1.010025407661,1.010025407662,1.010025407661
      ,1.010025407662,1.010025407661,1.010025407662,1.010025407661
      ,1.010025407661,1.010025407661,1.010025407661,1.010025407661
      ,1.010025407662,1.010025407661,1.010025407662,1.010025407661
      ,1.010025407661,1.010025407661,1.010025407661,1.010025407661
      ,1.010025407662,1.010025407661,1.010025407662,1.010025407661
      ,1.010025407661,1.010025407661)
    ,(0.997924642725,0.997924642725,0.997924642725,0.997924642725
      ,0.997924642725,0.997924642725,0.997924642725,0.997924642725
      ,0.997924642725,0.997924642725,0.997924642725,0.997924642725
      ,0.997924642725,0.997924642725,0.997924642725,0.997924642725
      ,0.997924642725,0.997924642725,0.997924642725,0.997924642725
      ,0.997924642725,0.997924642725,0.997924642725,0.997924642725
      ,0.997924642725,0.997924642725,0.997924642725,0.997924642725
      ,0.997924642725,0.997924642725,0.997924642725,0.997924642725
      ,0.997924642725,0.997924642725,0.997924642725,0.997924642725
      ,0.997924642725,0.997924642725,0.997924642725,0.997924642725
      ,0.997924642725,0.997924642725,0.997924642725,0.997924642725
      ,0.997924642725,0.997924642725,0.997924642725,0.997924642725
      ,0.997924642725,0.997924642725,0.997924642725,0.997924642725
      ,0.997924642725,0.997924642725,0.997924642725,0.997924642725
      ,0.997924642725,0.997924642725,0.997924642725,0.997924642725
      ,0.997924642725,0.997924642725,0.997924642725,0.997924642725
      ,0.997924642725,0.997924642725)
    ,(0.993958444137,0.993958444137,0.993958444137,0.993958444137
      ,0.993958444137,0.993958444137,0.993958444137,0.993958444137
      ,0.993958444137,0.993958444137,0.993958444137,0.993958444137
      ,0.993958444137,0.993958444137,0.993958444137,0.993958444137
      ,0.993958444137,0.993958444137,0.993958444137,0.993958444137
      ,0.993958444137,0.993958444137,0.993958444137,0.993958444137
      ,0.993958444137,0.993958444137,0.993958444137,0.993958444137
      ,0.993958444137,0.993958444137,0.993958444137,0.993958444137
      ,0.993958444137,0.993958444137,0.993958444137,0.993958444137
      ,0.993958444137,0.993958444137,0.993958444137,0.993958444137
      ,0.993958444137,0.993958444137,0.993958444137,0.993958444137
      ,0.993958444137,0.993958444137,0.993958444137,0.993958444137
      ,0.993958444137,0.993958444137,0.993958444137,0.993958444137
      ,0.993958444137,0.993958444137,0.993958444137,0.993958444137
      ,0.993958444137,0.993958444137,0.993958444137,0.993958444137
      ,0.993958444137,0.993958444137,0.993958444137,0.993958444137
      ,0.993958444137,0.993958444137)
    ,(0.997924642725,0.997924642725,0.997924642725,0.997924642725
      ,0.997924642725,0.997924642725,0.997924642725,0.997924642725
      ,0.997924642725,0.997924642725,0.997924642725,0.997924642725
      ,0.997924642725,0.997924642725,0.997924642725,0.997924642725
      ,0.997924642725,0.997924642725,0.997924642725,0.997924642725
      ,0.997924642725,0.997924642725,0.997924642725,0.997924642725
      ,0.997924642725,0.997924642725,0.997924642725,0.997924642725
      ,0.997924642725,0.997924642725,0.997924642725,0.997924642725
      ,0.997924642725,0.997924642725,0.997924642725,0.997924642725
      ,0.997924642725,0.997924642725,0.997924642725,0.997924642725
      ,0.997924642725,0.997924642725,0.997924642725,0.997924642725
      ,0.997924642725,0.997924642725,0.997924642725,0.997924642725
      ,0.997924642725,0.997924642725,0.997924642725,0.997924642725
      ,0.997924642725,0.997924642725,0.997924642725,0.997924642725
      ,0.997924642725,0.997924642725,0.997924642725,0.997924642725
      ,0.997924642725,0.997924642725,0.997924642725,0.997924642725
      ,0.997924642725,0.997924642725)
    ,(1.010025407661,1.010025407661,1.010025407661,1.010025407661
      ,1.010025407662,1.010025407661,1.010025407661,1.010025407661
      ,1.010025407661,1.010025407661,1.010025407661,1.010025407661
      ,1.010025407661,1.010025407661,1.010025407661,1.010025407661
      ,1.010025407661,1.010025407661,1.010025407662,1.010025407661
      ,1.010025407662,1.010025407661,1.010025407662,1.010025407661
      ,1.010025407661,1.010025407661,1.010025407662,1.010025407661
      ,1.010025407662,1.010025407661,1.010025407662,1.010025407661
      ,1.010025407661,1.010025407661,1.010025407662,1.010025407661
      ,1.010025407662,1.010025407661,1.010025407662,1.010025407661
      ,1.010025407661,1.010025407661,1.010025407662,1.010025407661
      ,1.010025407662,1.010025407661,1.010025407662,1.010025407661
      ,1.010025407661,1.010025407661,1.010025407662,1.010025407661
      ,1.010025407662,1.010025407661,1.010025407662,1.010025407661
      ,1.010025407661,1.010025407661,1.010025407662,1.010025407661
      ,1.010025407662,1.010025407661,1.010025407662,1.010025407661
      ,1.010025407661,1.010025407661)
    ,(1.031393471788,1.031393471787,1.031393471788,1.031393471787
      ,1.031393471788,1.031393471787,1.031393471788,1.031393471787
      ,1.031393471788,1.031393471788,1.031393471788,1.031393471787
      ,1.031393471788,1.031393471787,1.031393471788,1.031393471787
      ,1.031393471788,1.031393471787,1.031393471788,1.031393471787
      ,1.031393471788,1.031393471787,1.031393471788,1.031393471787
      ,1.031393471788,1.031393471787,1.031393471788,1.031393471787
      ,1.031393471788,1.031393471787,1.031393471788,1.031393471787
      ,1.031393471788,1.031393471787,1.031393471788,1.031393471787
      ,1.031393471788,1.031393471787,1.031393471788,1.031393471787
      ,1.031393471788,1.031393471787,1.031393471788,1.031393471787
      ,1.031393471788,1.031393471787,1.031393471788,1.031393471787
      ,1.031393471788,1.031393471787,1.031393471788,1.031393471787
      ,1.031393471788,1.031393471787,1.031393471788,1.031393471787
      ,1.031393471788,1.031393471787,1.031393471788,1.031393471787
      ,1.031393471788,1.031393471787,1.031393471788,1.031393471787
,1.031393471788,1.031393471788))) REPRESENTATION_ITEM('') SURFACE() );
#3329 = CARTESIAN_POINT('',(-9.050966799188,9.050966799188,53.));
#3330 = CARTESIAN_POINT('',(-13.39511900539,4.706814592977,
    53.305555555555));
#3331 = CARTESIAN_POINT('',(-15.39395958313,-1.984022639734,
    53.611111111111));
#3332 = CARTESIAN_POINT('',(-13.59664655143,-9.565489320005,
    53.916666666666));
#3333 = CARTESIAN_POINT('',(-7.613459457556,-15.58313959363,
    54.222222222223));
#3334 = CARTESIAN_POINT('',(1.070540436717,-17.31025704411,
    54.527777777777));
#3335 = CARTESIAN_POINT('',(8.901106558954,-14.04070269982,
    54.833333333334));
#3336 = CARTESIAN_POINT('',(13.46291045884,-7.723979012137,
    55.138888888888));
#3337 = CARTESIAN_POINT('',(14.176695120138,-0.777557727831,
    55.444444444445));
#3338 = CARTESIAN_POINT('',(9.474620912151,10.574253596377,
    56.055555555556));
#3339 = CARTESIAN_POINT('',(4.058037342733,14.981393217181,
    56.361111111111));
#3340 = CARTESIAN_POINT('',(-3.6342432838,16.222308899559,
    56.666666666667));
#3341 = CARTESIAN_POINT('',(-11.48321373757,12.997186542346,
    56.972222222222));
#3342 = CARTESIAN_POINT('',(-16.40247248966,5.635414868068,
    57.277777777778));
#3343 = CARTESIAN_POINT('',(-16.37810334135,-2.850458614351,
    57.583333333334));
#3344 = CARTESIAN_POINT('',(-12.28808907319,-9.482257347972,
    57.888888888889));
#3345 = CARTESIAN_POINT('',(-6.143558967015,-12.8,58.194444444444));
#3346 = CARTESIAN_POINT('',(6.143558967018,-12.8,58.805555555556));
#3347 = CARTESIAN_POINT('',(12.288089073185,-9.482257347972,
    59.111111111111));
#3348 = CARTESIAN_POINT('',(16.378103341378,-2.850458614354,
    59.416666666666));
#3349 = CARTESIAN_POINT('',(16.402472489645,5.635414868075,
    59.722222222223));
#3350 = CARTESIAN_POINT('',(11.483213737579,12.997186542339,
    60.027777777777));
#3351 = CARTESIAN_POINT('',(3.634243283801,16.222308899562,
    60.333333333334));
#3352 = CARTESIAN_POINT('',(-4.058037342734,14.981393217181,
    60.638888888889));
#3353 = CARTESIAN_POINT('',(-9.474620912151,10.574253596377,
    60.944444444444));
#3354 = CARTESIAN_POINT('',(-14.17669512013,-0.777557727831,
    61.555555555556));
#3355 = CARTESIAN_POINT('',(-13.46291045884,-7.723979012132,
    61.861111111111));
#3356 = CARTESIAN_POINT('',(-8.90110655892,-14.04070269985,
    62.166666666667));
#3357 = CARTESIAN_POINT('',(-1.070540436802,-17.31025704405,
    62.472222222222));
#3358 = CARTESIAN_POINT('',(7.61345945768,-15.58313959372,
    62.777777777778));
#3359 = CARTESIAN_POINT('',(13.596646551324,-9.565489319917,
    63.083333333333));
#3360 = CARTESIAN_POINT('',(15.393959583202,-1.984022639789,
    63.388888888889));
#3361 = CARTESIAN_POINT('',(13.395119005383,4.706814592997,
    63.694444444444));
#3362 = CARTESIAN_POINT('',(4.706814592984,13.395119005388,
    64.305555555556));
#3363 = CARTESIAN_POINT('',(-1.984022639743,15.393959583161,
    64.611111111111));
#3364 = CARTESIAN_POINT('',(-9.565489319995,13.596646551404,
    64.916666666666));
#3365 = CARTESIAN_POINT('',(-15.58313959363,7.613459457591,
    65.222222222223));
#3366 = CARTESIAN_POINT('',(-17.31025704411,-1.070540436744,
    65.527777777778));
#3367 = CARTESIAN_POINT('',(-14.04070269983,-8.901106558941,
    65.833333333333));
#3368 = CARTESIAN_POINT('',(-7.723979012137,-13.46291045884,
    66.138888888889));
#3369 = CARTESIAN_POINT('',(-0.777557727831,-14.17669512013,
    66.444444444444));
#3370 = CARTESIAN_POINT('',(10.574253596377,-9.474620912151,
    67.055555555556));
#3371 = CARTESIAN_POINT('',(14.981393217183,-4.058037342734,
    67.361111111111));
#3372 = CARTESIAN_POINT('',(16.222308899549,3.634243283811,
    67.666666666666));
#3373 = CARTESIAN_POINT('',(12.997186542368,11.48321373754,
    67.972222222223));
#3374 = CARTESIAN_POINT('',(5.635414868038,16.402472489718,
    68.277777777777));
#3375 = CARTESIAN_POINT('',(-2.850458614324,16.378103341287,
    68.583333333334));
#3376 = CARTESIAN_POINT('',(-9.482257347979,12.288089073254,
    68.888888888889));
#3377 = CARTESIAN_POINT('',(-12.8,6.143558966993,69.194444444444));
#3378 = CARTESIAN_POINT('',(-12.79999999999,-6.143558967001,
    69.805555555556));
#3379 = CARTESIAN_POINT('',(-9.482257347982,-12.28808907322,
    70.111111111111));
#3380 = CARTESIAN_POINT('',(-2.850458614324,-16.37810334131,
    70.416666666667));
#3381 = CARTESIAN_POINT('',(5.635414868028,-16.4024724897,
    70.722222222222));
#3382 = CARTESIAN_POINT('',(12.99718654238,-11.48321373754,
    71.027777777778));
#3383 = CARTESIAN_POINT('',(16.222308899543,-3.634243283814,
    71.333333333333));
#3384 = CARTESIAN_POINT('',(14.981393217185,4.058037342736,
    71.638888888889));
#3385 = CARTESIAN_POINT('',(10.574253596377,9.47462091215,
    71.944444444444));
#3386 = CARTESIAN_POINT('',(-0.777557727831,14.176695120139,
    72.555555555556));
#3387 = CARTESIAN_POINT('',(-7.723979012127,13.46291045886,
    72.861111111111));
#3388 = CARTESIAN_POINT('',(-14.04070269988,8.901106558852,
    73.166666666668));
#3389 = CARTESIAN_POINT('',(-17.31025704398,1.070540436957,
    73.47222222222));
#3390 = CARTESIAN_POINT('',(-15.58313959383,-7.613459457893,
    73.77777777778));
#3391 = CARTESIAN_POINT('',(-9.565489319798,-13.59664655113,
    74.083333333332));
#3392 = CARTESIAN_POINT('',(-1.984022639873,-15.39395958331,
    74.388888888889));
#3393 = CARTESIAN_POINT('',(4.70681459303,-13.39511900534,
    74.694444444444));
#3394 = CARTESIAN_POINT('',(9.050966799188,-9.050966799188,75.));
#3395 = CARTESIAN_POINT('',(-11.4706231477,6.631310450669,53.));
#3396 = CARTESIAN_POINT('',(-14.65342367758,1.125806568123,
    53.305555555556));
#3397 = CARTESIAN_POINT('',(-14.86355735293,-6.099394274676,
    53.611111111111));
#3398 = CARTESIAN_POINT('',(-11.03943940734,-13.20037307073,
    53.916666666667));
#3399 = CARTESIAN_POINT('',(-3.447513047172,-17.61849735368,
    54.222222222222));
#3400 = CARTESIAN_POINT('',(5.698208870439,-17.02406220752,
    54.527777777779));
#3401 = CARTESIAN_POINT('',(12.654702851935,-11.66110950585,
    54.833333333333));
#3402 = CARTESIAN_POINT('',(15.527814161084,-4.124847838195,
    55.138888888889));
#3403 = CARTESIAN_POINT('',(14.384564901812,3.012394341326,
    55.444444444444));
#3404 = CARTESIAN_POINT('',(6.647733971452,13.107168272625,
    56.055555555556));
#3405 = CARTESIAN_POINT('',(5.295987290275E-02,16.066255866301,
    56.361111111111));
#3406 = CARTESIAN_POINT('',(-7.971063160321,15.250741990873,
    56.666666666667));
#3407 = CARTESIAN_POINT('',(-14.95783977784,9.927301121486,
    56.972222222222));
#3408 = CARTESIAN_POINT('',(-17.90902617222,1.250430636928,
    57.277777777778));
#3409 = CARTESIAN_POINT('',(-15.61607090488,-7.228928075775,
    57.583333333333));
#3410 = CARTESIAN_POINT('',(-9.753132896762,-12.76731555189,
    57.888888888889));
#3411 = CARTESIAN_POINT('',(-2.721648142657,-14.44239929135,
    58.194444444444));
#3412 = CARTESIAN_POINT('',(9.565469791375,-11.15760070864,
    58.805555555556));
#3413 = CARTESIAN_POINT('',(14.82304524962,-6.197199144051,
    59.111111111111));
#3414 = CARTESIAN_POINT('',(17.14013577785,1.528010847076,
    59.416666666667));
#3415 = CARTESIAN_POINT('',(14.895918807081,10.02039909921,
    59.722222222222));
#3416 = CARTESIAN_POINT('',(8.008587697311,16.067071963202,
    60.027777777778));
#3417 = CARTESIAN_POINT('',(-0.702576592721,17.193875808247,
    60.333333333333));
#3418 = CARTESIAN_POINT('',(-8.063114812564,13.896530568061,
    60.638888888889));
#3419 = CARTESIAN_POINT('',(-12.30150785284,8.041338920129,
    60.944444444444));
#3420 = CARTESIAN_POINT('',(-13.96882533846,-4.567509796989,
    61.555555555556));
#3421 = CARTESIAN_POINT('',(-11.3980067566,-11.32311018607,
    61.861111111111));
#3422 = CARTESIAN_POINT('',(-5.147510265933,-16.42029589382,
    62.166666666667));
#3423 = CARTESIAN_POINT('',(3.557127996904,-17.59645188066,
    62.472222222222));
#3424 = CARTESIAN_POINT('',(11.779405868089,-13.54778183364,
    62.777777777778));
#3425 = CARTESIAN_POINT('',(16.153853695394,-5.93060556922,
    63.083333333333));
#3426 = CARTESIAN_POINT('',(15.924361813426,2.13134899517,
    63.388888888889));
#3427 = CARTESIAN_POINT('',(12.136814333194,8.287822617846,
    63.694444444444));
#3428 = CARTESIAN_POINT('',(1.125806568133,14.653423677574,
    64.305555555556));
#3429 = CARTESIAN_POINT('',(-6.099394274691,14.86355735295,
    64.611111111111));
#3430 = CARTESIAN_POINT('',(-13.20037307071,11.039439407312,
    64.916666666666));
#3431 = CARTESIAN_POINT('',(-17.61849735369,3.447513047206,
    65.222222222223));
#3432 = CARTESIAN_POINT('',(-17.02406220751,-5.698208870467,
    65.527777777778));
#3433 = CARTESIAN_POINT('',(-11.66110950586,-12.65470285192,
    65.833333333333));
#3434 = CARTESIAN_POINT('',(-4.124847838195,-15.52781416108,
    66.138888888889));
#3435 = CARTESIAN_POINT('',(3.012394341326,-14.38456490181,
    66.444444444444));
#3436 = CARTESIAN_POINT('',(13.107168272625,-6.647733971452,
    67.055555555556));
#3437 = CARTESIAN_POINT('',(16.066255866304,-5.295987290326E-02,
    67.361111111111));
#3438 = CARTESIAN_POINT('',(15.25074199086,7.971063160329,
    67.666666666666));
#3439 = CARTESIAN_POINT('',(9.927301121517,14.957839777816,
    67.972222222223));
#3440 = CARTESIAN_POINT('',(1.250430636883,17.909026172271,
    68.277777777777));
#3441 = CARTESIAN_POINT('',(-7.22892807573,15.616070904824,
    68.583333333333));
#3442 = CARTESIAN_POINT('',(-12.76731555192,9.753132896817,
    68.888888888889));
#3443 = CARTESIAN_POINT('',(-14.44239929134,2.721648142636,
    69.194444444444));
#3444 = CARTESIAN_POINT('',(-11.15760070865,-9.565469791358,
    69.805555555556));
#3445 = CARTESIAN_POINT('',(-6.197199144049,-14.82304524966,
    70.111111111111));
#3446 = CARTESIAN_POINT('',(1.52801084709,-17.14013577778,
    70.416666666666));
#3447 = CARTESIAN_POINT('',(10.02039909918,-14.89591880715,
    70.722222222223));
#3448 = CARTESIAN_POINT('',(16.067071963232,-8.008587697263,
    71.027777777777));
#3449 = CARTESIAN_POINT('',(17.193875808232,0.702576592703,
    71.333333333334));
#3450 = CARTESIAN_POINT('',(13.896530568063,8.063114812567,
    71.638888888889));
#3451 = CARTESIAN_POINT('',(8.041338920129,12.301507852849,
    71.944444444444));
#3452 = CARTESIAN_POINT('',(-4.567509796988,13.968825338465,
    72.555555555556));
#3453 = CARTESIAN_POINT('',(-11.32311018607,11.398006756618,
    72.861111111111));
#3454 = CARTESIAN_POINT('',(-16.42029589382,5.147510265859,
    73.166666666667));
#3455 = CARTESIAN_POINT('',(-17.59645188063,-3.557127996734,
    73.472222222221));
#3456 = CARTESIAN_POINT('',(-13.54778183369,-11.77940586832,
    73.777777777779));
#3457 = CARTESIAN_POINT('',(-5.93060556915,-16.15385369517,
    74.083333333333));
#3458 = CARTESIAN_POINT('',(2.131348995115,-15.92436181355,
    74.388888888889));
#3459 = CARTESIAN_POINT('',(8.287822617869,-12.13681433314,
    74.694444444444));
#3460 = CARTESIAN_POINT('',(11.470623147706,-6.631310450669,75.));
#3461 = CARTESIAN_POINT('',(-13.0578680139,3.505322473727,53.));
#3462 = CARTESIAN_POINT('',(-14.74030202295,-2.762004254961,
    53.305555555556));
#3463 = CARTESIAN_POINT('',(-13.0384202899,-9.938896521607,
    53.611111111111));
#3464 = CARTESIAN_POINT('',(-7.393081725425,-15.92744805542,
    53.916666666667));
#3465 = CARTESIAN_POINT('',(1.257074071013,-18.2761927544,
    54.222222222222));
#3466 = CARTESIAN_POINT('',(10.114310877846,-15.27387651902,
    54.527777777778));
#3467 = CARTESIAN_POINT('',(15.553872955769,-8.149991647763,
    54.833333333333));
#3468 = CARTESIAN_POINT('',(16.394514436796,3.708606913391E-02,
    55.138888888889));
#3469 = CARTESIAN_POINT('',(13.381938235973,6.769701607685,
    55.444444444444));
#3470 = CARTESIAN_POINT('',(3.089112642547,14.67523471329,
    56.055555555556));
#3471 = CARTESIAN_POINT('',(-4.192723116365,15.849370708785,
    56.361111111111));
#3472 = CARTESIAN_POINT('',(-11.88596826678,12.925520730062,
    56.666666666666));
#3473 = CARTESIAN_POINT('',(-17.36581736846,5.832578810138,
    56.972222222223));
#3474 = CARTESIAN_POINT('',(-17.98204770282,-3.499345257682,
    57.277777777777));
#3475 = CARTESIAN_POINT('',(-13.48168185563,-11.2510227667,
    57.583333333334));
#3476 = CARTESIAN_POINT('',(-6.239679551046,-15.16075416414,
    57.888888888889));
#3477 = CARTESIAN_POINT('',(1.133340002609,-14.95395304494,
    58.194444444445));
#3478 = CARTESIAN_POINT('',(12.375999455498,-8.469935578829,
    58.805555555556));
#3479 = CARTESIAN_POINT('',(16.247416530945,-2.191694274993,
    59.111111111111));
#3480 = CARTESIAN_POINT('',(16.490104748817,6.03470830505,
    59.416666666666));
#3481 = CARTESIAN_POINT('',(12.034334230936,13.812105430992,
    59.722222222223));
#3482 = CARTESIAN_POINT('',(3.648363852785,17.952159470356,
    60.027777777777));
#3483 = CARTESIAN_POINT('',(-5.235334679958,16.761163401486,
    60.333333333334));
#3484 = CARTESIAN_POINT('',(-11.61889614349,11.566448521547,
    60.638888888889));
#3485 = CARTESIAN_POINT('',(-14.24936118547,4.675557358672,
    60.944444444444));
#3486 = CARTESIAN_POINT('',(-12.56129047866,-8.192625483878,
    61.555555555556));
#3487 = CARTESIAN_POINT('',(-8.242494558504,-14.17190045293,
    61.861111111111));
#3488 = CARTESIAN_POINT('',(-0.735074596165,-17.54437212102,
    62.166666666667));
#3489 = CARTESIAN_POINT('',(8.155231193604,-16.40374325051,
    62.472222222222));
#3490 = CARTESIAN_POINT('',(15.189638631754,-10.24081710889,
    62.777777777778));
#3491 = CARTESIAN_POINT('',(17.488663155498,-1.577314168281,
    63.083333333333));
#3492 = CARTESIAN_POINT('',(15.132391800364,6.308152354388,
    63.388888888889));
#3493 = CARTESIAN_POINT('',(9.77264920239,11.375434004865,
    63.694444444444));
#3494 = CARTESIAN_POINT('',(-2.762004254948,14.740302022947,
    64.305555555556));
#3495 = CARTESIAN_POINT('',(-9.938896521626,13.038420289923,
    64.611111111111));
#3496 = CARTESIAN_POINT('',(-15.9274480554,7.393081725401,
    64.916666666666));
#3497 = CARTESIAN_POINT('',(-18.27619275442,-1.257074070986,
    65.222222222223));
#3498 = CARTESIAN_POINT('',(-15.273876519,-10.11431087787,
    65.527777777778));
#3499 = CARTESIAN_POINT('',(-8.14999164777,-15.55387295575,
    65.833333333333));
#3500 = CARTESIAN_POINT('',(3.70860691355E-02,-16.39451443679,
    66.138888888889));
#3501 = CARTESIAN_POINT('',(6.769701607684,-13.38193823597,
    66.444444444444));
#3502 = CARTESIAN_POINT('',(14.67523471329,-3.089112642547,
    67.055555555556));
#3503 = CARTESIAN_POINT('',(15.849370708788,4.192723116364,
    67.361111111111));
#3504 = CARTESIAN_POINT('',(12.925520730048,11.885968266794,
    67.666666666666));
#3505 = CARTESIAN_POINT('',(5.832578810175,17.365817368449,
    67.972222222223));
#3506 = CARTESIAN_POINT('',(-3.499345257738,17.982047702865,
    68.277777777778));
#3507 = CARTESIAN_POINT('',(-11.25102276664,13.48168185558,
    68.583333333333));
#3508 = CARTESIAN_POINT('',(-15.16075416418,6.239679551094,
    68.888888888889));
#3509 = CARTESIAN_POINT('',(-14.95395304493,-1.133340002629,
    69.194444444444));
#3510 = CARTESIAN_POINT('',(-8.469935578837,-12.37599945548,
    69.805555555556));
#3511 = CARTESIAN_POINT('',(-2.19169427498,-16.24741653098,
    70.111111111111));
#3512 = CARTESIAN_POINT('',(6.034708305045,-16.49010474874,
    70.416666666666));
#3513 = CARTESIAN_POINT('',(13.812105430981,-12.03433423101,
    70.722222222223));
#3514 = CARTESIAN_POINT('',(17.952159470374,-3.648363852729,
    71.027777777777));
#3515 = CARTESIAN_POINT('',(16.761163401475,5.235334679937,
    71.333333333334));
#3516 = CARTESIAN_POINT('',(11.56644852155,11.618896143503,
    71.638888888889));
#3517 = CARTESIAN_POINT('',(4.675557358673,14.249361185479,
    71.944444444444));
#3518 = CARTESIAN_POINT('',(-8.192625483878,12.561290478665,
    72.555555555556));
#3519 = CARTESIAN_POINT('',(-14.17190045294,8.242494558521,
    72.861111111111));
#3520 = CARTESIAN_POINT('',(-17.54437212101,0.735074596089,
    73.166666666668));
#3521 = CARTESIAN_POINT('',(-16.40374325054,-8.155231193426,
    73.472222222221));
#3522 = CARTESIAN_POINT('',(-10.24081710888,-15.189638632,
    73.777777777779));
#3523 = CARTESIAN_POINT('',(-1.577314168271,-17.48866315526,
    74.083333333333));
#3524 = CARTESIAN_POINT('',(6.308152354368,-15.1323918005,
    74.388888888889));
#3525 = CARTESIAN_POINT('',(11.375434004876,-9.772649202338,
    74.694444444444));
#3526 = CARTESIAN_POINT('',(13.057868013904,-3.505322473728,75.));
#3527 = CARTESIAN_POINT('',(-13.61119709931,5.353522453753E-14,53.));
#3528 = CARTESIAN_POINT('',(-13.61119709931,-6.532905624342,
    53.305555555556));
#3529 = CARTESIAN_POINT('',(-10.08319325855,-13.06684393346,
    53.611111111111));
#3530 = CARTESIAN_POINT('',(-3.0311057831,-17.41606192917,
    53.916666666666));
#3531 = CARTESIAN_POINT('',(5.992558008295,-17.44197546651,
    54.222222222222));
#3532 = CARTESIAN_POINT('',(13.820880294057,-12.21095980597,
    54.527777777778));
#3533 = CARTESIAN_POINT('',(17.250394049845,-3.864562628304,
    54.833333333333));
#3534 = CARTESIAN_POINT('',(15.930835617288,4.315214539706,
    55.138888888889));
#3535 = CARTESIAN_POINT('',(11.244394521749,10.075072865354,
    55.444444444444));
#3536 = CARTESIAN_POINT('',(-0.826835272625,15.075139960706,
    56.055555555556));
#3537 = CARTESIAN_POINT('',(-8.21348443165,14.316119358259,
    56.361111111111));
#3538 = CARTESIAN_POINT('',(-14.93052905158,9.46521216996,
    56.666666666666));
#3539 = CARTESIAN_POINT('',(-18.40729066147,1.138385694367,
    56.972222222222));
#3540 = CARTESIAN_POINT('',(-16.57071753403,-8.09596072545,
    57.277777777778));
#3541 = CARTESIAN_POINT('',(-10.1717000379,-14.45833094531,
    57.583333333333));
#3542 = CARTESIAN_POINT('',(-2.109759624959,-16.36954828325,
    57.888888888889));
#3543 = CARTESIAN_POINT('',(5.005107901182,-14.24403163679,
    58.194444444444));
#3544 = CARTESIAN_POINT('',(14.244031636798,-5.00510790118,
    58.805555555556));
#3545 = CARTESIAN_POINT('',(16.369548283242,2.109759624949,
    59.111111111111));
#3546 = CARTESIAN_POINT('',(14.458330945334,10.171700037917,
    59.416666666667));
#3547 = CARTESIAN_POINT('',(8.095960725433,16.570717534024,
    59.722222222222));
#3548 = CARTESIAN_POINT('',(-1.138385694358,18.407290661473,
    60.027777777778));
#3549 = CARTESIAN_POINT('',(-9.46521216996,14.93052905159,
    60.333333333333));
#3550 = CARTESIAN_POINT('',(-14.31611935826,8.21348443165,
    60.638888888889));
#3551 = CARTESIAN_POINT('',(-15.0751399607,0.826835272625,
    60.944444444444));
#3552 = CARTESIAN_POINT('',(-10.07507286535,-11.24439452174,
    61.555555555556));
#3553 = CARTESIAN_POINT('',(-4.315214539714,-15.93083561728,
    61.861111111111));
#3554 = CARTESIAN_POINT('',(3.864562628349,-17.25039404983,
    62.166666666667));
#3555 = CARTESIAN_POINT('',(12.210959805868,-13.82088029407,
    62.472222222222));
#3556 = CARTESIAN_POINT('',(17.441975466676,-5.99255800827,
    62.777777777778));
#3557 = CARTESIAN_POINT('',(17.416061929031,3.031105783081,
    63.083333333333));
#3558 = CARTESIAN_POINT('',(13.066843933548,10.083193258564,
    63.388888888889));
#3559 = CARTESIAN_POINT('',(6.532905624315,13.611197099314,
    63.694444444444));
#3560 = CARTESIAN_POINT('',(-6.532905624328,13.611197099308,
    64.305555555556));
#3561 = CARTESIAN_POINT('',(-13.06684393348,10.083193258568,
    64.611111111111));
#3562 = CARTESIAN_POINT('',(-17.41606192914,3.031105783082,
    64.916666666666));
#3563 = CARTESIAN_POINT('',(-17.44197546654,-5.992558008274,
    65.222222222223));
#3564 = CARTESIAN_POINT('',(-12.21095980595,-13.82088029407,
    65.527777777778));
#3565 = CARTESIAN_POINT('',(-3.864562628314,-17.25039404983,
    65.833333333333));
#3566 = CARTESIAN_POINT('',(4.315214539708,-15.93083561729,
    66.138888888889));
#3567 = CARTESIAN_POINT('',(10.075072865354,-11.24439452174,
    66.444444444444));
#3568 = CARTESIAN_POINT('',(15.075139960707,0.826835272625,
    67.055555555556));
#3569 = CARTESIAN_POINT('',(14.316119358261,8.213484431651,
    67.361111111111));
#3570 = CARTESIAN_POINT('',(9.465212169945,14.930529051588,
    67.666666666666));
#3571 = CARTESIAN_POINT('',(1.138385694408,18.407290661465,
    67.972222222222));
#3572 = CARTESIAN_POINT('',(-8.095960725516,16.570717534052,
    68.277777777778));
#3573 = CARTESIAN_POINT('',(-14.45833094524,10.171700037871,
    68.583333333333));
#3574 = CARTESIAN_POINT('',(-16.3695482833,2.109759624997,
    68.888888888889));
#3575 = CARTESIAN_POINT('',(-14.24403163678,-5.005107901199,
    69.194444444444));
#3576 = CARTESIAN_POINT('',(-5.005107901191,-14.24403163678,
    69.805555555556));
#3577 = CARTESIAN_POINT('',(2.109759624973,-16.36954828328,
    70.111111111111));
#3578 = CARTESIAN_POINT('',(10.171700037894,-14.45833094526,
    70.416666666666));
#3579 = CARTESIAN_POINT('',(16.570717534033,-8.095960725513,
    70.722222222223));
#3580 = CARTESIAN_POINT('',(18.407290661476,1.138385694417,
    71.027777777776));
#3581 = CARTESIAN_POINT('',(14.930529051585,9.465212169937,
    71.333333333334));
#3582 = CARTESIAN_POINT('',(8.213484431651,14.316119358265,
    71.638888888888));
#3583 = CARTESIAN_POINT('',(0.826835272625,15.075139960706,
    71.944444444444));
#3584 = CARTESIAN_POINT('',(-11.24439452174,10.075072865355,
    72.555555555556));
#3585 = CARTESIAN_POINT('',(-15.93083561729,4.315214539729,
    72.861111111111));
#3586 = CARTESIAN_POINT('',(-17.2503940498,-3.86456262842,
    73.166666666667));
#3587 = CARTESIAN_POINT('',(-13.82088029414,-12.2109598057,
    73.472222222221));
#3588 = CARTESIAN_POINT('',(-5.992558008192,-17.44197546692,
    73.777777777779));
#3589 = CARTESIAN_POINT('',(3.031105783029,-17.41606192879,
    74.083333333333));
#3590 = CARTESIAN_POINT('',(10.083193258583,-13.06684393369,
    74.388888888889));
#3591 = CARTESIAN_POINT('',(13.61119709931,-6.532905624261,
    74.694444444444));
#3592 = CARTESIAN_POINT('',(13.611197099311,-1.698590292513E-13,75.));
#3593 = CARTESIAN_POINT('',(-13.0578680139,-3.505322473728,53.));
#3594 = CARTESIAN_POINT('',(-11.37543400485,-9.772649202416,
    53.305555555555));
#3595 = CARTESIAN_POINT('',(-6.308152354405,-15.13239180027,
    53.611111111111));
#3596 = CARTESIAN_POINT('',(1.577314168301,-17.48866315564,
    53.916666666666));
#3597 = CARTESIAN_POINT('',(10.240817108881,-15.18963863159,
    54.222222222223));
#3598 = CARTESIAN_POINT('',(16.403743250528,-8.155231193715,
    54.527777777778));
#3599 = CARTESIAN_POINT('',(17.544372121019,0.735074596211,
    54.833333333333));
#3600 = CARTESIAN_POINT('',(14.171900452938,8.242494558496,
    55.138888888889));
#3601 = CARTESIAN_POINT('',(8.192625483878,12.561290478665,
    55.444444444444));
#3602 = CARTESIAN_POINT('',(-4.675557358673,14.249361185479,
    56.055555555556));
#3603 = CARTESIAN_POINT('',(-11.56644852154,11.618896143498,
    56.361111111111));
#3604 = CARTESIAN_POINT('',(-16.76116340148,5.235334679958,
    56.666666666667));
#3605 = CARTESIAN_POINT('',(-17.95215947035,-3.648363852776,
    56.972222222222));
#3606 = CARTESIAN_POINT('',(-13.81210543099,-12.03433423095,
    57.277777777778));
#3607 = CARTESIAN_POINT('',(-6.034708305042,-16.49010474879,
    57.583333333333));
#3608 = CARTESIAN_POINT('',(2.191694274986,-16.24741653095,
    57.888888888889));
#3609 = CARTESIAN_POINT('',(8.469935578831,-12.37599945549,
    58.194444444444));
#3610 = CARTESIAN_POINT('',(14.953953044948,-1.133340002605,
    58.805555555556));
#3611 = CARTESIAN_POINT('',(15.16075416414,6.239679551034,
    59.111111111111));
#3612 = CARTESIAN_POINT('',(11.251022766714,13.481681855647,
    59.416666666667));
#3613 = CARTESIAN_POINT('',(3.499345257667,17.982047702816,
    59.722222222222));
#3614 = CARTESIAN_POINT('',(-5.832578810129,17.36581736847,
    60.027777777778));
#3615 = CARTESIAN_POINT('',(-12.92552073006,11.885968266792,
    60.333333333333));
#3616 = CARTESIAN_POINT('',(-15.84937070878,4.192723116363,
    60.638888888889));
#3617 = CARTESIAN_POINT('',(-14.67523471328,-3.089112642547,
    60.944444444444));
#3618 = CARTESIAN_POINT('',(-6.769701607685,-13.38193823597,
    61.555555555556));
#3619 = CARTESIAN_POINT('',(-3.70860691413E-02,-16.39451443679,
    61.861111111111));
#3620 = CARTESIAN_POINT('',(8.149991647805,-15.55387295574,
    62.166666666667));
#3621 = CARTESIAN_POINT('',(15.273876518925,-10.11431087789,
    62.472222222222));
#3622 = CARTESIAN_POINT('',(18.276192754546,-1.257074070948,
    62.777777777778));
#3623 = CARTESIAN_POINT('',(15.92744805529,7.393081725369,
    63.083333333333));
#3624 = CARTESIAN_POINT('',(9.93889652169,13.038420289937,
    63.388888888889));
#3625 = CARTESIAN_POINT('',(2.762004254933,14.740302022948,
    63.694444444444));
#3626 = CARTESIAN_POINT('',(-9.772649202402,11.375434004856,
    64.305555555556));
#3627 = CARTESIAN_POINT('',(-15.1323918003,6.308152354409,
    64.611111111111));
#3628 = CARTESIAN_POINT('',(-17.48866315561,-1.57731416831,
    64.916666666666));
#3629 = CARTESIAN_POINT('',(-15.18963863162,-10.24081710886,
    65.222222222223));
#3630 = CARTESIAN_POINT('',(-8.155231193688,-16.40374325054,
    65.527777777778));
#3631 = CARTESIAN_POINT('',(0.735074596198,-17.54437212101,
    65.833333333333));
#3632 = CARTESIAN_POINT('',(8.2424945585,-14.17190045294,66.138888888889
    ));
#3633 = CARTESIAN_POINT('',(12.561290478665,-8.192625483877,
    66.444444444444));
#3634 = CARTESIAN_POINT('',(14.24936118548,4.675557358673,
    67.055555555556));
#3635 = CARTESIAN_POINT('',(11.6188961435,11.566448521549,
    67.361111111111));
#3636 = CARTESIAN_POINT('',(5.235334679943,16.76116340148,
    67.666666666666));
#3637 = CARTESIAN_POINT('',(-3.648363852735,17.952159470361,
    67.972222222222));
#3638 = CARTESIAN_POINT('',(-12.03433423102,13.812105430998,
    68.277777777778));
#3639 = CARTESIAN_POINT('',(-16.49010474871,6.034708305029,
    68.583333333333));
#3640 = CARTESIAN_POINT('',(-16.24741653101,-2.191694274963,
    68.888888888889));
#3641 = CARTESIAN_POINT('',(-12.37599945547,-8.469935578843,
    69.194444444444));
#3642 = CARTESIAN_POINT('',(-1.13334000262,-14.95395304493,
    69.805555555556));
#3643 = CARTESIAN_POINT('',(6.239679551067,-15.16075416417,
    70.111111111111));
#3644 = CARTESIAN_POINT('',(13.481681855607,-11.25102276665,
    70.416666666666));
#3645 = CARTESIAN_POINT('',(17.982047702846,-3.499345257742,
    70.722222222223));
#3646 = CARTESIAN_POINT('',(17.365817368458,5.832578810187,
    71.027777777777));
#3647 = CARTESIAN_POINT('',(11.885968266793,12.925520730039,
    71.333333333334));
#3648 = CARTESIAN_POINT('',(4.192723116364,15.849370708791,
    71.638888888889));
#3649 = CARTESIAN_POINT('',(-3.089112642546,14.675234713289,
    71.944444444444));
#3650 = CARTESIAN_POINT('',(-13.38193823597,6.769701607685,
    72.555555555556));
#3651 = CARTESIAN_POINT('',(-16.39451443681,3.70860691539E-02,
    72.861111111111));
#3652 = CARTESIAN_POINT('',(-15.5538729557,-8.149991647863,
    73.166666666667));
#3653 = CARTESIAN_POINT('',(-10.11431087799,-15.27387651878,
    73.472222222221));
#3654 = CARTESIAN_POINT('',(-1.257074070811,-18.27619275475,
    73.777777777779));
#3655 = CARTESIAN_POINT('',(7.393081725259,-15.92744805507,
    74.083333333333));
#3656 = CARTESIAN_POINT('',(13.038420289991,-9.938896521825,
    74.388888888889));
#3657 = CARTESIAN_POINT('',(14.740302022932,-2.762004254883,
    74.694444444444));
#3658 = CARTESIAN_POINT('',(13.057868013904,3.505322473727,75.));
#3659 = CARTESIAN_POINT('',(-11.4706231477,-6.631310450669,53.));
#3660 = CARTESIAN_POINT('',(-8.287822617831,-12.13681433321,
    53.305555555556));
#3661 = CARTESIAN_POINT('',(-2.131348995209,-15.92436181334,
    53.611111111111));
#3662 = CARTESIAN_POINT('',(5.930605569276,-16.15385369552,
    53.916666666667));
#3663 = CARTESIAN_POINT('',(13.547781833583,-11.77940586794,
    54.222222222222));
#3664 = CARTESIAN_POINT('',(17.596451880701,-3.557127997007,
    54.527777777778));
#3665 = CARTESIAN_POINT('',(16.420295893804,5.147510265976,
    54.833333333333));
#3666 = CARTESIAN_POINT('',(11.323110186079,11.398006756594,
    55.138888888889));
#3667 = CARTESIAN_POINT('',(4.567509796989,13.968825338464,
    55.444444444444));
#3668 = CARTESIAN_POINT('',(-8.04133892013,12.301507852849,
    56.055555555556));
#3669 = CARTESIAN_POINT('',(-13.89653056806,8.063114812563,
    56.361111111111));
#3670 = CARTESIAN_POINT('',(-17.19387580824,0.70257659272,
    56.666666666667));
#3671 = CARTESIAN_POINT('',(-16.0670719632,-8.008587697302,
    56.972222222222));
#3672 = CARTESIAN_POINT('',(-10.0203990992,-14.8959188071,
    57.277777777778));
#3673 = CARTESIAN_POINT('',(-1.528010847074,-17.14013577782,
    57.583333333333));
#3674 = CARTESIAN_POINT('',(6.197199144047,-14.82304524963,
    57.888888888889));
#3675 = CARTESIAN_POINT('',(11.157600708649,-9.565469791372,
    58.194444444444));
#3676 = CARTESIAN_POINT('',(14.442399291352,2.72164814266,
    58.805555555556));
#3677 = CARTESIAN_POINT('',(12.767315551895,9.75313289675,
    59.111111111111));
#3678 = CARTESIAN_POINT('',(7.228928075783,15.616070904906,
    59.416666666667));
#3679 = CARTESIAN_POINT('',(-1.250430636938,17.909026172208,
    59.722222222222));
#3680 = CARTESIAN_POINT('',(-9.927301121479,14.957839777846,
    60.027777777778));
#3681 = CARTESIAN_POINT('',(-15.25074199087,7.971063160323,
    60.333333333333));
#3682 = CARTESIAN_POINT('',(-16.0662558663,-5.295987290385E-02,
    60.638888888889));
#3683 = CARTESIAN_POINT('',(-13.10716827262,-6.647733971452,
    60.944444444444));
#3684 = CARTESIAN_POINT('',(-3.012394341327,-14.38456490181,
    61.555555555556));
#3685 = CARTESIAN_POINT('',(4.124847838189,-15.52781416109,
    61.861111111111));
#3686 = CARTESIAN_POINT('',(11.661109505894,-12.6547028519,
    62.166666666667));
#3687 = CARTESIAN_POINT('',(17.024062207442,-5.69820887051,
    62.472222222222));
#3688 = CARTESIAN_POINT('',(17.618497353803,3.447513047271,
    62.777777777778));
#3689 = CARTESIAN_POINT('',(13.200373070616,11.039439407254,
    63.083333333333));
#3690 = CARTESIAN_POINT('',(6.099394274748,14.863557352978,
    63.388888888889));
#3691 = CARTESIAN_POINT('',(-1.125806568147,14.653423677572,
    63.694444444444));
#3692 = CARTESIAN_POINT('',(-12.1368143332,8.287822617835,
    64.305555555556));
#3693 = CARTESIAN_POINT('',(-15.92436181337,2.131348995206,
    64.611111111111));
#3694 = CARTESIAN_POINT('',(-16.15385369549,-5.930605569276,
    64.916666666666));
#3695 = CARTESIAN_POINT('',(-11.77940586797,-13.54778183358,
    65.222222222223));
#3696 = CARTESIAN_POINT('',(-3.557127996979,-17.5964518807,
    65.527777777778));
#3697 = CARTESIAN_POINT('',(5.147510265962,-16.42029589379,
    65.833333333333));
#3698 = CARTESIAN_POINT('',(11.398006756598,-11.32311018608,
    66.138888888889));
#3699 = CARTESIAN_POINT('',(13.968825338464,-4.567509796988,
    66.444444444444));
#3700 = CARTESIAN_POINT('',(12.30150785285,8.04133892013,67.055555555556
    ));
#3701 = CARTESIAN_POINT('',(8.063114812565,13.896530568062,
    67.361111111111));
#3702 = CARTESIAN_POINT('',(0.702576592708,17.193875808239,
    67.666666666666));
#3703 = CARTESIAN_POINT('',(-8.008587697265,16.067071963218,
    67.972222222223));
#3704 = CARTESIAN_POINT('',(-14.89591880716,10.020399099195,
    68.277777777777));
#3705 = CARTESIAN_POINT('',(-17.14013577775,1.528010847081,
    68.583333333333));
#3706 = CARTESIAN_POINT('',(-14.82304524969,-6.197199144039,
    68.888888888889));
#3707 = CARTESIAN_POINT('',(-9.565469791351,-11.15760070865,
    69.194444444444));
#3708 = CARTESIAN_POINT('',(2.721648142644,-14.44239929134,
    69.805555555556));
#3709 = CARTESIAN_POINT('',(9.753132896789,-12.76731555191,
    70.111111111111));
#3710 = CARTESIAN_POINT('',(15.616070904852,-7.228928075738,
    70.416666666667));
#3711 = CARTESIAN_POINT('',(17.909026172256,1.250430636876,
    70.722222222222));
#3712 = CARTESIAN_POINT('',(14.957839777819,9.927301121528,
    71.027777777778));
#3713 = CARTESIAN_POINT('',(7.97106316033,15.250741990853,
    71.333333333333));
#3714 = CARTESIAN_POINT('',(-5.295987290506E-02,16.066255866306,
    71.638888888889));
#3715 = CARTESIAN_POINT('',(-6.647733971452,13.107168272625,
    71.944444444444));
#3716 = CARTESIAN_POINT('',(-14.38456490181,3.012394341327,
    72.555555555556));
#3717 = CARTESIAN_POINT('',(-15.5278141611,-4.12484783818,
    72.861111111111));
#3718 = CARTESIAN_POINT('',(-12.65470285184,-11.66110950593,
    73.166666666668));
#3719 = CARTESIAN_POINT('',(-5.698208870647,-17.02406220733,
    73.472222222221));
#3720 = CARTESIAN_POINT('',(3.447513047455,-17.61849735396,
    73.777777777779));
#3721 = CARTESIAN_POINT('',(11.039439407097,-13.20037307044,
    74.083333333333));
#3722 = CARTESIAN_POINT('',(14.863557353064,-6.099394274862,
    74.388888888889));
#3723 = CARTESIAN_POINT('',(14.653423677543,1.12580656819,
    74.694444444444));
#3724 = CARTESIAN_POINT('',(11.470623147707,6.631310450669,75.));
#3725 = CARTESIAN_POINT('',(-9.050966799188,-9.050966799188,53.));
#3726 = CARTESIAN_POINT('',(-4.706814592977,-13.39511900539,
    53.305555555555));
#3727 = CARTESIAN_POINT('',(1.984022639734,-15.39395958313,
    53.611111111111));
#3728 = CARTESIAN_POINT('',(9.565489320004,-13.59664655143,
    53.916666666666));
#3729 = CARTESIAN_POINT('',(15.583139593631,-7.613459457557,
    54.222222222223));
#3730 = CARTESIAN_POINT('',(17.310257044116,1.070540436717,
    54.527777777777));
#3731 = CARTESIAN_POINT('',(14.04070269983,8.901106558954,
    54.833333333334));
#3732 = CARTESIAN_POINT('',(7.723979012137,13.46291045884,
    55.138888888888));
#3733 = CARTESIAN_POINT('',(0.777557727831,14.176695120138,
    55.444444444445));
#3734 = CARTESIAN_POINT('',(-10.57425359637,9.474620912151,
    56.055555555556));
#3735 = CARTESIAN_POINT('',(-14.98139321718,4.058037342733,
    56.361111111111));
#3736 = CARTESIAN_POINT('',(-16.22230889955,-3.6342432838,
    56.666666666667));
#3737 = CARTESIAN_POINT('',(-12.99718654234,-11.48321373757,
    56.972222222222));
#3738 = CARTESIAN_POINT('',(-5.635414868068,-16.40247248966,
    57.277777777778));
#3739 = CARTESIAN_POINT('',(2.850458614351,-16.37810334135,
    57.583333333334));
#3740 = CARTESIAN_POINT('',(9.482257347972,-12.28808907319,
    57.888888888889));
#3741 = CARTESIAN_POINT('',(12.800000000001,-6.143558967015,
    58.194444444444));
#3742 = CARTESIAN_POINT('',(12.8,6.143558967018,58.805555555556));
#3743 = CARTESIAN_POINT('',(9.482257347973,12.288089073184,
    59.111111111111));
#3744 = CARTESIAN_POINT('',(2.850458614353,16.378103341378,
    59.416666666666));
#3745 = CARTESIAN_POINT('',(-5.635414868074,16.402472489644,
    59.722222222223));
#3746 = CARTESIAN_POINT('',(-12.99718654234,11.483213737579,
    60.027777777777));
#3747 = CARTESIAN_POINT('',(-16.22230889956,3.634243283801,
    60.333333333334));
#3748 = CARTESIAN_POINT('',(-14.98139321718,-4.058037342734,
    60.638888888889));
#3749 = CARTESIAN_POINT('',(-10.57425359637,-9.474620912151,
    60.944444444444));
#3750 = CARTESIAN_POINT('',(0.777557727831,-14.17669512013,
    61.555555555556));
#3751 = CARTESIAN_POINT('',(7.723979012132,-13.46291045884,
    61.861111111111));
#3752 = CARTESIAN_POINT('',(14.040702699857,-8.901106558919,
    62.166666666667));
#3753 = CARTESIAN_POINT('',(17.310257044052,-1.070540436803,
    62.472222222222));
#3754 = CARTESIAN_POINT('',(15.583139593722,7.61345945768,
    62.777777777778));
#3755 = CARTESIAN_POINT('',(9.565489319918,13.596646551324,
    63.083333333333));
#3756 = CARTESIAN_POINT('',(1.984022639789,15.393959583202,
    63.388888888889));
#3757 = CARTESIAN_POINT('',(-4.706814592997,13.395119005383,
    63.694444444444));
#3758 = CARTESIAN_POINT('',(-13.39511900538,4.706814592984,
    64.305555555556));
#3759 = CARTESIAN_POINT('',(-15.39395958316,-1.984022639743,
    64.611111111111));
#3760 = CARTESIAN_POINT('',(-13.5966465514,-9.565489319996,
    64.916666666666));
#3761 = CARTESIAN_POINT('',(-7.613459457591,-15.58313959363,
    65.222222222223));
#3762 = CARTESIAN_POINT('',(1.070540436744,-17.31025704411,
    65.527777777778));
#3763 = CARTESIAN_POINT('',(8.901106558941,-14.04070269983,
    65.833333333333));
#3764 = CARTESIAN_POINT('',(13.462910458843,-7.723979012137,
    66.138888888889));
#3765 = CARTESIAN_POINT('',(14.176695120138,-0.777557727831,
    66.444444444444));
#3766 = CARTESIAN_POINT('',(9.474620912151,10.574253596377,
    67.055555555556));
#3767 = CARTESIAN_POINT('',(4.058037342734,14.981393217183,
    67.361111111111));
#3768 = CARTESIAN_POINT('',(-3.634243283811,16.222308899549,
    67.666666666666));
#3769 = CARTESIAN_POINT('',(-11.48321373754,12.997186542368,
    67.972222222223));
#3770 = CARTESIAN_POINT('',(-16.40247248971,5.635414868038,
    68.277777777777));
#3771 = CARTESIAN_POINT('',(-16.37810334128,-2.850458614324,
    68.583333333334));
#3772 = CARTESIAN_POINT('',(-12.28808907325,-9.482257347979,
    68.888888888889));
#3773 = CARTESIAN_POINT('',(-6.143558966993,-12.8,69.194444444444));
#3774 = CARTESIAN_POINT('',(6.143558967001,-12.79999999999,
    69.805555555556));
#3775 = CARTESIAN_POINT('',(12.288089073227,-9.482257347982,
    70.111111111111));
#3776 = CARTESIAN_POINT('',(16.378103341316,-2.850458614324,
    70.416666666667));
#3777 = CARTESIAN_POINT('',(16.402472489705,5.635414868027,
    70.722222222222));
#3778 = CARTESIAN_POINT('',(11.483213737541,12.997186542381,
    71.027777777778));
#3779 = CARTESIAN_POINT('',(3.634243283813,16.222308899542,
    71.333333333333));
#3780 = CARTESIAN_POINT('',(-4.058037342736,14.981393217185,
    71.638888888889));
#3781 = CARTESIAN_POINT('',(-9.47462091215,10.574253596377,
    71.944444444444));
#3782 = CARTESIAN_POINT('',(-14.17669512013,-0.777557727831,
    72.555555555556));
#3783 = CARTESIAN_POINT('',(-13.46291045886,-7.723979012127,
    72.861111111111));
#3784 = CARTESIAN_POINT('',(-8.901106558851,-14.04070269988,
    73.166666666668));
#3785 = CARTESIAN_POINT('',(-1.070540436957,-17.31025704398,
    73.47222222222));
#3786 = CARTESIAN_POINT('',(7.613459457893,-15.58313959383,
    73.77777777778));
#3787 = CARTESIAN_POINT('',(13.596646551135,-9.565489319798,
    74.083333333332));
#3788 = CARTESIAN_POINT('',(15.393959583311,-1.984022639873,
    74.388888888889));
#3789 = CARTESIAN_POINT('',(13.395119005345,4.70681459303,
    74.694444444444));
#3790 = CARTESIAN_POINT('',(9.050966799188,9.050966799188,75.));
#3791 = DEFINITIONAL_REPRESENTATION('',(#3792),#3796);
#3792 = LINE('',#3793,#3794);
#3793 = CARTESIAN_POINT('',(0.,0.));
#3794 = VECTOR('',#3795,1.);
#3795 = DIRECTION('',(1.,0.));
#3796 = ( GEOMETRIC_REPRESENTATION_CONTEXT(2)
PARAMETRIC_REPRESENTATION_CONTEXT() REPRESENTATION_CONTEXT('2D SPACE',''
  ) );
#3797 = ORIENTED_EDGE('',*,*,#3798,.F.);
#3798 = EDGE_CURVE('',#3799,#3305,#3801,.T.);
#3799 = VERTEX_POINT('',#3800);
#3800 = CARTESIAN_POINT('',(12.934313455158,5.357568053111,53.));
#3801 = SURFACE_CURVE('',#3802,(#3818,#3837),.PCURVE_S1.);
#3802 = B_SPLINE_CURVE_WITH_KNOTS('',3,(#3803,#3804,#3805,#3806,#3807,
    #3808,#3809,#3810,#3811,#3812,#3813,#3814,#3815,#3816,#3817),
  .UNSPECIFIED.,.F.,.F.,(4,1,1,1,1,1,1,1,1,1,1,1,4),(0.,2.282195248563,
    4.548061987574,6.79760044514,9.030810854369,11.247693453523,
    13.448248486167,15.632476201325,17.800376853651,19.951950703596,
    22.087198017583,24.206119068196,26.308714134368),.UNSPECIFIED.);
#3803 = CARTESIAN_POINT('',(12.934313455158,5.357568053111,53.));
#3804 = CARTESIAN_POINT('',(12.61319774729,6.04820474887,53.));
#3805 = CARTESIAN_POINT('',(11.858102090681,7.370658025506,53.));
#3806 = CARTESIAN_POINT('',(10.42394718729,9.137904676567,53.));
#3807 = CARTESIAN_POINT('',(8.732368419619,10.636144952804,53.));
#3808 = CARTESIAN_POINT('',(6.832958459213,11.829577824157,53.));
#3809 = CARTESIAN_POINT('',(4.77931915,12.690619995635,53.));
#3810 = CARTESIAN_POINT('',(2.628644447729,13.201132659468,53.));
#3811 = CARTESIAN_POINT('',(0.439843782565,13.352610645313,53.));
#3812 = CARTESIAN_POINT('',(-1.728004961183,13.146335691897,53.));
#3813 = CARTESIAN_POINT('',(-3.817229128504,12.593111872884,53.));
#3814 = CARTESIAN_POINT('',(-5.773241636808,11.713121828835,53.));
#3815 = CARTESIAN_POINT('',(-7.54540912757,10.534197262593,53.));
#3816 = CARTESIAN_POINT('',(-8.579416864913,9.570884495477,53.));
#3817 = CARTESIAN_POINT('',(-9.050966799188,9.050966799188,53.));
#3818 = PCURVE('',#1924,#3819);
#3819 = DEFINITIONAL_REPRESENTATION('',(#3820),#3836);
#3820 = B_SPLINE_CURVE_WITH_KNOTS('',3,(#3821,#3822,#3823,#3824,#3825,
    #3826,#3827,#3828,#3829,#3830,#3831,#3832,#3833,#3834,#3835),
  .UNSPECIFIED.,.F.,.F.,(4,1,1,1,1,1,1,1,1,1,1,1,4),(0.,2.282195248563,
    4.548061987574,6.79760044514,9.030810854369,11.247693453523,
    13.448248486167,15.632476201325,17.800376853651,19.951950703596,
    22.087198017583,24.206119068196,26.308714134368),.UNSPECIFIED.);
#3821 = CARTESIAN_POINT('',(12.934313455158,5.357568053111));
#3822 = CARTESIAN_POINT('',(12.61319774729,6.04820474887));
#3823 = CARTESIAN_POINT('',(11.858102090681,7.370658025506));
#3824 = CARTESIAN_POINT('',(10.423947187291,9.137904676567));
#3825 = CARTESIAN_POINT('',(8.732368419619,10.636144952804));
#3826 = CARTESIAN_POINT('',(6.832958459213,11.829577824157));
#3827 = CARTESIAN_POINT('',(4.77931915,12.690619995635));
#3828 = CARTESIAN_POINT('',(2.628644447729,13.201132659468));
#3829 = CARTESIAN_POINT('',(0.439843782565,13.352610645313));
#3830 = CARTESIAN_POINT('',(-1.728004961183,13.146335691897));
#3831 = CARTESIAN_POINT('',(-3.817229128504,12.593111872884));
#3832 = CARTESIAN_POINT('',(-5.773241636808,11.713121828835));
#3833 = CARTESIAN_POINT('',(-7.54540912757,10.534197262593));
#3834 = CARTESIAN_POINT('',(-8.579416864913,9.570884495477));
#3835 = CARTESIAN_POINT('',(-9.050966799188,9.050966799188));
#3836 = ( GEOMETRIC_REPRESENTATION_CONTEXT(2)
PARAMETRIC_REPRESENTATION_CONTEXT() REPRESENTATION_CONTEXT('2D SPACE',''
  ) );
#3837 = PCURVE('',#3838,#4829);
#3838 = B_SPLINE_SURFACE_WITH_KNOTS('',3,9,(
    (#3839,#3840,#3841,#3842,#3843,#3844,#3845,#3846,#3847,#3848,#3849
      ,#3850,#3851,#3852,#3853,#3854,#3855,#3856,#3857,#3858,#3859,#3860
      ,#3861,#3862,#3863,#3864,#3865,#3866,#3867,#3868,#3869,#3870,#3871
      ,#3872,#3873,#3874,#3875,#3876,#3877,#3878,#3879,#3880,#3881,#3882
      ,#3883,#3884,#3885,#3886,#3887,#3888,#3889,#3890,#3891,#3892,#3893
      ,#3894,#3895,#3896,#3897,#3898,#3899,#3900,#3901,#3902,#3903,#3904
      )
    ,(#3905,#3906,#3907,#3908,#3909,#3910,#3911,#3912,#3913,#3914,#3915
      ,#3916,#3917,#3918,#3919,#3920,#3921,#3922,#3923,#3924,#3925,#3926
      ,#3927,#3928,#3929,#3930,#3931,#3932,#3933,#3934,#3935,#3936,#3937
      ,#3938,#3939,#3940,#3941,#3942,#3943,#3944,#3945,#3946,#3947,#3948
      ,#3949,#3950,#3951,#3952,#3953,#3954,#3955,#3956,#3957,#3958,#3959
      ,#3960,#3961,#3962,#3963,#3964,#3965,#3966,#3967,#3968,#3969,#3970
      )
    ,(#3971,#3972,#3973,#3974,#3975,#3976,#3977,#3978,#3979,#3980,#3981
      ,#3982,#3983,#3984,#3985,#3986,#3987,#3988,#3989,#3990,#3991,#3992
      ,#3993,#3994,#3995,#3996,#3997,#3998,#3999,#4000,#4001,#4002,#4003
      ,#4004,#4005,#4006,#4007,#4008,#4009,#4010,#4011,#4012,#4013,#4014
      ,#4015,#4016,#4017,#4018,#4019,#4020,#4021,#4022,#4023,#4024,#4025
      ,#4026,#4027,#4028,#4029,#4030,#4031,#4032,#4033,#4034,#4035,#4036
      )
    ,(#4037,#4038,#4039,#4040,#4041,#4042,#4043,#4044,#4045,#4046,#4047
      ,#4048,#4049,#4050,#4051,#4052,#4053,#4054,#4055,#4056,#4057,#4058
      ,#4059,#4060,#4061,#4062,#4063,#4064,#4065,#4066,#4067,#4068,#4069
      ,#4070,#4071,#4072,#4073,#4074,#4075,#4076,#4077,#4078,#4079,#4080
      ,#4081,#4082,#4083,#4084,#4085,#4086,#4087,#4088,#4089,#4090,#4091
      ,#4092,#4093,#4094,#4095,#4096,#4097,#4098,#4099,#4100,#4101,#4102
      )
    ,(#4103,#4104,#4105,#4106,#4107,#4108,#4109,#4110,#4111,#4112,#4113
      ,#4114,#4115,#4116,#4117,#4118,#4119,#4120,#4121,#4122,#4123,#4124
      ,#4125,#4126,#4127,#4128,#4129,#4130,#4131,#4132,#4133,#4134,#4135
      ,#4136,#4137,#4138,#4139,#4140,#4141,#4142,#4143,#4144,#4145,#4146
      ,#4147,#4148,#4149,#4150,#4151,#4152,#4153,#4154,#4155,#4156,#4157
      ,#4158,#4159,#4160,#4161,#4162,#4163,#4164,#4165,#4166,#4167,#4168
      )
    ,(#4169,#4170,#4171,#4172,#4173,#4174,#4175,#4176,#4177,#4178,#4179
      ,#4180,#4181,#4182,#4183,#4184,#4185,#4186,#4187,#4188,#4189,#4190
      ,#4191,#4192,#4193,#4194,#4195,#4196,#4197,#4198,#4199,#4200,#4201
      ,#4202,#4203,#4204,#4205,#4206,#4207,#4208,#4209,#4210,#4211,#4212
      ,#4213,#4214,#4215,#4216,#4217,#4218,#4219,#4220,#4221,#4222,#4223
      ,#4224,#4225,#4226,#4227,#4228,#4229,#4230,#4231,#4232,#4233,#4234
      )
    ,(#4235,#4236,#4237,#4238,#4239,#4240,#4241,#4242,#4243,#4244,#4245
      ,#4246,#4247,#4248,#4249,#4250,#4251,#4252,#4253,#4254,#4255,#4256
      ,#4257,#4258,#4259,#4260,#4261,#4262,#4263,#4264,#4265,#4266,#4267
      ,#4268,#4269,#4270,#4271,#4272,#4273,#4274,#4275,#4276,#4277,#4278
      ,#4279,#4280,#4281,#4282,#4283,#4284,#4285,#4286,#4287,#4288,#4289
      ,#4290,#4291,#4292,#4293,#4294,#4295,#4296,#4297,#4298,#4299,#4300
      )
    ,(#4301,#4302,#4303,#4304,#4305,#4306,#4307,#4308,#4309,#4310,#4311
      ,#4312,#4313,#4314,#4315,#4316,#4317,#4318,#4319,#4320,#4321,#4322
      ,#4323,#4324,#4325,#4326,#4327,#4328,#4329,#4330,#4331,#4332,#4333
      ,#4334,#4335,#4336,#4337,#4338,#4339,#4340,#4341,#4342,#4343,#4344
      ,#4345,#4346,#4347,#4348,#4349,#4350,#4351,#4352,#4353,#4354,#4355
      ,#4356,#4357,#4358,#4359,#4360,#4361,#4362,#4363,#4364,#4365,#4366
      )
    ,(#4367,#4368,#4369,#4370,#4371,#4372,#4373,#4374,#4375,#4376,#4377
      ,#4378,#4379,#4380,#4381,#4382,#4383,#4384,#4385,#4386,#4387,#4388
      ,#4389,#4390,#4391,#4392,#4393,#4394,#4395,#4396,#4397,#4398,#4399
      ,#4400,#4401,#4402,#4403,#4404,#4405,#4406,#4407,#4408,#4409,#4410
      ,#4411,#4412,#4413,#4414,#4415,#4416,#4417,#4418,#4419,#4420,#4421
      ,#4422,#4423,#4424,#4425,#4426,#4427,#4428,#4429,#4430,#4431,#4432
      )
    ,(#4433,#4434,#4435,#4436,#4437,#4438,#4439,#4440,#4441,#4442,#4443
      ,#4444,#4445,#4446,#4447,#4448,#4449,#4450,#4451,#4452,#4453,#4454
      ,#4455,#4456,#4457,#4458,#4459,#4460,#4461,#4462,#4463,#4464,#4465
      ,#4466,#4467,#4468,#4469,#4470,#4471,#4472,#4473,#4474,#4475,#4476
      ,#4477,#4478,#4479,#4480,#4481,#4482,#4483,#4484,#4485,#4486,#4487
      ,#4488,#4489,#4490,#4491,#4492,#4493,#4494,#4495,#4496,#4497,#4498
      )
    ,(#4499,#4500,#4501,#4502,#4503,#4504,#4505,#4506,#4507,#4508,#4509
      ,#4510,#4511,#4512,#4513,#4514,#4515,#4516,#4517,#4518,#4519,#4520
      ,#4521,#4522,#4523,#4524,#4525,#4526,#4527,#4528,#4529,#4530,#4531
      ,#4532,#4533,#4534,#4535,#4536,#4537,#4538,#4539,#4540,#4541,#4542
      ,#4543,#4544,#4545,#4546,#4547,#4548,#4549,#4550,#4551,#4552,#4553
      ,#4554,#4555,#4556,#4557,#4558,#4559,#4560,#4561,#4562,#4563,#4564
      )
    ,(#4565,#4566,#4567,#4568,#4569,#4570,#4571,#4572,#4573,#4574,#4575
      ,#4576,#4577,#4578,#4579,#4580,#4581,#4582,#4583,#4584,#4585,#4586
      ,#4587,#4588,#4589,#4590,#4591,#4592,#4593,#4594,#4595,#4596,#4597
      ,#4598,#4599,#4600,#4601,#4602,#4603,#4604,#4605,#4606,#4607,#4608
      ,#4609,#4610,#4611,#4612,#4613,#4614,#4615,#4616,#4617,#4618,#4619
      ,#4620,#4621,#4622,#4623,#4624,#4625,#4626,#4627,#4628,#4629,#4630
      )
    ,(#4631,#4632,#4633,#4634,#4635,#4636,#4637,#4638,#4639,#4640,#4641
      ,#4642,#4643,#4644,#4645,#4646,#4647,#4648,#4649,#4650,#4651,#4652
      ,#4653,#4654,#4655,#4656,#4657,#4658,#4659,#4660,#4661,#4662,#4663
      ,#4664,#4665,#4666,#4667,#4668,#4669,#4670,#4671,#4672,#4673,#4674
      ,#4675,#4676,#4677,#4678,#4679,#4680,#4681,#4682,#4683,#4684,#4685
      ,#4686,#4687,#4688,#4689,#4690,#4691,#4692,#4693,#4694,#4695,#4696
      )
    ,(#4697,#4698,#4699,#4700,#4701,#4702,#4703,#4704,#4705,#4706,#4707
      ,#4708,#4709,#4710,#4711,#4712,#4713,#4714,#4715,#4716,#4717,#4718
      ,#4719,#4720,#4721,#4722,#4723,#4724,#4725,#4726,#4727,#4728,#4729
      ,#4730,#4731,#4732,#4733,#4734,#4735,#4736,#4737,#4738,#4739,#4740
      ,#4741,#4742,#4743,#4744,#4745,#4746,#4747,#4748,#4749,#4750,#4751
      ,#4752,#4753,#4754,#4755,#4756,#4757,#4758,#4759,#4760,#4761,#4762
      )
    ,(#4763,#4764,#4765,#4766,#4767,#4768,#4769,#4770,#4771,#4772,#4773
      ,#4774,#4775,#4776,#4777,#4778,#4779,#4780,#4781,#4782,#4783,#4784
      ,#4785,#4786,#4787,#4788,#4789,#4790,#4791,#4792,#4793,#4794,#4795
      ,#4796,#4797,#4798,#4799,#4800,#4801,#4802,#4803,#4804,#4805,#4806
      ,#4807,#4808,#4809,#4810,#4811,#4812,#4813,#4814,#4815,#4816,#4817
      ,#4818,#4819,#4820,#4821,#4822,#4823,#4824,#4825,#4826,#4827,#4828
      )),.UNSPECIFIED.,.F.,.F.,.F.,(4,1,1,1,1,1,1,1,1,1,1,1,4),(10,8,8,8
    ,8,8,8,8,10),(0.,2.282195248563,4.548061987574,6.79760044514,
    9.030810854369,11.247693453523,13.448248486167,15.632476201325,
    17.800376853651,19.951950703596,22.087198017583,24.206119068196,
    26.308714134368),(0.,2.75,5.5,8.25,11.,13.75,16.5,19.25,22.),
  .UNSPECIFIED.);
#3839 = CARTESIAN_POINT('',(12.934313455158,5.357568053111,53.));
#3840 = CARTESIAN_POINT('',(10.362865388424,11.56559285076,
    53.305555555556));
#3841 = CARTESIAN_POINT('',(4.438454324145,16.38592459966,
    53.611111111111));
#3842 = CARTESIAN_POINT('',(-3.974849845583,17.743050658475,
    53.916666666667));
#3843 = CARTESIAN_POINT('',(-12.55996757469,14.215828277828,
    54.222222222222));
#3844 = CARTESIAN_POINT('',(-17.93998311259,6.16360738717,
    54.527777777778));
#3845 = CARTESIAN_POINT('',(-17.9136823428,-3.117631414332,
    54.833333333333));
#3846 = CARTESIAN_POINT('',(-13.44006442501,-10.37123130429,
    55.138888888889));
#3847 = CARTESIAN_POINT('',(-6.719514394969,-14.,55.444444444444));
#3848 = CARTESIAN_POINT('',(6.719514394969,-14.,56.055555555556));
#3849 = CARTESIAN_POINT('',(13.440064425019,-10.3712313043,
    56.361111111111));
#3850 = CARTESIAN_POINT('',(17.913682342798,-3.117631414297,
    56.666666666667));
#3851 = CARTESIAN_POINT('',(17.939983112604,6.163607387089,
    56.972222222222));
#3852 = CARTESIAN_POINT('',(12.559967574695,14.215828277946,
    57.277777777778));
#3853 = CARTESIAN_POINT('',(3.974849845566,17.743050658364,
    57.583333333333));
#3854 = CARTESIAN_POINT('',(-4.438454324125,16.385924599728,
    57.888888888889));
#3855 = CARTESIAN_POINT('',(-10.36286538843,11.565592850738,
    58.194444444444));
#3856 = CARTESIAN_POINT('',(-15.50576152188,-0.850456744518,
    58.805555555555));
#3857 = CARTESIAN_POINT('',(-14.72505955105,-8.448137249891,
    59.111111111112));
#3858 = CARTESIAN_POINT('',(-9.735588159477,-15.35687471947,
    59.416666666665));
#3859 = CARTESIAN_POINT('',(-1.170870331955,-18.93334681906,
    59.722222222224));
#3860 = CARTESIAN_POINT('',(8.327155133301,-17.04381229327,
    60.027777777776));
#3861 = CARTESIAN_POINT('',(14.871384574908,-10.46238794632,
    60.333333333334));
#3862 = CARTESIAN_POINT('',(16.837128679043,-2.169992709985,
    60.638888888888));
#3863 = CARTESIAN_POINT('',(14.650909131574,5.148080741649,
    60.944444444445));
#3864 = CARTESIAN_POINT('',(5.148080741649,14.650909131575,
    61.555555555555));
#3865 = CARTESIAN_POINT('',(-2.169992709983,16.837128679043,
    61.861111111112));
#3866 = CARTESIAN_POINT('',(-10.46238794634,14.871384574904,
    62.166666666664));
#3867 = CARTESIAN_POINT('',(-17.04381229323,8.327155133313,
    62.472222222226));
#3868 = CARTESIAN_POINT('',(-18.93334681911,-1.170870331974,
    62.777777777775));
#3869 = CARTESIAN_POINT('',(-15.35687471942,-9.735588159459,
    63.083333333335));
#3870 = CARTESIAN_POINT('',(-8.448137249921,-14.72505955106,
    63.388888888888));
#3871 = CARTESIAN_POINT('',(-0.85045674451,-15.50576152188,
    63.694444444445));
#3872 = CARTESIAN_POINT('',(11.565592850746,-10.36286538842,
    64.305555555555));
#3873 = CARTESIAN_POINT('',(16.385924599687,-4.438454324146,
    64.611111111112));
#3874 = CARTESIAN_POINT('',(17.743050658437,3.974849845589,
    64.916666666665));
#3875 = CARTESIAN_POINT('',(14.215828277868,12.559967574686,
    65.222222222225));
#3876 = CARTESIAN_POINT('',(6.16360738714,17.939983112603,
    65.527777777775));
#3877 = CARTESIAN_POINT('',(-3.117631414318,17.9136823428,
    65.833333333335));
#3878 = CARTESIAN_POINT('',(-10.3712313043,13.440064425018,
    66.138888888888));
#3879 = CARTESIAN_POINT('',(-14.,6.719514394968,66.444444444445));
#3880 = CARTESIAN_POINT('',(-14.,-6.719514394968,67.055555555555));
#3881 = CARTESIAN_POINT('',(-10.3712313043,-13.44006442502,
    67.361111111112));
#3882 = CARTESIAN_POINT('',(-3.117631414282,-17.91368234278,
    67.666666666665));
#3883 = CARTESIAN_POINT('',(6.163607387048,-17.93998311261,
    67.972222222224));
#3884 = CARTESIAN_POINT('',(14.215828278013,-12.55996757468,
    68.277777777776));
#3885 = CARTESIAN_POINT('',(17.743050658283,-3.974849845564,
    68.583333333334));
#3886 = CARTESIAN_POINT('',(16.385924599787,4.438454324108,
    68.888888888888));
#3887 = CARTESIAN_POINT('',(11.565592850717,10.362865388443,
    69.194444444445));
#3888 = CARTESIAN_POINT('',(-0.850456744502,15.505761521876,
    69.805555555555));
#3889 = CARTESIAN_POINT('',(-8.448137249929,14.725059551077,
    70.111111111111));
#3890 = CARTESIAN_POINT('',(-15.35687471943,9.735588159421,
    70.416666666667));
#3891 = CARTESIAN_POINT('',(-18.9333468191,1.170870332027,
    70.722222222222));
#3892 = CARTESIAN_POINT('',(-17.04381229325,-8.327155133358,
    71.027777777778));
#3893 = CARTESIAN_POINT('',(-10.46238794633,-14.87138457488,
    71.333333333333));
#3894 = CARTESIAN_POINT('',(-2.169992709985,-16.83712867904,
    71.638888888889));
#3895 = CARTESIAN_POINT('',(5.148080741649,-14.65090913157,
    71.944444444445));
#3896 = CARTESIAN_POINT('',(14.650909131574,-5.148080741649,
    72.555555555555));
#3897 = CARTESIAN_POINT('',(16.837128679056,2.169992709971,
    72.861111111112));
#3898 = CARTESIAN_POINT('',(14.871384574847,10.462387946398,
    73.166666666663));
#3899 = CARTESIAN_POINT('',(8.327155133442,17.043812293103,
    73.472222222227));
#3900 = CARTESIAN_POINT('',(-1.170870332144,18.933346819321,
    73.777777777774));
#3901 = CARTESIAN_POINT('',(-9.735588159317,15.356874719223,
    74.083333333335));
#3902 = CARTESIAN_POINT('',(-14.72505955113,8.448137250053,
    74.388888888888));
#3903 = CARTESIAN_POINT('',(-15.50576152186,0.850456744461,
    74.694444444445));
#3904 = CARTESIAN_POINT('',(-12.93431345515,-5.357568053111,75.));
#3905 = CARTESIAN_POINT('',(12.61319774729,6.04820474887,53.));
#3906 = CARTESIAN_POINT('',(9.710267862962,12.102105071009,
    53.305555555556));
#3907 = CARTESIAN_POINT('',(3.537555338589,16.589275885759,
    53.611111111111));
#3908 = CARTESIAN_POINT('',(-4.930056580759,17.485969804631,
    53.916666666667));
#3909 = CARTESIAN_POINT('',(-13.30360266593,13.50027235064,
    54.222222222222));
#3910 = CARTESIAN_POINT('',(-18.23350874037,5.174250021881,
    54.527777777778));
#3911 = CARTESIAN_POINT('',(-17.70279980901,-4.084095040942,
    54.833333333333));
#3912 = CARTESIAN_POINT('',(-12.84526831646,-11.07776258363,
    55.138888888889));
#3913 = CARTESIAN_POINT('',(-5.943023784882,-14.33285296585,
    55.444444444444));
#3914 = CARTESIAN_POINT('',(7.464925322653,-13.60239301651,
    56.055555555556));
#3915 = CARTESIAN_POINT('',(13.972696378655,-9.616730103915,
    56.361111111111));
#3916 = CARTESIAN_POINT('',(18.041708954988,-2.136747847717,
    56.666666666667));
#3917 = CARTESIAN_POINT('',(17.563479914623,7.124456299419,
    56.972222222222));
#3918 = CARTESIAN_POINT('',(11.758239029027,14.865631919778,
    57.277777777778));
#3919 = CARTESIAN_POINT('',(3.001258289183,17.91806481112,
    57.583333333333));
#3920 = CARTESIAN_POINT('',(-5.318824184716,16.106783710024,
    57.888888888889));
#3921 = CARTESIAN_POINT('',(-10.9675316876,10.975586444531,
    58.194444444444));
#3922 = CARTESIAN_POINT('',(-15.42367681537,-1.691284309284,
    58.805555555555));
#3923 = CARTESIAN_POINT('',(-14.23181884256,-9.228960105108,
    59.111111111112));
#3924 = CARTESIAN_POINT('',(-8.878371384538,-15.85052426428,
    59.416666666666));
#3925 = CARTESIAN_POINT('',(-0.139066467769,-18.95320178637,
    59.722222222223));
#3926 = CARTESIAN_POINT('',(9.234290397169,-16.55178495311,
    60.027777777777));
#3927 = CARTESIAN_POINT('',(15.405661089382,-9.62987849251,
    60.333333333334));
#3928 = CARTESIAN_POINT('',(16.916137376004,-1.249815289467,
    60.638888888888));
#3929 = CARTESIAN_POINT('',(14.337209944948,5.932505106862,
    60.944444444445));
#3930 = CARTESIAN_POINT('',(4.339845025641,14.89684365904,
    61.555555555555));
#3931 = CARTESIAN_POINT('',(-3.080133291486,16.680243430127,
    61.861111111112));
#3932 = CARTESIAN_POINT('',(-11.24650585347,14.268323639071,
    62.166666666664));
#3933 = CARTESIAN_POINT('',(-17.45700711041,7.381504387282,
    62.472222222225));
#3934 = CARTESIAN_POINT('',(-18.82591968938,-2.197258584869,
    62.777777777775));
#3935 = CARTESIAN_POINT('',(-14.79219522201,-10.54777504529,
    63.083333333335));
#3936 = CARTESIAN_POINT('',(-7.628239335529,-15.15019263342,
    63.388888888888));
#3937 = CARTESIAN_POINT('',(-5.695573242225E-03,-15.5161276316,
    63.694444444445));
#3938 = CARTESIAN_POINT('',(12.102105070994,-9.710267862965,
    64.305555555555));
#3939 = CARTESIAN_POINT('',(16.589275885786,-3.537555338588,
    64.611111111112));
#3940 = CARTESIAN_POINT('',(17.485969804592,4.930056580761,
    64.916666666665));
#3941 = CARTESIAN_POINT('',(13.50027235068,13.303602665936,
    65.222222222225));
#3942 = CARTESIAN_POINT('',(5.17425002185,18.233508740383,
    65.527777777775));
#3943 = CARTESIAN_POINT('',(-4.084095040927,17.702799809016,
    65.833333333335));
#3944 = CARTESIAN_POINT('',(-11.07776258363,12.845268316469,
    66.138888888888));
#3945 = CARTESIAN_POINT('',(-14.33285296585,5.943023784882,
    66.444444444445));
#3946 = CARTESIAN_POINT('',(-13.60239301651,-7.464925322653,
    67.055555555555));
#3947 = CARTESIAN_POINT('',(-9.616730103917,-13.97269637865,
    67.361111111112));
#3948 = CARTESIAN_POINT('',(-2.136747847703,-18.04170895497,
    67.666666666665));
#3949 = CARTESIAN_POINT('',(7.124456299379,-17.56347991463,
    67.972222222224));
#3950 = CARTESIAN_POINT('',(14.865631919844,-11.75823902901,
    68.277777777776));
#3951 = CARTESIAN_POINT('',(17.918064811039,-3.001258289186,
    68.583333333335));
#3952 = CARTESIAN_POINT('',(16.106783710085,5.318824184703,
    68.888888888888));
#3953 = CARTESIAN_POINT('',(10.97558644451,10.967531687609,
    69.194444444445));
#3954 = CARTESIAN_POINT('',(-1.691284309267,15.423676815366,
    69.805555555555));
#3955 = CARTESIAN_POINT('',(-9.228960105147,14.231818842585,
    70.111111111111));
#3956 = CARTESIAN_POINT('',(-15.85052426423,8.878371384484,
    70.416666666667));
#3957 = CARTESIAN_POINT('',(-18.95320178642,0.13906646784,
    70.722222222222));
#3958 = CARTESIAN_POINT('',(-16.55178495309,-9.234290397226,
    71.027777777778));
#3959 = CARTESIAN_POINT('',(-9.629878492515,-15.40566108935,
    71.333333333333));
#3960 = CARTESIAN_POINT('',(-1.249815289466,-16.916137376,
    71.638888888889));
#3961 = CARTESIAN_POINT('',(5.932505106862,-14.33720994494,
    71.944444444445));
#3962 = CARTESIAN_POINT('',(14.89684365904,-4.339845025641,
    72.555555555555));
#3963 = CARTESIAN_POINT('',(16.68024343014,3.080133291475,
    72.861111111112));
#3964 = CARTESIAN_POINT('',(14.268323639012,11.246505853529,
    73.166666666663));
#3965 = CARTESIAN_POINT('',(7.381504387415,17.457007110284,
    73.472222222227));
#3966 = CARTESIAN_POINT('',(-2.197258585048,18.825919689576,
    73.777777777774));
#3967 = CARTESIAN_POINT('',(-10.54777504514,14.792195221825,
    74.083333333335));
#3968 = CARTESIAN_POINT('',(-15.1501926335,7.628239335656,
    74.388888888888));
#3969 = CARTESIAN_POINT('',(-15.51612763158,5.695573194347E-03,
    74.694444444445));
#3970 = CARTESIAN_POINT('',(-12.61319774729,-6.04820474887,75.));
#3971 = CARTESIAN_POINT('',(11.858102090681,7.370658025506,53.));
#3972 = CARTESIAN_POINT('',(8.320440199622,13.062138449822,
    53.305555555556));
#3973 = CARTESIAN_POINT('',(1.708615104475,16.844053980491,
    53.611111111111));
#3974 = CARTESIAN_POINT('',(-6.790341373575,16.814295088839,
    53.916666666666));
#3975 = CARTESIAN_POINT('',(-14.6658078377,11.950427929387,
    54.222222222223));
#3976 = CARTESIAN_POINT('',(-18.65318800033,3.154008088511,
    54.527777777777));
#3977 = CARTESIAN_POINT('',(-17.12129371124,-5.974520578245,
    54.833333333334));
#3978 = CARTESIAN_POINT('',(-11.5422253689,-12.38619900369,
    55.138888888889));
#3979 = CARTESIAN_POINT('',(-4.34034281358,-14.86642415473,
    55.444444444444));
#3980 = CARTESIAN_POINT('',(8.883744576595,-12.68574890126,
    56.055555555556));
#3981 = CARTESIAN_POINT('',(14.907987554089,-8.024512403442,
    56.361111111111));
#3982 = CARTESIAN_POINT('',(18.133054572968,-0.161016582613,
    56.666666666667));
#3983 = CARTESIAN_POINT('',(16.652920523969,8.976047438591,
    56.972222222222));
#3984 = CARTESIAN_POINT('',(10.052363604821,16.026497845379,
    57.277777777778));
#3985 = CARTESIAN_POINT('',(1.03221225622,18.104247931308,
    57.583333333333));
#3986 = CARTESIAN_POINT('',(-7.026317869802,15.403648180463,
    57.888888888889));
#3987 = CARTESIAN_POINT('',(-12.07380698166,9.699091244395,
    58.194444444444));
#3988 = CARTESIAN_POINT('',(-15.11976636227,-3.352886987036,
    58.805555555555));
#3989 = CARTESIAN_POINT('',(-13.11871811911,-10.70237146552,
    59.111111111112));
#3990 = CARTESIAN_POINT('',(-7.08800564632,-16.69099850993,
    59.416666666666));
#3991 = CARTESIAN_POINT('',(1.920063546618,-18.82052080065,
    59.722222222224));
#3992 = CARTESIAN_POINT('',(10.959575218523,-15.42001623302,
    60.027777777777));
#3993 = CARTESIAN_POINT('',(16.331206901102,-7.881958870718,
    60.333333333334));
#3994 = CARTESIAN_POINT('',(16.919951136978,0.596779480311,
    60.638888888888));
#3995 = CARTESIAN_POINT('',(13.581235167968,7.443063495655,
    60.944444444445));
#3996 = CARTESIAN_POINT('',(2.688423040071,15.25193510495,
    61.555555555555));
#3997 = CARTESIAN_POINT('',(-4.867351957149,16.21572622953,
    61.861111111112));
#3998 = CARTESIAN_POINT('',(-12.70814993474,12.935861769618,
    62.166666666664));
#3999 = CARTESIAN_POINT('',(-18.1224170411,5.428369016986,
    62.472222222226));
#4000 = CARTESIAN_POINT('',(-18.4405397771,-4.224350833229,
    62.777777777775));
#4001 = CARTESIAN_POINT('',(-13.53152076647,-12.07175219449,
    63.083333333335));
#4002 = CARTESIAN_POINT('',(-5.923667070924,-15.86038109593,
    63.388888888888));
#4003 = CARTESIAN_POINT('',(1.679177601215,-15.39576398172,
    63.694444444445));
#4004 = CARTESIAN_POINT('',(13.062138449808,-8.320440199626,
    64.305555555555));
#4005 = CARTESIAN_POINT('',(16.844053980518,-1.708615104471,
    64.611111111112));
#4006 = CARTESIAN_POINT('',(16.814295088801,6.790341373573,
    64.916666666665));
#4007 = CARTESIAN_POINT('',(11.950427929426,14.66580783771,
    65.222222222225));
#4008 = CARTESIAN_POINT('',(3.154008088481,18.653188000334,
    65.527777777775));
#4009 = CARTESIAN_POINT('',(-5.974520578231,17.121293711243,
    65.833333333335));
#4010 = CARTESIAN_POINT('',(-12.38619900369,11.542225368902,
    66.138888888888));
#4011 = CARTESIAN_POINT('',(-14.86642415473,4.34034281358,
    66.444444444445));
#4012 = CARTESIAN_POINT('',(-12.68574890126,-8.883744576594,
    67.055555555555));
#4013 = CARTESIAN_POINT('',(-8.024512403444,-14.90798755409,
    67.361111111112));
#4014 = CARTESIAN_POINT('',(-0.1610165826,-18.13305457295,
    67.666666666664));
#4015 = CARTESIAN_POINT('',(8.976047438553,-16.65292052398,
    67.972222222226));
#4016 = CARTESIAN_POINT('',(16.026497845443,-10.0523636048,
    68.277777777774));
#4017 = CARTESIAN_POINT('',(18.104247931229,-1.032212256232,
    68.583333333336));
#4018 = CARTESIAN_POINT('',(15.403648180524,7.026317869795,
    68.888888888888));
#4019 = CARTESIAN_POINT('',(9.699091244372,12.073806981666,
    69.194444444445));
#4020 = CARTESIAN_POINT('',(-3.352886987019,15.119766362265,
    69.805555555555));
#4021 = CARTESIAN_POINT('',(-10.70237146556,13.11871811913,
    70.111111111112));
#4022 = CARTESIAN_POINT('',(-16.69099850987,7.088005646273,
    70.416666666665));
#4023 = CARTESIAN_POINT('',(-18.8205208007,-1.920063546553,
    70.722222222225));
#4024 = CARTESIAN_POINT('',(-15.42001623299,-10.95957521857,
    71.027777777776));
#4025 = CARTESIAN_POINT('',(-7.881958870726,-16.33120690107,
    71.333333333334));
#4026 = CARTESIAN_POINT('',(0.596779480312,-16.91995113698,
    71.638888888888));
#4027 = CARTESIAN_POINT('',(7.443063495654,-13.58123516796,
    71.944444444445));
#4028 = CARTESIAN_POINT('',(15.25193510495,-2.688423040072,
    72.555555555555));
#4029 = CARTESIAN_POINT('',(16.215726229545,4.867351957139,
    72.861111111113));
#4030 = CARTESIAN_POINT('',(12.935861769553,12.708149934785,
    73.166666666662));
#4031 = CARTESIAN_POINT('',(5.428369017134,18.122417040989,
    73.472222222229));
#4032 = CARTESIAN_POINT('',(-4.224350833429,18.44053977728,
    73.777777777772));
#4033 = CARTESIAN_POINT('',(-12.07175219432,13.531520766296,
    74.083333333337));
#4034 = CARTESIAN_POINT('',(-15.86038109602,5.923667071042,
    74.388888888887));
#4035 = CARTESIAN_POINT('',(-15.39576398169,-1.67917760126,
    74.694444444445));
#4036 = CARTESIAN_POINT('',(-11.85810209068,-7.370658025506,75.));
#4037 = CARTESIAN_POINT('',(10.42394718729,9.137904676567,53.));
#4038 = CARTESIAN_POINT('',(6.038067795443,14.141040162067,
    53.305555555556));
#4039 = CARTESIAN_POINT('',(-1.050377874684,16.776434007457,
    53.611111111111));
#4040 = CARTESIAN_POINT('',(-9.370977895423,15.372789325156,
    53.916666666667));
#4041 = CARTESIAN_POINT('',(-16.29902320572,9.334579929259,
    54.222222222222));
#4042 = CARTESIAN_POINT('',(-18.78238270434,7.291889486807E-02,
    54.527777777778));
#4043 = CARTESIAN_POINT('',(-15.80545780653,-8.62146502362,
    54.833333333333));
#4044 = CARTESIAN_POINT('',(-9.303382287195,-13.99994610042,
    55.138888888889));
#4045 = CARTESIAN_POINT('',(-1.847443616548,-15.26480229667,
    55.444444444444));
#4046 = CARTESIAN_POINT('',(10.753946041137,-10.98999006446,
    56.055555555556));
#4047 = CARTESIAN_POINT('',(15.901339198464,-5.449662786994,
    56.361111111111));
#4048 = CARTESIAN_POINT('',(17.788828645856,2.774838920661,
    56.666666666666));
#4049 = CARTESIAN_POINT('',(14.861226694517,11.485954829753,
    56.972222222222));
#4050 = CARTESIAN_POINT('',(7.255215418257,17.324964333424,
    57.277777777778));
#4051 = CARTESIAN_POINT('',(-1.916773798081,17.901504309837,
    57.583333333333));
#4052 = CARTESIAN_POINT('',(-9.373999066461,13.952783707568,
    57.888888888889));
#4053 = CARTESIAN_POINT('',(-13.39585213595,7.548405468637,
    58.194444444445));
#4054 = CARTESIAN_POINT('',(-14.26878407504,-5.729666708186,
    58.805555555555));
#4055 = CARTESIAN_POINT('',(-11.12000093281,-12.60545956885,
    59.111111111112));
#4056 = CARTESIAN_POINT('',(-4.243921561339,-17.49648559368,
    59.416666666665));
#4057 = CARTESIAN_POINT('',(4.924605067937,-18.12569460308,
    59.722222222224));
#4058 = CARTESIAN_POINT('',(13.229588732076,-13.33271162205,
    60.027777777776));
#4059 = CARTESIAN_POINT('',(17.272442776709,-5.079850012825,
    60.333333333334));
#4060 = CARTESIAN_POINT('',(16.477941527103,3.320972120613,
    60.638888888888));
#4061 = CARTESIAN_POINT('',(12.100185126569,9.487505308328,
    60.944444444445));
#4062 = CARTESIAN_POINT('',(0.166908329556,15.37528466996,
    61.555555555555));
#4063 = CARTESIAN_POINT('',(-7.390451265314,15.097438289046,
    61.861111111112));
#4064 = CARTESIAN_POINT('',(-14.54070878236,10.616493947345,
    62.166666666664));
#4065 = CARTESIAN_POINT('',(-18.63027072092,2.386677623936,
    62.472222222226));
#4066 = CARTESIAN_POINT('',(-17.38081178524,-7.120387742782,
    62.777777777774));
#4067 = CARTESIAN_POINT('',(-11.30291134026,-14.01363884152,
    63.083333333336));
#4068 = CARTESIAN_POINT('',(-3.237689669335,-16.49452628279,
    63.388888888888));
#4069 = CARTESIAN_POINT('',(4.13476919109,-14.80982657912,
    63.694444444445));
#4070 = CARTESIAN_POINT('',(14.141040162054,-6.03806779545,
    64.305555555555));
#4071 = CARTESIAN_POINT('',(16.776434007482,1.050377874692,
    64.611111111112));
#4072 = CARTESIAN_POINT('',(15.372789325119,9.370977895414,
    64.916666666665));
#4073 = CARTESIAN_POINT('',(9.334579929298,16.299023205729,
    65.222222222225));
#4074 = CARTESIAN_POINT('',(7.291889483851E-02,18.782382704339,
    65.527777777775));
#4075 = CARTESIAN_POINT('',(-8.621465023606,15.805457806538,
    65.833333333335));
#4076 = CARTESIAN_POINT('',(-13.99994610042,9.303382287195,
    66.138888888888));
#4077 = CARTESIAN_POINT('',(-15.26480229667,1.847443616548,
    66.444444444445));
#4078 = CARTESIAN_POINT('',(-10.98999006446,-10.75394604113,
    67.055555555555));
#4079 = CARTESIAN_POINT('',(-5.449662786996,-15.90133919846,
    67.361111111113));
#4080 = CARTESIAN_POINT('',(2.774838920673,-17.78882864584,
    67.666666666664));
#4081 = CARTESIAN_POINT('',(11.485954829718,-14.86122669454,
    67.972222222226));
#4082 = CARTESIAN_POINT('',(17.324964333485,-7.255215418228,
    68.277777777774));
#4083 = CARTESIAN_POINT('',(17.90150430976,1.916773798057,
    68.583333333336));
#4084 = CARTESIAN_POINT('',(13.952783707629,9.373999066464,
    68.888888888888));
#4085 = CARTESIAN_POINT('',(7.548405468614,13.395852135955,
    69.194444444445));
#4086 = CARTESIAN_POINT('',(-5.729666708168,14.268784075046,
    69.805555555555));
#4087 = CARTESIAN_POINT('',(-12.6054595689,11.120000932829,
    70.111111111112));
#4088 = CARTESIAN_POINT('',(-17.49648559362,4.243921561301,
    70.416666666664));
#4089 = CARTESIAN_POINT('',(-18.12569460314,-4.924605067881,
    70.722222222225));
#4090 = CARTESIAN_POINT('',(-13.33271162201,-13.22958873212,
    71.027777777775));
#4091 = CARTESIAN_POINT('',(-5.079850012838,-17.27244277668,
    71.333333333335));
#4092 = CARTESIAN_POINT('',(3.320972120615,-16.4779415271,
    71.638888888888));
#4093 = CARTESIAN_POINT('',(9.487505308328,-12.10018512656,
    71.944444444445));
#4094 = CARTESIAN_POINT('',(15.37528466996,-0.166908329556,
    72.555555555555));
#4095 = CARTESIAN_POINT('',(15.097438289061,7.390451265307,
    72.861111111113));
#4096 = CARTESIAN_POINT('',(10.616493947275,14.540708782401,
    73.166666666664));
#4097 = CARTESIAN_POINT('',(2.386677624097,18.630270720842,
    73.472222222226));
#4098 = CARTESIAN_POINT('',(-7.120387743004,17.380811785378,
    73.777777777774));
#4099 = CARTESIAN_POINT('',(-14.01363884133,11.302911340124,
    74.083333333335));
#4100 = CARTESIAN_POINT('',(-16.4945262829,3.237689669434,
    74.388888888888));
#4101 = CARTESIAN_POINT('',(-14.80982657908,-4.134769191128,
    74.694444444445));
#4102 = CARTESIAN_POINT('',(-10.42394718729,-9.137904676567,75.));
#4103 = CARTESIAN_POINT('',(8.732368419619,10.636144952804,53.));
#4104 = CARTESIAN_POINT('',(3.627385318095,14.827380914353,
    53.305555555556));
#4105 = CARTESIAN_POINT('',(-3.741822809589,16.262405046285,
    53.611111111111));
#4106 = CARTESIAN_POINT('',(-11.66473643798,13.541994015364,
    53.916666666667));
#4107 = CARTESIAN_POINT('',(-17.47418701633,6.507292450402,
    54.222222222222));
#4108 = CARTESIAN_POINT('',(-18.40885524558,-2.965961487841,
    54.527777777778));
#4109 = CARTESIAN_POINT('',(-14.08699345999,-11.00056856598,
    54.833333333333));
#4110 = CARTESIAN_POINT('',(-6.848529032065,-15.2172302336,
    55.138888888889));
#4111 = CARTESIAN_POINT('',(0.658997127223,-15.25040425468,
    55.444444444444));
#4112 = CARTESIAN_POINT('',(12.310570687222,-9.025461567131,
    56.055555555556));
#4113 = CARTESIAN_POINT('',(16.456413869241,-2.766385448554,
    56.361111111111));
#4114 = CARTESIAN_POINT('',(16.975160034874,5.594625573429,
    56.666666666667));
#4115 = CARTESIAN_POINT('',(12.698903532096,13.653597624151,
    56.972222222222));
#4116 = CARTESIAN_POINT('',(4.304676381438,18.142817536734,
    57.277777777778));
#4117 = CARTESIAN_POINT('',(-4.772384901285,17.224285774156,
    57.583333333333));
#4118 = CARTESIAN_POINT('',(-11.43806006883,12.15063116433,
    57.888888888889));
#4119 = CARTESIAN_POINT('',(-14.3417239461,5.227246242391,
    58.194444444445));
#4120 = CARTESIAN_POINT('',(-13.04949034817,-7.919592835352,
    58.805555555555));
#4121 = CARTESIAN_POINT('',(-8.853388603975,-14.14512516934,
    59.111111111112));
#4122 = CARTESIAN_POINT('',(-1.327421562987,-17.82385003501,
    59.416666666665));
#4123 = CARTESIAN_POINT('',(7.754765516104,-16.95746675391,
    59.722222222224));
#4124 = CARTESIAN_POINT('',(15.114277858849,-10.91977489717,
    60.027777777776));
#4125 = CARTESIAN_POINT('',(17.739585231999,-2.182431972208,
    60.333333333334));
#4126 = CARTESIAN_POINT('',(15.602848008787,5.917565369339,
    60.638888888888));
#4127 = CARTESIAN_POINT('',(10.317682926878,11.249645601763,
    60.944444444445));
#4128 = CARTESIAN_POINT('',(-2.322922935754,15.086853090668,
    61.555555555555));
#4129 = CARTESIAN_POINT('',(-9.680311930902,13.592571751002,
    61.861111111112));
#4130 = CARTESIAN_POINT('',(-15.95924845357,8.047253091207,
    62.166666666664));
#4131 = CARTESIAN_POINT('',(-18.63403226877,-0.675070666431,
    62.472222222226));
#4132 = CARTESIAN_POINT('',(-15.87277517022,-9.785043449954,
    62.777777777774));
#4133 = CARTESIAN_POINT('',(-8.80482354584,-15.5539949981,
    63.083333333336));
#4134 = CARTESIAN_POINT('',(-0.503863853719,-16.67972353029,
    63.388888888888));
#4135 = CARTESIAN_POINT('',(6.444908991276,-13.83735152112,
    63.694444444445));
#4136 = CARTESIAN_POINT('',(14.827380914341,-3.627385318104,
    64.305555555555));
#4137 = CARTESIAN_POINT('',(16.262405046309,3.741822809601,
    64.611111111112));
#4138 = CARTESIAN_POINT('',(13.541994015329,11.664736437967,
    64.916666666665));
#4139 = CARTESIAN_POINT('',(6.50729245044,17.474187016347,
    65.222222222225));
#4140 = CARTESIAN_POINT('',(-2.96596148787,18.408855245579,
    65.527777777775));
#4141 = CARTESIAN_POINT('',(-11.00056856597,14.086993459998,
    65.833333333335));
#4142 = CARTESIAN_POINT('',(-15.2172302336,6.848529032064,
    66.138888888888));
#4143 = CARTESIAN_POINT('',(-15.25040425468,-0.658997127223,
    66.444444444445));
#4144 = CARTESIAN_POINT('',(-9.025461567131,-12.31057068722,
    67.055555555555));
#4145 = CARTESIAN_POINT('',(-2.766385448555,-16.45641386924,
    67.361111111112));
#4146 = CARTESIAN_POINT('',(5.594625573438,-16.97516003486,
    67.666666666665));
#4147 = CARTESIAN_POINT('',(13.653597624121,-12.69890353212,
    67.972222222225));
#4148 = CARTESIAN_POINT('',(18.142817536789,-4.304676381401,
    68.277777777776));
#4149 = CARTESIAN_POINT('',(17.224285774084,4.77238490125,
    68.583333333335));
#4150 = CARTESIAN_POINT('',(12.15063116439,11.438060068843,
    68.888888888888));
#4151 = CARTESIAN_POINT('',(5.227246242368,14.341723946106,
    69.194444444445));
#4152 = CARTESIAN_POINT('',(-7.919592835334,13.049490348178,
    69.805555555555));
#4153 = CARTESIAN_POINT('',(-14.14512516939,8.85338860398,
    70.111111111112));
#4154 = CARTESIAN_POINT('',(-17.82385003494,1.327421562962,
    70.416666666665));
#4155 = CARTESIAN_POINT('',(-16.95746675398,-7.754765516061,
    70.722222222224));
#4156 = CARTESIAN_POINT('',(-10.91977489713,-15.11427785888,
    71.027777777777));
#4157 = CARTESIAN_POINT('',(-2.182431972224,-17.73958523198,
    71.333333333334));
#4158 = CARTESIAN_POINT('',(5.917565369342,-15.60284800879,
    71.638888888889));
#4159 = CARTESIAN_POINT('',(11.249645601762,-10.31768292687,
    71.944444444445));
#4160 = CARTESIAN_POINT('',(15.086853090668,2.322922935754,
    72.555555555555));
#4161 = CARTESIAN_POINT('',(13.592571751018,9.680311930897,
    72.861111111112));
#4162 = CARTESIAN_POINT('',(8.047253091132,15.959248453595,
    73.166666666664));
#4163 = CARTESIAN_POINT('',(-0.675070666259,18.634032268718,
    73.472222222226));
#4164 = CARTESIAN_POINT('',(-9.785043450195,15.87277517032,
    73.777777777775));
#4165 = CARTESIAN_POINT('',(-15.55399499789,8.804823545731,
    74.083333333335));
#4166 = CARTESIAN_POINT('',(-16.67972353042,0.503863853798,
    74.388888888888));
#4167 = CARTESIAN_POINT('',(-13.83735152108,-6.444908991307,
    74.694444444445));
#4168 = CARTESIAN_POINT('',(-8.732368419619,-10.6361449528,75.));
#4169 = CARTESIAN_POINT('',(6.832958459213,11.829577824157,53.));
#4170 = CARTESIAN_POINT('',(1.155168700005,15.109162450211,
    53.305555555556));
#4171 = CARTESIAN_POINT('',(-6.294612143951,15.323054955178,
    53.611111111111));
#4172 = CARTESIAN_POINT('',(-13.61476428032,11.377392327043,
    53.916666666667));
#4173 = CARTESIAN_POINT('',(-18.16725629047,3.54787768718,
    54.222222222222));
#4174 = CARTESIAN_POINT('',(-17.55084424305,-5.881789628892,
    54.527777777778));
#4175 = CARTESIAN_POINT('',(-12.01858801411,-13.05237751768,
    54.833333333333));
#4176 = CARTESIAN_POINT('',(-4.247060074608,-16.01187168481,
    55.138888888889));
#4177 = CARTESIAN_POINT('',(3.111510146362,-14.83036304376,
    55.444444444444));
#4178 = CARTESIAN_POINT('',(13.516979520854,-6.849264780523,
    56.055555555556));
#4179 = CARTESIAN_POINT('',(16.565482401745,-4.844508353007E-02,
    56.361111111111));
#4180 = CARTESIAN_POINT('',(15.721552425473,8.224585463704,
    56.666666666667));
#4181 = CARTESIAN_POINT('',(10.230024118084,15.426412072325,
    56.972222222222));
#4182 = CARTESIAN_POINT('',(1.282416745493,18.465969904152,
    57.277777777778));
#4183 = CARTESIAN_POINT('',(-7.459531043864,16.098517297378,
    57.583333333333));
#4184 = CARTESIAN_POINT('',(-13.16775770558,10.051284107567,
    57.888888888889));
#4185 = CARTESIAN_POINT('',(-14.89219307243,2.800676733463,
    58.194444444444));
#4186 = CARTESIAN_POINT('',(-11.50061884778,-9.866963605385,
    58.805555555555));
#4187 = CARTESIAN_POINT('',(-6.384073135367,-15.28599899928,
    59.111111111112));
#4188 = CARTESIAN_POINT('',(1.582060880199,-17.67212341345,
    59.416666666665));
#4189 = CARTESIAN_POINT('',(10.337461747116,-15.35491849007,
    59.722222222224));
#4190 = CARTESIAN_POINT('',(16.569374311923,-8.25126764764,
    60.027777777776));
#4191 = CARTESIAN_POINT('',(17.727849738422,0.730999568262,
    60.333333333334));
#4192 = CARTESIAN_POINT('',(14.325228026688,8.31897806897,
    60.638888888888));
#4193 = CARTESIAN_POINT('',(8.286480351483,12.68682019993,
    60.944444444445));
#4194 = CARTESIAN_POINT('',(-4.714786307906,14.401109452805,
    61.555555555555));
#4195 = CARTESIAN_POINT('',(-11.67930909281,11.747820786981,
    61.861111111112));
#4196 = CARTESIAN_POINT('',(-16.93247648468,5.301156176987,
    62.166666666664));
#4197 = CARTESIAN_POINT('',(-18.14184001128,-3.674401160096,
    62.472222222225));
#4198 = CARTESIAN_POINT('',(-13.96421811749,-12.1506069634,
    62.777777777775));
#4199 = CARTESIAN_POINT('',(-6.108685762413,-16.65805573358,
    63.083333333335));
#4200 = CARTESIAN_POINT('',(2.203679614539,-16.41834191875,
    63.388888888888));
#4201 = CARTESIAN_POINT('',(8.549993198119,-12.51074821839,
    63.694444444445));
#4202 = CARTESIAN_POINT('',(15.109162450201,-1.155168700016,
    64.305555555555));
#4203 = CARTESIAN_POINT('',(15.323054955199,6.294612143967,
    64.611111111112));
#4204 = CARTESIAN_POINT('',(11.377392327012,13.614764280303,
    64.916666666665));
#4205 = CARTESIAN_POINT('',(3.547877687214,18.167256290493,
    65.222222222225));
#4206 = CARTESIAN_POINT('',(-5.881789628918,17.550844243039,
    65.527777777775));
#4207 = CARTESIAN_POINT('',(-13.05237751767,12.018588014119,
    65.833333333335));
#4208 = CARTESIAN_POINT('',(-16.01187168482,4.247060074607,
    66.138888888888));
#4209 = CARTESIAN_POINT('',(-14.83036304376,-3.111510146362,
    66.444444444445));
#4210 = CARTESIAN_POINT('',(-6.849264780523,-13.51697952085,
    67.055555555555));
#4211 = CARTESIAN_POINT('',(-4.844508353027E-02,-16.56548240174,
    67.361111111112));
#4212 = CARTESIAN_POINT('',(8.22458546371,-15.72155242545,
    67.666666666664));
#4213 = CARTESIAN_POINT('',(15.426412072302,-10.23002411811,
    67.972222222226));
#4214 = CARTESIAN_POINT('',(18.465969904198,-1.282416745448,
    68.277777777774));
#4215 = CARTESIAN_POINT('',(16.098517297315,7.459531043817,
    68.583333333336));
#4216 = CARTESIAN_POINT('',(10.051284107622,13.167757705611,
    68.888888888888));
#4217 = CARTESIAN_POINT('',(2.800676733441,14.89219307243,
    69.194444444445));
#4218 = CARTESIAN_POINT('',(-9.866963605367,11.50061884779,
    69.805555555555));
#4219 = CARTESIAN_POINT('',(-15.28599899932,6.384073135364,
    70.111111111112));
#4220 = CARTESIAN_POINT('',(-17.67212341338,-1.582060880213,
    70.416666666664));
#4221 = CARTESIAN_POINT('',(-15.35491849014,-10.33746174708,
    70.722222222225));
#4222 = CARTESIAN_POINT('',(-8.251267647589,-16.56937431195,
    71.027777777775));
#4223 = CARTESIAN_POINT('',(0.730999568244,-17.7278497384,
    71.333333333335));
#4224 = CARTESIAN_POINT('',(8.318978068973,-14.32522802669,
    71.638888888888));
#4225 = CARTESIAN_POINT('',(12.68682019993,-8.286480351483,
    71.944444444445));
#4226 = CARTESIAN_POINT('',(14.401109452805,4.714786307906,
    72.555555555555));
#4227 = CARTESIAN_POINT('',(11.747820786998,11.679309092816,
    72.861111111112));
#4228 = CARTESIAN_POINT('',(5.30115617691,16.932476484689,
    73.166666666664));
#4229 = CARTESIAN_POINT('',(-3.674401159916,18.14184001126,
    73.472222222226));
#4230 = CARTESIAN_POINT('',(-12.15060696365,13.964218117549,
    73.777777777774));
#4231 = CARTESIAN_POINT('',(-16.65805573335,6.108685762341,
    74.083333333335));
#4232 = CARTESIAN_POINT('',(-16.41834191888,-2.203679614482,
    74.388888888888));
#4233 = CARTESIAN_POINT('',(-12.51074821835,-8.549993198143,
    74.694444444445));
#4234 = CARTESIAN_POINT('',(-6.832958459213,-11.82957782415,75.));
#4235 = CARTESIAN_POINT('',(4.77931915,12.690619995635,53.));
#4236 = CARTESIAN_POINT('',(-1.311741183707,14.984528512847,
    53.305555555556));
#4237 = CARTESIAN_POINT('',(-8.642557404007,13.989408134998,
    53.611111111111));
#4238 = CARTESIAN_POINT('',(-15.17383080575,8.941427346001,
    53.916666666667));
#4239 = CARTESIAN_POINT('',(-18.36648371494,0.537167364673,
    54.222222222222));
#4240 = CARTESIAN_POINT('',(-16.23803159459,-8.598469695392,
    54.527777777778));
#4241 = CARTESIAN_POINT('',(-9.660343130236,-14.72671477925,
    54.833333333333));
#4242 = CARTESIAN_POINT('',(-1.570457004052,-16.3685799928,
    55.138888888889));
#4243 = CARTESIAN_POINT('',(5.445396944428,-14.0215680698,
    55.444444444444));
#4244 = CARTESIAN_POINT('',(14.345878679883,-4.522442251782,
    56.055555555556));
#4245 = CARTESIAN_POINT('',(16.231878240263,2.631135681765,
    56.361111111111));
#4246 = CARTESIAN_POINT('',(14.067621888496,10.597186984536,
    56.666666666666));
#4247 = CARTESIAN_POINT('',(7.524770691834,16.76261248148,
    56.972222222222));
#4248 = CARTESIAN_POINT('',(-1.729900261883,18.292723086405,
    57.277777777778));
#4249 = CARTESIAN_POINT('',(-9.908855336887,14.560523693001,
    57.583333333334));
#4250 = CARTESIAN_POINT('',(-14.5216104611,7.714931501123,
    57.888888888889));
#4251 = CARTESIAN_POINT('',(-15.03810423542,0.334933858545,
    58.194444444445));
#4252 = CARTESIAN_POINT('',(-9.668120638164,-11.52320281045,
    58.805555555555));
#4253 = CARTESIAN_POINT('',(-3.780794409861,-16.00321630426,
    59.111111111112));
#4254 = CARTESIAN_POINT('',(4.40697474947,-17.05206256908,
    59.416666666665));
#4255 = CARTESIAN_POINT('',(12.607230495202,-13.36689986767,
    59.722222222224));
#4256 = CARTESIAN_POINT('',(17.562058483095,-5.40198602415,
    60.027777777776));
#4257 = CARTESIAN_POINT('',(17.244254020988,3.582465748999,
    60.333333333334));
#4258 = CARTESIAN_POINT('',(12.684814708434,10.463853114185,
    60.638888888888));
#4259 = CARTESIAN_POINT('',(6.064268759371,13.765222970687,
    60.944444444445));
#4260 = CARTESIAN_POINT('',(-6.946218512865,13.341917680384,
    61.555555555555));
#4261 = CARTESIAN_POINT('',(-13.33816505788,9.617177292289,
    61.861111111112));
#4262 = CARTESIAN_POINT('',(-17.4406536108,2.453968054242,
    62.166666666664));
#4263 = CARTESIAN_POINT('',(-17.1737733391,-6.532140572957,
    62.472222222226));
#4264 = CARTESIAN_POINT('',(-11.71168433484,-14.15813274675,
    62.777777777774));
#4265 = CARTESIAN_POINT('',(-3.28922623842,-17.30246384342,
    63.083333333336));
#4266 = CARTESIAN_POINT('',(4.813048849953,-15.72360961164,
    63.388888888888));
#4267 = CARTESIAN_POINT('',(10.396711478435,-10.87037948368,
    63.694444444445));
#4268 = CARTESIAN_POINT('',(14.984528512839,1.311741183695,
    64.305555555555));
#4269 = CARTESIAN_POINT('',(13.989408135016,8.642557404025,
    64.611111111112));
#4270 = CARTESIAN_POINT('',(8.941427345973,15.173830805735,
    64.916666666664));
#4271 = CARTESIAN_POINT('',(0.537167364703,18.366483714963,
    65.222222222225));
#4272 = CARTESIAN_POINT('',(-8.598469695415,16.238031594576,
    65.527777777775));
#4273 = CARTESIAN_POINT('',(-14.72671477924,9.660343130243,
    65.833333333335));
#4274 = CARTESIAN_POINT('',(-16.3685799928,1.570457004052,
    66.138888888888));
#4275 = CARTESIAN_POINT('',(-14.0215680698,-5.445396944428,
    66.444444444445));
#4276 = CARTESIAN_POINT('',(-4.522442251782,-14.34587867988,
    67.055555555555));
#4277 = CARTESIAN_POINT('',(2.631135681764,-16.23187824026,
    67.361111111113));
#4278 = CARTESIAN_POINT('',(10.597186984541,-14.06762188847,
    67.666666666664));
#4279 = CARTESIAN_POINT('',(16.762612481461,-7.524770691871,
    67.972222222226));
#4280 = CARTESIAN_POINT('',(18.292723086445,1.729900261936,
    68.277777777774));
#4281 = CARTESIAN_POINT('',(14.560523692945,9.908855336831,
    68.583333333336));
#4282 = CARTESIAN_POINT('',(7.714931501175,14.521610461133,
    68.888888888888));
#4283 = CARTESIAN_POINT('',(0.334933858524,15.038104235415,
    69.194444444445));
#4284 = CARTESIAN_POINT('',(-11.52320281044,9.66812063817,
    69.805555555555));
#4285 = CARTESIAN_POINT('',(-16.0032163043,3.780794409851,
    70.111111111112));
#4286 = CARTESIAN_POINT('',(-17.05206256901,-4.406974749472,
    70.416666666664));
#4287 = CARTESIAN_POINT('',(-13.36689986775,-12.60723049518,
    70.722222222225));
#4288 = CARTESIAN_POINT('',(-5.401986024094,-17.56205848311,
    71.027777777775));
#4289 = CARTESIAN_POINT('',(3.582465748977,-17.24425402097,
    71.333333333335));
#4290 = CARTESIAN_POINT('',(10.463853114189,-12.68481470843,
    71.638888888888));
#4291 = CARTESIAN_POINT('',(13.765222970687,-6.064268759372,
    71.944444444445));
#4292 = CARTESIAN_POINT('',(13.341917680384,6.946218512865,
    72.555555555555));
#4293 = CARTESIAN_POINT('',(9.617177292305,13.33816505788,
    72.861111111113));
#4294 = CARTESIAN_POINT('',(2.453968054167,17.440653610799,
    73.166666666663));
#4295 = CARTESIAN_POINT('',(-6.53214057278,17.173773339103,
    73.472222222227));
#4296 = CARTESIAN_POINT('',(-14.15813274701,11.711684334854,
    73.777777777774));
#4297 = CARTESIAN_POINT('',(-17.30246384318,3.289226238386,
    74.083333333336));
#4298 = CARTESIAN_POINT('',(-15.72360961178,-4.813048849918,
    74.388888888888));
#4299 = CARTESIAN_POINT('',(-10.87037948363,-10.39671147845,
    74.694444444445));
#4300 = CARTESIAN_POINT('',(-4.77931915,-12.69061999563,75.));
#4301 = CARTESIAN_POINT('',(2.628644447729,13.201132659468,53.));
#4302 = CARTESIAN_POINT('',(-3.707444374546,14.462791422593,
    53.305555555556));
#4303 = CARTESIAN_POINT('',(-10.72587584813,12.302933927891,
    53.611111111111));
#4304 = CARTESIAN_POINT('',(-16.30599005553,6.303241618869,
    53.916666666667));
#4305 = CARTESIAN_POINT('',(-18.07380603763,-2.44356179893,
    54.222222222222));
#4306 = CARTESIAN_POINT('',(-14.51221954282,-11.0462732587,
    54.527777777778));
#4307 = CARTESIAN_POINT('',(-7.07959452532,-15.98435299973,
    54.833333333333));
#4308 = CARTESIAN_POINT('',(1.10858853116,-16.2842575479,55.138888888889
    ));
#4309 = CARTESIAN_POINT('',(7.599982387068,-12.85136985591,
    55.444444444444));
#4310 = CARTESIAN_POINT('',(14.78065279358,-2.109441265563,
    56.055555555556));
#4311 = CARTESIAN_POINT('',(15.471036054249,5.201255216425,
    56.361111111111));
#4312 = CARTESIAN_POINT('',(12.063492476137,12.652760518589,
    56.666666666666));
#4313 = CARTESIAN_POINT('',(4.658973233677,17.632885111978,
    56.972222222222));
#4314 = CARTESIAN_POINT('',(-4.651855853663,17.635013356131,
    57.277777777778));
#4315 = CARTESIAN_POINT('',(-12.05834878574,12.65750335393,
    57.583333333334));
#4316 = CARTESIAN_POINT('',(-15.4689384778,5.207546285466,
    57.888888888889));
#4317 = CARTESIAN_POINT('',(-14.78150664264,-2.103459269175,
    58.194444444445));
#4318 = CARTESIAN_POINT('',(-7.605178831699,-12.84829694789,
    58.805555555555));
#4319 = CARTESIAN_POINT('',(-1.115148462496,-16.28382755533,
    59.111111111112));
#4320 = CARTESIAN_POINT('',(7.073011250042,-15.9871410343,
    59.416666666665));
#4321 = CARTESIAN_POINT('',(14.507969929356,-11.05225169288,
    59.722222222224));
#4322 = CARTESIAN_POINT('',(18.07258357685,-2.450794120661,
    60.027777777776));
#4323 = CARTESIAN_POINT('',(16.308673695901,6.296615102054,
    60.333333333334));
#4324 = CARTESIAN_POINT('',(10.730818470785,12.298599406651,
    60.638888888888));
#4325 = CARTESIAN_POINT('',(3.713291689858,14.461289855447,
    60.944444444445));
#4326 = CARTESIAN_POINT('',(-8.95989959731,11.943100044099,
    61.555555555555));
#4327 = CARTESIAN_POINT('',(-14.61751734015,7.261831671728,
    61.861111111112));
#4328 = CARTESIAN_POINT('',(-17.4770300981,-0.41667542877,
    62.166666666664));
#4329 = CARTESIAN_POINT('',(-15.76272420144,-9.173941067629,
    62.472222222226));
#4330 = CARTESIAN_POINT('',(-9.180478711231,-15.7591963497,
    62.777777777774));
#4331 = CARTESIAN_POINT('',(-0.423666258129,-17.47674665073,
    63.083333333336));
#4332 = CARTESIAN_POINT('',(7.255900003615,-14.62048258723,
    63.388888888888));
#4333 = CARTESIAN_POINT('',(11.939473896351,-8.964733269978,
    63.694444444445));
#4334 = CARTESIAN_POINT('',(14.462791422587,3.707444374533,
    64.305555555555));
#4335 = CARTESIAN_POINT('',(12.302933927905,10.725875848155,
    64.611111111112));
#4336 = CARTESIAN_POINT('',(6.303241618846,16.305990055511,
    64.916666666664));
#4337 = CARTESIAN_POINT('',(-2.443561798904,18.073806037659,
    65.222222222226));
#4338 = CARTESIAN_POINT('',(-11.04627325872,14.512219542801,
    65.527777777774));
#4339 = CARTESIAN_POINT('',(-15.98435299972,7.079594525328,
    65.833333333335));
#4340 = CARTESIAN_POINT('',(-16.28425754791,-1.108588531162,
    66.138888888888));
#4341 = CARTESIAN_POINT('',(-12.85136985591,-7.599982387068,
    66.444444444445));
#4342 = CARTESIAN_POINT('',(-2.109441265563,-14.78065279358,
    67.055555555555));
#4343 = CARTESIAN_POINT('',(5.201255216425,-15.47103605425,
    67.361111111112));
#4344 = CARTESIAN_POINT('',(12.652760518591,-12.06349247612,
    67.666666666664));
#4345 = CARTESIAN_POINT('',(17.632885111965,-4.658973233716,
    67.972222222225));
#4346 = CARTESIAN_POINT('',(17.635013356161,4.651855853721,
    68.277777777775));
#4347 = CARTESIAN_POINT('',(12.657503353885,12.058348785682,
    68.583333333335));
#4348 = CARTESIAN_POINT('',(5.207546285512,15.468938477847,
    68.888888888888));
#4349 = CARTESIAN_POINT('',(-2.103459269195,14.781506642628,
    69.194444444445));
#4350 = CARTESIAN_POINT('',(-12.84829694788,7.605178831708,
    69.805555555555));
#4351 = CARTESIAN_POINT('',(-16.28382755537,1.11514846248,
    70.111111111112));
#4352 = CARTESIAN_POINT('',(-15.98714103423,-7.073011250033,
    70.416666666665));
#4353 = CARTESIAN_POINT('',(-11.05225169296,-14.50796992934,
    70.722222222225));
#4354 = CARTESIAN_POINT('',(-2.450794120605,-18.07258357686,
    71.027777777776));
#4355 = CARTESIAN_POINT('',(6.296615102033,-16.30867369589,
    71.333333333334));
#4356 = CARTESIAN_POINT('',(12.298599406655,-10.73081847078,
    71.638888888888));
#4357 = CARTESIAN_POINT('',(14.461289855447,-3.713291689858,
    71.944444444445));
#4358 = CARTESIAN_POINT('',(11.943100044099,8.95989959731,
    72.555555555555));
#4359 = CARTESIAN_POINT('',(7.261831671743,14.617517340159,
    72.861111111112));
#4360 = CARTESIAN_POINT('',(-0.416675428843,17.477030098087,
    73.166666666664));
#4361 = CARTESIAN_POINT('',(-9.173941067456,15.762724201473,
    73.472222222225));
#4362 = CARTESIAN_POINT('',(-15.75919634995,9.180478711203,
    73.777777777775));
#4363 = CARTESIAN_POINT('',(-17.47674665049,0.423666258134,
    74.083333333335));
#4364 = CARTESIAN_POINT('',(-14.62048258737,-7.255900003604,
    74.388888888888));
#4365 = CARTESIAN_POINT('',(-8.964733269926,-11.93947389635,
    74.694444444445));
#4366 = CARTESIAN_POINT('',(-2.628644447729,-13.20113265946,75.));
#4367 = CARTESIAN_POINT('',(0.439843782565,13.352610645313,53.));
#4368 = CARTESIAN_POINT('',(-5.968949253635,13.563720505818,
    53.305555555556));
#4369 = CARTESIAN_POINT('',(-12.49276226791,10.313885155036,
    53.611111111111));
#4370 = CARTESIAN_POINT('',(-16.98724066626,3.536318044005,
    53.916666666667));
#4371 = CARTESIAN_POINT('',(-17.30426023167,-5.315076173079,
    54.222222222222));
#4372 = CARTESIAN_POINT('',(-12.4255948193,-13.16371493887,
    54.527777777778));
#4373 = CARTESIAN_POINT('',(-4.348587286476,-16.79778712432,
    54.833333333333));
#4374 = CARTESIAN_POINT('',(3.718431246941,-15.76762601936,
    55.138888888889));
#4375 = CARTESIAN_POINT('',(9.52030502752,-11.35634720606,
    55.444444444444));
#4376 = CARTESIAN_POINT('',(14.815460477241,0.323976124068,
    56.055555555556));
#4377 = CARTESIAN_POINT('',(14.309558254283,7.594820853209,
    56.361111111111));
#4378 = CARTESIAN_POINT('',(9.767869217118,14.341010934345,
    56.666666666666));
#4379 = CARTESIAN_POINT('',(1.71158738812,18.020800931636,
    56.972222222223));
#4380 = CARTESIAN_POINT('',(-7.406672870221,16.517525658762,
    57.277777777777));
#4381 = CARTESIAN_POINT('',(-13.85495363105,10.445676169572,
    57.583333333334));
#4382 = CARTESIAN_POINT('',(-15.99038192042,2.59865775251,
    57.888888888889));
#4383 = CARTESIAN_POINT('',(-14.13516185632,-4.44972678349,
    58.194444444445));
#4384 = CARTESIAN_POINT('',(-5.370314253993,-13.81168324157,
    58.805555555555));
#4385 = CARTESIAN_POINT('',(1.540698781919,-16.12673504894,
    59.111111111112));
#4386 = CARTESIAN_POINT('',(9.511238599372,-14.51234753803,
    59.416666666665));
#4387 = CARTESIAN_POINT('',(15.994286157783,-8.477633348818,
    59.722222222224));
#4388 = CARTESIAN_POINT('',(18.094374455865,0.521929741947,
    60.027777777776));
#4389 = CARTESIAN_POINT('',(14.952744743397,8.802913625658,
    60.333333333334));
#4390 = CARTESIAN_POINT('',(8.520067331418,13.778723231603,
    60.638888888888));
#4391 = CARTESIAN_POINT('',(1.298277874991,14.762022362839,
    60.944444444445));
#4392 = CARTESIAN_POINT('',(-10.70519828412,10.247026855587,
    61.555555555555));
#4393 = CARTESIAN_POINT('',(-15.48873500458,4.74803635019,
    61.861111111112));
#4394 = CARTESIAN_POINT('',(-17.04755264192,-3.233699519595,
    62.166666666664));
#4395 = CARTESIAN_POINT('',(-13.95290558988,-11.5323554924,
    62.472222222226));
#4396 = CARTESIAN_POINT('',(-6.442345789186,-16.91696301434,
    62.777777777775));
#4397 = CARTESIAN_POINT('',(2.410723211969,-17.18314011909,
    63.083333333335));
#4398 = CARTESIAN_POINT('',(9.46937897091,-13.14443600849,
    63.388888888888));
#4399 = CARTESIAN_POINT('',(13.141500784811,-6.848636818739,
    63.694444444445));
#4400 = CARTESIAN_POINT('',(13.563720505815,5.968949253622,
    64.305555555555));
#4401 = CARTESIAN_POINT('',(10.313885155047,12.492762267936,
    64.611111111112));
#4402 = CARTESIAN_POINT('',(3.536318043987,16.987240666234,
    64.916666666664));
#4403 = CARTESIAN_POINT('',(-5.315076173058,17.30426023171,
    65.222222222226));
#4404 = CARTESIAN_POINT('',(-13.16371493889,12.425594819278,
    65.527777777775));
#4405 = CARTESIAN_POINT('',(-16.79778712431,4.348587286487,
    65.833333333335));
#4406 = CARTESIAN_POINT('',(-15.76762601937,-3.718431246943,
    66.138888888888));
#4407 = CARTESIAN_POINT('',(-11.35634720606,-9.52030502752,
    66.444444444445));
#4408 = CARTESIAN_POINT('',(0.323976124068,-14.81546047724,
    67.055555555555));
#4409 = CARTESIAN_POINT('',(7.594820853209,-14.30955825428,
    67.361111111113));
#4410 = CARTESIAN_POINT('',(14.341010934345,-9.767869217102,
    67.666666666664));
#4411 = CARTESIAN_POINT('',(18.020800931629,-1.71158738816,
    67.972222222226));
#4412 = CARTESIAN_POINT('',(16.517525658783,7.406672870282,
    68.277777777774));
#4413 = CARTESIAN_POINT('',(10.445676169538,13.854953630985,
    68.583333333336));
#4414 = CARTESIAN_POINT('',(2.598657752548,15.99038192047,
    68.888888888888));
#4415 = CARTESIAN_POINT('',(-4.449726783507,14.135161856308,
    69.194444444445));
#4416 = CARTESIAN_POINT('',(-13.81168324155,5.370314254004,
    69.805555555555));
#4417 = CARTESIAN_POINT('',(-16.12673504898,-1.540698781942,
    70.111111111112));
#4418 = CARTESIAN_POINT('',(-14.51234753796,-9.511238599351,
    70.416666666664));
#4419 = CARTESIAN_POINT('',(-8.477633348897,-15.99428615778,
    70.722222222225));
#4420 = CARTESIAN_POINT('',(0.521929742005,-18.09437445587,
    71.027777777775));
#4421 = CARTESIAN_POINT('',(8.802913625634,-14.95274474339,
    71.333333333335));
#4422 = CARTESIAN_POINT('',(13.778723231608,-8.52006733142,
    71.638888888888));
#4423 = CARTESIAN_POINT('',(14.762022362839,-1.298277874992,
    71.944444444445));
#4424 = CARTESIAN_POINT('',(10.247026855587,10.705198284129,
    72.555555555555));
#4425 = CARTESIAN_POINT('',(4.748036350205,15.488735004593,
    72.861111111112));
#4426 = CARTESIAN_POINT('',(-3.233699519664,17.047552641894,
    73.166666666664));
#4427 = CARTESIAN_POINT('',(-11.53235549223,13.952905589948,
    73.472222222225));
#4428 = CARTESIAN_POINT('',(-16.91696301458,6.442345789118,
    73.777777777775));
#4429 = CARTESIAN_POINT('',(-17.18314011886,-2.410723211925,
    74.083333333335));
#4430 = CARTESIAN_POINT('',(-13.14443600863,-9.469378970923,
    74.388888888888));
#4431 = CARTESIAN_POINT('',(-6.848636818686,-13.1415007848,
    74.694444444445));
#4432 = CARTESIAN_POINT('',(-0.439843782565,-13.35261064531,75.));
#4433 = CARTESIAN_POINT('',(-1.728004961183,13.146335691897,53.));
#4434 = CARTESIAN_POINT('',(-8.037793127092,12.316952850151,
    53.305555555556));
#4435 = CARTESIAN_POINT('',(-13.90068216467,8.079926510273,
    53.611111111111));
#4436 = CARTESIAN_POINT('',(-17.20606649614,0.716534530596,
    53.916666666667));
#4437 = CARTESIAN_POINT('',(-16.08549880269,-8.002235113818,
    54.222222222222));
#4438 = CARTESIAN_POINT('',(-10.03929529611,-14.89909590971,
    54.527777777778));
#4439 = CARTESIAN_POINT('',(-1.54255874486,-17.15186788406,
    54.833333333333));
#4440 = CARTESIAN_POINT('',(6.190331481442,-14.8389152894,
    55.138888888889));
#4441 = CARTESIAN_POINT('',(11.158508573433,-9.581288713102,
    55.444444444444));
#4442 = CARTESIAN_POINT('',(14.455310112478,2.712455813333,
    56.055555555556));
#4443 = CARTESIAN_POINT('',(12.784442674133,9.750468518403,
    56.361111111111));
#4444 = CARTESIAN_POINT('',(7.24644772884,15.622261510626,
    56.666666666666));
#4445 = CARTESIAN_POINT('',(-1.237384851389,17.923152281296,
    56.972222222223));
#4446 = CARTESIAN_POINT('',(-9.923190338724,14.976960040433,
    57.277777777777));
#4447 = CARTESIAN_POINT('',(-15.25588225383,7.98875476259,
    57.583333333334));
#4448 = CARTESIAN_POINT('',(-16.07832509943,-4.048522571801E-02,
    57.888888888889));
#4449 = CARTESIAN_POINT('',(-13.12213532106,-6.64251537312,
    58.194444444445));
#4450 = CARTESIAN_POINT('',(-3.025822857971,-14.39297890982,
    58.805555555555));
#4451 = CARTESIAN_POINT('',(4.115895794896,-15.5426374487,
    59.111111111112));
#4452 = CARTESIAN_POINT('',(11.659859871378,-12.67319272244,
    59.416666666665));
#4453 = CARTESIAN_POINT('',(17.032599995834,-5.715730568604,
    59.722222222224));
#4454 = CARTESIAN_POINT('',(17.634105533492,3.436397969154,
    60.027777777776));
#4455 = CARTESIAN_POINT('',(13.21895583972,11.037448341939,
    60.333333333334));
#4456 = CARTESIAN_POINT('',(6.11547225827,14.86992299492,60.638888888888
    ));
#4457 = CARTESIAN_POINT('',(-1.115262858662,14.665251301743,
    60.944444444445));
#4458 = CARTESIAN_POINT('',(-12.13944370396,8.303451905411,
    61.555555555555));
#4459 = CARTESIAN_POINT('',(-15.93458851767,2.145343699465,
    61.861111111112));
#4460 = CARTESIAN_POINT('',(-16.17061938021,-5.922594723074,
    62.166666666664));
#4461 = CARTESIAN_POINT('',(-11.79861929897,-13.54854573766,
    62.472222222226));
#4462 = CARTESIAN_POINT('',(-3.573554826643,-17.60706518571,
    62.777777777774));
#4463 = CARTESIAN_POINT('',(5.13863512881,-16.43644046049,
    63.083333333336));
#4464 = CARTESIAN_POINT('',(11.397720085574,-11.3404653303,
    63.388888888888));
#4465 = CARTESIAN_POINT('',(13.975718533643,-4.5817832047,
    63.694444444445));
#4466 = CARTESIAN_POINT('',(12.316952850149,8.037793127078,
    64.305555555555));
#4467 = CARTESIAN_POINT('',(8.07992651028,13.900682164699,
    64.611111111112));
#4468 = CARTESIAN_POINT('',(0.716534530583,17.206066496113,
    64.916666666664));
#4469 = CARTESIAN_POINT('',(-8.002235113803,16.085498802728,
    65.222222222226));
#4470 = CARTESIAN_POINT('',(-14.89909590973,10.039295296089,
    65.527777777774));
#4471 = CARTESIAN_POINT('',(-17.15186788405,1.542558744871,
    65.833333333335));
#4472 = CARTESIAN_POINT('',(-14.83891528941,-6.190331481445,
    66.138888888888));
#4473 = CARTESIAN_POINT('',(-9.581288713102,-11.15850857343,
    66.444444444445));
#4474 = CARTESIAN_POINT('',(2.712455813333,-14.45531011247,
    67.055555555555));
#4475 = CARTESIAN_POINT('',(9.750468518404,-12.78444267413,
    67.361111111112));
#4476 = CARTESIAN_POINT('',(15.622261510623,-7.246447728824,
    67.666666666664));
#4477 = CARTESIAN_POINT('',(17.923152281295,1.237384851348,
    67.972222222226));
#4478 = CARTESIAN_POINT('',(14.976960040444,9.923190338787,
    68.277777777775));
#4479 = CARTESIAN_POINT('',(7.988754762566,15.255882253762,
    68.583333333335));
#4480 = CARTESIAN_POINT('',(-4.048522568732E-02,16.078325099483,
    68.888888888888));
#4481 = CARTESIAN_POINT('',(-6.642515373134,13.122135321048,
    69.194444444445));
#4482 = CARTESIAN_POINT('',(-14.39297890981,3.025822857984,
    69.805555555555));
#4483 = CARTESIAN_POINT('',(-15.54263744873,-4.115895794925,
    70.111111111112));
#4484 = CARTESIAN_POINT('',(-12.67319272237,-11.65985987134,
    70.416666666664));
#4485 = CARTESIAN_POINT('',(-5.715730568679,-17.03259999585,
    70.722222222226));
#4486 = CARTESIAN_POINT('',(3.43639796921,-17.63410553348,
    71.027777777775));
#4487 = CARTESIAN_POINT('',(11.037448341915,-13.21895583971,
    71.333333333335));
#4488 = CARTESIAN_POINT('',(14.869922994924,-6.115472258271,
    71.638888888888));
#4489 = CARTESIAN_POINT('',(14.665251301743,1.115262858662,
    71.944444444445));
#4490 = CARTESIAN_POINT('',(8.303451905411,12.139443703965,
    72.555555555555));
#4491 = CARTESIAN_POINT('',(2.145343699478,15.934588517686,
    72.861111111113));
#4492 = CARTESIAN_POINT('',(-5.922594723138,16.170619380177,
    73.166666666664));
#4493 = CARTESIAN_POINT('',(-13.5485457375,11.798619299063,
    73.472222222226));
#4494 = CARTESIAN_POINT('',(-17.60706518594,3.573554826537,
    73.777777777774));
#4495 = CARTESIAN_POINT('',(-16.43644046027,-5.13863512873,
    74.083333333336));
#4496 = CARTESIAN_POINT('',(-11.34046533044,-11.39772008561,
    74.388888888888));
#4497 = CARTESIAN_POINT('',(-4.581783204649,-13.97571853363,
    74.694444444445));
#4498 = CARTESIAN_POINT('',(1.728004961182,-13.14633569189,75.));
#4499 = CARTESIAN_POINT('',(-3.817229128504,12.593111872884,53.));
#4500 = CARTESIAN_POINT('',(-9.861488923,10.760973416505,53.305555555556
    ));
#4501 = CARTESIAN_POINT('',(-14.91728354332,5.664427816156,
    53.611111111111));
#4502 = CARTESIAN_POINT('',(-16.96344853882,-2.079908509751,
    53.916666666667));
#4503 = CARTESIAN_POINT('',(-14.4567579115,-10.43589106647,
    54.222222222222));
#4504 = CARTESIAN_POINT('',(-7.421574703157,-16.21164704126,
    54.527777777778));
#4505 = CARTESIAN_POINT('',(1.26233107947,-17.04391329154,
    54.833333333333));
#4506 = CARTESIAN_POINT('',(8.46021318871,-13.52905487862,
    55.138888888889));
#4507 = CARTESIAN_POINT('',(12.474946089075,-7.577809342502,
    55.444444444444));
#4508 = CARTESIAN_POINT('',(13.71567122093,4.992778516618,
    56.055555555556));
#4509 = CARTESIAN_POINT('',(10.941854677327,11.614058262624,
    56.361111111111));
#4510 = CARTESIAN_POINT('',(4.570004012384,16.468258055124,
    56.666666666666));
#4511 = CARTESIAN_POINT('',(-4.109045462944,17.349726690874,
    56.972222222223));
#4512 = CARTESIAN_POINT('',(-12.13762195784,13.060773517458,
    57.277777777777));
#4513 = CARTESIAN_POINT('',(-16.2295121545,5.356075145253,
    57.583333333334));
#4514 = CARTESIAN_POINT('',(-15.7368222039,-2.638847801792,
    57.888888888889));
#4515 = CARTESIAN_POINT('',(-11.77494081394,-8.625443842313,
    58.194444444445));
#4516 = CARTESIAN_POINT('',(-0.636031584946,-14.58228296501,
    58.805555555555));
#4517 = CARTESIAN_POINT('',(6.542757030066,-14.55346767074,
    59.111111111112));
#4518 = CARTESIAN_POINT('',(13.465686905543,-10.52425208256,
    59.416666666666));
#4519 = CARTESIAN_POINT('',(17.601760894084,-2.84318221244,
    59.722222222224));
#4520 = CARTESIAN_POINT('',(16.711211356723,6.215519757451,
    60.027777777776));
#4521 = CARTESIAN_POINT('',(11.159263800029,12.944469532775,
    60.333333333334));
#4522 = CARTESIAN_POINT('',(3.584212331694,15.548760563745,
    60.638888888888));
#4523 = CARTESIAN_POINT('',(-3.462798601899,14.179439347143,
    60.944444444445));
#4524 = CARTESIAN_POINT('',(-13.2288716749,6.168016582781,
    61.555555555555));
#4525 = CARTESIAN_POINT('',(-15.94943899569,-0.475319713498,
    61.861111111112));
#4526 = CARTESIAN_POINT('',(-14.87629777231,-8.41333611792,
    62.166666666664));
#4527 = CARTESIAN_POINT('',(-9.362575483795,-15.17364330586,
    62.472222222226));
#4528 = CARTESIAN_POINT('',(-0.652766727864,-17.81795631565,
    62.777777777774));
#4529 = CARTESIAN_POINT('',(7.688681044044,-15.26331515551,
    63.083333333336));
#4530 = CARTESIAN_POINT('',(12.993560869874,-9.261666519556,
    63.388888888888));
#4531 = CARTESIAN_POINT('',(14.425250329258,-2.227030665967,
    63.694444444445));
#4532 = CARTESIAN_POINT('',(10.760973416506,9.861488922987,
    64.305555555555));
#4533 = CARTESIAN_POINT('',(5.664427816159,14.917283543349,
    64.611111111112));
#4534 = CARTESIAN_POINT('',(-2.079908509759,16.963448538794,
    64.916666666664));
#4535 = CARTESIAN_POINT('',(-10.43589106646,14.456757911537,
    65.222222222226));
#4536 = CARTESIAN_POINT('',(-16.21164704127,7.421574703129,
    65.527777777775));
#4537 = CARTESIAN_POINT('',(-17.04391329153,-1.262331079457,
    65.833333333335));
#4538 = CARTESIAN_POINT('',(-13.52905487862,-8.460213188713,
    66.138888888888));
#4539 = CARTESIAN_POINT('',(-7.577809342502,-12.47494608907,
    66.444444444445));
#4540 = CARTESIAN_POINT('',(4.992778516618,-13.71567122093,
    67.055555555555));
#4541 = CARTESIAN_POINT('',(11.614058262626,-10.94185467733,
    67.361111111113));
#4542 = CARTESIAN_POINT('',(16.468258055119,-4.570004012368,
    67.666666666663));
#4543 = CARTESIAN_POINT('',(17.34972669088,4.109045462905,
    67.972222222227));
#4544 = CARTESIAN_POINT('',(13.060773517459,12.13762195791,
    68.277777777774));
#4545 = CARTESIAN_POINT('',(5.356075145242,16.229512154431,
    68.583333333336));
#4546 = CARTESIAN_POINT('',(-2.63884780177,15.736822203954,
    68.888888888888));
#4547 = CARTESIAN_POINT('',(-8.625443842324,11.774940813931,
    69.194444444445));
#4548 = CARTESIAN_POINT('',(-14.582282965,0.636031584961,69.805555555555
    ));
#4549 = CARTESIAN_POINT('',(-14.55346767077,-6.542757030099,
    70.111111111112));
#4550 = CARTESIAN_POINT('',(-10.5242520825,-13.4656869055,
    70.416666666664));
#4551 = CARTESIAN_POINT('',(-2.843182212511,-17.60176089411,
    70.722222222225));
#4552 = CARTESIAN_POINT('',(6.215519757507,-16.7112113567,
    71.027777777775));
#4553 = CARTESIAN_POINT('',(12.944469532752,-11.15926380003,
    71.333333333335));
#4554 = CARTESIAN_POINT('',(15.548760563749,-3.584212331694,
    71.638888888888));
#4555 = CARTESIAN_POINT('',(14.179439347143,3.462798601899,
    71.944444444445));
#4556 = CARTESIAN_POINT('',(6.168016582782,13.228871674907,
    72.555555555555));
#4557 = CARTESIAN_POINT('',(-0.475319713486,15.949438995702,
    72.861111111112));
#4558 = CARTESIAN_POINT('',(-8.413336117976,14.876297772268,
    73.166666666665));
#4559 = CARTESIAN_POINT('',(-15.17364330572,9.362575483903,
    73.472222222224));
#4560 = CARTESIAN_POINT('',(-17.81795631586,0.652766727724,
    73.777777777776));
#4561 = CARTESIAN_POINT('',(-15.26331515531,-7.68868104393,
    74.083333333334));
#4562 = CARTESIAN_POINT('',(-9.261666519686,-12.99356086993,
    74.388888888889));
#4563 = CARTESIAN_POINT('',(-2.227030665918,-14.42525032924,
    74.694444444445));
#4564 = CARTESIAN_POINT('',(3.817229128504,-12.59311187288,75.));
#4565 = CARTESIAN_POINT('',(-5.773241636808,11.713121828835,53.));
#4566 = CARTESIAN_POINT('',(-11.39513653083,8.942164764251,
    53.305555555556));
#4567 = CARTESIAN_POINT('',(-15.52150369448,3.134744379319,
    53.611111111111));
#4568 = CARTESIAN_POINT('',(-16.27305516564,-4.778670244112,
    53.916666666667));
#4569 = CARTESIAN_POINT('',(-12.4679333443,-12.55497953355,
    54.222222222222));
#4570 = CARTESIAN_POINT('',(-4.645967420944,-17.07289039661,
    54.527777777778));
#4571 = CARTESIAN_POINT('',(3.991169909823,-16.48400352577,
    54.833333333333));
#4572 = CARTESIAN_POINT('',(10.47058506876,-11.8789729506,
    55.138888888889));
#4573 = CARTESIAN_POINT('',(13.439461731783,-5.402987865654,
    55.444444444444));
#4574 = CARTESIAN_POINT('',(12.622213158055,7.105712104293,
    56.055555555556));
#4575 = CARTESIAN_POINT('',(8.835961964099,13.140354873917,
    56.361111111111));
#4576 = CARTESIAN_POINT('',(1.812451257764,16.863179709789,
    56.666666666667));
#4577 = CARTESIAN_POINT('',(-6.827884855626,16.3232529898,
    56.972222222222));
#4578 = CARTESIAN_POINT('',(-13.99551628912,10.826005577765,
    57.277777777777));
#4579 = CARTESIAN_POINT('',(-16.7564889639,2.620704356702,
    57.583333333334));
#4580 = CARTESIAN_POINT('',(-14.98168485456,-5.127652307043,
    57.888888888889));
#4581 = CARTESIAN_POINT('',(-10.13477209662,-10.34880871291,
    58.194444444445));
#4582 = CARTESIAN_POINT('',(1.734512970192,-14.38064365678,
    58.805555555555));
#4583 = CARTESIAN_POINT('',(8.758761508727,-13.1919595245,
    59.111111111112));
#4584 = CARTESIAN_POINT('',(14.885817792843,-8.127757523537,
    59.416666666665));
#4585 = CARTESIAN_POINT('',(17.693871381049,6.155095063654E-02,
    59.722222222224));
#4586 = CARTESIAN_POINT('',(15.357551642372,8.787161505426,
    60.027777777776));
#4587 = CARTESIAN_POINT('',(8.833767366097,14.47813398226,
    60.333333333334));
#4588 = CARTESIAN_POINT('',(0.995880621787,15.803524032019,
    60.638888888888));
#4589 = CARTESIAN_POINT('',(-5.682645167569,13.323623884513,
    60.944444444445));
#4590 = CARTESIAN_POINT('',(-13.94974973174,3.900755303537,
    61.555555555555));
#4591 = CARTESIAN_POINT('',(-15.53960266166,-3.043665415421,
    61.861111111112));
#4592 = CARTESIAN_POINT('',(-13.20566530009,-10.64247215024,
    62.166666666664));
#4593 = CARTESIAN_POINT('',(-6.714239197541,-16.37032656264,
    62.472222222226));
#4594 = CARTESIAN_POINT('',(2.241182517055,-17.55146643149,
    62.777777777774));
#4595 = CARTESIAN_POINT('',(9.995509153132,-13.70174479732,
    63.083333333336));
#4596 = CARTESIAN_POINT('',(14.219448672143,-6.967853236399,
    63.388888888888));
#4597 = CARTESIAN_POINT('',(14.484078893411,0.151346742806,
    63.694444444445));
#4598 = CARTESIAN_POINT('',(8.942164764254,11.395136530821,
    64.305555555555));
#4599 = CARTESIAN_POINT('',(3.134744379318,15.521503694509,
    64.611111111112));
#4600 = CARTESIAN_POINT('',(-4.778670244114,16.27305516561,
    64.916666666664));
#4601 = CARTESIAN_POINT('',(-12.55497953355,12.467933344342,
    65.222222222225));
#4602 = CARTESIAN_POINT('',(-17.07289039662,4.645967420916,
    65.527777777775));
#4603 = CARTESIAN_POINT('',(-16.48400352577,-3.99116990981,
    65.833333333335));
#4604 = CARTESIAN_POINT('',(-11.8789729506,-10.47058506876,
    66.138888888888));
#4605 = CARTESIAN_POINT('',(-5.402987865653,-13.43946173178,
    66.444444444445));
#4606 = CARTESIAN_POINT('',(7.105712104293,-12.62221315805,
    67.055555555555));
#4607 = CARTESIAN_POINT('',(13.14035487392,-8.835961964101,
    67.361111111113));
#4608 = CARTESIAN_POINT('',(16.86317970978,-1.81245125775,
    67.666666666664));
#4609 = CARTESIAN_POINT('',(16.323252989815,6.827884855588,
    67.972222222226));
#4610 = CARTESIAN_POINT('',(10.826005577752,13.995516289189,
    68.277777777775));
#4611 = CARTESIAN_POINT('',(2.620704356705,16.756488963824,
    68.583333333335));
#4612 = CARTESIAN_POINT('',(-5.127652307031,14.981684854618,
    68.888888888888));
#4613 = CARTESIAN_POINT('',(-10.34880871292,10.134772096605,
    69.194444444445));
#4614 = CARTESIAN_POINT('',(-14.38064365677,-1.734512970176,
    69.805555555555));
#4615 = CARTESIAN_POINT('',(-13.19195952453,-8.758761508765,
    70.111111111112));
#4616 = CARTESIAN_POINT('',(-8.127757523488,-14.88581779279,
    70.416666666664));
#4617 = CARTESIAN_POINT('',(6.155095057121E-02,-17.69387138109,
    70.722222222225));
#4618 = CARTESIAN_POINT('',(8.787161505478,-15.35755164234,
    71.027777777775));
#4619 = CARTESIAN_POINT('',(14.478133982237,-8.833767366103,
    71.333333333335));
#4620 = CARTESIAN_POINT('',(15.803524032024,-0.995880621787,
    71.638888888888));
#4621 = CARTESIAN_POINT('',(13.323623884513,5.682645167569,
    71.944444444445));
#4622 = CARTESIAN_POINT('',(3.900755303538,13.949749731747,
    72.555555555555));
#4623 = CARTESIAN_POINT('',(-3.043665415411,15.539602661678,
    72.861111111113));
#4624 = CARTESIAN_POINT('',(-10.64247215028,13.205665300036,
    73.166666666664));
#4625 = CARTESIAN_POINT('',(-16.37032656253,6.714239197668,
    73.472222222226));
#4626 = CARTESIAN_POINT('',(-17.55146643167,-2.241182517226,
    73.777777777774));
#4627 = CARTESIAN_POINT('',(-13.70174479714,-9.995509152988,
    74.083333333336));
#4628 = CARTESIAN_POINT('',(-6.967853236517,-14.21944867222,
    74.388888888888));
#4629 = CARTESIAN_POINT('',(0.151346742851,-14.48407889338,
    74.694444444445));
#4630 = CARTESIAN_POINT('',(5.773241636808,-11.71312182883,75.));
#4631 = CARTESIAN_POINT('',(-7.54540912757,10.534197262593,53.));
#4632 = CARTESIAN_POINT('',(-12.60146085047,6.912660863715,
    53.305555555556));
#4633 = CARTESIAN_POINT('',(-15.70255198593,0.560102339479,
    53.611111111111));
#4634 = CARTESIAN_POINT('',(-15.15922248693,-7.308765399393,
    53.916666666667));
#4635 = CARTESIAN_POINT('',(-10.17698203248,-14.30687011833,
    54.222222222222));
#4636 = CARTESIAN_POINT('',(-1.788855371228,-17.4656619254,
    54.527777777778));
#4637 = CARTESIAN_POINT('',(6.571884530437,-15.49303550375,
    54.833333333333));
#4638 = CARTESIAN_POINT('',(12.171008358739,-9.937296829092,
    55.138888888889));
#4639 = CARTESIAN_POINT('',(14.030827756268,-3.117295482665,
    55.444444444444));
#4640 = CARTESIAN_POINT('',(11.208836855499,8.996868066116,
    56.055555555556));
#4641 = CARTESIAN_POINT('',(6.526591622092,14.292897345765,
    56.361111111111));
#4642 = CARTESIAN_POINT('',(-0.951315153264,16.802345517241,
    56.666666666667));
#4643 = CARTESIAN_POINT('',(-9.323100575184,14.877134996236,
    56.972222222222));
#4644 = CARTESIAN_POINT('',(-15.45178496125,8.336656247353,
    57.277777777778));
#4645 = CARTESIAN_POINT('',(-16.82853807078,-0.142774186195,
    57.583333333334));
#4646 = CARTESIAN_POINT('',(-13.83853667477,-7.441690413093,
    57.888888888889));
#4647 = CARTESIAN_POINT('',(-8.249373763037,-11.76985676633,
    58.194444444445));
#4648 = CARTESIAN_POINT('',(4.02258904743,-13.79856779299,
    58.805555555555));
#4649 = CARTESIAN_POINT('',(10.707328828838,-11.49943315361,
    59.111111111112));
#4650 = CARTESIAN_POINT('',(15.887266593957,-5.551111441976,
    59.416666666665));
#4651 = CARTESIAN_POINT('',(17.312697885495,2.920271870996,
    59.722222222224));
#4652 = CARTESIAN_POINT('',(13.614999748867,11.085176221847,
    60.027777777776));
#4653 = CARTESIAN_POINT('',(6.308206349247,15.602254582498,
    60.333333333334));
#4654 = CARTESIAN_POINT('',(-1.579472569834,15.632932518861,
    60.638888888888));
#4655 = CARTESIAN_POINT('',(-7.717032677362,12.125554226872,
    60.944444444445));
#4656 = CARTESIAN_POINT('',(-14.28759096872,1.564098130745,
    61.555555555555));
#4657 = CARTESIAN_POINT('',(-14.72160183001,-5.491607441974,
    61.861111111112));
#4658 = CARTESIAN_POINT('',(-11.20837105915,-12.55373385101,
    62.166666666664));
#4659 = CARTESIAN_POINT('',(-3.927295402078,-17.11215067882,
    62.472222222226));
#4660 = CARTESIAN_POINT('',(5.031155762627,-16.8209680925,
    62.777777777774));
#4661 = CARTESIAN_POINT('',(12.00052998253,-11.79861679203,
    63.083333333336));
#4662 = CARTESIAN_POINT('',(15.047392879032,-4.523253369861,
    63.388888888888));
#4663 = CARTESIAN_POINT('',(14.155733661459,2.489357404691,
    63.694444444445));
#4664 = CARTESIAN_POINT('',(6.91266086372,12.601460850459,
    64.305555555555));
#4665 = CARTESIAN_POINT('',(0.560102339474,15.702551985962,
    64.611111111112));
#4666 = CARTESIAN_POINT('',(-7.308765399389,15.159222486896,
    64.916666666664));
#4667 = CARTESIAN_POINT('',(-14.30687011833,10.176982032525,
    65.222222222225));
#4668 = CARTESIAN_POINT('',(-17.4656619254,1.7888553712,65.527777777775)
  );
#4669 = CARTESIAN_POINT('',(-15.49303550375,-6.571884530424,
    65.833333333335));
#4670 = CARTESIAN_POINT('',(-9.937296829093,-12.17100835874,
    66.138888888888));
#4671 = CARTESIAN_POINT('',(-3.117295482665,-14.03082775626,
    66.444444444445));
#4672 = CARTESIAN_POINT('',(8.996868066116,-11.20883685549,
    67.055555555555));
#4673 = CARTESIAN_POINT('',(14.292897345768,-6.526591622094,
    67.361111111113));
#4674 = CARTESIAN_POINT('',(16.80234551723,0.951315153277,
    67.666666666664));
#4675 = CARTESIAN_POINT('',(14.877134996255,9.32310057515,
    67.972222222226));
#4676 = CARTESIAN_POINT('',(8.336656247333,15.45178496131,
    68.277777777775));
#4677 = CARTESIAN_POINT('',(-0.142774186181,16.828538070712,
    68.583333333335));
#4678 = CARTESIAN_POINT('',(-7.44169041309,13.838536674836,
    68.888888888888));
#4679 = CARTESIAN_POINT('',(-11.76985676634,8.249373763016,
    69.194444444445));
#4680 = CARTESIAN_POINT('',(-13.79856779299,-4.022589047414,
    69.805555555555));
#4681 = CARTESIAN_POINT('',(-11.49943315362,-10.70732882887,
    70.111111111113));
#4682 = CARTESIAN_POINT('',(-5.551111441936,-15.8872665939,
    70.416666666664));
#4683 = CARTESIAN_POINT('',(2.920271870939,-17.31269788554,
    70.722222222226));
#4684 = CARTESIAN_POINT('',(11.085176221894,-13.61499974883,
    71.027777777774));
#4685 = CARTESIAN_POINT('',(15.602254582476,-6.308206349256,
    71.333333333336));
#4686 = CARTESIAN_POINT('',(15.632932518865,1.579472569835,
    71.638888888888));
#4687 = CARTESIAN_POINT('',(12.125554226872,7.717032677362,
    71.944444444445));
#4688 = CARTESIAN_POINT('',(1.564098130746,14.287590968728,
    72.555555555555));
#4689 = CARTESIAN_POINT('',(-5.491607441966,14.721601830025,
    72.861111111112));
#4690 = CARTESIAN_POINT('',(-12.55373385105,11.208371059095,
    73.166666666665));
#4691 = CARTESIAN_POINT('',(-17.11215067873,3.927295402222,
    73.472222222224));
#4692 = CARTESIAN_POINT('',(-16.82096809265,-5.031155762823,
    73.777777777776));
#4693 = CARTESIAN_POINT('',(-11.79861679188,-12.00052998236,
    74.083333333334));
#4694 = CARTESIAN_POINT('',(-4.523253369964,-15.04739287912,
    74.388888888888));
#4695 = CARTESIAN_POINT('',(2.48935740473,-14.15573366142,
    74.694444444445));
#4696 = CARTESIAN_POINT('',(7.54540912757,-10.53419726259,75.));
#4697 = CARTESIAN_POINT('',(-8.579416864913,9.570884495477,53.));
#4698 = CARTESIAN_POINT('',(-13.17311165121,5.453060010135,
    53.305555555556));
#4699 = CARTESIAN_POINT('',(-15.54375935919,-1.14617568733,
    53.611111111111));
#4700 = CARTESIAN_POINT('',(-14.15689125351,-8.846341083256,
    53.916666666667));
#4701 = CARTESIAN_POINT('',(-8.487312209189,-15.20777764765,
    54.222222222222));
#4702 = CARTESIAN_POINT('',(0.125294460759,-17.41514443489,
    54.527777777778));
#4703 = CARTESIAN_POINT('',(8.155861551828,-14.56574475373,
    54.833333333333));
#4704 = CARTESIAN_POINT('',(13.075830024447,-8.481999222365,
    55.138888888889));
#4705 = CARTESIAN_POINT('',(14.171986877129,-1.556112293316,
    55.444444444444));
#4706 = CARTESIAN_POINT('',(10.079103096785,10.083569719069,
    56.055555555556));
#4707 = CARTESIAN_POINT('',(4.889431654188,14.799158750944,
    56.361111111111));
#4708 = CARTESIAN_POINT('',(-2.755435842251,16.464706836212,
    56.666666666667));
#4709 = CARTESIAN_POINT('',(-10.80202283998,13.660865893278,
    56.972222222222));
#4710 = CARTESIAN_POINT('',(-16.137639978,6.54885833255,57.277777777778)
  );
#4711 = CARTESIAN_POINT('',(-16.57798859855,-1.961023851949,
    57.583333333334));
#4712 = CARTESIAN_POINT('',(-12.84027862459,-8.834558198758,
    57.888888888889));
#4713 = CARTESIAN_POINT('',(-6.861047836294,-12.49771005574,
    58.194444444445));
#4714 = CARTESIAN_POINT('',(5.458900866499,-13.17069228928,
    58.805555555555));
#4715 = CARTESIAN_POINT('',(11.801566249012,-10.18062904708,
    59.111111111112));
#4716 = CARTESIAN_POINT('',(16.265741574458,-3.755126037195,
    59.416666666665));
#4717 = CARTESIAN_POINT('',(16.754958718684,4.752086684232,
    59.722222222224));
#4718 = CARTESIAN_POINT('',(12.225770162353,12.402963288139,
    60.027777777776));
#4719 = CARTESIAN_POINT('',(4.53247187871,16.0666018981,60.333333333334)
  );
#4720 = CARTESIAN_POINT('',(-3.248328911782,15.243687248087,
    60.638888888888));
#4721 = CARTESIAN_POINT('',(-8.920770468813,11.121445578596,
    60.944444444445));
#4722 = CARTESIAN_POINT('',(-14.25716267493,-3.158378906368E-03,
    61.555555555555));
#4723 = CARTESIAN_POINT('',(-13.92193578747,-7.007235229821,
    61.861111111112));
#4724 = CARTESIAN_POINT('',(-9.693918484947,-13.59069322333,
    62.166666666664));
#4725 = CARTESIAN_POINT('',(-2.021507309344,-17.29787451066,
    62.472222222226));
#4726 = CARTESIAN_POINT('',(6.78029252484,-16.04177679681,
    62.777777777774));
#4727 = CARTESIAN_POINT('',(13.109061420234,-10.33575489265,
    63.083333333336));
#4728 = CARTESIAN_POINT('',(15.326424098915,-2.83247207666,
    63.388888888888));
#4729 = CARTESIAN_POINT('',(13.688708980805,3.985722078632,
    63.694444444445));
#4730 = CARTESIAN_POINT('',(5.453060010141,13.173111651203,
    64.305555555555));
#4731 = CARTESIAN_POINT('',(-1.146175687338,15.543759359217,
    64.611111111113));
#4732 = CARTESIAN_POINT('',(-8.846341083248,14.15689125348,
    64.916666666664));
#4733 = CARTESIAN_POINT('',(-15.20777764766,8.487312209225,
    65.222222222226));
#4734 = CARTESIAN_POINT('',(-17.41514443489,-0.125294460787,
    65.527777777775));
#4735 = CARTESIAN_POINT('',(-14.56574475373,-8.155861551815,
    65.833333333335));
#4736 = CARTESIAN_POINT('',(-8.481999222366,-13.07583002445,
    66.138888888888));
#4737 = CARTESIAN_POINT('',(-1.556112293316,-14.17198687712,
    66.444444444445));
#4738 = CARTESIAN_POINT('',(10.083569719069,-10.07910309678,
    67.055555555555));
#4739 = CARTESIAN_POINT('',(14.799158750947,-4.88943165419,
    67.361111111113));
#4740 = CARTESIAN_POINT('',(16.464706836199,2.755435842262,
    67.666666666664));
#4741 = CARTESIAN_POINT('',(13.660865893302,10.802022839956,
    67.972222222226));
#4742 = CARTESIAN_POINT('',(6.548858332522,16.137639978063,
    68.277777777775));
#4743 = CARTESIAN_POINT('',(-1.961023851926,16.577988598484,
    68.583333333335));
#4744 = CARTESIAN_POINT('',(-8.834558198762,12.840278624651,
    68.888888888888));
#4745 = CARTESIAN_POINT('',(-12.49771005574,6.861047836272,
    69.194444444445));
#4746 = CARTESIAN_POINT('',(-13.17069228928,-5.458900866482,
    69.805555555555));
#4747 = CARTESIAN_POINT('',(-10.18062904709,-11.80156624905,
    70.111111111112));
#4748 = CARTESIAN_POINT('',(-3.755126037161,-16.26574157439,
    70.416666666664));
#4749 = CARTESIAN_POINT('',(4.752086684182,-16.75495871874,
    70.722222222225));
#4750 = CARTESIAN_POINT('',(12.402963288182,-12.22577016231,
    71.027777777775));
#4751 = CARTESIAN_POINT('',(16.06660189808,-4.532471878721,
    71.333333333335));
#4752 = CARTESIAN_POINT('',(15.243687248091,3.248328911783,
    71.638888888888));
#4753 = CARTESIAN_POINT('',(11.121445578597,8.920770468813,
    71.944444444445));
#4754 = CARTESIAN_POINT('',(-3.158378906126E-03,14.257162674936,
    72.555555555555));
#4755 = CARTESIAN_POINT('',(-7.007235229815,13.921935787489,
    72.861111111112));
#4756 = CARTESIAN_POINT('',(-13.59069322336,9.693918484881,
    73.166666666665));
#4757 = CARTESIAN_POINT('',(-17.29787451059,2.021507309495,
    73.472222222225));
#4758 = CARTESIAN_POINT('',(-16.04177679693,-6.780292525049,
    73.777777777775));
#4759 = CARTESIAN_POINT('',(-10.33575489252,-13.10906142004,
    74.083333333335));
#4760 = CARTESIAN_POINT('',(-2.832472076751,-15.32642409902,
    74.388888888888));
#4761 = CARTESIAN_POINT('',(3.985722078668,-13.68870898076,
    74.694444444445));
#4762 = CARTESIAN_POINT('',(8.579416864913,-9.570884495477,75.));
#4763 = CARTESIAN_POINT('',(-9.050966799188,9.050966799188,53.));
#4764 = CARTESIAN_POINT('',(-13.39511900539,4.706814592977,
    53.305555555556));
#4765 = CARTESIAN_POINT('',(-15.39395958313,-1.984022639734,
    53.611111111111));
#4766 = CARTESIAN_POINT('',(-13.59664655143,-9.565489320003,
    53.916666666667));
#4767 = CARTESIAN_POINT('',(-7.613459457557,-15.58313959363,
    54.222222222222));
#4768 = CARTESIAN_POINT('',(1.070540436716,-17.31025704411,
    54.527777777778));
#4769 = CARTESIAN_POINT('',(8.901106558955,-14.04070269983,
    54.833333333333));
#4770 = CARTESIAN_POINT('',(13.462910458839,-7.723979012137,
    55.138888888889));
#4771 = CARTESIAN_POINT('',(14.176695120138,-0.777557727831,
    55.444444444444));
#4772 = CARTESIAN_POINT('',(9.474620912151,10.574253596377,
    56.055555555556));
#4773 = CARTESIAN_POINT('',(4.058037342733,14.981393217181,
    56.361111111111));
#4774 = CARTESIAN_POINT('',(-3.6342432838,16.222308899559,
    56.666666666667));
#4775 = CARTESIAN_POINT('',(-11.48321373757,12.997186542346,
    56.972222222222));
#4776 = CARTESIAN_POINT('',(-16.40247248966,5.635414868068,
    57.277777777778));
#4777 = CARTESIAN_POINT('',(-16.37810334135,-2.850458614351,
    57.583333333333));
#4778 = CARTESIAN_POINT('',(-12.28808907319,-9.482257347972,
    57.888888888889));
#4779 = CARTESIAN_POINT('',(-6.143558967015,-12.8,58.194444444444));
#4780 = CARTESIAN_POINT('',(6.143558967018,-12.79999999999,
    58.805555555555));
#4781 = CARTESIAN_POINT('',(12.288089073186,-9.482257347974,
    59.111111111112));
#4782 = CARTESIAN_POINT('',(16.378103341374,-2.850458614353,
    59.416666666665));
#4783 = CARTESIAN_POINT('',(16.40247248965,5.635414868076,
    59.722222222224));
#4784 = CARTESIAN_POINT('',(11.483213737575,12.997186542337,
    60.027777777776));
#4785 = CARTESIAN_POINT('',(3.634243283802,16.222308899564,
    60.333333333334));
#4786 = CARTESIAN_POINT('',(-4.058037342734,14.98139321718,
    60.638888888888));
#4787 = CARTESIAN_POINT('',(-9.474620912151,10.574253596377,
    60.944444444445));
#4788 = CARTESIAN_POINT('',(-14.17669512013,-0.777557727831,
    61.555555555555));
#4789 = CARTESIAN_POINT('',(-13.46291045884,-7.723979012133,
    61.861111111112));
#4790 = CARTESIAN_POINT('',(-8.901106558918,-14.04070269985,
    62.166666666664));
#4791 = CARTESIAN_POINT('',(-1.070540436802,-17.31025704405,
    62.472222222226));
#4792 = CARTESIAN_POINT('',(7.613459457677,-15.58313959371,
    62.777777777774));
#4793 = CARTESIAN_POINT('',(13.596646551327,-9.56548931992,
    63.083333333336));
#4794 = CARTESIAN_POINT('',(15.3939595832,-1.984022639788,
    63.388888888888));
#4795 = CARTESIAN_POINT('',(13.395119005383,4.706814592997,
    63.694444444445));
#4796 = CARTESIAN_POINT('',(4.706814592984,13.395119005388,
    64.305555555555));
#4797 = CARTESIAN_POINT('',(-1.984022639743,15.393959583163,
    64.611111111112));
#4798 = CARTESIAN_POINT('',(-9.565489319993,13.596646551401,
    64.916666666664));
#4799 = CARTESIAN_POINT('',(-15.58313959364,7.613459457593,
    65.222222222225));
#4800 = CARTESIAN_POINT('',(-17.3102570441,-1.070540436744,
    65.527777777776));
#4801 = CARTESIAN_POINT('',(-14.04070269983,-8.901106558942,
    65.833333333335));
#4802 = CARTESIAN_POINT('',(-7.723979012137,-13.46291045884,
    66.138888888888));
#4803 = CARTESIAN_POINT('',(-0.777557727831,-14.17669512013,
    66.444444444445));
#4804 = CARTESIAN_POINT('',(10.574253596377,-9.474620912151,
    67.055555555555));
#4805 = CARTESIAN_POINT('',(14.981393217184,-4.058037342735,
    67.361111111113));
#4806 = CARTESIAN_POINT('',(16.222308899546,3.63424328381,
    67.666666666664));
#4807 = CARTESIAN_POINT('',(12.997186542371,11.483213737542,
    67.972222222226));
#4808 = CARTESIAN_POINT('',(5.635414868037,16.402472489716,
    68.277777777775));
#4809 = CARTESIAN_POINT('',(-2.850458614324,16.378103341289,
    68.583333333335));
#4810 = CARTESIAN_POINT('',(-9.482257347979,12.288089073254,
    68.888888888888));
#4811 = CARTESIAN_POINT('',(-12.8,6.143558966993,69.194444444445));
#4812 = CARTESIAN_POINT('',(-12.79999999999,-6.143558967001,
    69.805555555555));
#4813 = CARTESIAN_POINT('',(-9.482257347983,-12.28808907322,
    70.111111111112));
#4814 = CARTESIAN_POINT('',(-2.850458614323,-16.37810334131,
    70.416666666664));
#4815 = CARTESIAN_POINT('',(5.635414868028,-16.4024724897,
    70.722222222225));
#4816 = CARTESIAN_POINT('',(12.997186542379,-11.48321373753,
    71.027777777775));
#4817 = CARTESIAN_POINT('',(16.222308899544,-3.634243283814,
    71.333333333335));
#4818 = CARTESIAN_POINT('',(14.981393217184,4.058037342736,
    71.638888888888));
#4819 = CARTESIAN_POINT('',(10.574253596377,9.474620912151,
    71.944444444445));
#4820 = CARTESIAN_POINT('',(-0.777557727831,14.176695120138,
    72.555555555555));
#4821 = CARTESIAN_POINT('',(-7.723979012128,13.462910458861,
    72.861111111112));
#4822 = CARTESIAN_POINT('',(-14.04070269988,8.90110655885,
    73.166666666665));
#4823 = CARTESIAN_POINT('',(-17.31025704399,1.070540436957,
    73.472222222225));
#4824 = CARTESIAN_POINT('',(-15.58313959382,-7.613459457891,
    73.777777777775));
#4825 = CARTESIAN_POINT('',(-9.565489319799,-13.59664655113,
    74.083333333335));
#4826 = CARTESIAN_POINT('',(-1.984022639874,-15.39395958331,
    74.388888888888));
#4827 = CARTESIAN_POINT('',(4.70681459303,-13.39511900534,
    74.694444444445));
#4828 = CARTESIAN_POINT('',(9.050966799188,-9.050966799188,75.));
#4829 = DEFINITIONAL_REPRESENTATION('',(#4830),#4834);
#4830 = LINE('',#4831,#4832);
#4831 = CARTESIAN_POINT('',(0.,0.));
#4832 = VECTOR('',#4833,1.);
#4833 = DIRECTION('',(1.,0.));
#4834 = ( GEOMETRIC_REPRESENTATION_CONTEXT(2)
PARAMETRIC_REPRESENTATION_CONTEXT() REPRESENTATION_CONTEXT('2D SPACE',''
  ) );
#4835 = ORIENTED_EDGE('',*,*,#4836,.F.);
#4836 = EDGE_CURVE('',#2267,#3799,#4837,.T.);
#4837 = SURFACE_CURVE('',#4838,(#4846,#4857),.PCURVE_S1.);
#4838 = ( BOUNDED_CURVE() B_SPLINE_CURVE(6,(#4839,#4840,#4841,#4842,
#4843,#4844,#4845),.UNSPECIFIED.,.F.,.F.) B_SPLINE_CURVE_WITH_KNOTS((7,7
),(0.,0.785398163397),.PIECEWISE_BEZIER_KNOTS.) CURVE()
GEOMETRIC_REPRESENTATION_ITEM() RATIONAL_B_SPLINE_CURVE((1.007744716361,
    1.002554895352,0.999483957836,0.998466654399,0.999483957836,
1.002554895352,1.007744716361)) REPRESENTATION_ITEM('') );
#4839 = CARTESIAN_POINT('',(12.934313455158,-5.357568053111,53.));
#4840 = CARTESIAN_POINT('',(13.639247789399,-3.655706022803,53.));
#4841 = CARTESIAN_POINT('',(14.071625337412,-1.853413771437,53.));
#4842 = CARTESIAN_POINT('',(14.217349042956,-3.0264290544E-14,53.));
#4843 = CARTESIAN_POINT('',(14.071625337412,1.853413771437,53.));
#4844 = CARTESIAN_POINT('',(13.639247789399,3.655706022803,53.));
#4845 = CARTESIAN_POINT('',(12.934313455158,5.357568053111,53.));
#4846 = PCURVE('',#1924,#4847);
#4847 = DEFINITIONAL_REPRESENTATION('',(#4848),#4856);
#4848 = ( BOUNDED_CURVE() B_SPLINE_CURVE(6,(#4849,#4850,#4851,#4852,
#4853,#4854,#4855),.UNSPECIFIED.,.F.,.F.) B_SPLINE_CURVE_WITH_KNOTS((7,7
),(0.,0.785398163397),.PIECEWISE_BEZIER_KNOTS.) CURVE()
GEOMETRIC_REPRESENTATION_ITEM() RATIONAL_B_SPLINE_CURVE((1.007744716361,
    1.002554895352,0.999483957836,0.998466654399,0.999483957836,
1.002554895352,1.007744716361)) REPRESENTATION_ITEM('') );
#4849 = CARTESIAN_POINT('',(12.934313455158,-5.357568053111));
#4850 = CARTESIAN_POINT('',(13.639247789399,-3.655706022803));
#4851 = CARTESIAN_POINT('',(14.071625337412,-1.853413771437));
#4852 = CARTESIAN_POINT('',(14.217349042956,-3.163576355663E-14));
#4853 = CARTESIAN_POINT('',(14.071625337412,1.853413771437));
#4854 = CARTESIAN_POINT('',(13.639247789399,3.655706022803));
#4855 = CARTESIAN_POINT('',(12.934313455158,5.357568053111));
#4856 = ( GEOMETRIC_REPRESENTATION_CONTEXT(2)
PARAMETRIC_REPRESENTATION_CONTEXT() REPRESENTATION_CONTEXT('2D SPACE',''
  ) );
#4857 = PCURVE('',#4858,#5321);
#4858 = ( BOUNDED_SURFACE() B_SPLINE_SURFACE(6,9,(
    (#4859,#4860,#4861,#4862,#4863,#4864,#4865,#4866,#4867,#4868,#4869
      ,#4870,#4871,#4872,#4873,#4874,#4875,#4876,#4877,#4878,#4879,#4880
      ,#4881,#4882,#4883,#4884,#4885,#4886,#4887,#4888,#4889,#4890,#4891
      ,#4892,#4893,#4894,#4895,#4896,#4897,#4898,#4899,#4900,#4901,#4902
      ,#4903,#4904,#4905,#4906,#4907,#4908,#4909,#4910,#4911,#4912,#4913
      ,#4914,#4915,#4916,#4917,#4918,#4919,#4920,#4921,#4922,#4923,#4924
      )
    ,(#4925,#4926,#4927,#4928,#4929,#4930,#4931,#4932,#4933,#4934,#4935
      ,#4936,#4937,#4938,#4939,#4940,#4941,#4942,#4943,#4944,#4945,#4946
      ,#4947,#4948,#4949,#4950,#4951,#4952,#4953,#4954,#4955,#4956,#4957
      ,#4958,#4959,#4960,#4961,#4962,#4963,#4964,#4965,#4966,#4967,#4968
      ,#4969,#4970,#4971,#4972,#4973,#4974,#4975,#4976,#4977,#4978,#4979
      ,#4980,#4981,#4982,#4983,#4984,#4985,#4986,#4987,#4988,#4989,#4990
      )
    ,(#4991,#4992,#4993,#4994,#4995,#4996,#4997,#4998,#4999,#5000,#5001
      ,#5002,#5003,#5004,#5005,#5006,#5007,#5008,#5009,#5010,#5011,#5012
      ,#5013,#5014,#5015,#5016,#5017,#5018,#5019,#5020,#5021,#5022,#5023
      ,#5024,#5025,#5026,#5027,#5028,#5029,#5030,#5031,#5032,#5033,#5034
      ,#5035,#5036,#5037,#5038,#5039,#5040,#5041,#5042,#5043,#5044,#5045
      ,#5046,#5047,#5048,#5049,#5050,#5051,#5052,#5053,#5054,#5055,#5056
      )
    ,(#5057,#5058,#5059,#5060,#5061,#5062,#5063,#5064,#5065,#5066,#5067
      ,#5068,#5069,#5070,#5071,#5072,#5073,#5074,#5075,#5076,#5077,#5078
      ,#5079,#5080,#5081,#5082,#5083,#5084,#5085,#5086,#5087,#5088,#5089
      ,#5090,#5091,#5092,#5093,#5094,#5095,#5096,#5097,#5098,#5099,#5100
      ,#5101,#5102,#5103,#5104,#5105,#5106,#5107,#5108,#5109,#5110,#5111
      ,#5112,#5113,#5114,#5115,#5116,#5117,#5118,#5119,#5120,#5121,#5122
      )
    ,(#5123,#5124,#5125,#5126,#5127,#5128,#5129,#5130,#5131,#5132,#5133
      ,#5134,#5135,#5136,#5137,#5138,#5139,#5140,#5141,#5142,#5143,#5144
      ,#5145,#5146,#5147,#5148,#5149,#5150,#5151,#5152,#5153,#5154,#5155
      ,#5156,#5157,#5158,#5159,#5160,#5161,#5162,#5163,#5164,#5165,#5166
      ,#5167,#5168,#5169,#5170,#5171,#5172,#5173,#5174,#5175,#5176,#5177
      ,#5178,#5179,#5180,#5181,#5182,#5183,#5184,#5185,#5186,#5187,#5188
      )
    ,(#5189,#5190,#5191,#5192,#5193,#5194,#5195,#5196,#5197,#5198,#5199
      ,#5200,#5201,#5202,#5203,#5204,#5205,#5206,#5207,#5208,#5209,#5210
      ,#5211,#5212,#5213,#5214,#5215,#5216,#5217,#5218,#5219,#5220,#5221
      ,#5222,#5223,#5224,#5225,#5226,#5227,#5228,#5229,#5230,#5231,#5232
      ,#5233,#5234,#5235,#5236,#5237,#5238,#5239,#5240,#5241,#5242,#5243
      ,#5244,#5245,#5246,#5247,#5248,#5249,#5250,#5251,#5252,#5253,#5254
      )
    ,(#5255,#5256,#5257,#5258,#5259,#5260,#5261,#5262,#5263,#5264,#5265
      ,#5266,#5267,#5268,#5269,#5270,#5271,#5272,#5273,#5274,#5275,#5276
      ,#5277,#5278,#5279,#5280,#5281,#5282,#5283,#5284,#5285,#5286,#5287
      ,#5288,#5289,#5290,#5291,#5292,#5293,#5294,#5295,#5296,#5297,#5298
      ,#5299,#5300,#5301,#5302,#5303,#5304,#5305,#5306,#5307,#5308,#5309
      ,#5310,#5311,#5312,#5313,#5314,#5315,#5316,#5317,#5318,#5319,#5320
)),.UNSPECIFIED.,.F.,.F.,.F.) B_SPLINE_SURFACE_WITH_KNOTS((7,7),(10,8,8,
    8,8,8,8,8,10),(0.,0.785398163397),(0.,2.75,5.5,8.25,11.,13.75,16.5,
19.25,22.),.UNSPECIFIED.) GEOMETRIC_REPRESENTATION_ITEM()
RATIONAL_B_SPLINE_SURFACE((
    (1.007744716361,1.007744716361,1.007744716361,1.007744716361
      ,1.007744716361,1.007744716361,1.007744716361,1.007744716361
      ,1.007744716361,1.007744716361,1.007744716361,1.007744716361
      ,1.007744716361,1.007744716361,1.007744716361,1.007744716361
      ,1.007744716361,1.007744716361,1.007744716361,1.007744716361
      ,1.007744716361,1.007744716361,1.007744716361,1.007744716361
      ,1.007744716361,1.007744716361,1.007744716361,1.007744716361
      ,1.007744716361,1.007744716361,1.007744716361,1.007744716361
      ,1.007744716361,1.007744716361,1.007744716361,1.007744716361
      ,1.007744716361,1.007744716361,1.007744716361,1.007744716361
      ,1.007744716361,1.007744716361,1.007744716361,1.007744716361
      ,1.007744716361,1.007744716361,1.007744716361,1.007744716361
      ,1.007744716361,1.007744716361,1.007744716361,1.007744716361
      ,1.007744716361,1.007744716361,1.007744716361,1.007744716361
      ,1.007744716361,1.007744716361,1.007744716361,1.007744716361
      ,1.007744716361,1.007744716361,1.007744716361,1.007744716361
      ,1.007744716361,1.007744716361)
    ,(1.002554895352,1.002554895352,1.002554895352,1.002554895352
      ,1.002554895352,1.002554895352,1.002554895352,1.002554895352
      ,1.002554895352,1.002554895352,1.002554895352,1.002554895352
      ,1.002554895352,1.002554895352,1.002554895352,1.002554895352
      ,1.002554895352,1.002554895352,1.002554895352,1.002554895352
      ,1.002554895353,1.002554895352,1.002554895352,1.002554895352
      ,1.002554895352,1.002554895352,1.002554895352,1.002554895352
      ,1.002554895353,1.002554895352,1.002554895352,1.002554895352
      ,1.002554895352,1.002554895352,1.002554895352,1.002554895352
      ,1.002554895353,1.002554895352,1.002554895352,1.002554895352
      ,1.002554895352,1.002554895352,1.002554895352,1.002554895352
      ,1.002554895353,1.002554895352,1.002554895352,1.002554895352
      ,1.002554895352,1.002554895352,1.002554895352,1.002554895352
      ,1.002554895352,1.002554895352,1.002554895352,1.002554895352
      ,1.002554895352,1.002554895352,1.002554895352,1.002554895352
      ,1.002554895352,1.002554895352,1.002554895352,1.002554895352
      ,1.002554895352,1.002554895352)
    ,(0.999483957836,0.999483957836,0.999483957836,0.999483957836
      ,0.999483957836,0.999483957836,0.999483957836,0.999483957836
      ,0.999483957836,0.999483957836,0.999483957836,0.999483957836
      ,0.999483957836,0.999483957836,0.999483957836,0.999483957836
      ,0.999483957836,0.999483957836,0.999483957836,0.999483957835
      ,0.999483957836,0.999483957835,0.999483957836,0.999483957836
      ,0.999483957836,0.999483957836,0.999483957836,0.999483957835
      ,0.999483957836,0.999483957835,0.999483957836,0.999483957836
      ,0.999483957836,0.999483957836,0.999483957836,0.999483957835
      ,0.999483957836,0.999483957835,0.999483957836,0.999483957836
      ,0.999483957836,0.999483957836,0.999483957836,0.999483957835
      ,0.999483957836,0.999483957835,0.999483957836,0.999483957836
      ,0.999483957836,0.999483957836,0.999483957836,0.999483957836
      ,0.999483957836,0.999483957835,0.999483957836,0.999483957836
      ,0.999483957836,0.999483957836,0.999483957836,0.999483957836
      ,0.999483957836,0.999483957836,0.999483957836,0.999483957836
      ,0.999483957836,0.999483957836)
    ,(0.998466654399,0.998466654399,0.998466654399,0.998466654399
      ,0.998466654399,0.998466654399,0.998466654399,0.998466654399
      ,0.998466654399,0.998466654399,0.998466654399,0.998466654399
      ,0.998466654399,0.998466654399,0.998466654399,0.998466654399
      ,0.998466654399,0.998466654399,0.998466654399,0.998466654399
      ,0.998466654399,0.998466654399,0.998466654399,0.998466654399
      ,0.998466654399,0.998466654399,0.998466654399,0.998466654399
      ,0.998466654399,0.998466654399,0.998466654399,0.998466654399
      ,0.998466654399,0.998466654399,0.998466654399,0.998466654399
      ,0.998466654399,0.998466654399,0.998466654399,0.998466654399
      ,0.998466654399,0.998466654399,0.998466654399,0.998466654399
      ,0.998466654399,0.998466654399,0.998466654399,0.998466654399
      ,0.998466654399,0.998466654399,0.998466654399,0.998466654399
      ,0.998466654399,0.998466654399,0.998466654399,0.998466654399
      ,0.998466654399,0.998466654399,0.998466654399,0.998466654399
      ,0.998466654399,0.998466654399,0.998466654399,0.998466654399
      ,0.998466654399,0.998466654399)
    ,(0.999483957836,0.999483957836,0.999483957836,0.999483957836
      ,0.999483957836,0.999483957836,0.999483957836,0.999483957836
      ,0.999483957836,0.999483957836,0.999483957836,0.999483957836
      ,0.999483957836,0.999483957836,0.999483957836,0.999483957836
      ,0.999483957836,0.999483957836,0.999483957836,0.999483957835
      ,0.999483957836,0.999483957835,0.999483957836,0.999483957836
      ,0.999483957836,0.999483957836,0.999483957836,0.999483957835
      ,0.999483957836,0.999483957835,0.999483957836,0.999483957836
      ,0.999483957836,0.999483957836,0.999483957836,0.999483957835
      ,0.999483957836,0.999483957835,0.999483957836,0.999483957836
      ,0.999483957836,0.999483957836,0.999483957836,0.999483957835
      ,0.999483957836,0.999483957835,0.999483957836,0.999483957836
      ,0.999483957836,0.999483957836,0.999483957836,0.999483957835
      ,0.999483957836,0.999483957835,0.999483957836,0.999483957836
      ,0.999483957836,0.999483957836,0.999483957836,0.999483957836
      ,0.999483957836,0.999483957835,0.999483957836,0.999483957836
      ,0.999483957836,0.999483957836)
    ,(1.002554895352,1.002554895352,1.002554895352,1.002554895352
      ,1.002554895352,1.002554895352,1.002554895352,1.002554895352
      ,1.002554895352,1.002554895352,1.002554895352,1.002554895352
      ,1.002554895352,1.002554895352,1.002554895352,1.002554895352
      ,1.002554895352,1.002554895352,1.002554895352,1.002554895352
      ,1.002554895353,1.002554895352,1.002554895352,1.002554895352
      ,1.002554895352,1.002554895352,1.002554895352,1.002554895352
      ,1.002554895353,1.002554895352,1.002554895352,1.002554895352
      ,1.002554895352,1.002554895352,1.002554895352,1.002554895352
      ,1.002554895353,1.002554895352,1.002554895352,1.002554895352
      ,1.002554895352,1.002554895352,1.002554895352,1.002554895352
      ,1.002554895353,1.002554895352,1.002554895352,1.002554895352
      ,1.002554895352,1.002554895352,1.002554895352,1.002554895352
      ,1.002554895352,1.002554895352,1.002554895352,1.002554895352
      ,1.002554895352,1.002554895352,1.002554895352,1.002554895352
      ,1.002554895352,1.002554895352,1.002554895352,1.002554895352
      ,1.002554895352,1.002554895352)
    ,(1.007744716361,1.007744716361,1.007744716361,1.007744716361
      ,1.007744716361,1.007744716361,1.007744716361,1.007744716361
      ,1.007744716361,1.007744716361,1.007744716361,1.007744716361
      ,1.007744716361,1.007744716361,1.007744716361,1.007744716361
      ,1.007744716361,1.007744716361,1.007744716361,1.007744716361
      ,1.007744716361,1.007744716361,1.007744716361,1.007744716361
      ,1.007744716361,1.007744716361,1.007744716361,1.007744716361
      ,1.007744716361,1.007744716361,1.007744716361,1.007744716361
      ,1.007744716361,1.007744716361,1.007744716361,1.007744716361
      ,1.007744716361,1.007744716361,1.007744716361,1.007744716361
      ,1.007744716361,1.007744716361,1.007744716361,1.007744716361
      ,1.007744716361,1.007744716361,1.007744716361,1.007744716361
      ,1.007744716361,1.007744716361,1.007744716361,1.007744716361
      ,1.007744716361,1.007744716361,1.007744716361,1.007744716361
      ,1.007744716361,1.007744716361,1.007744716361,1.007744716361
      ,1.007744716361,1.007744716361,1.007744716361,1.007744716361
,1.007744716361,1.007744716361))) REPRESENTATION_ITEM('') SURFACE() );
#4859 = CARTESIAN_POINT('',(12.934313455158,-5.357568053111,53.));
#4860 = CARTESIAN_POINT('',(15.505761521893,0.850456744537,
    53.305555555555));
#4861 = CARTESIAN_POINT('',(14.725059551021,8.44813724984,
    53.611111111113));
#4862 = CARTESIAN_POINT('',(9.735588159534,15.356874719556,
    53.916666666664));
#4863 = CARTESIAN_POINT('',(1.170870331888,18.933346818981,
    54.222222222226));
#4864 = CARTESIAN_POINT('',(-8.327155133251,17.04381229333,
    54.527777777774));
#4865 = CARTESIAN_POINT('',(-14.87138457493,10.462387946304,
    54.833333333336));
#4866 = CARTESIAN_POINT('',(-16.83712867903,2.16999270999,
    55.138888888888));
#4867 = CARTESIAN_POINT('',(-14.65090913157,-5.148080741649,
    55.444444444445));
#4868 = CARTESIAN_POINT('',(-5.148080741649,-14.65090913157,
    56.055555555556));
#4869 = CARTESIAN_POINT('',(2.169992709986,-16.83712867904,
    56.36111111111));
#4870 = CARTESIAN_POINT('',(10.462387946324,-14.8713845749,
    56.666666666669));
#4871 = CARTESIAN_POINT('',(17.043812293277,-8.327155133313,
    56.972222222218));
#4872 = CARTESIAN_POINT('',(18.933346819068,1.170870331969,
    57.277777777782));
#4873 = CARTESIAN_POINT('',(15.356874719464,9.735588159468,
    57.583333333331));
#4874 = CARTESIAN_POINT('',(8.448137249903,14.725059551054,
    57.88888888889));
#4875 = CARTESIAN_POINT('',(0.850456744515,15.505761521884,
    58.194444444444));
#4876 = CARTESIAN_POINT('',(-11.56559285074,10.362865388431,
    58.805555555556));
#4877 = CARTESIAN_POINT('',(-16.38592459971,4.438454324131,
    59.111111111111));
#4878 = CARTESIAN_POINT('',(-17.74305065838,-3.974849845572,
    59.416666666667));
#4879 = CARTESIAN_POINT('',(-14.21582827792,-12.55996757469,
    59.722222222222));
#4880 = CARTESIAN_POINT('',(-6.163607387097,-17.9399831126,
    60.027777777778));
#4881 = CARTESIAN_POINT('',(3.117631414297,-17.9136823428,
    60.333333333333));
#4882 = CARTESIAN_POINT('',(10.371231304307,-13.44006442501,
    60.638888888889));
#4883 = CARTESIAN_POINT('',(14.,-6.719514394968,60.944444444444));
#4884 = CARTESIAN_POINT('',(14.,6.719514394969,61.555555555555));
#4885 = CARTESIAN_POINT('',(10.371231304307,13.440064425015,
    61.861111111112));
#4886 = CARTESIAN_POINT('',(3.117631414284,17.913682342815,
    62.166666666665));
#4887 = CARTESIAN_POINT('',(-6.163607387057,17.939983112571,
    62.472222222224));
#4888 = CARTESIAN_POINT('',(-14.21582827798,12.55996757473,
    62.777777777776));
#4889 = CARTESIAN_POINT('',(-17.74305065832,3.974849845545,
    63.083333333335));
#4890 = CARTESIAN_POINT('',(-16.38592459974,-4.438454324117,
    63.388888888888));
#4891 = CARTESIAN_POINT('',(-11.56559285073,-10.36286538843,
    63.694444444445));
#4892 = CARTESIAN_POINT('',(0.850456744526,-15.50576152188,
    64.305555555555));
#4893 = CARTESIAN_POINT('',(8.448137249859,-14.72505955103,
    64.611111111111));
#4894 = CARTESIAN_POINT('',(15.356874719534,-9.735588159505,
    64.916666666667));
#4895 = CARTESIAN_POINT('',(18.933346819003,-1.170870331919,
    65.222222222222));
#4896 = CARTESIAN_POINT('',(17.043812293315,8.327155133276,
    65.527777777778));
#4897 = CARTESIAN_POINT('',(10.462387946311,14.871384574919,
    65.833333333333));
#4898 = CARTESIAN_POINT('',(2.169992709989,16.837128679041,
    66.138888888889));
#4899 = CARTESIAN_POINT('',(-5.148080741649,14.650909131574,
    66.444444444444));
#4900 = CARTESIAN_POINT('',(-14.65090913157,5.148080741649,
    67.055555555556));
#4901 = CARTESIAN_POINT('',(-16.83712867904,-2.169992709985,
    67.361111111111));
#4902 = CARTESIAN_POINT('',(-14.87138457489,-10.46238794633,
    67.666666666668));
#4903 = CARTESIAN_POINT('',(-8.327155133348,-17.04381229325,
    67.972222222221));
#4904 = CARTESIAN_POINT('',(1.170870332022,-18.93334681911,
    68.277777777779));
#4905 = CARTESIAN_POINT('',(9.735588159411,-15.3568747194,
    68.583333333332));
#4906 = CARTESIAN_POINT('',(14.725059551085,-8.448137249958,
    68.888888888889));
#4907 = CARTESIAN_POINT('',(15.505761521876,-0.850456744493,
    69.194444444444));
#4908 = CARTESIAN_POINT('',(10.362865388437,11.565592850723,
    69.805555555556));
#4909 = CARTESIAN_POINT('',(4.438454324123,16.385924599761,
    70.111111111111));
#4910 = CARTESIAN_POINT('',(-3.974849845577,17.74305065831,
    70.416666666666));
#4911 = CARTESIAN_POINT('',(-12.55996757467,14.215828278007,
    70.722222222223));
#4912 = CARTESIAN_POINT('',(-17.93998311262,6.163607387043,
    71.027777777776));
#4913 = CARTESIAN_POINT('',(-17.91368234278,-3.117631414277,
    71.333333333334));
#4914 = CARTESIAN_POINT('',(-13.44006442502,-10.37123130431,
    71.638888888888));
#4915 = CARTESIAN_POINT('',(-6.719514394968,-14.,71.944444444445));
#4916 = CARTESIAN_POINT('',(6.719514394968,-14.,72.555555555556));
#4917 = CARTESIAN_POINT('',(13.440064425016,-10.37123130432,
    72.861111111111));
#4918 = CARTESIAN_POINT('',(17.913682342811,-3.117631414206,
    73.166666666666));
#4919 = CARTESIAN_POINT('',(17.939983112571,6.163607386874,
    73.472222222223));
#4920 = CARTESIAN_POINT('',(12.55996757475,14.215828278249,
    73.777777777778));
#4921 = CARTESIAN_POINT('',(3.974849845503,17.743050658086,
    74.083333333333));
#4922 = CARTESIAN_POINT('',(-4.438454324077,16.385924599891,
    74.388888888889));
#4923 = CARTESIAN_POINT('',(-10.36286538845,11.565592850683,
    74.694444444444));
#4924 = CARTESIAN_POINT('',(-12.93431345515,5.357568053111,75.));
#4925 = CARTESIAN_POINT('',(13.639247789399,-3.655706022803,53.));
#4926 = CARTESIAN_POINT('',(15.393860720434,2.890662966275,
    53.305555555555));
#4927 = CARTESIAN_POINT('',(13.613476469152,10.385620814839,
    53.611111111111));
#4928 = CARTESIAN_POINT('',(7.714972061121,16.637857114861,
    53.916666666666));
#4929 = CARTESIAN_POINT('',(-1.32032830572,19.087406774864,
    54.222222222223));
#4930 = CARTESIAN_POINT('',(-10.56973392139,15.948147711602,
    54.527777777778));
#4931 = CARTESIAN_POINT('',(-16.24799732317,8.505651329868,
    54.833333333333));
#4932 = CARTESIAN_POINT('',(-17.12265045891,-4.539120641264E-02,
    55.138888888889));
#4933 = CARTESIAN_POINT('',(-13.97353857197,-7.075807794728,
    55.444444444444));
#4934 = CARTESIAN_POINT('',(-3.220353688569,-15.32827969117,
    56.055555555556));
#4935 = CARTESIAN_POINT('',(4.385376626389,-16.55160689916,
    56.361111111111));
#4936 = CARTESIAN_POINT('',(12.419124562758,-13.49477182665,
    56.666666666668));
#4937 = CARTESIAN_POINT('',(18.139476875011,-6.084576345178,
    56.97222222222));
#4938 = CARTESIAN_POINT('',(18.779286863177,3.662068969587,
    57.27777777778));
#4939 = CARTESIAN_POINT('',(14.075892324166,11.756204257868,
    57.583333333332));
#4940 = CARTESIAN_POINT('',(6.510653684901,15.836642632931,
    57.88888888889));
#4941 = CARTESIAN_POINT('',(-1.189749477222,15.617662323339,
    58.194444444444));
#4942 = CARTESIAN_POINT('',(-12.92911068961,8.841095918492,
    58.805555555555));
#4943 = CARTESIAN_POINT('',(-16.96992443192,2.282438621835,
    59.111111111112));
#4944 = CARTESIAN_POINT('',(-17.22005065132,-6.309432529224,
    59.416666666665));
#4945 = CARTESIAN_POINT('',(-12.5632216675,-14.43044786415,
    59.722222222225));
#4946 = CARTESIAN_POINT('',(-3.803112863012,-18.75097392538,
    60.027777777776));
#4947 = CARTESIAN_POINT('',(5.474665354127,-17.50347282167,
    60.333333333335));
#4948 = CARTESIAN_POINT('',(12.139638681253,-12.07544582152,
    60.638888888889));
#4949 = CARTESIAN_POINT('',(14.884135555439,-4.877432207389,
    60.944444444444));
#4950 = CARTESIAN_POINT('',(13.115864444561,8.561596582548,
    61.555555555556));
#4951 = CARTESIAN_POINT('',(8.602823927362,14.80468302851,
    61.861111111111));
#4952 = CARTESIAN_POINT('',(0.760597474453,18.323891863935,
    62.166666666667));
#4953 = CARTESIAN_POINT('',(-8.524101911139,17.128992299792,
    62.472222222221));
#4954 = CARTESIAN_POINT('',(-15.86843488841,10.68948728526,
    62.777777777779));
#4955 = CARTESIAN_POINT('',(-18.26605066538,1.640267161901,
    63.083333333333));
#4956 = CARTESIAN_POINT('',(-15.80192476754,-6.594470026417,
    63.388888888889));
#4957 = CARTESIAN_POINT('',(-10.20207501185,-11.88463485837,
    63.694444444444));
#4958 = CARTESIAN_POINT('',(2.890662966262,-15.39386072042,
    64.305555555556));
#4959 = CARTESIAN_POINT('',(10.385620814859,-13.61347646916,
    64.611111111111));
#4960 = CARTESIAN_POINT('',(16.637857114836,-7.714972061095,
    64.916666666666));
#4961 = CARTESIAN_POINT('',(19.087406774888,1.32032830569,
    65.222222222223));
#4962 = CARTESIAN_POINT('',(15.948147711586,10.569733921417,
    65.527777777776));
#4963 = CARTESIAN_POINT('',(8.505651329875,16.247997323164,
    65.833333333334));
#4964 = CARTESIAN_POINT('',(-4.539120641395E-02,17.122650458916,
    66.138888888888));
#4965 = CARTESIAN_POINT('',(-7.075807794728,13.973538571973,
    66.444444444445));
#4966 = CARTESIAN_POINT('',(-15.32827969117,3.22035368857,
    67.055555555556));
#4967 = CARTESIAN_POINT('',(-16.55160689917,-4.385376626389,
    67.361111111111));
#4968 = CARTESIAN_POINT('',(-13.49477182664,-12.41912456276,
    67.666666666668));
#4969 = CARTESIAN_POINT('',(-6.084576345217,-18.13947687499,
    67.972222222221));
#4970 = CARTESIAN_POINT('',(3.662068969647,-18.77928686321,
    68.277777777779));
#4971 = CARTESIAN_POINT('',(11.756204257803,-14.07589232411,
    68.583333333332));
#4972 = CARTESIAN_POINT('',(15.836642632969,-6.510653684951,
    68.888888888889));
#4973 = CARTESIAN_POINT('',(15.617662323328,1.189749477243,
    69.194444444444));
#4974 = CARTESIAN_POINT('',(8.841095918501,12.929110689603,
    69.805555555556));
#4975 = CARTESIAN_POINT('',(2.28243862182,16.969924431965,70.11111111111
    ));
#4976 = CARTESIAN_POINT('',(-6.309432529218,17.22005065125,
    70.416666666669));
#4977 = CARTESIAN_POINT('',(-14.43044786414,12.563221667588,
    70.722222222219));
#4978 = CARTESIAN_POINT('',(-18.7509739254,3.803112862954,
    71.027777777781));
#4979 = CARTESIAN_POINT('',(-17.50347282166,-5.474665354106,
    71.333333333331));
#4980 = CARTESIAN_POINT('',(-12.07544582152,-12.13963868125,
    71.63888888889));
#4981 = CARTESIAN_POINT('',(-4.877432207389,-14.88413555543,
    71.944444444444));
#4982 = CARTESIAN_POINT('',(8.561596582547,-13.11586444456,
    72.555555555556));
#4983 = CARTESIAN_POINT('',(14.804683028513,-8.602823927379,
    72.861111111111));
#4984 = CARTESIAN_POINT('',(18.323891863922,-0.760597474374,
    73.166666666666));
#4985 = CARTESIAN_POINT('',(17.128992299814,8.524101910955,
    73.472222222223));
#4986 = CARTESIAN_POINT('',(10.689487285247,15.868434888678,
    73.777777777778));
#4987 = CARTESIAN_POINT('',(1.640267161889,18.266050665137,
    74.083333333333));
#4988 = CARTESIAN_POINT('',(-6.594470026395,15.801924767693,
    74.388888888889));
#4989 = CARTESIAN_POINT('',(-11.88463485838,10.202075011801,
    74.694444444444));
#4990 = CARTESIAN_POINT('',(-13.63924778939,3.655706022803,75.));
#4991 = CARTESIAN_POINT('',(14.071625337412,-1.853413771437,53.));
#4992 = CARTESIAN_POINT('',(14.961200087033,4.900481542816,
    53.305555555556));
#4993 = CARTESIAN_POINT('',(12.203569239554,12.135846812253,
    53.61111111111));
#4994 = CARTESIAN_POINT('',(5.505155308153,17.592457399034,
    53.916666666669));
#4995 = CARTESIAN_POINT('',(-3.820224863055,18.847984609735,
    54.22222222222));
#4996 = CARTESIAN_POINT('',(-12.62565570173,14.505987961949,
    54.52777777778));
#4997 = CARTESIAN_POINT('',(-17.3076950306,6.344246921347,
    54.833333333332));
#4998 = CARTESIAN_POINT('',(-17.05732614692,-2.291910983442,
    55.138888888889));
#4999 = CARTESIAN_POINT('',(-12.99666622724,-8.884753785281,
    55.444444444444));
#5000 = CARTESIAN_POINT('',(-1.197951636319,-15.69767800423,
    56.055555555556));
#5001 = CARTESIAN_POINT('',(6.541921494122,-15.91880945307,
    56.361111111111));
#5002 = CARTESIAN_POINT('',(14.146724561623,-11.81845846328,
    56.666666666666));
#5003 = CARTESIAN_POINT('',(18.874945096119,-3.683383806848,
    56.972222222223));
#5004 = CARTESIAN_POINT('',(18.233671292961,6.113417459731,
    57.277777777777));
#5005 = CARTESIAN_POINT('',(12.484546393982,13.562352068723,
    57.583333333334));
#5006 = CARTESIAN_POINT('',(4.410140620023,16.636001314883,
    57.888888888888));
#5007 = CARTESIAN_POINT('',(-3.234830738331,15.407403982818,
    58.194444444445));
#5008 = CARTESIAN_POINT('',(-14.04432976621,7.114002306237,
    58.805555555556));
#5009 = CARTESIAN_POINT('',(-17.2105661404,4.788698755395E-02,
    59.111111111111));
#5010 = CARTESIAN_POINT('',(-16.33247857438,-8.547013274676,
    59.416666666667));
#5011 = CARTESIAN_POINT('',(-10.62623082301,-16.02884463559,
    59.722222222221));
#5012 = CARTESIAN_POINT('',(-1.32959569201,-19.1849692193,
    60.027777777779));
#5013 = CARTESIAN_POINT('',(7.752328503206,-16.72444854246,
    60.333333333333));
#5014 = CARTESIAN_POINT('',(13.681976785675,-10.44072518913,
    60.638888888889));
#5015 = CARTESIAN_POINT('',(15.472500472848,-2.907561171357,
    60.944444444444));
#5016 = CARTESIAN_POINT('',(11.94701429125,10.2528548401,61.555555555556
    ));
#5017 = CARTESIAN_POINT('',(6.630461062206,15.882135163168,
    61.861111111111));
#5018 = CARTESIAN_POINT('',(-1.646332746554,18.360156991679,
    62.166666666668));
#5019 = CARTESIAN_POINT('',(-10.74205600441,15.951147339501,
    62.472222222221));
#5020 = CARTESIAN_POINT('',(-17.21599155922,8.570313675203,
    62.777777777779));
#5021 = CARTESIAN_POINT('',(-18.41793853181,-0.762123701423,
    63.083333333332));
#5022 = CARTESIAN_POINT('',(-14.88186968,-8.644989003174,63.388888888889
    ));
#5023 = CARTESIAN_POINT('',(-8.607309085663,-13.18205058779,
    63.694444444444));
#5024 = CARTESIAN_POINT('',(4.900481542803,-14.96120008702,
    64.305555555556));
#5025 = CARTESIAN_POINT('',(12.135846812276,-12.20356923956,
    64.611111111111));
#5026 = CARTESIAN_POINT('',(17.592457399005,-5.505155308131,
    64.916666666667));
#5027 = CARTESIAN_POINT('',(18.847984609764,3.820224863029,
    65.222222222221));
#5028 = CARTESIAN_POINT('',(14.505987961927,12.625655701755,
    65.527777777778));
#5029 = CARTESIAN_POINT('',(6.344246921357,17.307695030589,
    65.833333333333));
#5030 = CARTESIAN_POINT('',(-2.291910983445,17.057326146925,
    66.138888888889));
#5031 = CARTESIAN_POINT('',(-8.884753785281,12.996666227244,
    66.444444444445));
#5032 = CARTESIAN_POINT('',(-15.69767800423,1.197951636319,
    67.055555555555));
#5033 = CARTESIAN_POINT('',(-15.91880945307,-6.541921494122,
    67.361111111111));
#5034 = CARTESIAN_POINT('',(-11.81845846327,-14.14672456162,
    67.666666666666));
#5035 = CARTESIAN_POINT('',(-3.683383806889,-18.8749450961,
    67.972222222223));
#5036 = CARTESIAN_POINT('',(6.113417459795,-18.23367129299,
    68.277777777777));
#5037 = CARTESIAN_POINT('',(13.562352068651,-12.48454639393,
    68.583333333334));
#5038 = CARTESIAN_POINT('',(16.636001314928,-4.410140620068,
    68.888888888889));
#5039 = CARTESIAN_POINT('',(15.407403982804,3.234830738351,
    69.194444444444));
#5040 = CARTESIAN_POINT('',(7.114002306248,14.044329766202,
    69.805555555556));
#5041 = CARTESIAN_POINT('',(4.78869875335E-02,17.210566140447,
    70.111111111111));
#5042 = CARTESIAN_POINT('',(-8.547013274661,16.332478574312,
    70.416666666667));
#5043 = CARTESIAN_POINT('',(-16.02884463559,10.626230823101,
    70.722222222222));
#5044 = CARTESIAN_POINT('',(-19.18496921932,1.32959569195,
    71.027777777778));
#5045 = CARTESIAN_POINT('',(-16.72444854245,-7.752328503183,
    71.333333333333));
#5046 = CARTESIAN_POINT('',(-10.44072518913,-13.68197678567,
    71.638888888889));
#5047 = CARTESIAN_POINT('',(-2.907561171358,-15.47250047284,
    71.944444444444));
#5048 = CARTESIAN_POINT('',(10.2528548401,-11.94701429125,
    72.555555555556));
#5049 = CARTESIAN_POINT('',(15.882135163174,-6.630461062223,
    72.861111111111));
#5050 = CARTESIAN_POINT('',(18.360156991654,1.646332746631,
    73.166666666666));
#5051 = CARTESIAN_POINT('',(15.951147339549,10.742056004236,
    73.472222222223));
#5052 = CARTESIAN_POINT('',(8.570313675154,17.215991559491,
    73.777777777778));
#5053 = CARTESIAN_POINT('',(-0.7621237014,18.417938531568,
    74.083333333333));
#5054 = CARTESIAN_POINT('',(-8.644989003173,14.881869680159,
    74.388888888889));
#5055 = CARTESIAN_POINT('',(-13.1820505878,8.607309085607,
    74.694444444444));
#5056 = CARTESIAN_POINT('',(-14.07162533741,1.853413771437,75.));
#5057 = CARTESIAN_POINT('',(14.217349042956,-3.0264290544E-14,53.));
#5058 = CARTESIAN_POINT('',(14.217349042956,6.823837671902,
    53.305555555555));
#5059 = CARTESIAN_POINT('',(10.532231439934,13.648754017474,
    53.611111111112));
#5060 = CARTESIAN_POINT('',(3.166091019771,18.191657177119,
    53.916666666666));
#5061 = CARTESIAN_POINT('',(-6.259426576698,18.218724730592,
    54.222222222223));
#5062 = CARTESIAN_POINT('',(-14.43637012878,12.754754518974,
    54.527777777777));
#5063 = CARTESIAN_POINT('',(-18.0186115553,4.036664474409,
    54.833333333334));
#5064 = CARTESIAN_POINT('',(-16.64028879049,-4.507385416478,
    55.138888888889));
#5065 = CARTESIAN_POINT('',(-11.74514486315,-10.52374941857,
    55.444444444444));
#5066 = CARTESIAN_POINT('',(0.863657001377,-15.74648615613,
    56.055555555555));
#5067 = CARTESIAN_POINT('',(8.57925825125,-14.95366383808,
    56.361111111112));
#5068 = CARTESIAN_POINT('',(15.595435241561,-9.886729595061,
    56.666666666666));
#5069 = CARTESIAN_POINT('',(19.227028626494,-1.189081801125,
    56.972222222223));
#5070 = CARTESIAN_POINT('',(17.308666780345,8.456500822959,
    57.277777777777));
#5071 = CARTESIAN_POINT('',(10.624679720967,15.102208580797,
    57.583333333334));
#5072 = CARTESIAN_POINT('',(2.203714248345,17.098538792763,
    57.888888888889));
#5073 = CARTESIAN_POINT('',(-5.22800202727,14.878365810271,
    58.194444444444));
#5074 = CARTESIAN_POINT('',(-14.87836581027,5.228002027267,
    58.805555555556));
#5075 = CARTESIAN_POINT('',(-17.09853879275,-2.203714248334,
    59.111111111111));
#5076 = CARTESIAN_POINT('',(-15.10220858081,-10.62467972098,
    59.416666666668));
#5077 = CARTESIAN_POINT('',(-8.456500822941,-17.30866678033,
    59.72222222222));
#5078 = CARTESIAN_POINT('',(1.189081801115,-19.22702862649,
    60.02777777778));
#5079 = CARTESIAN_POINT('',(9.886729595062,-15.59543524156,
    60.333333333332));
#5080 = CARTESIAN_POINT('',(14.953663838085,-8.57925825125,
    60.63888888889));
#5081 = CARTESIAN_POINT('',(15.746486156138,-0.863657001376,
    60.944444444444));
#5082 = CARTESIAN_POINT('',(10.523749418573,11.745144863159,
    61.555555555555));
#5083 = CARTESIAN_POINT('',(4.507385416486,16.640288790499,
    61.861111111112));
#5084 = CARTESIAN_POINT('',(-4.036664474457,18.018611555299,
    62.166666666665));
#5085 = CARTESIAN_POINT('',(-12.75475451885,14.436370128804,
    62.472222222224));
#5086 = CARTESIAN_POINT('',(-18.21872473075,6.259426576671,
    62.777777777776));
#5087 = CARTESIAN_POINT('',(-18.19165717696,-3.16609101975,
    63.083333333335));
#5088 = CARTESIAN_POINT('',(-13.64875401756,-10.53223143994,
    63.388888888888));
#5089 = CARTESIAN_POINT('',(-6.823837671874,-14.21734904295,
    63.694444444445));
#5090 = CARTESIAN_POINT('',(6.823837671888,-14.21734904295,
    64.305555555556));
#5091 = CARTESIAN_POINT('',(13.648754017497,-10.53223143994,
    64.611111111111));
#5092 = CARTESIAN_POINT('',(18.191657177088,-3.166091019752,
    64.916666666667));
#5093 = CARTESIAN_POINT('',(18.218724730622,6.259426576676,
    65.222222222221));
#5094 = CARTESIAN_POINT('',(12.754754518952,14.436370128805,
    65.527777777778));
#5095 = CARTESIAN_POINT('',(4.036664474419,18.018611555296,
    65.833333333334));
#5096 = CARTESIAN_POINT('',(-4.50738541648,16.640288790502,
    66.138888888889));
#5097 = CARTESIAN_POINT('',(-10.52374941857,11.745144863158,
    66.444444444445));
#5098 = CARTESIAN_POINT('',(-15.74648615613,-0.863657001376,
    67.055555555556));
#5099 = CARTESIAN_POINT('',(-14.95366383808,-8.579258251251,
    67.361111111111));
#5100 = CARTESIAN_POINT('',(-9.886729595044,-15.59543524156,
    67.666666666667));
#5101 = CARTESIAN_POINT('',(-1.189081801168,-19.22702862648,
    67.972222222221));
#5102 = CARTESIAN_POINT('',(8.456500823027,-17.30866678036,
    68.277777777779));
#5103 = CARTESIAN_POINT('',(15.102208580721,-10.62467972093,
    68.583333333333));
#5104 = CARTESIAN_POINT('',(17.098538792813,-2.203714248384,
    68.888888888889));
#5105 = CARTESIAN_POINT('',(14.878365810255,5.228002027288,
    69.194444444444));
#5106 = CARTESIAN_POINT('',(5.228002027279,14.878365810259,
    69.805555555556));
#5107 = CARTESIAN_POINT('',(-2.20371424836,17.098538792793,
    70.11111111111));
#5108 = CARTESIAN_POINT('',(-10.62467972095,15.102208580743,
    70.416666666668));
#5109 = CARTESIAN_POINT('',(-17.30866678034,8.456500823026,
    70.72222222222));
#5110 = CARTESIAN_POINT('',(-19.22702862649,-1.189081801177,
    71.02777777778));
#5111 = CARTESIAN_POINT('',(-15.59543524155,-9.886729595037,
    71.333333333332));
#5112 = CARTESIAN_POINT('',(-8.579258251251,-14.95366383808,
    71.63888888889));
#5113 = CARTESIAN_POINT('',(-0.863657001377,-15.74648615613,
    71.944444444444));
#5114 = CARTESIAN_POINT('',(11.745144863159,-10.52374941857,
    72.555555555556));
#5115 = CARTESIAN_POINT('',(16.640288790507,-4.507385416502,
    72.861111111111));
#5116 = CARTESIAN_POINT('',(18.018611555265,4.03666447453,
    73.166666666667));
#5117 = CARTESIAN_POINT('',(14.436370128875,12.754754518686,
    73.472222222222));
#5118 = CARTESIAN_POINT('',(6.25942657659,18.218724731011,
    73.777777777778));
#5119 = CARTESIAN_POINT('',(-3.166091019697,18.191657176721,
    74.083333333333));
#5120 = CARTESIAN_POINT('',(-10.53223143995,13.648754017718,
    74.38888888889));
#5121 = CARTESIAN_POINT('',(-14.21734904295,6.823837671818,
    74.694444444444));
#5122 = CARTESIAN_POINT('',(-14.21734904295,1.565396125361E-13,75.));
#5123 = CARTESIAN_POINT('',(14.071625337412,1.853413771437,53.));
#5124 = CARTESIAN_POINT('',(13.182050587792,8.607309085691,
    53.305555555556));
#5125 = CARTESIAN_POINT('',(8.64498900318,14.881869679914,53.61111111111
    ));
#5126 = CARTESIAN_POINT('',(0.762123701421,18.417938531971,
    53.916666666668));
#5127 = CARTESIAN_POINT('',(-8.570313675205,17.215991559062,
    54.222222222221));
#5128 = CARTESIAN_POINT('',(-15.95114733949,10.742056004533,
    54.527777777779));
#5129 = CARTESIAN_POINT('',(-18.36015699167,1.646332746507,
    54.833333333333));
#5130 = CARTESIAN_POINT('',(-15.88213516316,-6.630461062198,
    55.138888888889));
#5131 = CARTESIAN_POINT('',(-10.2528548401,-11.94701429124,
    55.444444444444));
#5132 = CARTESIAN_POINT('',(2.907561171358,-15.47250047284,
    56.055555555555));
#5133 = CARTESIAN_POINT('',(10.44072518913,-13.68197678567,
    56.361111111112));
#5134 = CARTESIAN_POINT('',(16.724448542458,-7.752328503206,
    56.666666666665));
#5135 = CARTESIAN_POINT('',(19.18496921931,1.329595692002,
    56.972222222225));
#5136 = CARTESIAN_POINT('',(16.028844635603,10.626230823035,
    57.277777777775));
#5137 = CARTESIAN_POINT('',(8.547013274665,16.332478574368,
    57.583333333335));
#5138 = CARTESIAN_POINT('',(-4.788698754446E-02,17.210566140415,
    57.888888888888));
#5139 = CARTESIAN_POINT('',(-7.11400230624,14.044329766215,
    58.194444444445));
#5140 = CARTESIAN_POINT('',(-15.40740398281,3.234830738328,
    58.805555555556));
#5141 = CARTESIAN_POINT('',(-16.63600131487,-4.410140620011,
    59.111111111111));
#5142 = CARTESIAN_POINT('',(-13.56235206873,-12.48454639399,
    59.416666666667));
#5143 = CARTESIAN_POINT('',(-6.113417459714,-18.23367129295,
    59.722222222221));
#5144 = CARTESIAN_POINT('',(3.683383806839,-18.87494509612,
    60.027777777779));
#5145 = CARTESIAN_POINT('',(11.81845846329,-14.14672456162,
    60.333333333333));
#5146 = CARTESIAN_POINT('',(15.918809453078,-6.541921494121,
    60.638888888889));
#5147 = CARTESIAN_POINT('',(15.69767800423,1.197951636319,
    60.944444444444));
#5148 = CARTESIAN_POINT('',(8.884753785281,12.996666227245,
    61.555555555556));
#5149 = CARTESIAN_POINT('',(2.291910983451,17.057326146923,
    61.861111111111));
#5150 = CARTESIAN_POINT('',(-6.344246921395,17.307695030587,
    62.166666666667));
#5151 = CARTESIAN_POINT('',(-14.50598796183,12.625655701767,
    62.472222222222));
#5152 = CARTESIAN_POINT('',(-18.84798460989,3.820224863007,
    62.777777777778));
#5153 = CARTESIAN_POINT('',(-17.59245739888,-5.505155308113,
    63.083333333333));
#5154 = CARTESIAN_POINT('',(-12.13584681234,-12.20356923957,
    63.388888888889));
#5155 = CARTESIAN_POINT('',(-4.900481542787,-14.96120008703,
    63.694444444444));
#5156 = CARTESIAN_POINT('',(8.607309085676,-13.18205058779,
    64.305555555556));
#5157 = CARTESIAN_POINT('',(14.88186967994,-8.644989003187,
    64.61111111111));
#5158 = CARTESIAN_POINT('',(18.417938531936,-0.762123701408,
    64.916666666669));
#5159 = CARTESIAN_POINT('',(17.215991559097,8.57031367519,65.22222222222
    ));
#5160 = CARTESIAN_POINT('',(10.742056004506,15.951147339512,
    65.527777777779));
#5161 = CARTESIAN_POINT('',(1.646332746519,18.360156991671,
    65.833333333333));
#5162 = CARTESIAN_POINT('',(-6.630461062201,15.882135163171,
    66.138888888889));
#5163 = CARTESIAN_POINT('',(-11.94701429124,10.2528548401,
    66.444444444444));
#5164 = CARTESIAN_POINT('',(-15.47250047284,-2.907561171358,
    67.055555555556));
#5165 = CARTESIAN_POINT('',(-13.68197678567,-10.44072518913,
    67.361111111111));
#5166 = CARTESIAN_POINT('',(-7.75232850319,-16.72444854245,
    67.666666666666));
#5167 = CARTESIAN_POINT('',(1.329595691957,-19.1849692193,
    67.972222222224));
#5168 = CARTESIAN_POINT('',(10.626230823106,-16.02884463561,
    68.277777777776));
#5169 = CARTESIAN_POINT('',(16.332478574286,-8.54701327464,
    68.583333333335));
#5170 = CARTESIAN_POINT('',(17.21056614047,4.788698751238E-02,
    68.888888888888));
#5171 = CARTESIAN_POINT('',(14.044329766197,7.114002306256,
    69.194444444445));
#5172 = CARTESIAN_POINT('',(3.234830738342,15.407403982807,
    69.805555555555));
#5173 = CARTESIAN_POINT('',(-4.410140620042,16.636001314911,
    70.111111111112));
#5174 = CARTESIAN_POINT('',(-12.48454639396,13.562352068671,
    70.416666666665));
#5175 = CARTESIAN_POINT('',(-18.23367129297,6.113417459795,
    70.722222222224));
#5176 = CARTESIAN_POINT('',(-18.87494509611,-3.6833838069,
    71.027777777776));
#5177 = CARTESIAN_POINT('',(-14.14672456162,-11.81845846326,
    71.333333333334));
#5178 = CARTESIAN_POINT('',(-6.541921494122,-15.91880945308,
    71.638888888889));
#5179 = CARTESIAN_POINT('',(1.197951636319,-15.69767800423,
    71.944444444445));
#5180 = CARTESIAN_POINT('',(12.996666227245,-8.884753785282,
    72.555555555555));
#5181 = CARTESIAN_POINT('',(17.057326146933,-2.291910983466,
    72.861111111112));
#5182 = CARTESIAN_POINT('',(17.307695030545,6.344246921463,
    73.166666666665));
#5183 = CARTESIAN_POINT('',(12.625655701858,14.505987961673,
    73.472222222224));
#5184 = CARTESIAN_POINT('',(3.820224862893,18.847984610139,
    73.777777777776));
#5185 = CARTESIAN_POINT('',(-5.505155308027,17.592457398649,
    74.083333333334));
#5186 = CARTESIAN_POINT('',(-12.20356923961,12.135846812492,
    74.388888888889));
#5187 = CARTESIAN_POINT('',(-14.96120008702,4.900481542733,
    74.694444444445));
#5188 = CARTESIAN_POINT('',(-14.07162533741,-1.853413771437,75.));
#5189 = CARTESIAN_POINT('',(13.639247789399,3.655706022803,53.));
#5190 = CARTESIAN_POINT('',(11.884634858365,10.202075011882,
    53.305555555556));
#5191 = CARTESIAN_POINT('',(6.594470026435,15.801924767453,
    53.611111111111));
#5192 = CARTESIAN_POINT('',(-1.640267161921,18.266050665537,
    53.916666666667));
#5193 = CARTESIAN_POINT('',(-10.68948728524,15.868434888249,
    54.222222222221));
#5194 = CARTESIAN_POINT('',(-17.1289922998,8.524101911255,
    54.527777777779));
#5195 = CARTESIAN_POINT('',(-18.32389186393,-0.7605974745,
    54.833333333333));
#5196 = CARTESIAN_POINT('',(-14.80468302851,-8.602823927353,
    55.138888888889));
#5197 = CARTESIAN_POINT('',(-8.561596582548,-13.11586444456,
    55.444444444444));
#5198 = CARTESIAN_POINT('',(4.877432207389,-14.88413555544,
    56.055555555556));
#5199 = CARTESIAN_POINT('',(12.075445821524,-12.13963868125,
    56.361111111111));
#5200 = CARTESIAN_POINT('',(17.503472821677,-5.474665354128,
    56.666666666666));
#5201 = CARTESIAN_POINT('',(18.750973925387,3.803112863004,
    56.972222222223));
#5202 = CARTESIAN_POINT('',(14.430447864159,12.563221667523,
    57.277777777777));
#5203 = CARTESIAN_POINT('',(6.309432529215,17.220050651305,
    57.583333333334));
#5204 = CARTESIAN_POINT('',(-2.282438621827,16.969924431931,
    57.888888888889));
#5205 = CARTESIAN_POINT('',(-8.841095918495,12.929110689617,
    58.194444444444));
#5206 = CARTESIAN_POINT('',(-15.61766232334,1.189749477218,
    58.805555555556));
#5207 = CARTESIAN_POINT('',(-15.83664263292,-6.510653684888,
    59.111111111111));
#5208 = CARTESIAN_POINT('',(-11.75620425788,-14.07589232418,
    59.416666666667));
#5209 = CARTESIAN_POINT('',(-3.662068969572,-18.77928686316,
    59.722222222221));
#5210 = CARTESIAN_POINT('',(6.084576345168,-18.13947687501,
    60.027777777779));
#5211 = CARTESIAN_POINT('',(13.494771826659,-12.41912456276,
    60.333333333332));
#5212 = CARTESIAN_POINT('',(16.551606899169,-4.385376626388,
    60.63888888889));
#5213 = CARTESIAN_POINT('',(15.328279691175,3.22035368857,
    60.944444444444));
#5214 = CARTESIAN_POINT('',(7.075807794728,13.973538571974,
    61.555555555556));
#5215 = CARTESIAN_POINT('',(4.539120642055E-02,17.122650458916,
    61.861111111111));
#5216 = CARTESIAN_POINT('',(-8.505651329911,16.247997323156,
    62.166666666668));
#5217 = CARTESIAN_POINT('',(-15.94814771149,10.569733921441,
    62.47222222222));
#5218 = CARTESIAN_POINT('',(-19.08740677501,1.320328305651,
    62.77777777778));
#5219 = CARTESIAN_POINT('',(-16.63785711471,-7.714972061062,
    63.083333333332));
#5220 = CARTESIAN_POINT('',(-10.38562081492,-13.61347646918,
    63.38888888889));
#5221 = CARTESIAN_POINT('',(-2.890662966247,-15.39386072043,
    63.694444444444));
#5222 = CARTESIAN_POINT('',(10.202075011867,-11.88463485836,
    64.305555555556));
#5223 = CARTESIAN_POINT('',(15.801924767478,-6.594470026438,
    64.611111111111));
#5224 = CARTESIAN_POINT('',(18.266050665502,1.64026716193,
    64.916666666667));
#5225 = CARTESIAN_POINT('',(15.868434888285,10.68948728523,
    65.222222222222));
#5226 = CARTESIAN_POINT('',(8.524101911228,17.128992299814,
    65.527777777778));
#5227 = CARTESIAN_POINT('',(-0.760597474488,18.323891863923,
    65.833333333333));
#5228 = CARTESIAN_POINT('',(-8.602823927356,14.804683028513,
    66.138888888889));
#5229 = CARTESIAN_POINT('',(-13.11586444456,8.561596582547,
    66.444444444444));
#5230 = CARTESIAN_POINT('',(-14.88413555544,-4.877432207389,
    67.055555555556));
#5231 = CARTESIAN_POINT('',(-12.13963868125,-12.07544582152,
    67.36111111111));
#5232 = CARTESIAN_POINT('',(-5.47466535411,-17.50347282167,
    67.666666666669));
#5233 = CARTESIAN_POINT('',(3.803112862959,-18.75097392539,
    67.972222222219));
#5234 = CARTESIAN_POINT('',(12.563221667594,-14.43044786416,
    68.277777777781));
#5235 = CARTESIAN_POINT('',(17.220050651222,-6.309432529201,
    68.583333333332));
#5236 = CARTESIAN_POINT('',(16.96992443199,2.282438621802,68.88888888889
    ));
#5237 = CARTESIAN_POINT('',(12.929110689597,8.841095918508,
    69.194444444444));
#5238 = CARTESIAN_POINT('',(1.189749477234,15.61766232333,
    69.805555555556));
#5239 = CARTESIAN_POINT('',(-6.510653684923,15.836642632957,
    70.11111111111));
#5240 = CARTESIAN_POINT('',(-14.07589232414,11.756204257818,
    70.416666666668));
#5241 = CARTESIAN_POINT('',(-18.77928686319,3.662068969651,
    70.72222222222));
#5242 = CARTESIAN_POINT('',(-18.13947687499,-6.084576345228,
    71.027777777781));
#5243 = CARTESIAN_POINT('',(-12.41912456276,-13.49477182663,
    71.333333333331));
#5244 = CARTESIAN_POINT('',(-4.385376626388,-16.55160689917,
    71.63888888889));
#5245 = CARTESIAN_POINT('',(3.220353688569,-15.32827969117,
    71.944444444444));
#5246 = CARTESIAN_POINT('',(13.973538571974,-7.075807794728,
    72.555555555556));
#5247 = CARTESIAN_POINT('',(17.122650458928,-4.539120643388E-02,
    72.861111111111));
#5248 = CARTESIAN_POINT('',(16.247997323105,8.505651329973,
    73.166666666667));
#5249 = CARTESIAN_POINT('',(10.569733921553,15.94814771135,
    73.472222222222));
#5250 = CARTESIAN_POINT('',(1.320328305508,19.087406775237,
    73.777777777778));
#5251 = CARTESIAN_POINT('',(-7.714972060948,16.6378571145,
    74.083333333333));
#5252 = CARTESIAN_POINT('',(-13.61347646923,10.385620815067,
    74.388888888889));
#5253 = CARTESIAN_POINT('',(-15.39386072041,2.890662966194,
    74.694444444444));
#5254 = CARTESIAN_POINT('',(-13.63924778939,-3.655706022803,75.));
#5255 = CARTESIAN_POINT('',(12.934313455158,5.357568053111,53.));
#5256 = CARTESIAN_POINT('',(10.362865388424,11.56559285076,
    53.305555555555));
#5257 = CARTESIAN_POINT('',(4.438454324145,16.385924599659,
    53.611111111113));
#5258 = CARTESIAN_POINT('',(-3.974849845584,17.743050658476,
    53.916666666664));
#5259 = CARTESIAN_POINT('',(-12.55996757469,14.215828277827,
    54.222222222226));
#5260 = CARTESIAN_POINT('',(-17.93998311259,6.16360738717,
    54.527777777774));
#5261 = CARTESIAN_POINT('',(-17.9136823428,-3.117631414331,
    54.833333333336));
#5262 = CARTESIAN_POINT('',(-13.44006442501,-10.37123130429,
    55.138888888888));
#5263 = CARTESIAN_POINT('',(-6.719514394969,-14.,55.444444444445));
#5264 = CARTESIAN_POINT('',(6.719514394969,-14.,56.055555555556));
#5265 = CARTESIAN_POINT('',(13.440064425019,-10.3712313043,
    56.36111111111));
#5266 = CARTESIAN_POINT('',(17.913682342798,-3.117631414297,
    56.666666666669));
#5267 = CARTESIAN_POINT('',(17.939983112604,6.163607387089,
    56.972222222218));
#5268 = CARTESIAN_POINT('',(12.559967574695,14.215828277945,
    57.277777777782));
#5269 = CARTESIAN_POINT('',(3.974849845566,17.743050658364,
    57.583333333331));
#5270 = CARTESIAN_POINT('',(-4.438454324125,16.385924599728,
    57.88888888889));
#5271 = CARTESIAN_POINT('',(-10.36286538843,11.565592850738,
    58.194444444444));
#5272 = CARTESIAN_POINT('',(-15.50576152188,-0.850456744518,
    58.805555555556));
#5273 = CARTESIAN_POINT('',(-14.72505955105,-8.44813724989,
    59.111111111111));
#5274 = CARTESIAN_POINT('',(-9.735588159478,-15.35687471948,
    59.416666666667));
#5275 = CARTESIAN_POINT('',(-1.170870331955,-18.93334681905,
    59.722222222222));
#5276 = CARTESIAN_POINT('',(8.327155133303,-17.04381229327,
    60.027777777778));
#5277 = CARTESIAN_POINT('',(14.871384574907,-10.46238794632,
    60.333333333333));
#5278 = CARTESIAN_POINT('',(16.837128679044,-2.169992709985,
    60.638888888889));
#5279 = CARTESIAN_POINT('',(14.650909131574,5.148080741649,
    60.944444444444));
#5280 = CARTESIAN_POINT('',(5.148080741649,14.650909131575,
    61.555555555555));
#5281 = CARTESIAN_POINT('',(-2.169992709982,16.837128679042,
    61.861111111112));
#5282 = CARTESIAN_POINT('',(-10.46238794634,14.871384574907,
    62.166666666665));
#5283 = CARTESIAN_POINT('',(-17.04381229323,8.327155133311,
    62.472222222224));
#5284 = CARTESIAN_POINT('',(-18.93334681912,-1.170870331974,
    62.777777777776));
#5285 = CARTESIAN_POINT('',(-15.35687471942,-9.735588159457,
    63.083333333335));
#5286 = CARTESIAN_POINT('',(-8.448137249922,-14.72505955106,
    63.388888888888));
#5287 = CARTESIAN_POINT('',(-0.85045674451,-15.50576152188,
    63.694444444445));
#5288 = CARTESIAN_POINT('',(11.565592850746,-10.36286538842,
    64.305555555555));
#5289 = CARTESIAN_POINT('',(16.385924599685,-4.438454324146,
    64.611111111111));
#5290 = CARTESIAN_POINT('',(17.74305065844,3.974849845588,
    64.916666666667));
#5291 = CARTESIAN_POINT('',(14.215828277865,12.559967574685,
    65.222222222222));
#5292 = CARTESIAN_POINT('',(6.163607387141,17.939983112604,
    65.527777777778));
#5293 = CARTESIAN_POINT('',(-3.117631414317,17.913682342799,
    65.833333333333));
#5294 = CARTESIAN_POINT('',(-10.3712313043,13.440064425019,
    66.138888888889));
#5295 = CARTESIAN_POINT('',(-14.,6.719514394968,66.444444444444));
#5296 = CARTESIAN_POINT('',(-14.,-6.719514394968,67.055555555556));
#5297 = CARTESIAN_POINT('',(-10.3712313043,-13.44006442502,
    67.361111111111));
#5298 = CARTESIAN_POINT('',(-3.117631414282,-17.91368234279,
    67.666666666668));
#5299 = CARTESIAN_POINT('',(6.163607387047,-17.93998311261,
    67.972222222221));
#5300 = CARTESIAN_POINT('',(14.215828278016,-12.55996757468,
    68.277777777779));
#5301 = CARTESIAN_POINT('',(17.743050658281,-3.974849845564,
    68.583333333332));
#5302 = CARTESIAN_POINT('',(16.385924599788,4.438454324108,
    68.888888888889));
#5303 = CARTESIAN_POINT('',(11.565592850716,10.362865388443,
    69.194444444444));
#5304 = CARTESIAN_POINT('',(-0.850456744502,15.505761521876,
    69.805555555556));
#5305 = CARTESIAN_POINT('',(-8.448137249929,14.725059551077,
    70.111111111111));
#5306 = CARTESIAN_POINT('',(-15.35687471943,9.735588159422,
    70.416666666666));
#5307 = CARTESIAN_POINT('',(-18.93334681909,1.170870332028,
    70.722222222223));
#5308 = CARTESIAN_POINT('',(-17.04381229325,-8.327155133361,
    71.027777777776));
#5309 = CARTESIAN_POINT('',(-10.46238794633,-14.87138457488,
    71.333333333334));
#5310 = CARTESIAN_POINT('',(-2.169992709985,-16.83712867904,
    71.638888888888));
#5311 = CARTESIAN_POINT('',(5.148080741649,-14.65090913157,
    71.944444444445));
#5312 = CARTESIAN_POINT('',(14.650909131575,-5.148080741649,
    72.555555555556));
#5313 = CARTESIAN_POINT('',(16.837128679055,2.169992709971,
    72.861111111111));
#5314 = CARTESIAN_POINT('',(14.871384574849,10.462387946399,
    73.166666666666));
#5315 = CARTESIAN_POINT('',(8.32715513344,17.0438122931,73.472222222223)
  );
#5316 = CARTESIAN_POINT('',(-1.170870332144,18.933346819323,
    73.777777777778));
#5317 = CARTESIAN_POINT('',(-9.735588159316,15.356874719222,
    74.083333333333));
#5318 = CARTESIAN_POINT('',(-14.72505955113,8.448137250053,
    74.388888888889));
#5319 = CARTESIAN_POINT('',(-15.50576152186,0.850456744461,
    74.694444444444));
#5320 = CARTESIAN_POINT('',(-12.93431345515,-5.357568053111,75.));
#5321 = DEFINITIONAL_REPRESENTATION('',(#5322),#5326);
#5322 = LINE('',#5323,#5324);
#5323 = CARTESIAN_POINT('',(0.,0.));
#5324 = VECTOR('',#5325,1.);
#5325 = DIRECTION('',(1.,0.));
#5326 = ( GEOMETRIC_REPRESENTATION_CONTEXT(2)
PARAMETRIC_REPRESENTATION_CONTEXT() REPRESENTATION_CONTEXT('2D SPACE',''
  ) );
#5327 = ADVANCED_FACE('',(#5328),#1981,.T.);
#5328 = FACE_BOUND('',#5329,.T.);
#5329 = EDGE_LOOP('',(#5330,#5331,#5353,#5380));
#5330 = ORIENTED_EDGE('',*,*,#1965,.T.);
#5331 = ORIENTED_EDGE('',*,*,#5332,.T.);
#5332 = EDGE_CURVE('',#1966,#5333,#5335,.T.);
#5333 = VERTEX_POINT('',#5334);
#5334 = CARTESIAN_POINT('',(9.33746117302,3.579360116325,43.));
#5335 = SURFACE_CURVE('',#5336,(#5339,#5346),.PCURVE_S1.);
#5336 = B_SPLINE_CURVE_WITH_KNOTS('',1,(#5337,#5338),.UNSPECIFIED.,.F.,
  .F.,(2,2),(0.,1.),.PIECEWISE_BEZIER_KNOTS.);
#5337 = CARTESIAN_POINT('',(12.,4.6,20.));
#5338 = CARTESIAN_POINT('',(9.33746117302,3.579360116325,43.));
#5339 = PCURVE('',#1981,#5340);
#5340 = DEFINITIONAL_REPRESENTATION('',(#5341),#5345);
#5341 = LINE('',#5342,#5343);
#5342 = CARTESIAN_POINT('',(24.,0.));
#5343 = VECTOR('',#5344,1.);
#5344 = DIRECTION('',(0.,1.));
#5345 = ( GEOMETRIC_REPRESENTATION_CONTEXT(2)
PARAMETRIC_REPRESENTATION_CONTEXT() REPRESENTATION_CONTEXT('2D SPACE',''
  ) );
#5346 = PCURVE('',#2051,#5347);
#5347 = DEFINITIONAL_REPRESENTATION('',(#5348),#5352);
#5348 = LINE('',#5349,#5350);
#5349 = CARTESIAN_POINT('',(0.,0.));
#5350 = VECTOR('',#5351,1.);
#5351 = DIRECTION('',(0.,1.));
#5352 = ( GEOMETRIC_REPRESENTATION_CONTEXT(2)
PARAMETRIC_REPRESENTATION_CONTEXT() REPRESENTATION_CONTEXT('2D SPACE',''
  ) );
#5353 = ORIENTED_EDGE('',*,*,#5354,.T.);
#5354 = EDGE_CURVE('',#5333,#5355,#5357,.T.);
#5355 = VERTEX_POINT('',#5356);
#5356 = CARTESIAN_POINT('',(-9.33746117302,3.579360116325,43.));
#5357 = SURFACE_CURVE('',#5358,(#5363,#5369),.PCURVE_S1.);
#5358 = CIRCLE('',#5359,10.);
#5359 = AXIS2_PLACEMENT_3D('',#5360,#5361,#5362);
#5360 = CARTESIAN_POINT('',(0.,0.,43.));
#5361 = DIRECTION('',(0.,0.,1.));
#5362 = DIRECTION('',(1.,0.,0.));
#5363 = PCURVE('',#1981,#5364);
#5364 = DEFINITIONAL_REPRESENTATION('',(#5365),#5368);
#5365 = B_SPLINE_CURVE_WITH_KNOTS('',1,(#5366,#5367),.UNSPECIFIED.,.F.,
  .F.,(2,2),(0.366056515847,2.775536137742),.PIECEWISE_BEZIER_KNOTS.);
#5366 = CARTESIAN_POINT('',(24.,1.));
#5367 = CARTESIAN_POINT('',(0.,1.));
#5368 = ( GEOMETRIC_REPRESENTATION_CONTEXT(2)
PARAMETRIC_REPRESENTATION_CONTEXT() REPRESENTATION_CONTEXT('2D SPACE',''
  ) );
#5369 = PCURVE('',#5370,#5375);
#5370 = CYLINDRICAL_SURFACE('',#5371,10.);
#5371 = AXIS2_PLACEMENT_3D('',#5372,#5373,#5374);
#5372 = CARTESIAN_POINT('',(0.,0.,43.));
#5373 = DIRECTION('',(-0.,-0.,-1.));
#5374 = DIRECTION('',(1.,0.,0.));
#5375 = DEFINITIONAL_REPRESENTATION('',(#5376),#5379);
#5376 = B_SPLINE_CURVE_WITH_KNOTS('',1,(#5377,#5378),.UNSPECIFIED.,.F.,
  .F.,(2,2),(0.366056515847,2.775536137742),.PIECEWISE_BEZIER_KNOTS.);
#5377 = CARTESIAN_POINT('',(-0.366056515847,0.));
#5378 = CARTESIAN_POINT('',(-2.775536137742,0.));
#5379 = ( GEOMETRIC_REPRESENTATION_CONTEXT(2)
PARAMETRIC_REPRESENTATION_CONTEXT() REPRESENTATION_CONTEXT('2D SPACE',''
  ) );
#5380 = ORIENTED_EDGE('',*,*,#5381,.F.);
#5381 = EDGE_CURVE('',#1943,#5355,#5382,.T.);
#5382 = SURFACE_CURVE('',#5383,(#5386,#5393),.PCURVE_S1.);
#5383 = B_SPLINE_CURVE_WITH_KNOTS('',1,(#5384,#5385),.UNSPECIFIED.,.F.,
  .F.,(2,2),(0.,1.),.PIECEWISE_BEZIER_KNOTS.);
#5384 = CARTESIAN_POINT('',(-12.,4.6,20.));
#5385 = CARTESIAN_POINT('',(-9.33746117302,3.579360116325,43.));
#5386 = PCURVE('',#1981,#5387);
#5387 = DEFINITIONAL_REPRESENTATION('',(#5388),#5392);
#5388 = LINE('',#5389,#5390);
#5389 = CARTESIAN_POINT('',(0.,0.));
#5390 = VECTOR('',#5391,1.);
#5391 = DIRECTION('',(0.,1.));
#5392 = ( GEOMETRIC_REPRESENTATION_CONTEXT(2)
PARAMETRIC_REPRESENTATION_CONTEXT() REPRESENTATION_CONTEXT('2D SPACE',''
  ) );
#5393 = PCURVE('',#2228,#5394);
#5394 = DEFINITIONAL_REPRESENTATION('',(#5395),#5399);
#5395 = LINE('',#5396,#5397);
#5396 = CARTESIAN_POINT('',(3.14159265359,0.));
#5397 = VECTOR('',#5398,1.);
#5398 = DIRECTION('',(0.,1.));
#5399 = ( GEOMETRIC_REPRESENTATION_CONTEXT(2)
PARAMETRIC_REPRESENTATION_CONTEXT() REPRESENTATION_CONTEXT('2D SPACE',''
  ) );
#5400 = ADVANCED_FACE('',(#5401),#2093,.T.);
#5401 = FACE_BOUND('',#5402,.T.);
#5402 = EDGE_LOOP('',(#5403,#5404,#5426,#5448));
#5403 = ORIENTED_EDGE('',*,*,#2076,.T.);
#5404 = ORIENTED_EDGE('',*,*,#5405,.T.);
#5405 = EDGE_CURVE('',#2077,#5406,#5408,.T.);
#5406 = VERTEX_POINT('',#5407);
#5407 = CARTESIAN_POINT('',(9.33746117302,-3.579360116325,43.));
#5408 = SURFACE_CURVE('',#5409,(#5412,#5419),.PCURVE_S1.);
#5409 = B_SPLINE_CURVE_WITH_KNOTS('',1,(#5410,#5411),.UNSPECIFIED.,.F.,
  .F.,(2,2),(0.,1.),.PIECEWISE_BEZIER_KNOTS.);
#5410 = CARTESIAN_POINT('',(12.,-4.6,20.));
#5411 = CARTESIAN_POINT('',(9.33746117302,-3.579360116325,43.));
#5412 = PCURVE('',#2093,#5413);
#5413 = DEFINITIONAL_REPRESENTATION('',(#5414),#5418);
#5414 = LINE('',#5415,#5416);
#5415 = CARTESIAN_POINT('',(3.14159265359,0.));
#5416 = VECTOR('',#5417,1.);
#5417 = DIRECTION('',(0.,1.));
#5418 = ( GEOMETRIC_REPRESENTATION_CONTEXT(2)
PARAMETRIC_REPRESENTATION_CONTEXT() REPRESENTATION_CONTEXT('2D SPACE',''
  ) );
#5419 = PCURVE('',#2160,#5420);
#5420 = DEFINITIONAL_REPRESENTATION('',(#5421),#5425);
#5421 = LINE('',#5422,#5423);
#5422 = CARTESIAN_POINT('',(0.,0.));
#5423 = VECTOR('',#5424,1.);
#5424 = DIRECTION('',(0.,1.));
#5425 = ( GEOMETRIC_REPRESENTATION_CONTEXT(2)
PARAMETRIC_REPRESENTATION_CONTEXT() REPRESENTATION_CONTEXT('2D SPACE',''
  ) );
#5426 = ORIENTED_EDGE('',*,*,#5427,.T.);
#5427 = EDGE_CURVE('',#5406,#5428,#5430,.T.);
#5428 = VERTEX_POINT('',#5429);
#5429 = CARTESIAN_POINT('',(10.,0.,43.));
#5430 = SURFACE_CURVE('',#5431,(#5436,#5442),.PCURVE_S1.);
#5431 = CIRCLE('',#5432,10.);
#5432 = AXIS2_PLACEMENT_3D('',#5433,#5434,#5435);
#5433 = CARTESIAN_POINT('',(0.,0.,43.));
#5434 = DIRECTION('',(0.,0.,1.));
#5435 = DIRECTION('',(1.,0.,0.));
#5436 = PCURVE('',#2093,#5437);
#5437 = DEFINITIONAL_REPRESENTATION('',(#5438),#5441);
#5438 = B_SPLINE_CURVE_WITH_KNOTS('',1,(#5439,#5440),.UNSPECIFIED.,.F.,
  .F.,(2,2),(5.917128791332,6.28318530718),.PIECEWISE_BEZIER_KNOTS.);
#5439 = CARTESIAN_POINT('',(3.14159265359,1.));
#5440 = CARTESIAN_POINT('',(1.570796326795,1.));
#5441 = ( GEOMETRIC_REPRESENTATION_CONTEXT(2)
PARAMETRIC_REPRESENTATION_CONTEXT() REPRESENTATION_CONTEXT('2D SPACE',''
  ) );
#5442 = PCURVE('',#5370,#5443);
#5443 = DEFINITIONAL_REPRESENTATION('',(#5444),#5447);
#5444 = B_SPLINE_CURVE_WITH_KNOTS('',1,(#5445,#5446),.UNSPECIFIED.,.F.,
  .F.,(2,2),(5.917128791332,6.28318530718),.PIECEWISE_BEZIER_KNOTS.);
#5445 = CARTESIAN_POINT('',(-5.917128791332,0.));
#5446 = CARTESIAN_POINT('',(-6.28318530718,0.));
#5447 = ( GEOMETRIC_REPRESENTATION_CONTEXT(2)
PARAMETRIC_REPRESENTATION_CONTEXT() REPRESENTATION_CONTEXT('2D SPACE',''
  ) );
#5448 = ORIENTED_EDGE('',*,*,#5449,.F.);
#5449 = EDGE_CURVE('',#2035,#5428,#5450,.T.);
#5450 = SURFACE_CURVE('',#5451,(#5454,#5461),.PCURVE_S1.);
#5451 = B_SPLINE_CURVE_WITH_KNOTS('',1,(#5452,#5453),.UNSPECIFIED.,.F.,
  .F.,(2,2),(0.,1.),.PIECEWISE_BEZIER_KNOTS.);
#5452 = CARTESIAN_POINT('',(16.6,6.040236570535E-16,20.));
#5453 = CARTESIAN_POINT('',(10.,2.442490654175E-15,43.));
#5454 = PCURVE('',#2093,#5455);
#5455 = DEFINITIONAL_REPRESENTATION('',(#5456),#5460);
#5456 = LINE('',#5457,#5458);
#5457 = CARTESIAN_POINT('',(1.570796326795,0.));
#5458 = VECTOR('',#5459,1.);
#5459 = DIRECTION('',(0.,1.));
#5460 = ( GEOMETRIC_REPRESENTATION_CONTEXT(2)
PARAMETRIC_REPRESENTATION_CONTEXT() REPRESENTATION_CONTEXT('2D SPACE',''
  ) );
#5461 = PCURVE('',#2051,#5462);
#5462 = DEFINITIONAL_REPRESENTATION('',(#5463),#5467);
#5463 = LINE('',#5464,#5465);
#5464 = CARTESIAN_POINT('',(1.570796326795,0.));
#5465 = VECTOR('',#5466,1.);
#5466 = DIRECTION('',(0.,1.));
#5467 = ( GEOMETRIC_REPRESENTATION_CONTEXT(2)
PARAMETRIC_REPRESENTATION_CONTEXT() REPRESENTATION_CONTEXT('2D SPACE',''
  ) );
#5468 = ADVANCED_FACE('',(#5469),#2051,.T.);
#5469 = FACE_BOUND('',#5470,.T.);
#5470 = EDGE_LOOP('',(#5471,#5472,#5473,#5493));
#5471 = ORIENTED_EDGE('',*,*,#2034,.T.);
#5472 = ORIENTED_EDGE('',*,*,#5449,.T.);
#5473 = ORIENTED_EDGE('',*,*,#5474,.T.);
#5474 = EDGE_CURVE('',#5428,#5333,#5475,.T.);
#5475 = SURFACE_CURVE('',#5476,(#5481,#5487),.PCURVE_S1.);
#5476 = CIRCLE('',#5477,10.);
#5477 = AXIS2_PLACEMENT_3D('',#5478,#5479,#5480);
#5478 = CARTESIAN_POINT('',(0.,0.,43.));
#5479 = DIRECTION('',(0.,0.,1.));
#5480 = DIRECTION('',(1.,0.,0.));
#5481 = PCURVE('',#2051,#5482);
#5482 = DEFINITIONAL_REPRESENTATION('',(#5483),#5486);
#5483 = B_SPLINE_CURVE_WITH_KNOTS('',1,(#5484,#5485),.UNSPECIFIED.,.F.,
  .F.,(2,2),(0.,0.366056515847),.PIECEWISE_BEZIER_KNOTS.);
#5484 = CARTESIAN_POINT('',(1.570796326795,1.));
#5485 = CARTESIAN_POINT('',(0.,1.));
#5486 = ( GEOMETRIC_REPRESENTATION_CONTEXT(2)
PARAMETRIC_REPRESENTATION_CONTEXT() REPRESENTATION_CONTEXT('2D SPACE',''
  ) );
#5487 = PCURVE('',#5370,#5488);
#5488 = DEFINITIONAL_REPRESENTATION('',(#5489),#5492);
#5489 = B_SPLINE_CURVE_WITH_KNOTS('',1,(#5490,#5491),.UNSPECIFIED.,.F.,
  .F.,(2,2),(0.,0.366056515847),.PIECEWISE_BEZIER_KNOTS.);
#5490 = CARTESIAN_POINT('',(0.,0.));
#5491 = CARTESIAN_POINT('',(-0.366056515847,0.));
#5492 = ( GEOMETRIC_REPRESENTATION_CONTEXT(2)
PARAMETRIC_REPRESENTATION_CONTEXT() REPRESENTATION_CONTEXT('2D SPACE',''
  ) );
#5493 = ORIENTED_EDGE('',*,*,#5332,.F.);
#5494 = ADVANCED_FACE('',(#5495),#2160,.T.);
#5495 = FACE_BOUND('',#5496,.T.);
#5496 = EDGE_LOOP('',(#5497,#5498,#5520,#5540));
#5497 = ORIENTED_EDGE('',*,*,#2144,.T.);
#5498 = ORIENTED_EDGE('',*,*,#5499,.T.);
#5499 = EDGE_CURVE('',#2145,#5500,#5502,.T.);
#5500 = VERTEX_POINT('',#5501);
#5501 = CARTESIAN_POINT('',(-9.33746117302,-3.579360116325,43.));
#5502 = SURFACE_CURVE('',#5503,(#5506,#5513),.PCURVE_S1.);
#5503 = B_SPLINE_CURVE_WITH_KNOTS('',1,(#5504,#5505),.UNSPECIFIED.,.F.,
  .F.,(2,2),(0.,1.),.PIECEWISE_BEZIER_KNOTS.);
#5504 = CARTESIAN_POINT('',(-12.,-4.6,20.));
#5505 = CARTESIAN_POINT('',(-9.33746117302,-3.579360116325,43.));
#5506 = PCURVE('',#2160,#5507);
#5507 = DEFINITIONAL_REPRESENTATION('',(#5508),#5512);
#5508 = LINE('',#5509,#5510);
#5509 = CARTESIAN_POINT('',(24.,0.));
#5510 = VECTOR('',#5511,1.);
#5511 = DIRECTION('',(0.,1.));
#5512 = ( GEOMETRIC_REPRESENTATION_CONTEXT(2)
PARAMETRIC_REPRESENTATION_CONTEXT() REPRESENTATION_CONTEXT('2D SPACE',''
  ) );
#5513 = PCURVE('',#2228,#5514);
#5514 = DEFINITIONAL_REPRESENTATION('',(#5515),#5519);
#5515 = LINE('',#5516,#5517);
#5516 = CARTESIAN_POINT('',(0.,0.));
#5517 = VECTOR('',#5518,1.);
#5518 = DIRECTION('',(0.,1.));
#5519 = ( GEOMETRIC_REPRESENTATION_CONTEXT(2)
PARAMETRIC_REPRESENTATION_CONTEXT() REPRESENTATION_CONTEXT('2D SPACE',''
  ) );
#5520 = ORIENTED_EDGE('',*,*,#5521,.T.);
#5521 = EDGE_CURVE('',#5500,#5406,#5522,.T.);
#5522 = SURFACE_CURVE('',#5523,(#5528,#5534),.PCURVE_S1.);
#5523 = CIRCLE('',#5524,10.);
#5524 = AXIS2_PLACEMENT_3D('',#5525,#5526,#5527);
#5525 = CARTESIAN_POINT('',(0.,0.,43.));
#5526 = DIRECTION('',(0.,0.,1.));
#5527 = DIRECTION('',(1.,0.,0.));
#5528 = PCURVE('',#2160,#5529);
#5529 = DEFINITIONAL_REPRESENTATION('',(#5530),#5533);
#5530 = B_SPLINE_CURVE_WITH_KNOTS('',1,(#5531,#5532),.UNSPECIFIED.,.F.,
  .F.,(2,2),(3.507649169437,5.917128791332),.PIECEWISE_BEZIER_KNOTS.);
#5531 = CARTESIAN_POINT('',(24.,1.));
#5532 = CARTESIAN_POINT('',(0.,1.));
#5533 = ( GEOMETRIC_REPRESENTATION_CONTEXT(2)
PARAMETRIC_REPRESENTATION_CONTEXT() REPRESENTATION_CONTEXT('2D SPACE',''
  ) );
#5534 = PCURVE('',#5370,#5535);
#5535 = DEFINITIONAL_REPRESENTATION('',(#5536),#5539);
#5536 = B_SPLINE_CURVE_WITH_KNOTS('',1,(#5537,#5538),.UNSPECIFIED.,.F.,
  .F.,(2,2),(3.507649169437,5.917128791332),.PIECEWISE_BEZIER_KNOTS.);
#5537 = CARTESIAN_POINT('',(-3.507649169437,0.));
#5538 = CARTESIAN_POINT('',(-5.917128791332,0.));
#5539 = ( GEOMETRIC_REPRESENTATION_CONTEXT(2)
PARAMETRIC_REPRESENTATION_CONTEXT() REPRESENTATION_CONTEXT('2D SPACE',''
  ) );
#5540 = ORIENTED_EDGE('',*,*,#5405,.F.);
#5541 = ADVANCED_FACE('',(#5542),#2228,.T.);
#5542 = FACE_BOUND('',#5543,.T.);
#5543 = EDGE_LOOP('',(#5544,#5545,#5546,#5566));
#5544 = ORIENTED_EDGE('',*,*,#2213,.T.);
#5545 = ORIENTED_EDGE('',*,*,#5381,.T.);
#5546 = ORIENTED_EDGE('',*,*,#5547,.T.);
#5547 = EDGE_CURVE('',#5355,#5500,#5548,.T.);
#5548 = SURFACE_CURVE('',#5549,(#5554,#5560),.PCURVE_S1.);
#5549 = CIRCLE('',#5550,10.);
#5550 = AXIS2_PLACEMENT_3D('',#5551,#5552,#5553);
#5551 = CARTESIAN_POINT('',(0.,0.,43.));
#5552 = DIRECTION('',(0.,0.,1.));
#5553 = DIRECTION('',(1.,0.,0.));
#5554 = PCURVE('',#2228,#5555);
#5555 = DEFINITIONAL_REPRESENTATION('',(#5556),#5559);
#5556 = B_SPLINE_CURVE_WITH_KNOTS('',1,(#5557,#5558),.UNSPECIFIED.,.F.,
  .F.,(2,2),(2.775536137742,3.507649169437),.PIECEWISE_BEZIER_KNOTS.);
#5557 = CARTESIAN_POINT('',(3.14159265359,1.));
#5558 = CARTESIAN_POINT('',(0.,1.));
#5559 = ( GEOMETRIC_REPRESENTATION_CONTEXT(2)
PARAMETRIC_REPRESENTATION_CONTEXT() REPRESENTATION_CONTEXT('2D SPACE',''
  ) );
#5560 = PCURVE('',#5370,#5561);
#5561 = DEFINITIONAL_REPRESENTATION('',(#5562),#5565);
#5562 = B_SPLINE_CURVE_WITH_KNOTS('',1,(#5563,#5564),.UNSPECIFIED.,.F.,
  .F.,(2,2),(2.775536137742,3.507649169437),.PIECEWISE_BEZIER_KNOTS.);
#5563 = CARTESIAN_POINT('',(-2.775536137742,0.));
#5564 = CARTESIAN_POINT('',(-3.507649169437,0.));
#5565 = ( GEOMETRIC_REPRESENTATION_CONTEXT(2)
PARAMETRIC_REPRESENTATION_CONTEXT() REPRESENTATION_CONTEXT('2D SPACE',''
  ) );
#5566 = ORIENTED_EDGE('',*,*,#5499,.F.);
#5567 = ADVANCED_FACE('',(#5568),#2306,.T.);
#5568 = FACE_BOUND('',#5569,.T.);
#5569 = EDGE_LOOP('',(#5570,#5656,#5657,#5743));
#5570 = ORIENTED_EDGE('',*,*,#5571,.F.);
#5571 = EDGE_CURVE('',#2265,#5572,#5574,.T.);
#5572 = VERTEX_POINT('',#5573);
#5573 = CARTESIAN_POINT('',(9.050966799188,9.050966799188,75.));
#5574 = SURFACE_CURVE('',#5575,(#5642,#5649),.PCURVE_S1.);
#5575 = B_SPLINE_CURVE_WITH_KNOTS('',9,(#5576,#5577,#5578,#5579,#5580,
    #5581,#5582,#5583,#5584,#5585,#5586,#5587,#5588,#5589,#5590,#5591,
    #5592,#5593,#5594,#5595,#5596,#5597,#5598,#5599,#5600,#5601,#5602,
    #5603,#5604,#5605,#5606,#5607,#5608,#5609,#5610,#5611,#5612,#5613,
    #5614,#5615,#5616,#5617,#5618,#5619,#5620,#5621,#5622,#5623,#5624,
    #5625,#5626,#5627,#5628,#5629,#5630,#5631,#5632,#5633,#5634,#5635,
    #5636,#5637,#5638,#5639,#5640,#5641),.UNSPECIFIED.,.F.,.F.,(10,8,8,8
    ,8,8,8,8,10),(0.,2.75,5.5,8.25,11.,13.75,16.5,19.25,22.),
  .UNSPECIFIED.);
#5576 = CARTESIAN_POINT('',(-9.050966799188,-9.050966799188,53.));
#5577 = CARTESIAN_POINT('',(-4.706814592977,-13.39511900539,
    53.305555555556));
#5578 = CARTESIAN_POINT('',(1.984022639734,-15.39395958314,
    53.611111111111));
#5579 = CARTESIAN_POINT('',(9.565489320003,-13.59664655143,
    53.916666666667));
#5580 = CARTESIAN_POINT('',(15.583139593634,-7.613459457558,
    54.222222222222));
#5581 = CARTESIAN_POINT('',(17.310257044112,1.070540436717,
    54.527777777778));
#5582 = CARTESIAN_POINT('',(14.040702699832,8.901106558955,
    54.833333333333));
#5583 = CARTESIAN_POINT('',(7.723979012137,13.462910458839,
    55.138888888889));
#5584 = CARTESIAN_POINT('',(0.777557727831,14.176695120138,
    55.444444444444));
#5585 = CARTESIAN_POINT('',(-10.57425359637,9.474620912151,
    56.055555555556));
#5586 = CARTESIAN_POINT('',(-14.98139321718,4.058037342733,
    56.361111111111));
#5587 = CARTESIAN_POINT('',(-16.22230889955,-3.6342432838,
    56.666666666667));
#5588 = CARTESIAN_POINT('',(-12.99718654234,-11.48321373757,
    56.972222222222));
#5589 = CARTESIAN_POINT('',(-5.635414868068,-16.40247248966,
    57.277777777778));
#5590 = CARTESIAN_POINT('',(2.850458614351,-16.37810334135,
    57.583333333333));
#5591 = CARTESIAN_POINT('',(9.482257347972,-12.28808907319,
    57.888888888889));
#5592 = CARTESIAN_POINT('',(12.800000000001,-6.143558967015,
    58.194444444444));
#5593 = CARTESIAN_POINT('',(12.799999999999,6.143558967018,
    58.805555555555));
#5594 = CARTESIAN_POINT('',(9.482257347974,12.288089073186,
    59.111111111112));
#5595 = CARTESIAN_POINT('',(2.850458614353,16.378103341375,
    59.416666666665));
#5596 = CARTESIAN_POINT('',(-5.635414868075,16.402472489649,
    59.722222222224));
#5597 = CARTESIAN_POINT('',(-12.99718654233,11.483213737576,
    60.027777777776));
#5598 = CARTESIAN_POINT('',(-16.22230889956,3.634243283802,
    60.333333333334));
#5599 = CARTESIAN_POINT('',(-14.98139321718,-4.058037342734,
    60.638888888888));
#5600 = CARTESIAN_POINT('',(-10.57425359637,-9.474620912151,
    60.944444444445));
#5601 = CARTESIAN_POINT('',(0.777557727831,-14.17669512013,
    61.555555555555));
#5602 = CARTESIAN_POINT('',(7.723979012133,-13.46291045884,
    61.861111111112));
#5603 = CARTESIAN_POINT('',(14.040702699854,-8.901106558918,
    62.166666666664));
#5604 = CARTESIAN_POINT('',(17.310257044058,-1.070540436802,
    62.472222222226));
#5605 = CARTESIAN_POINT('',(15.583139593717,7.613459457677,
    62.777777777774));
#5606 = CARTESIAN_POINT('',(9.56548931992,13.596646551327,
    63.083333333336));
#5607 = CARTESIAN_POINT('',(1.984022639789,15.3939595832,63.388888888888
    ));
#5608 = CARTESIAN_POINT('',(-4.706814592997,13.395119005383,
    63.694444444445));
#5609 = CARTESIAN_POINT('',(-13.39511900538,4.706814592984,
    64.305555555555));
#5610 = CARTESIAN_POINT('',(-15.39395958316,-1.984022639743,
    64.611111111112));
#5611 = CARTESIAN_POINT('',(-13.5966465514,-9.565489319993,
    64.916666666664));
#5612 = CARTESIAN_POINT('',(-7.613459457593,-15.58313959364,
    65.222222222225));
#5613 = CARTESIAN_POINT('',(1.070540436744,-17.3102570441,
    65.527777777776));
#5614 = CARTESIAN_POINT('',(8.901106558942,-14.04070269983,
    65.833333333335));
#5615 = CARTESIAN_POINT('',(13.462910458842,-7.723979012137,
    66.138888888888));
#5616 = CARTESIAN_POINT('',(14.176695120138,-0.777557727831,
    66.444444444445));
#5617 = CARTESIAN_POINT('',(9.474620912151,10.574253596377,
    67.055555555555));
#5618 = CARTESIAN_POINT('',(4.058037342735,14.981393217184,
    67.361111111113));
#5619 = CARTESIAN_POINT('',(-3.634243283811,16.222308899546,
    67.666666666664));
#5620 = CARTESIAN_POINT('',(-11.48321373754,12.997186542371,
    67.972222222226));
#5621 = CARTESIAN_POINT('',(-16.40247248971,5.635414868038,
    68.277777777775));
#5622 = CARTESIAN_POINT('',(-16.37810334128,-2.850458614324,
    68.583333333335));
#5623 = CARTESIAN_POINT('',(-12.28808907325,-9.482257347979,
    68.888888888888));
#5624 = CARTESIAN_POINT('',(-6.143558966993,-12.8,69.194444444445));
#5625 = CARTESIAN_POINT('',(6.143558967001,-12.79999999999,
    69.805555555555));
#5626 = CARTESIAN_POINT('',(12.288089073228,-9.482257347983,
    70.111111111112));
#5627 = CARTESIAN_POINT('',(16.378103341314,-2.850458614323,
    70.416666666664));
#5628 = CARTESIAN_POINT('',(16.402472489709,5.635414868029,
    70.722222222225));
#5629 = CARTESIAN_POINT('',(11.483213737539,12.997186542378,
    71.027777777775));
#5630 = CARTESIAN_POINT('',(3.634243283814,16.222308899544,
    71.333333333335));
#5631 = CARTESIAN_POINT('',(-4.058037342736,14.981393217184,
    71.638888888888));
#5632 = CARTESIAN_POINT('',(-9.474620912151,10.574253596377,
    71.944444444445));
#5633 = CARTESIAN_POINT('',(-14.17669512013,-0.777557727831,
    72.555555555555));
#5634 = CARTESIAN_POINT('',(-13.46291045886,-7.723979012128,
    72.861111111112));
#5635 = CARTESIAN_POINT('',(-8.90110655885,-14.04070269987,
    73.166666666665));
#5636 = CARTESIAN_POINT('',(-1.070540436957,-17.31025704399,
    73.472222222225));
#5637 = CARTESIAN_POINT('',(7.613459457892,-15.58313959382,
    73.777777777775));
#5638 = CARTESIAN_POINT('',(13.596646551136,-9.565489319799,
    74.083333333335));
#5639 = CARTESIAN_POINT('',(15.39395958331,-1.984022639873,
    74.388888888888));
#5640 = CARTESIAN_POINT('',(13.395119005345,4.70681459303,
    74.694444444445));
#5641 = CARTESIAN_POINT('',(9.050966799188,9.050966799188,75.));
#5642 = PCURVE('',#2306,#5643);
#5643 = DEFINITIONAL_REPRESENTATION('',(#5644),#5648);
#5644 = LINE('',#5645,#5646);
#5645 = CARTESIAN_POINT('',(0.,0.));
#5646 = VECTOR('',#5647,1.);
#5647 = DIRECTION('',(0.,1.));
#5648 = ( GEOMETRIC_REPRESENTATION_CONTEXT(2)
PARAMETRIC_REPRESENTATION_CONTEXT() REPRESENTATION_CONTEXT('2D SPACE',''
  ) );
#5649 = PCURVE('',#3328,#5650);
#5650 = DEFINITIONAL_REPRESENTATION('',(#5651),#5655);
#5651 = LINE('',#5652,#5653);
#5652 = CARTESIAN_POINT('',(1.570796326795,0.));
#5653 = VECTOR('',#5654,1.);
#5654 = DIRECTION('',(0.,1.));
#5655 = ( GEOMETRIC_REPRESENTATION_CONTEXT(2)
PARAMETRIC_REPRESENTATION_CONTEXT() REPRESENTATION_CONTEXT('2D SPACE',''
  ) );
#5656 = ORIENTED_EDGE('',*,*,#2264,.T.);
#5657 = ORIENTED_EDGE('',*,*,#5658,.T.);
#5658 = EDGE_CURVE('',#2267,#5659,#5661,.T.);
#5659 = VERTEX_POINT('',#5660);
#5660 = CARTESIAN_POINT('',(8.925237840977,10.786100820715,
    73.80992297169));
#5661 = SURFACE_CURVE('',#5662,(#5729,#5736),.PCURVE_S1.);
#5662 = B_SPLINE_CURVE_WITH_KNOTS('',9,(#5663,#5664,#5665,#5666,#5667,
    #5668,#5669,#5670,#5671,#5672,#5673,#5674,#5675,#5676,#5677,#5678,
    #5679,#5680,#5681,#5682,#5683,#5684,#5685,#5686,#5687,#5688,#5689,
    #5690,#5691,#5692,#5693,#5694,#5695,#5696,#5697,#5698,#5699,#5700,
    #5701,#5702,#5703,#5704,#5705,#5706,#5707,#5708,#5709,#5710,#5711,
    #5712,#5713,#5714,#5715,#5716,#5717,#5718,#5719,#5720,#5721,#5722,
    #5723,#5724,#5725,#5726,#5727,#5728),.UNSPECIFIED.,.F.,.F.,(10,8,8,8
    ,8,8,8,8,10),(0.,2.75,5.5,8.25,11.,13.75,16.5,19.25,22.),
  .UNSPECIFIED.);
#5663 = CARTESIAN_POINT('',(12.934313455158,-5.357568053111,53.));
#5664 = CARTESIAN_POINT('',(15.505761521893,0.850456744537,
    53.305555555556));
#5665 = CARTESIAN_POINT('',(14.725059551021,8.448137249841,
    53.611111111111));
#5666 = CARTESIAN_POINT('',(9.735588159533,15.356874719554,
    53.916666666667));
#5667 = CARTESIAN_POINT('',(1.170870331888,18.933346818985,
    54.222222222222));
#5668 = CARTESIAN_POINT('',(-8.327155133249,17.043812293327,
    54.527777777778));
#5669 = CARTESIAN_POINT('',(-14.87138457493,10.462387946306,
    54.833333333333));
#5670 = CARTESIAN_POINT('',(-16.83712867903,2.169992709989,
    55.138888888889));
#5671 = CARTESIAN_POINT('',(-14.65090913157,-5.148080741649,
    55.444444444444));
#5672 = CARTESIAN_POINT('',(-5.148080741649,-14.65090913157,
    56.055555555556));
#5673 = CARTESIAN_POINT('',(2.169992709986,-16.83712867904,
    56.361111111111));
#5674 = CARTESIAN_POINT('',(10.462387946324,-14.8713845749,
    56.666666666667));
#5675 = CARTESIAN_POINT('',(17.043812293277,-8.327155133312,
    56.972222222222));
#5676 = CARTESIAN_POINT('',(18.933346819068,1.170870331969,
    57.277777777778));
#5677 = CARTESIAN_POINT('',(15.356874719464,9.735588159468,
    57.583333333333));
#5678 = CARTESIAN_POINT('',(8.448137249903,14.725059551054,
    57.888888888889));
#5679 = CARTESIAN_POINT('',(0.850456744515,15.505761521884,
    58.194444444444));
#5680 = CARTESIAN_POINT('',(-11.56559285074,10.362865388431,
    58.805555555555));
#5681 = CARTESIAN_POINT('',(-16.38592459971,4.438454324131,
    59.111111111112));
#5682 = CARTESIAN_POINT('',(-17.74305065838,-3.974849845571,
    59.416666666665));
#5683 = CARTESIAN_POINT('',(-14.21582827793,-12.55996757469,
    59.722222222224));
#5684 = CARTESIAN_POINT('',(-6.163607387096,-17.93998311259,
    60.027777777776));
#5685 = CARTESIAN_POINT('',(3.117631414298,-17.9136823428,
    60.333333333334));
#5686 = CARTESIAN_POINT('',(10.371231304306,-13.44006442501,
    60.638888888888));
#5687 = CARTESIAN_POINT('',(14.,-6.719514394968,60.944444444445));
#5688 = CARTESIAN_POINT('',(14.,6.719514394969,61.555555555555));
#5689 = CARTESIAN_POINT('',(10.371231304308,13.440064425016,
    61.861111111112));
#5690 = CARTESIAN_POINT('',(3.117631414284,17.913682342811,
    62.166666666664));
#5691 = CARTESIAN_POINT('',(-6.163607387059,17.939983112577,
    62.472222222226));
#5692 = CARTESIAN_POINT('',(-14.21582827798,12.559967574726,
    62.777777777775));
#5693 = CARTESIAN_POINT('',(-17.74305065833,3.974849845545,
    63.083333333335));
#5694 = CARTESIAN_POINT('',(-16.38592459974,-4.438454324116,
    63.388888888888));
#5695 = CARTESIAN_POINT('',(-11.56559285073,-10.36286538843,
    63.694444444445));
#5696 = CARTESIAN_POINT('',(0.850456744525,-15.50576152188,
    64.305555555555));
#5697 = CARTESIAN_POINT('',(8.44813724986,-14.72505955104,
    64.611111111112));
#5698 = CARTESIAN_POINT('',(15.35687471953,-9.735588159504,
    64.916666666665));
#5699 = CARTESIAN_POINT('',(18.933346819009,-1.170870331919,
    65.222222222225));
#5700 = CARTESIAN_POINT('',(17.043812293311,8.327155133274,
    65.527777777775));
#5701 = CARTESIAN_POINT('',(10.462387946312,14.871384574921,
    65.833333333335));
#5702 = CARTESIAN_POINT('',(2.169992709988,16.83712867904,
    66.138888888888));
#5703 = CARTESIAN_POINT('',(-5.148080741649,14.650909131574,
    66.444444444445));
#5704 = CARTESIAN_POINT('',(-14.65090913157,5.148080741649,
    67.055555555555));
#5705 = CARTESIAN_POINT('',(-16.83712867904,-2.169992709986,
    67.361111111112));
#5706 = CARTESIAN_POINT('',(-14.87138457488,-10.46238794632,
    67.666666666665));
#5707 = CARTESIAN_POINT('',(-8.32715513335,-17.04381229325,
    67.972222222224));
#5708 = CARTESIAN_POINT('',(1.170870332022,-18.93334681911,
    68.277777777776));
#5709 = CARTESIAN_POINT('',(9.735588159412,-15.3568747194,
    68.583333333334));
#5710 = CARTESIAN_POINT('',(14.725059551085,-8.448137249958,
    68.888888888888));
#5711 = CARTESIAN_POINT('',(15.505761521876,-0.850456744493,
    69.194444444445));
#5712 = CARTESIAN_POINT('',(10.362865388437,11.565592850723,
    69.805555555555));
#5713 = CARTESIAN_POINT('',(4.438454324123,16.385924599762,
    70.111111111111));
#5714 = CARTESIAN_POINT('',(-3.974849845575,17.743050658308,
    70.416666666667));
#5715 = CARTESIAN_POINT('',(-12.55996757467,14.215828278009,
    70.722222222222));
#5716 = CARTESIAN_POINT('',(-17.93998311262,6.163607387041,
    71.027777777778));
#5717 = CARTESIAN_POINT('',(-17.91368234278,-3.117631414277,
    71.333333333333));
#5718 = CARTESIAN_POINT('',(-13.44006442502,-10.37123130431,
    71.638888888889));
#5719 = CARTESIAN_POINT('',(-6.719514394968,-14.,71.944444444445));
#5720 = CARTESIAN_POINT('',(6.719514394968,-14.,72.555555555555));
#5721 = CARTESIAN_POINT('',(13.440064425017,-10.37123130432,
    72.861111111112));
#5722 = CARTESIAN_POINT('',(17.913682342809,-3.117631414205,
    73.166666666663));
#5723 = CARTESIAN_POINT('',(17.939983112573,6.163607386875,
    73.472222222227));
#5724 = CARTESIAN_POINT('',(12.559967574749,14.215828278247,
    73.777777777774));
#5725 = CARTESIAN_POINT('',(3.974849845503,17.743050658088,
    74.083333333335));
#5726 = CARTESIAN_POINT('',(-4.438454324076,16.38592459989,
    74.388888888888));
#5727 = CARTESIAN_POINT('',(-10.36286538845,11.565592850683,
    74.694444444445));
#5728 = CARTESIAN_POINT('',(-12.93431345515,5.357568053111,75.));
#5729 = PCURVE('',#2306,#5730);
#5730 = DEFINITIONAL_REPRESENTATION('',(#5731),#5735);
#5731 = LINE('',#5732,#5733);
#5732 = CARTESIAN_POINT('',(26.308714134368,0.));
#5733 = VECTOR('',#5734,1.);
#5734 = DIRECTION('',(0.,1.));
#5735 = ( GEOMETRIC_REPRESENTATION_CONTEXT(2)
PARAMETRIC_REPRESENTATION_CONTEXT() REPRESENTATION_CONTEXT('2D SPACE',''
  ) );
#5736 = PCURVE('',#4858,#5737);
#5737 = DEFINITIONAL_REPRESENTATION('',(#5738),#5742);
#5738 = LINE('',#5739,#5740);
#5739 = CARTESIAN_POINT('',(0.,0.));
#5740 = VECTOR('',#5741,1.);
#5741 = DIRECTION('',(0.,1.));
#5742 = ( GEOMETRIC_REPRESENTATION_CONTEXT(2)
PARAMETRIC_REPRESENTATION_CONTEXT() REPRESENTATION_CONTEXT('2D SPACE',''
  ) );
#5743 = ORIENTED_EDGE('',*,*,#5744,.T.);
#5744 = EDGE_CURVE('',#5659,#5572,#5745,.T.);
#5745 = SURFACE_CURVE('',#5746,(#5974,#6205),.PCURVE_S1.);
#5746 = B_SPLINE_CURVE_WITH_KNOTS('',6,(#5747,#5748,#5749,#5750,#5751,
    #5752,#5753,#5754,#5755,#5756,#5757,#5758,#5759,#5760,#5761,#5762,
    #5763,#5764,#5765,#5766,#5767,#5768,#5769,#5770,#5771,#5772,#5773,
    #5774,#5775,#5776,#5777,#5778,#5779,#5780,#5781,#5782,#5783,#5784,
    #5785,#5786,#5787,#5788,#5789,#5790,#5791,#5792,#5793,#5794,#5795,
    #5796,#5797,#5798,#5799,#5800,#5801,#5802,#5803,#5804,#5805,#5806,
    #5807,#5808,#5809,#5810,#5811,#5812,#5813,#5814,#5815,#5816,#5817,
    #5818,#5819,#5820,#5821,#5822,#5823,#5824,#5825,#5826,#5827,#5828,
    #5829,#5830,#5831,#5832,#5833,#5834,#5835,#5836,#5837,#5838,#5839,
    #5840,#5841,#5842,#5843,#5844,#5845,#5846,#5847,#5848,#5849,#5850,
    #5851,#5852,#5853,#5854,#5855,#5856,#5857,#5858,#5859,#5860,#5861,
    #5862,#5863,#5864,#5865,#5866,#5867,#5868,#5869,#5870,#5871,#5872,
    #5873,#5874,#5875,#5876,#5877,#5878,#5879,#5880,#5881,#5882,#5883,
    #5884,#5885,#5886,#5887,#5888,#5889,#5890,#5891,#5892,#5893,#5894,
    #5895,#5896,#5897,#5898,#5899,#5900,#5901,#5902,#5903,#5904,#5905,
    #5906,#5907,#5908,#5909,#5910,#5911,#5912,#5913,#5914,#5915,#5916,
    #5917,#5918,#5919,#5920,#5921,#5922,#5923,#5924,#5925,#5926,#5927,
    #5928,#5929,#5930,#5931,#5932,#5933,#5934,#5935,#5936,#5937,#5938,
    #5939,#5940,#5941,#5942,#5943,#5944,#5945,#5946,#5947,#5948,#5949,
    #5950,#5951,#5952,#5953,#5954,#5955,#5956,#5957,#5958,#5959,#5960,
    #5961,#5962,#5963,#5964,#5965,#5966,#5967,#5968,#5969,#5970,#5971,
    #5972,#5973),.UNSPECIFIED.,.F.,.F.,(7,5,5,5,5,5,5,5,5,5,5,5,5,5,5,5,
    5,5,5,5,5,5,5,5,5,5,5,5,5,5,5,5,5,5,5,5,5,5,5,5,5,5,5,5,5,7),(0.,
    4.199723041482E-02,6.898045656181E-02,8.596979640666E-02,
    0.102960697631,0.144946793339,0.172941056112,0.201932916163,
    0.221927268006,0.247920810276,0.260917639057,0.273914305529,
    0.298908523094,0.323904278448,0.342901479801,0.362898024787,
    0.385894522947,0.40789230878,0.427890702752,0.445888881986,
    0.468887072557,0.491886523866,0.510886493725,0.529886068677,
    0.551886062519,0.574887306609,0.593888786675,0.612889899176,
    0.633891575745,0.655894446104,0.67689765225,0.694899998748,
    0.718903731734,0.742908958968,0.756912385068,0.770915662408,
    0.791920801962,0.817928139801,0.838933997281,0.861939212297,
    0.901952526994,0.915959953165,0.930969551797,0.948981901057,
    0.971994820731,1.),.UNSPECIFIED.);
#5747 = CARTESIAN_POINT('',(8.925237840977,10.786100820715,
    73.809922971691));
#5748 = CARTESIAN_POINT('',(8.930484094296,10.771596422825,
    73.817688394383));
#5749 = CARTESIAN_POINT('',(8.934414158653,10.758053208258,
    73.825536577234));
#5750 = CARTESIAN_POINT('',(8.937289608605,10.745284088043,
    73.83345182997));
#5751 = CARTESIAN_POINT('',(8.93934957615,10.73311416654,73.841419884485
    ));
#5752 = CARTESIAN_POINT('',(8.940808312388,10.721384224925,
    73.849428109829));
#5753 = CARTESIAN_POINT('',(8.942523799965,10.702610415128,
    73.862629897434));
#5754 = CARTESIAN_POINT('',(8.943023810947,10.695390492034,
    73.867806168211));
#5755 = CARTESIAN_POINT('',(8.943402473882,10.688257171518,
    73.872991639117));
#5756 = CARTESIAN_POINT('',(8.94370477314,10.681176573682,
    73.878183678397));
#5757 = CARTESIAN_POINT('',(8.94397098571,10.674118202603,
    73.883379922955));
#5758 = CARTESIAN_POINT('',(8.944403969974,10.662607736769,
    73.891851297901));
#5759 = CARTESIAN_POINT('',(8.944571044109,10.658158604653,
    73.895125153677));
#5760 = CARTESIAN_POINT('',(8.944746770109,10.65370079961,
    73.898399322523));
#5761 = CARTESIAN_POINT('',(8.944939252913,10.649228132531,
    73.901673323585));
#5762 = CARTESIAN_POINT('',(8.945155835884,10.644734975563,
    73.904946718318));
#5763 = CARTESIAN_POINT('',(8.945650388475,10.635697133376,
    73.911491803399));
#5764 = CARTESIAN_POINT('',(8.945928987354,10.631151969148,
    73.914763456693));
#5765 = CARTESIAN_POINT('',(8.946241286164,10.626578899768,
    73.91803392192));
#5766 = CARTESIAN_POINT('',(8.946588858501,10.621976673402,
    73.921303098607));
#5767 = CARTESIAN_POINT('',(8.946972462851,10.617344656049,
    73.924570934257));
#5768 = CARTESIAN_POINT('',(8.948428863105,10.601163029983,
    73.935909224894));
#5769 = CARTESIAN_POINT('',(8.949685589663,10.589461037782,
    73.943972801125));
#5770 = CARTESIAN_POINT('',(8.951162712463,10.577575634437,
    73.952028001262));
#5771 = CARTESIAN_POINT('',(8.952833059895,10.565526622385,
    73.960076343994));
#5772 = CARTESIAN_POINT('',(8.954643114439,10.553354241258,
    73.968120978005));
#5773 = CARTESIAN_POINT('',(8.957761962041,10.532960446662,
    73.981531094039));
#5774 = CARTESIAN_POINT('',(8.959036843657,10.524774144868,
    73.986896001141));
#5775 = CARTESIAN_POINT('',(8.960315553113,10.516577562217,
    73.992262777144));
#5776 = CARTESIAN_POINT('',(8.961569997171,10.508392351912,
    73.997633134639));
#5777 = CARTESIAN_POINT('',(8.962767409639,10.500243934898,
    74.003009084473));
#5778 = CARTESIAN_POINT('',(8.965012597277,10.48379104097,
    74.013968644724));
#5779 = CARTESIAN_POINT('',(8.966054840193,10.475490356498,
    74.019552746394));
#5780 = CARTESIAN_POINT('',(8.96702933174,10.46723472757,74.025143307829
    ));
#5781 = CARTESIAN_POINT('',(8.967961895704,10.45900430028,
    74.030738777411));
#5782 = CARTESIAN_POINT('',(8.968871928028,10.450784085694,
    74.036337984818));
#5783 = CARTESIAN_POINT('',(8.970393408704,10.436894917288,
    74.045803690387));
#5784 = CARTESIAN_POINT('',(8.971009877344,10.431225921783,
    74.049668642175));
#5785 = CARTESIAN_POINT('',(8.97162605313,10.425553663478,
    74.053534737728));
#5786 = CARTESIAN_POINT('',(8.972244755266,10.419875940466,
    74.057401804886));
#5787 = CARTESIAN_POINT('',(8.972867371766,10.414191658784,
    74.061269757989));
#5788 = CARTESIAN_POINT('',(8.974308321172,10.40110250628,
    74.070168260957));
#5789 = CARTESIAN_POINT('',(8.975129351718,10.393693108766,
    74.075199422237));
#5790 = CARTESIAN_POINT('',(8.975956820146,10.386272690142,
    74.080232084949));
#5791 = CARTESIAN_POINT('',(8.976786655566,10.378844411995,
    74.085266496829));
#5792 = CARTESIAN_POINT('',(8.977610847143,10.371414547228,
    74.09030315011));
#5793 = CARTESIAN_POINT('',(8.978820744369,10.360281430027,
    74.097862608415));
#5794 = CARTESIAN_POINT('',(8.979219847841,10.356572172244,
    74.100383167629));
#5795 = CARTESIAN_POINT('',(8.979612009568,10.35286686708,
    74.102904628375));
#5796 = CARTESIAN_POINT('',(8.979999191119,10.349163974202,
    74.105426870848));
#5797 = CARTESIAN_POINT('',(8.980372888931,10.345470191466,
    74.10795041892));
#5798 = CARTESIAN_POINT('',(8.981104704693,10.338091955528,
    74.11299939842));
#5799 = CARTESIAN_POINT('',(8.981462431239,10.334407810065,
    74.115524853783));
#5800 = CARTESIAN_POINT('',(8.981814211016,10.330726866377,74.1180511548
    ));
#5801 = CARTESIAN_POINT('',(8.982162017568,10.327047576152,
    74.120578181238));
#5802 = CARTESIAN_POINT('',(8.982507565701,10.32336859046,
    74.123105828353));
#5803 = CARTESIAN_POINT('',(8.983515300808,10.312611984377,
    74.130496010905));
#5804 = CARTESIAN_POINT('',(8.984175331828,10.305532083254,
    74.135359980415));
#5805 = CARTESIAN_POINT('',(8.98484273853,10.298440885724,
    74.140225280513));
#5806 = CARTESIAN_POINT('',(8.985524362628,10.291332956708,
    74.145091489018));
#5807 = CARTESIAN_POINT('',(8.986223553562,10.284205596714,
    74.149958396479));
#5808 = CARTESIAN_POINT('',(8.98765682752,10.26991164724,74.159693915354
    ));
#5809 = CARTESIAN_POINT('',(8.988390939654,10.262745045599,
    74.16456252652));
#5810 = CARTESIAN_POINT('',(8.989142343473,10.255559087167,
    74.169431844093));
#5811 = CARTESIAN_POINT('',(8.989907519803,10.248356509272,
    74.17430208356));
#5812 = CARTESIAN_POINT('',(8.990679591719,10.241142736314,
    74.179173671467));
#5813 = CARTESIAN_POINT('',(8.992032574627,10.228440945422,
    74.187751244941));
#5814 = CARTESIAN_POINT('',(8.992614912217,10.222954221976,
    74.191456391029));
#5815 = CARTESIAN_POINT('',(8.993190851141,10.217469268414,
    74.195162963745));
#5816 = CARTESIAN_POINT('',(8.993754845006,10.211990509955,
    74.198871311207));
#5817 = CARTESIAN_POINT('',(8.994300287195,10.206523238046,
    74.20258184959));
#5818 = CARTESIAN_POINT('',(8.995366048179,10.195337306213,
    74.210203609455));
#5819 = CARTESIAN_POINT('',(8.995882637398,10.18962127256,
    74.214115175797));
#5820 = CARTESIAN_POINT('',(8.996378523682,10.183918178526,
    74.218029193482));
#5821 = CARTESIAN_POINT('',(8.996861507468,10.178221822002,
    74.221945181443));
#5822 = CARTESIAN_POINT('',(8.99733794447,10.172527129657,
    74.225862746221));
#5823 = CARTESIAN_POINT('',(8.998358778263,10.160278503991,
    74.234288335457));
#5824 = CARTESIAN_POINT('',(8.99890263462,10.153723852267,
    74.238796771163));
#5825 = CARTESIAN_POINT('',(8.999451721772,10.147160250345,
    74.243306427051));
#5826 = CARTESIAN_POINT('',(9.000010909767,10.140583767713,
    74.247816997983));
#5827 = CARTESIAN_POINT('',(9.000582531682,10.133992494769,
    74.25232833571));
#5828 = CARTESIAN_POINT('',(9.001724879517,10.121067480008,
    74.261156605991));
#5829 = CARTESIAN_POINT('',(9.002294581763,10.114734979776,
    74.265473472458));
#5830 = CARTESIAN_POINT('',(9.002875304479,10.10838914617,
    74.269791056411));
#5831 = CARTESIAN_POINT('',(9.003464813048,10.102031747092,
    74.274109496318));
#5832 = CARTESIAN_POINT('',(9.00405882411,10.095666214292,
    74.278429060987));
#5833 = CARTESIAN_POINT('',(9.005189363288,10.083507915658,
    74.286678491825));
#5834 = CARTESIAN_POINT('',(9.005726271531,10.077715630954,
    74.290608089974));
#5835 = CARTESIAN_POINT('',(9.006256872582,10.071924700427,
    74.294539250625));
#5836 = CARTESIAN_POINT('',(9.006775066156,10.066140065916,
    74.298472361276));
#5837 = CARTESIAN_POINT('',(9.007273509391,10.060367699928,
    74.302407890306));
#5838 = CARTESIAN_POINT('',(9.008166704734,10.049436928765,
    74.309890960058));
#5839 = CARTESIAN_POINT('',(9.00856807298,10.044273866376,
    74.313437859108));
#5840 = CARTESIAN_POINT('',(9.008954284799,10.039120129836,
    74.316986674972));
#5841 = CARTESIAN_POINT('',(9.00933092969,10.033971203658,
    74.320537058336));
#5842 = CARTESIAN_POINT('',(9.009702623441,10.028823345504,
    74.32408871973));
#5843 = CARTESIAN_POINT('',(9.010546288086,10.017093190214,
    74.332181105217));
#5844 = CARTESIAN_POINT('',(9.011017437985,10.010509690324,
    74.336722492754));
#5845 = CARTESIAN_POINT('',(9.01149404249,10.003916899332,74.34126511308
    ));
#5846 = CARTESIAN_POINT('',(9.011981128943,9.997310697577,
    74.345808647288));
#5847 = CARTESIAN_POINT('',(9.012481167361,9.990689032919,
    74.350352936615));
#5848 = CARTESIAN_POINT('',(9.013507001629,9.97741444472,74.359443277414
    ));
#5849 = CARTESIAN_POINT('',(9.014032817709,9.970761512228,74.36398932872
    ));
#5850 = CARTESIAN_POINT('',(9.014571419538,9.964093148008,
    74.368536138478));
#5851 = CARTESIAN_POINT('',(9.015120244528,9.957411408307,
    74.373083867703));
#5852 = CARTESIAN_POINT('',(9.015674266633,9.950720380875,
    74.377632836293));
#5853 = CARTESIAN_POINT('',(9.016681783232,9.938496073881,
    74.385942869722));
#5854 = CARTESIAN_POINT('',(9.017136020089,9.93296379311,74.38970338839)
  );
#5855 = CARTESIAN_POINT('',(9.017584487894,9.927432792161,
    74.393465349224));
#5856 = CARTESIAN_POINT('',(9.01802187966,9.921907435677,74.397229094082
    ));
#5857 = CARTESIAN_POINT('',(9.018441800443,9.916393003428,
    74.400995036506));
#5858 = CARTESIAN_POINT('',(9.019231726036,9.905398491458,
    74.408532208594));
#5859 = CARTESIAN_POINT('',(9.019601206898,9.899918846517,
    74.412303471766));
#5860 = CARTESIAN_POINT('',(9.019953083357,9.894450315798,74.41607695399
    ));
#5861 = CARTESIAN_POINT('',(9.020294019501,9.888987434257,74.4198522333)
  );
#5862 = CARTESIAN_POINT('',(9.020629470074,9.883525711496,
    74.423628963007));
#5863 = CARTESIAN_POINT('',(9.021350669507,9.871734662836,
    74.431781388926));
#5864 = CARTESIAN_POINT('',(9.021735993985,9.865404540972,
    74.436157487455));
#5865 = CARTESIAN_POINT('',(9.022126214201,9.859065831662,
    74.440534747261));
#5866 = CARTESIAN_POINT('',(9.022525729983,9.852714873801,
    74.444912885417));
#5867 = CARTESIAN_POINT('',(9.022936780702,9.846349779694,
    74.449291756095));
#5868 = CARTESIAN_POINT('',(9.023801345893,9.833300757582,
    74.458250266455));
#5869 = CARTESIAN_POINT('',(9.024255959848,9.826615495591,
    74.462829973261));
#5870 = CARTESIAN_POINT('',(9.02472336355,9.819914528549,74.467410461755
    ));
#5871 = CARTESIAN_POINT('',(9.025201146511,9.813199817419,
    74.471991885223));
#5872 = CARTESIAN_POINT('',(9.025684411333,9.806475404655,
    74.476574559464));
#5873 = CARTESIAN_POINT('',(9.026563430373,9.794189376736,
    74.484946168744));
#5874 = CARTESIAN_POINT('',(9.026959803394,9.788628890026,
    74.488734554137));
#5875 = CARTESIAN_POINT('',(9.027350733073,9.783069406236,
    74.492524388897));
#5876 = CARTESIAN_POINT('',(9.02773096195,9.777515314772,74.496316016274
    ));
#5877 = CARTESIAN_POINT('',(9.028094134811,9.771971942288,74.50010985285
    ));
#5878 = CARTESIAN_POINT('',(9.028771456022,9.760919269981,74.50770285078
    ));
#5879 = CARTESIAN_POINT('',(9.029085017199,9.75541046444,74.511502050226
    ));
#5880 = CARTESIAN_POINT('',(9.029381253988,9.749912682164,
    74.515303489179));
#5881 = CARTESIAN_POINT('',(9.029666719099,9.744420467303,
    74.519106746876));
#5882 = CARTESIAN_POINT('',(9.029946746181,9.738929362058,
    74.522911479491));
#5883 = CARTESIAN_POINT('',(9.030533497254,9.727364063609,74.53092407563
    ));
#5884 = CARTESIAN_POINT('',(9.030839923995,9.721289357767,
    74.535132207548));
#5885 = CARTESIAN_POINT('',(9.031150255517,9.715207142232,74.53934145702
    ));
#5886 = CARTESIAN_POINT('',(9.031468205886,9.709114280062,
    74.543551581739));
#5887 = CARTESIAN_POINT('',(9.031795677766,9.703009144284,
    74.547762455957));
#5888 = CARTESIAN_POINT('',(9.032485916598,9.690482456256,
    74.556386461483));
#5889 = CARTESIAN_POINT('',(9.032849636892,9.684059688314,
    74.560799664842));
#5890 = CARTESIAN_POINT('',(9.033224017318,9.677623187629,
    74.565213670598));
#5891 = CARTESIAN_POINT('',(9.033607047046,9.671174615439,
    74.569628608115));
#5892 = CARTESIAN_POINT('',(9.033994610396,9.664717420662,
    74.574044746092));
#5893 = CARTESIAN_POINT('',(9.034748831623,9.652089785,74.58267952599));
#5894 = CARTESIAN_POINT('',(9.035115696675,9.645919602185,
    74.586898021768));
#5895 = CARTESIAN_POINT('',(9.035475588161,9.639750917927,
    74.591118340753));
#5896 = CARTESIAN_POINT('',(9.035821427614,9.633589733489,
    74.595340951251));
#5897 = CARTESIAN_POINT('',(9.036144551933,9.627443424928,
    74.599566429023));
#5898 = CARTESIAN_POINT('',(9.036683417655,9.61607284718,74.607420257784
    ));
#5899 = CARTESIAN_POINT('',(9.036909018438,9.610841368302,
    74.611047593548));
#5900 = CARTESIAN_POINT('',(9.037118384939,9.605620513713,
    74.614677019011));
#5901 = CARTESIAN_POINT('',(9.037317389557,9.600405318363,
    74.618308152276));
#5902 = CARTESIAN_POINT('',(9.03751090789,9.595191644903,74.621940675119
    ));
#5903 = CARTESIAN_POINT('',(9.037958706304,9.583022060315,
    74.630419332118));
#5904 = CARTESIAN_POINT('',(9.038211745526,9.576064758472,
    74.635266349204));
#5905 = CARTESIAN_POINT('',(9.038471112061,9.56909644301,74.640114780841
    ));
#5906 = CARTESIAN_POINT('',(9.0387428808,9.562111902106,74.644964225691)
  );
#5907 = CARTESIAN_POINT('',(9.039030025862,9.555108547263,
    74.649814484483));
#5908 = CARTESIAN_POINT('',(9.039634834154,9.54106384222,74.659516937516
    ));
#5909 = CARTESIAN_POINT('',(9.039952524482,9.534022478974,
    74.664369131505));
#5910 = CARTESIAN_POINT('',(9.04028534865,9.526962371841,74.66922214584)
  );
#5911 = CARTESIAN_POINT('',(9.040630188658,9.519886139249,
    74.674076184689));
#5912 = CARTESIAN_POINT('',(9.040980951435,9.512798969782,
    74.678931652522));
#5913 = CARTESIAN_POINT('',(9.041531351124,9.501572474759,74.68662277297
    ));
#5914 = CARTESIAN_POINT('',(9.041733070092,9.497435242077,
    74.689457083661));
#5915 = CARTESIAN_POINT('',(9.041931931549,9.493298461473,74.69229220613
    ));
#5916 = CARTESIAN_POINT('',(9.042125813709,9.489163958511,
    74.695128282846));
#5917 = CARTESIAN_POINT('',(9.042312267195,9.485033846977,74.69796547881
    ));
#5918 = CARTESIAN_POINT('',(9.042664761018,9.476787254583,
    74.703642454131));
#5919 = CARTESIAN_POINT('',(9.042830300832,9.472671204769,
    74.706482266785));
#5920 = CARTESIAN_POINT('',(9.042983792504,9.468563550338,
    74.709323511752));
#5921 = CARTESIAN_POINT('',(9.043132161645,9.464458339449,
    74.712165728145));
#5922 = CARTESIAN_POINT('',(9.043274359928,9.460356476374,
    74.715008987074));
#5923 = CARTESIAN_POINT('',(9.04362158685,9.450103960615,74.722119309486
    ));
#5924 = CARTESIAN_POINT('',(9.043822021493,9.443954808985,74.72638746881
    ));
#5925 = CARTESIAN_POINT('',(9.044020148783,9.437803212221,
    74.730657203142));
#5926 = CARTESIAN_POINT('',(9.044219712746,9.431645929986,74.73492826223
    ));
#5927 = CARTESIAN_POINT('',(9.044422606395,9.42548131076,74.739200518273
    ));
#5928 = CARTESIAN_POINT('',(9.044884257425,9.411667458223,
    74.748765099378));
#5929 = CARTESIAN_POINT('',(9.045144843459,9.404014266604,
    74.754058058831));
#5930 = CARTESIAN_POINT('',(9.045410669719,9.396349623675,
    74.759352835871));
#5931 = CARTESIAN_POINT('',(9.045677602573,9.388677094031,
    74.764649706599));
#5932 = CARTESIAN_POINT('',(9.045937334867,9.381003900158,74.76994923162
    ));
#5933 = CARTESIAN_POINT('',(9.046371272679,9.367151614676,
    74.779535453969));
#5934 = CARTESIAN_POINT('',(9.046552347823,9.360968955889,
    74.783820933424));
#5935 = CARTESIAN_POINT('',(9.046714042845,9.354798677862,
    74.788109140208));
#5936 = CARTESIAN_POINT('',(9.046848124201,9.348648004238,
    74.792400636012));
#5937 = CARTESIAN_POINT('',(9.046944693309,9.342525650524,
    74.796696098423));
#5938 = CARTESIAN_POINT('',(9.047044200247,9.329778933242,
    74.805705842707));
#5939 = CARTESIAN_POINT('',(9.047034392901,9.323164844431,
    74.810421271966));
#5940 = CARTESIAN_POINT('',(9.046984277354,9.316580889658,
    74.815141180362));
#5941 = CARTESIAN_POINT('',(9.046913865704,9.310009608281,
    74.819864229901));
#5942 = CARTESIAN_POINT('',(9.046840583155,9.303435722312,
    74.824589248911));
#5943 = CARTESIAN_POINT('',(9.046669646389,9.285387442753,
    74.837535413318));
#5944 = CARTESIAN_POINT('',(9.046594442287,9.273882933756,
    74.845758644484));
#5945 = CARTESIAN_POINT('',(9.046627046547,9.262267777407,
    74.853979932724));
#5946 = CARTESIAN_POINT('',(9.046816695264,9.250498084144,
    74.862195876918));
#5947 = CARTESIAN_POINT('',(9.047187383647,9.238551882172,
    74.870404743606));
#5948 = CARTESIAN_POINT('',(9.047930572904,9.222185311796,
    74.881477637143));
#5949 = CARTESIAN_POINT('',(9.048145325715,9.217919865822,74.88434793265
    ));
#5950 = CARTESIAN_POINT('',(9.048382081022,9.213632775593,
    74.887217351292));
#5951 = CARTESIAN_POINT('',(9.048640430258,9.209324361236,
    74.890085916181));
#5952 = CARTESIAN_POINT('',(9.048919599715,9.20499526696,74.892953675763
    ));
#5953 = CARTESIAN_POINT('',(9.049538682907,9.195986516358,
    74.898892855677));
#5954 = CARTESIAN_POINT('',(9.04988130652,9.191304123442,74.901964182035
    ));
#5955 = CARTESIAN_POINT('',(9.050246493596,9.186599078139,
    74.905034664511));
#5956 = CARTESIAN_POINT('',(9.050629073542,9.181875918312,
    74.908104656321));
#5957 = CARTESIAN_POINT('',(9.051022333358,9.177140564622,
    74.911174619731));
#5958 = CARTESIAN_POINT('',(9.051901221734,9.166704374675,74.91792932601
    ));
#5959 = CARTESIAN_POINT('',(9.052389227824,9.161000229528,74.92161421716
    ));
#5960 = CARTESIAN_POINT('',(9.052876195289,9.155293054992,
    74.925300205185));
#5961 = CARTESIAN_POINT('',(9.053351678233,9.149592145254,
    74.928988018756));
#5962 = CARTESIAN_POINT('',(9.053804425866,9.143907559533,
    74.932678446994));
#5963 = CARTESIAN_POINT('',(9.054756371841,9.131022072496,
    74.941091726681));
#5964 = CARTESIAN_POINT('',(9.055233607428,9.123838310453,
    74.945816763524));
#5965 = CARTESIAN_POINT('',(9.055628917615,9.116721440708,
    74.950549226857));
#5966 = CARTESIAN_POINT('',(9.055915201978,9.109695943394,
    74.955291031443));
#5967 = CARTESIAN_POINT('',(9.05606343132,9.102788174026,74.960044229942
    ));
#5968 = CARTESIAN_POINT('',(9.05601735536,9.087797693753,74.970611867977
    ));
#5969 = CARTESIAN_POINT('',(9.055741882701,9.079785058271,
    74.976432818597));
#5970 = CARTESIAN_POINT('',(9.055160341961,9.072039484659,
    74.982277832176));
#5971 = CARTESIAN_POINT('',(9.054213269759,9.064615426395,
    74.988151081138));
#5972 = CARTESIAN_POINT('',(9.052837627062,9.05757076283,74.994056942925
    ));
#5973 = CARTESIAN_POINT('',(9.050966799188,9.050966799187,75.));
#5974 = PCURVE('',#2306,#5975);
#5975 = DEFINITIONAL_REPRESENTATION('',(#5976),#6204);
#5976 = B_SPLINE_CURVE_WITH_KNOTS('',6,(#5977,#5978,#5979,#5980,#5981,
    #5982,#5983,#5984,#5985,#5986,#5987,#5988,#5989,#5990,#5991,#5992,
    #5993,#5994,#5995,#5996,#5997,#5998,#5999,#6000,#6001,#6002,#6003,
    #6004,#6005,#6006,#6007,#6008,#6009,#6010,#6011,#6012,#6013,#6014,
    #6015,#6016,#6017,#6018,#6019,#6020,#6021,#6022,#6023,#6024,#6025,
    #6026,#6027,#6028,#6029,#6030,#6031,#6032,#6033,#6034,#6035,#6036,
    #6037,#6038,#6039,#6040,#6041,#6042,#6043,#6044,#6045,#6046,#6047,
    #6048,#6049,#6050,#6051,#6052,#6053,#6054,#6055,#6056,#6057,#6058,
    #6059,#6060,#6061,#6062,#6063,#6064,#6065,#6066,#6067,#6068,#6069,
    #6070,#6071,#6072,#6073,#6074,#6075,#6076,#6077,#6078,#6079,#6080,
    #6081,#6082,#6083,#6084,#6085,#6086,#6087,#6088,#6089,#6090,#6091,
    #6092,#6093,#6094,#6095,#6096,#6097,#6098,#6099,#6100,#6101,#6102,
    #6103,#6104,#6105,#6106,#6107,#6108,#6109,#6110,#6111,#6112,#6113,
    #6114,#6115,#6116,#6117,#6118,#6119,#6120,#6121,#6122,#6123,#6124,
    #6125,#6126,#6127,#6128,#6129,#6130,#6131,#6132,#6133,#6134,#6135,
    #6136,#6137,#6138,#6139,#6140,#6141,#6142,#6143,#6144,#6145,#6146,
    #6147,#6148,#6149,#6150,#6151,#6152,#6153,#6154,#6155,#6156,#6157,
    #6158,#6159,#6160,#6161,#6162,#6163,#6164,#6165,#6166,#6167,#6168,
    #6169,#6170,#6171,#6172,#6173,#6174,#6175,#6176,#6177,#6178,#6179,
    #6180,#6181,#6182,#6183,#6184,#6185,#6186,#6187,#6188,#6189,#6190,
    #6191,#6192,#6193,#6194,#6195,#6196,#6197,#6198,#6199,#6200,#6201,
    #6202,#6203),.UNSPECIFIED.,.F.,.F.,(7,5,5,5,5,5,5,5,5,5,5,5,5,5,5,5,
    5,5,5,5,5,5,5,5,5,5,5,5,5,5,5,5,5,5,5,5,5,5,5,5,5,5,5,5,5,7),(0.,
    4.199723041482E-02,6.898045656181E-02,8.596979640666E-02,
    0.102960697631,0.144946793339,0.172941056112,0.201932916163,
    0.221927268006,0.247920810276,0.260917639057,0.273914305529,
    0.298908523094,0.323904278448,0.342901479801,0.362898024787,
    0.385894522947,0.40789230878,0.427890702752,0.445888881986,
    0.468887072557,0.491886523866,0.510886493725,0.529886068677,
    0.551886062519,0.574887306609,0.593888786675,0.612889899176,
    0.633891575745,0.655894446104,0.67689765225,0.694899998748,
    0.718903731734,0.742908958968,0.756912385068,0.770915662408,
    0.791920801962,0.817928139801,0.838933997281,0.861939212297,
    0.901952526994,0.915959953165,0.930969551797,0.948981901057,
    0.971994820731,1.),.UNSPECIFIED.);
#5977 = CARTESIAN_POINT('',(26.308714134368,20.809922971691));
#5978 = CARTESIAN_POINT('',(26.124708179211,20.817688394383));
#5979 = CARTESIAN_POINT('',(25.940604330884,20.825536577234));
#5980 = CARTESIAN_POINT('',(25.756436308321,20.83345182997));
#5981 = CARTESIAN_POINT('',(25.572228900049,20.841419884485));
#5982 = CARTESIAN_POINT('',(25.387997716977,20.849428109829));
#5983 = CARTESIAN_POINT('',(25.085369084708,20.862629897434));
#5984 = CARTESIAN_POINT('',(24.966982740054,20.867806168211));
#5985 = CARTESIAN_POINT('',(24.848592275209,20.872991639117));
#5986 = CARTESIAN_POINT('',(24.730199656084,20.878183678397));
#5987 = CARTESIAN_POINT('',(24.611806450511,20.883379922955));
#5988 = CARTESIAN_POINT('',(24.418870759003,20.891851297901));
#5989 = CARTESIAN_POINT('',(24.344327955404,20.895125153677));
#5990 = CARTESIAN_POINT('',(24.269785742518,20.898399322523));
#5991 = CARTESIAN_POINT('',(24.19524443118,20.901673323585));
#5992 = CARTESIAN_POINT('',(24.120704317985,20.904946718318));
#5993 = CARTESIAN_POINT('',(23.971620202231,20.911491803399));
#5994 = CARTESIAN_POINT('',(23.897076226441,20.914763456693));
#5995 = CARTESIAN_POINT('',(23.82253388415,20.91803392192));
#5996 = CARTESIAN_POINT('',(23.747993273558,20.921303098607));
#5997 = CARTESIAN_POINT('',(23.673454464831,20.924570934257));
#5998 = CARTESIAN_POINT('',(23.414729734316,20.935909224894));
#5999 = CARTESIAN_POINT('',(23.23055311936,20.943972801125));
#6000 = CARTESIAN_POINT('',(23.046388513688,20.952028001262));
#6001 = CARTESIAN_POINT('',(22.862235164705,20.960076343994));
#6002 = CARTESIAN_POINT('',(22.678090752067,20.968120978005));
#6003 = CARTESIAN_POINT('',(22.371176391897,20.981531094039));
#6004 = CARTESIAN_POINT('',(22.248403629253,20.986896001141));
#6005 = CARTESIAN_POINT('',(22.125631899277,20.992262777144));
#6006 = CARTESIAN_POINT('',(22.002859761985,20.997633134639));
#6007 = CARTESIAN_POINT('',(21.88008558117,21.003009084473));
#6008 = CARTESIAN_POINT('',(21.630154176319,21.013968644724));
#6009 = CARTESIAN_POINT('',(21.502996820389,21.019552746394));
#6010 = CARTESIAN_POINT('',(21.375837110631,21.025143307829));
#6011 = CARTESIAN_POINT('',(21.248676336743,21.030738777411));
#6012 = CARTESIAN_POINT('',(21.12151542411,21.036337984818));
#6013 = CARTESIAN_POINT('',(20.906658194818,21.045803690387));
#6014 = CARTESIAN_POINT('',(20.818961668815,21.049668642175));
#6015 = CARTESIAN_POINT('',(20.731265555223,21.053534737728));
#6016 = CARTESIAN_POINT('',(20.643569987048,21.057401804886));
#6017 = CARTESIAN_POINT('',(20.555875030876,21.061269757989));
#6018 = CARTESIAN_POINT('',(20.354174158652,21.070168260957));
#6019 = CARTESIAN_POINT('',(20.24016866611,21.075199422237));
#6020 = CARTESIAN_POINT('',(20.126164207219,21.080232084949));
#6021 = CARTESIAN_POINT('',(20.012160590513,21.085266496829));
#6022 = CARTESIAN_POINT('',(19.898157435083,21.09030315011));
#6023 = CARTESIAN_POINT('',(19.727152285495,21.097862608415));
#6024 = CARTESIAN_POINT('',(19.670150382043,21.100383167629));
#6025 = CARTESIAN_POINT('',(19.613148331795,21.102904628375));
#6026 = CARTESIAN_POINT('',(19.556146227822,21.105426870848));
#6027 = CARTESIAN_POINT('',(19.49914367242,21.10795041892));
#6028 = CARTESIAN_POINT('',(19.385138907414,21.11299939842));
#6029 = CARTESIAN_POINT('',(19.328136680943,21.115524853783));
#6030 = CARTESIAN_POINT('',(19.27113435974,21.1180511548));
#6031 = CARTESIAN_POINT('',(19.214132036232,21.120578181238));
#6032 = CARTESIAN_POINT('',(19.157129790105,21.123105828353));
#6033 = CARTESIAN_POINT('',(18.990505506542,21.130496010905));
#6034 = CARTESIAN_POINT('',(18.880883859731,21.135359980415));
#6035 = CARTESIAN_POINT('',(18.771263227771,21.140225280513));
#6036 = CARTESIAN_POINT('',(18.661643933652,21.145091489018));
#6037 = CARTESIAN_POINT('',(18.552026143454,21.149958396479));
#6038 = CARTESIAN_POINT('',(18.332786845011,21.159693915354));
#6039 = CARTESIAN_POINT('',(18.223165334686,21.16456252652));
#6040 = CARTESIAN_POINT('',(18.113545343338,21.169431844093));
#6041 = CARTESIAN_POINT('',(18.003926711032,21.17430208356));
#6042 = CARTESIAN_POINT('',(17.894309109937,21.179173671467));
#6043 = CARTESIAN_POINT('',(17.701381200625,21.187751244941));
#6044 = CARTESIAN_POINT('',(17.618070669293,21.191456391029));
#6045 = CARTESIAN_POINT('',(17.534760227966,21.195162963745));
#6046 = CARTESIAN_POINT('',(17.451449608896,21.198871311207));
#6047 = CARTESIAN_POINT('',(17.368138498949,21.20258184959));
#6048 = CARTESIAN_POINT('',(17.197131972812,21.210203609455));
#6049 = CARTESIAN_POINT('',(17.10943643012,21.214115175797));
#6050 = CARTESIAN_POINT('',(17.021740358852,21.218029193482));
#6051 = CARTESIAN_POINT('',(16.934044131593,21.221945181443));
#6052 = CARTESIAN_POINT('',(16.846348046197,21.225862746221));
#6053 = CARTESIAN_POINT('',(16.657800179842,21.234288335457));
#6054 = CARTESIAN_POINT('',(16.556948519785,21.238796771163));
#6055 = CARTESIAN_POINT('',(16.456097691918,21.243306427051));
#6056 = CARTESIAN_POINT('',(16.355247927134,21.247816997983));
#6057 = CARTESIAN_POINT('',(16.25439934091,21.25232833571));
#6058 = CARTESIAN_POINT('',(16.0570842164,21.261156605991));
#6059 = CARTESIAN_POINT('',(15.960617576828,21.265473472458));
#6060 = CARTESIAN_POINT('',(15.864152013881,21.269791056411));
#6061 = CARTESIAN_POINT('',(15.76768742523,21.274109496318));
#6062 = CARTESIAN_POINT('',(15.671223606927,21.278429060987));
#6063 = CARTESIAN_POINT('',(15.48706451156,21.286678491825));
#6064 = CARTESIAN_POINT('',(15.399369159191,21.290608089974));
#6065 = CARTESIAN_POINT('',(15.311673956367,21.294539250625));
#6066 = CARTESIAN_POINT('',(15.22397860931,21.298472361276));
#6067 = CARTESIAN_POINT('',(15.136282770398,21.302407890306));
#6068 = CARTESIAN_POINT('',(14.969660625097,21.309890960058));
#6069 = CARTESIAN_POINT('',(14.890734552801,21.313437859108));
#6070 = CARTESIAN_POINT('',(14.811808137271,21.316986674972));
#6071 = CARTESIAN_POINT('',(14.732881644739,21.320537058336));
#6072 = CARTESIAN_POINT('',(14.653955291681,21.32408871973));
#6073 = CARTESIAN_POINT('',(14.47417702842,21.332181105217));
#6074 = CARTESIAN_POINT('',(14.373325315044,21.336722492754));
#6075 = CARTESIAN_POINT('',(14.272474459949,21.34126511308));
#6076 = CARTESIAN_POINT('',(14.171624702113,21.345808647288));
#6077 = CARTESIAN_POINT('',(14.070776164228,21.350352936615));
#6078 = CARTESIAN_POINT('',(13.869076012836,21.359443277414));
#6079 = CARTESIAN_POINT('',(13.768224398062,21.36398932872));
#6080 = CARTESIAN_POINT('',(13.667374014067,21.368536138478));
#6081 = CARTESIAN_POINT('',(13.566524743654,21.373083867703));
#6082 = CARTESIAN_POINT('',(13.465676346746,21.377632836293));
#6083 = CARTESIAN_POINT('',(13.281517481537,21.385942869722));
#6084 = CARTESIAN_POINT('',(13.198206853944,21.38970338839));
#6085 = CARTESIAN_POINT('',(13.114896368253,21.393465349224));
#6086 = CARTESIAN_POINT('',(13.031585767655,21.397229094082));
#6087 = CARTESIAN_POINT('',(12.948274747875,21.400995036506));
#6088 = CARTESIAN_POINT('',(12.781652898062,21.408532208594));
#6089 = CARTESIAN_POINT('',(12.698342049464,21.412303471766));
#6090 = CARTESIAN_POINT('',(12.615030792888,21.41607695399));
#6091 = CARTESIAN_POINT('',(12.531719447529,21.4198522333));
#6092 = CARTESIAN_POINT('',(12.448408270264,21.423628963007));
#6093 = CARTESIAN_POINT('',(12.268630170823,21.431781388926));
#6094 = CARTESIAN_POINT('',(12.17216337521,21.436157487455));
#6095 = CARTESIAN_POINT('',(12.075697377376,21.440534747261));
#6096 = CARTESIAN_POINT('',(11.979232387309,21.444912885417));
#6097 = CARTESIAN_POINT('',(11.882768516413,21.449291756095));
#6098 = CARTESIAN_POINT('',(11.685452885499,21.458250266455));
#6099 = CARTESIAN_POINT('',(11.584601229503,21.462829973261));
#6100 = CARTESIAN_POINT('',(11.48375082382,21.467410461755));
#6101 = CARTESIAN_POINT('',(11.382901558374,21.471991885223));
#6102 = CARTESIAN_POINT('',(11.282053198721,21.476574559464));
#6103 = CARTESIAN_POINT('',(11.097894340135,21.484946168744));
#6104 = CARTESIAN_POINT('',(11.014583670258,21.488734554137));
#6105 = CARTESIAN_POINT('',(10.931273169326,21.492524388897));
#6106 = CARTESIAN_POINT('',(10.847962581881,21.496316016274));
#6107 = CARTESIAN_POINT('',(10.764651604084,21.50010985285));
#6108 = CARTESIAN_POINT('',(10.598029774937,21.50770285078));
#6109 = CARTESIAN_POINT('',(10.514718901821,21.511502050226));
#6110 = CARTESIAN_POINT('',(10.431407642394,21.515303489179));
#6111 = CARTESIAN_POINT('',(10.348096311819,21.519106746876));
#6112 = CARTESIAN_POINT('',(10.264785162394,21.522911479491));
#6113 = CARTESIAN_POINT('',(10.08939208933,21.53092407563));
#6114 = CARTESIAN_POINT('',(9.997310250395,21.535132207548));
#6115 = CARTESIAN_POINT('',(9.905229127819,21.53934145702));
#6116 = CARTESIAN_POINT('',(9.813148899438,21.543551581739));
#6117 = CARTESIAN_POINT('',(9.721069659856,21.547762455957));
#6118 = CARTESIAN_POINT('',(9.532523619026,21.556386461483));
#6119 = CARTESIAN_POINT('',(9.436056914407,21.560799664842));
#6120 = CARTESIAN_POINT('',(9.33959131942,21.565213670598));
#6121 = CARTESIAN_POINT('',(9.243126741791,21.569628608115));
#6122 = CARTESIAN_POINT('',(9.146662984136,21.574044746092));
#6123 = CARTESIAN_POINT('',(8.958119152385,21.58267952599));
#6124 = CARTESIAN_POINT('',(8.866039038403,21.586898021768));
#6125 = CARTESIAN_POINT('',(8.773959127004,21.591118340753));
#6126 = CARTESIAN_POINT('',(8.681879074284,21.595340951251));
#6127 = CARTESIAN_POINT('',(8.589798467434,21.599566429023));
#6128 = CARTESIAN_POINT('',(8.418791463248,21.607420257784));
#6129 = CARTESIAN_POINT('',(8.339865400922,21.611047593548));
#6130 = CARTESIAN_POINT('',(8.260938971421,21.614677019011));
#6131 = CARTESIAN_POINT('',(8.182012456526,21.618308152276));
#6132 = CARTESIAN_POINT('',(8.103086086145,21.621940675119));
#6133 = CARTESIAN_POINT('',(7.918922658394,21.630419332118));
#6134 = CARTESIAN_POINT('',(7.813685855816,21.635266349204));
#6135 = CARTESIAN_POINT('',(7.708450062216,21.640114780841));
#6136 = CARTESIAN_POINT('',(7.603215568174,21.644964225691));
#6137 = CARTESIAN_POINT('',(7.497982523207,21.649814484483));
#6138 = CARTESIAN_POINT('',(7.287512797598,21.659516937516));
#6139 = CARTESIAN_POINT('',(7.18227611517,21.664369131505));
#6140 = CARTESIAN_POINT('',(7.077040895881,21.66922214584));
#6141 = CARTESIAN_POINT('',(6.971806996614,21.674076184689));
#6142 = CARTESIAN_POINT('',(6.866574123736,21.678931652522));
#6143 = CARTESIAN_POINT('',(6.699954678093,21.68662277297));
#6144 = CARTESIAN_POINT('',(6.638567721927,21.689457083661));
#6145 = CARTESIAN_POINT('',(6.577180875683,21.69229220613));
#6146 = CARTESIAN_POINT('',(6.515794035496,21.695128282846));
#6147 = CARTESIAN_POINT('',(6.454407082554,21.69796547881));
#6148 = CARTESIAN_POINT('',(6.331633335763,21.703642454131));
#6149 = CARTESIAN_POINT('',(6.270246520122,21.706482266785));
#6150 = CARTESIAN_POINT('',(6.208859370582,21.709323511752));
#6151 = CARTESIAN_POINT('',(6.147472227961,21.712165728145));
#6152 = CARTESIAN_POINT('',(6.086085038281,21.715008987074));
#6153 = CARTESIAN_POINT('',(5.932616315185,21.722119309486));
#6154 = CARTESIAN_POINT('',(5.84053487414,21.72638746881));
#6155 = CARTESIAN_POINT('',(5.748453885409,21.730657203142));
#6156 = CARTESIAN_POINT('',(5.656373528829,21.73492826223));
#6157 = CARTESIAN_POINT('',(5.564293896556,21.739200518273));
#6158 = CARTESIAN_POINT('',(5.358208268909,21.748765099378));
#6159 = CARTESIAN_POINT('',(5.244202663639,21.754058058831));
#6160 = CARTESIAN_POINT('',(5.130198183236,21.759352835871));
#6161 = CARTESIAN_POINT('',(5.016194629599,21.764649706599));
#6162 = CARTESIAN_POINT('',(4.902191600545,21.76994923162));
#6163 = CARTESIAN_POINT('',(4.696109357705,21.779535453969));
#6164 = CARTESIAN_POINT('',(4.604030181704,21.783820933424));
#6165 = CARTESIAN_POINT('',(4.511950632971,21.788109140208));
#6166 = CARTESIAN_POINT('',(4.419870325486,21.792400636012));
#6167 = CARTESIAN_POINT('',(4.327788816034,21.796696098423));
#6168 = CARTESIAN_POINT('',(4.134857824513,21.805705842707));
#6169 = CARTESIAN_POINT('',(4.034007901199,21.810421271966));
#6170 = CARTESIAN_POINT('',(3.933156843149,21.815141180362));
#6171 = CARTESIAN_POINT('',(3.832305569586,21.819864229901));
#6172 = CARTESIAN_POINT('',(3.731454856036,21.824589248911));
#6173 = CARTESIAN_POINT('',(3.455196104251,21.837535413318));
#6174 = CARTESIAN_POINT('',(3.279790403701,21.845758644484));
#6175 = CARTESIAN_POINT('',(3.104391577617,21.853979932724));
#6176 = CARTESIAN_POINT('',(2.929002113121,21.862195876918));
#6177 = CARTESIAN_POINT('',(2.753623585496,21.870404743606));
#6178 = CARTESIAN_POINT('',(2.516866110911,21.881477637143));
#6179 = CARTESIAN_POINT('',(2.455476973662,21.88434793265));
#6180 = CARTESIAN_POINT('',(2.394089267358,21.887217351292));
#6181 = CARTESIAN_POINT('',(2.332702991506,21.890085916181));
#6182 = CARTESIAN_POINT('',(2.2713181242,21.892953675763));
#6183 = CARTESIAN_POINT('',(2.144159388483,21.898892855677));
#6184 = CARTESIAN_POINT('',(2.078385711965,21.901964182035));
#6185 = CARTESIAN_POINT('',(2.012613624986,21.905034664511));
#6186 = CARTESIAN_POINT('',(1.946842853973,21.908104656321));
#6187 = CARTESIAN_POINT('',(1.881073029162,21.911174619731));
#6188 = CARTESIAN_POINT('',(1.73637729184,21.91792932601));
#6189 = CARTESIAN_POINT('',(1.657451669502,21.92161421716));
#6190 = CARTESIAN_POINT('',(1.578526460825,21.925300205185));
#6191 = CARTESIAN_POINT('',(1.499601063292,21.928988018756));
#6192 = CARTESIAN_POINT('',(1.420674838434,21.932678446994));
#6193 = CARTESIAN_POINT('',(1.240907548591,21.941091726681));
#6194 = CARTESIAN_POINT('',(1.140065602211,21.945816763524));
#6195 = CARTESIAN_POINT('',(1.039219798393,21.950549226857));
#6196 = CARTESIAN_POINT('',(0.938368827416,21.955291031443));
#6197 = CARTESIAN_POINT('',(0.837511544138,21.960044229942));
#6198 = CARTESIAN_POINT('',(0.613901545994,21.970611867977));
#6199 = CARTESIAN_POINT('',(0.491145628888,21.976432818597));
#6200 = CARTESIAN_POINT('',(0.368377213203,21.982277832176));
#6201 = CARTESIAN_POINT('',(0.245595832804,21.988151081138));
#6202 = CARTESIAN_POINT('',(0.12280255889,21.994056942925));
#6203 = CARTESIAN_POINT('',(2.584658619402E-13,22.));
#6204 = ( GEOMETRIC_REPRESENTATION_CONTEXT(2)
PARAMETRIC_REPRESENTATION_CONTEXT() REPRESENTATION_CONTEXT('2D SPACE',''
  ) );
#6205 = PCURVE('',#6206,#6211);
#6206 = CONICAL_SURFACE('',#6207,14.01,0.789547517177);
#6207 = AXIS2_PLACEMENT_3D('',#6208,#6209,#6210);
#6208 = CARTESIAN_POINT('',(0.,0.,73.8));
#6209 = DIRECTION('',(-0.,-0.,-1.));
#6210 = DIRECTION('',(1.,0.,0.));
#6211 = DEFINITIONAL_REPRESENTATION('',(#6212),#6440);
#6212 = B_SPLINE_CURVE_WITH_KNOTS('',6,(#6213,#6214,#6215,#6216,#6217,
    #6218,#6219,#6220,#6221,#6222,#6223,#6224,#6225,#6226,#6227,#6228,
    #6229,#6230,#6231,#6232,#6233,#6234,#6235,#6236,#6237,#6238,#6239,
    #6240,#6241,#6242,#6243,#6244,#6245,#6246,#6247,#6248,#6249,#6250,
    #6251,#6252,#6253,#6254,#6255,#6256,#6257,#6258,#6259,#6260,#6261,
    #6262,#6263,#6264,#6265,#6266,#6267,#6268,#6269,#6270,#6271,#6272,
    #6273,#6274,#6275,#6276,#6277,#6278,#6279,#6280,#6281,#6282,#6283,
    #6284,#6285,#6286,#6287,#6288,#6289,#6290,#6291,#6292,#6293,#6294,
    #6295,#6296,#6297,#6298,#6299,#6300,#6301,#6302,#6303,#6304,#6305,
    #6306,#6307,#6308,#6309,#6310,#6311,#6312,#6313,#6314,#6315,#6316,
    #6317,#6318,#6319,#6320,#6321,#6322,#6323,#6324,#6325,#6326,#6327,
    #6328,#6329,#6330,#6331,#6332,#6333,#6334,#6335,#6336,#6337,#6338,
    #6339,#6340,#6341,#6342,#6343,#6344,#6345,#6346,#6347,#6348,#6349,
    #6350,#6351,#6352,#6353,#6354,#6355,#6356,#6357,#6358,#6359,#6360,
    #6361,#6362,#6363,#6364,#6365,#6366,#6367,#6368,#6369,#6370,#6371,
    #6372,#6373,#6374,#6375,#6376,#6377,#6378,#6379,#6380,#6381,#6382,
    #6383,#6384,#6385,#6386,#6387,#6388,#6389,#6390,#6391,#6392,#6393,
    #6394,#6395,#6396,#6397,#6398,#6399,#6400,#6401,#6402,#6403,#6404,
    #6405,#6406,#6407,#6408,#6409,#6410,#6411,#6412,#6413,#6414,#6415,
    #6416,#6417,#6418,#6419,#6420,#6421,#6422,#6423,#6424,#6425,#6426,
    #6427,#6428,#6429,#6430,#6431,#6432,#6433,#6434,#6435,#6436,#6437,
    #6438,#6439),.UNSPECIFIED.,.F.,.F.,(7,5,5,5,5,5,5,5,5,5,5,5,5,5,5,5,
    5,5,5,5,5,5,5,5,5,5,5,5,5,5,5,5,5,5,5,5,5,5,5,5,5,5,5,5,5,7),(0.,
    4.199723041482E-02,6.898045656181E-02,8.596979640666E-02,
    0.102960697631,0.144946793339,0.172941056112,0.201932916163,
    0.221927268006,0.247920810276,0.260917639057,0.273914305529,
    0.298908523094,0.323904278448,0.342901479801,0.362898024787,
    0.385894522947,0.40789230878,0.427890702752,0.445888881986,
    0.468887072557,0.491886523866,0.510886493725,0.529886068677,
    0.551886062519,0.574887306609,0.593888786675,0.612889899176,
    0.633891575745,0.655894446104,0.67689765225,0.694899998748,
    0.718903731734,0.742908958968,0.756912385068,0.770915662408,
    0.791920801962,0.817928139801,0.838933997281,0.861939212297,
    0.901952526994,0.915959953165,0.930969551797,0.948981901057,
    0.971994820731,1.),.UNSPECIFIED.);
#6213 = CARTESIAN_POINT('',(-0.879524904926,-9.922971690507E-03));
#6214 = CARTESIAN_POINT('',(-0.878575711208,-1.768839438335E-02));
#6215 = CARTESIAN_POINT('',(-0.877741443867,-2.553657723414E-02));
#6216 = CARTESIAN_POINT('',(-0.876999452416,-3.345182997001E-02));
#6217 = CARTESIAN_POINT('',(-0.87632879152,-4.141988448483E-02));
#6218 = CARTESIAN_POINT('',(-0.875710521908,-4.942810982914E-02));
#6219 = CARTESIAN_POINT('',(-0.874753748149,-6.262989743393E-02));
#6220 = CARTESIAN_POINT('',(-0.874394250464,-6.780616821125E-02));
#6221 = CARTESIAN_POINT('',(-0.874045094583,-7.299163911725E-02));
#6222 = CARTESIAN_POINT('',(-0.873702260834,-7.818367839691E-02));
#6223 = CARTESIAN_POINT('',(-0.873362133535,-8.337992295503E-02));
#6224 = CARTESIAN_POINT('',(-0.872807029898,-9.185129790059E-02));
#6225 = CARTESIAN_POINT('',(-0.872592359896,-9.512515367675E-02));
#6226 = CARTESIAN_POINT('',(-0.872376690934,-9.839932252269E-02));
#6227 = CARTESIAN_POINT('',(-0.872159289557,-0.101673323585));
#6228 = CARTESIAN_POINT('',(-0.871939488911,-0.104946718318));
#6229 = CARTESIAN_POINT('',(-0.871493868097,-0.111491803399));
#6230 = CARTESIAN_POINT('',(-0.871267991175,-0.114763456693));
#6231 = CARTESIAN_POINT('',(-0.871038836536,-0.11803392192));
#6232 = CARTESIAN_POINT('',(-0.870806256071,-0.121303098607));
#6233 = CARTESIAN_POINT('',(-0.870570175003,-0.124570934257));
#6234 = CARTESIAN_POINT('',(-0.869738559768,-0.135909224894));
#6235 = CARTESIAN_POINT('',(-0.869125122492,-0.143972801125));
#6236 = CARTESIAN_POINT('',(-0.868490140996,-0.152028001262));
#6237 = CARTESIAN_POINT('',(-0.867835975848,-0.160076343994));
#6238 = CARTESIAN_POINT('',(-0.867167407443,-0.168120978005));
#6239 = CARTESIAN_POINT('',(-0.866040931833,-0.181531094039));
#6240 = CARTESIAN_POINT('',(-0.865587065398,-0.186896001141));
#6241 = CARTESIAN_POINT('',(-0.865132076958,-0.192262777144));
#6242 = CARTESIAN_POINT('',(-0.864678529152,-0.197633134639));
#6243 = CARTESIAN_POINT('',(-0.864229427184,-0.203009084473));
#6244 = CARTESIAN_POINT('',(-0.863331287662,-0.213968644724));
#6245 = CARTESIAN_POINT('',(-0.862882704366,-0.219552746394));
#6246 = CARTESIAN_POINT('',(-0.862439540423,-0.225143307829));
#6247 = CARTESIAN_POINT('',(-0.861999444766,-0.230738777411));
#6248 = CARTESIAN_POINT('',(-0.861560643772,-0.236337984818));
#6249 = CARTESIAN_POINT('',(-0.860819388342,-0.245803690387));
#6250 = CARTESIAN_POINT('',(-0.860516882608,-0.249668642175));
#6251 = CARTESIAN_POINT('',(-0.860214032743,-0.253534737728));
#6252 = CARTESIAN_POINT('',(-0.859910578412,-0.257401804886));
#6253 = CARTESIAN_POINT('',(-0.859606390275,-0.261269757989));
#6254 = CARTESIAN_POINT('',(-0.85890506011,-0.270168260957));
#6255 = CARTESIAN_POINT('',(-0.858507411459,-0.275199422237));
#6256 = CARTESIAN_POINT('',(-0.858108530111,-0.280232084949));
#6257 = CARTESIAN_POINT('',(-0.857708789058,-0.285266496829));
#6258 = CARTESIAN_POINT('',(-0.857308928205,-0.29030315011));
#6259 = CARTESIAN_POINT('',(-0.856710616564,-0.297862608415));
#6260 = CARTESIAN_POINT('',(-0.856511406953,-0.300383167629));
#6261 = CARTESIAN_POINT('',(-0.856312680307,-0.302904628375));
#6262 = CARTESIAN_POINT('',(-0.856114254818,-0.305426870848));
#6263 = CARTESIAN_POINT('',(-0.85591692042,-0.30795041892));
#6264 = CARTESIAN_POINT('',(-0.855523381583,-0.31299939842));
#6265 = CARTESIAN_POINT('',(-0.855327213444,-0.315524853783));
#6266 = CARTESIAN_POINT('',(-0.855131439024,-0.3180511548));
#6267 = CARTESIAN_POINT('',(-0.854935875575,-0.320578181238));
#6268 = CARTESIAN_POINT('',(-0.854740363922,-0.323105828353));
#6269 = CARTESIAN_POINT('',(-0.854168613925,-0.330496010905));
#6270 = CARTESIAN_POINT('',(-0.853792149309,-0.335359980415));
#6271 = CARTESIAN_POINT('',(-0.853414410987,-0.340225280513));
#6272 = CARTESIAN_POINT('',(-0.853034758144,-0.345091489018));
#6273 = CARTESIAN_POINT('',(-0.852652872787,-0.349958396479));
#6274 = CARTESIAN_POINT('',(-0.851884623082,-0.359693915354));
#6275 = CARTESIAN_POINT('',(-0.851498257153,-0.36456252652));
#6276 = CARTESIAN_POINT('',(-0.85110966852,-0.369431844093));
#6277 = CARTESIAN_POINT('',(-0.850719180072,-0.37430208356));
#6278 = CARTESIAN_POINT('',(-0.850327431042,-0.379173671467));
#6279 = CARTESIAN_POINT('',(-0.84963740922,-0.387751244941));
#6280 = CARTESIAN_POINT('',(-0.849339264246,-0.391456391029));
#6281 = CARTESIAN_POINT('',(-0.849041361282,-0.395162963745));
#6282 = CARTESIAN_POINT('',(-0.848744221243,-0.398871311207));
#6283 = CARTESIAN_POINT('',(-0.848448466752,-0.40258184959));
#6284 = CARTESIAN_POINT('',(-0.847845730421,-0.410203609455));
#6285 = CARTESIAN_POINT('',(-0.847539061219,-0.414115175797));
#6286 = CARTESIAN_POINT('',(-0.847233950644,-0.418029193482));
#6287 = CARTESIAN_POINT('',(-0.846929668017,-0.421945181443));
#6288 = CARTESIAN_POINT('',(-0.846625615881,-0.425862746221));
#6289 = CARTESIAN_POINT('',(-0.845971394053,-0.434288335457));
#6290 = CARTESIAN_POINT('',(-0.845621150877,-0.438796771163));
#6291 = CARTESIAN_POINT('',(-0.845269899984,-0.443306427051));
#6292 = CARTESIAN_POINT('',(-0.844917178823,-0.447816997983));
#6293 = CARTESIAN_POINT('',(-0.844562762772,-0.45232833571));
#6294 = CARTESIAN_POINT('',(-0.843866032439,-0.461156605991));
#6295 = CARTESIAN_POINT('',(-0.843523860292,-0.465473472458));
#6296 = CARTESIAN_POINT('',(-0.843180161144,-0.469791056411));
#6297 = CARTESIAN_POINT('',(-0.842835142953,-0.474109496318));
#6298 = CARTESIAN_POINT('',(-0.842489209194,-0.478429060987));
#6299 = CARTESIAN_POINT('',(-0.841828179422,-0.486678491825));
#6300 = CARTESIAN_POINT('',(-0.841513132868,-0.490608089974));
#6301 = CARTESIAN_POINT('',(-0.841198278928,-0.494539250625));
#6302 = CARTESIAN_POINT('',(-0.840884198164,-0.498472361276));
#6303 = CARTESIAN_POINT('',(-0.840571591968,-0.502407890306));
#6304 = CARTESIAN_POINT('',(-0.839982009921,-0.509890960058));
#6305 = CARTESIAN_POINT('',(-0.839704480635,-0.513437859108));
#6306 = CARTESIAN_POINT('',(-0.839428072788,-0.516986674972));
#6307 = CARTESIAN_POINT('',(-0.839152255499,-0.520537058336));
#6308 = CARTESIAN_POINT('',(-0.838876588921,-0.52408871973));
#6309 = CARTESIAN_POINT('',(-0.838248222549,-0.532181105217));
#6310 = CARTESIAN_POINT('',(-0.83789539735,-0.536722492754));
#6311 = CARTESIAN_POINT('',(-0.837541521759,-0.54126511308));
#6312 = CARTESIAN_POINT('',(-0.837186111851,-0.545808647288));
#6313 = CARTESIAN_POINT('',(-0.836828926656,-0.550352936615));
#6314 = CARTESIAN_POINT('',(-0.836110989986,-0.559443277414));
#6315 = CARTESIAN_POINT('',(-0.835750237384,-0.56398932872));
#6316 = CARTESIAN_POINT('',(-0.835387713466,-0.568536138478));
#6317 = CARTESIAN_POINT('',(-0.835023659662,-0.573083867703));
#6318 = CARTESIAN_POINT('',(-0.834658555716,-0.577632836293));
#6319 = CARTESIAN_POINT('',(-0.833991231022,-0.585942869722));
#6320 = CARTESIAN_POINT('',(-0.833689114811,-0.58970338839));
#6321 = CARTESIAN_POINT('',(-0.833387175798,-0.593465349224));
#6322 = CARTESIAN_POINT('',(-0.833085925873,-0.597229094082));
#6323 = CARTESIAN_POINT('',(-0.832785984063,-0.600995036506));
#6324 = CARTESIAN_POINT('',(-0.832190175202,-0.608532208594));
#6325 = CARTESIAN_POINT('',(-0.831894359094,-0.612303471766));
#6326 = CARTESIAN_POINT('',(-0.831599872277,-0.61607695399));
#6327 = CARTESIAN_POINT('',(-0.831306073348,-0.6198522333));
#6328 = CARTESIAN_POINT('',(-0.831012435445,-0.623628963007));
#6329 = CARTESIAN_POINT('',(-0.830378245957,-0.631781388926));
#6330 = CARTESIAN_POINT('',(-0.830037609513,-0.636157487455));
#6331 = CARTESIAN_POINT('',(-0.829695999498,-0.640534747261));
#6332 = CARTESIAN_POINT('',(-0.829352986534,-0.644912885417));
#6333 = CARTESIAN_POINT('',(-0.829008349267,-0.649291756095));
#6334 = CARTESIAN_POINT('',(-0.828300040027,-0.658250266455));
#6335 = CARTESIAN_POINT('',(-0.827936214671,-0.662829973261));
#6336 = CARTESIAN_POINT('',(-0.827570584295,-0.667410461755));
#6337 = CARTESIAN_POINT('',(-0.827203378706,-0.671991885223));
#6338 = CARTESIAN_POINT('',(-0.826835071528,-0.676574559464));
#6339 = CARTESIAN_POINT('',(-0.826161801859,-0.684946168744));
#6340 = CARTESIAN_POINT('',(-0.825856960408,-0.688734554137));
#6341 = CARTESIAN_POINT('',(-0.825552260256,-0.692524388897));
#6342 = CARTESIAN_POINT('',(-0.8252482154,-0.696316016274));
#6343 = CARTESIAN_POINT('',(-0.82494544943,-0.70010985285));
#6344 = CARTESIAN_POINT('',(-0.824343947444,-0.70770285078));
#6345 = CARTESIAN_POINT('',(-0.824045269267,-0.711502050226));
#6346 = CARTESIAN_POINT('',(-0.823747904592,-0.715303489179));
#6347 = CARTESIAN_POINT('',(-0.823451214082,-0.719106746876));
#6348 = CARTESIAN_POINT('',(-0.823154675475,-0.722911479491));
#6349 = CARTESIAN_POINT('',(-0.822529843442,-0.73092407563));
#6350 = CARTESIAN_POINT('',(-0.822201494788,-0.735132207548));
#6351 = CARTESIAN_POINT('',(-0.821872293335,-0.73934145702));
#6352 = CARTESIAN_POINT('',(-0.821541871652,-0.743551581739));
#6353 = CARTESIAN_POINT('',(-0.821210039147,-0.747762455957));
#6354 = CARTESIAN_POINT('',(-0.820527637948,-0.756386461483));
#6355 = CARTESIAN_POINT('',(-0.820176929424,-0.760799664842));
#6356 = CARTESIAN_POINT('',(-0.819824641674,-0.765213670598));
#6357 = CARTESIAN_POINT('',(-0.819470968995,-0.769628608115));
#6358 = CARTESIAN_POINT('',(-0.819116314815,-0.774044746092));
#6359 = CARTESIAN_POINT('',(-0.818422398462,-0.78267952599));
#6360 = CARTESIAN_POINT('',(-0.818083164012,-0.786898021768));
#6361 = CARTESIAN_POINT('',(-0.817744129515,-0.791118340753));
#6362 = CARTESIAN_POINT('',(-0.817405996718,-0.795340951251));
#6363 = CARTESIAN_POINT('',(-0.817069627949,-0.799566429023));
#6364 = CARTESIAN_POINT('',(-0.816450125203,-0.807420257784));
#6365 = CARTESIAN_POINT('',(-0.816166141679,-0.811047593548));
#6366 = CARTESIAN_POINT('',(-0.815883417656,-0.814677019011));
#6367 = CARTESIAN_POINT('',(-0.815601372182,-0.818308152276));
#6368 = CARTESIAN_POINT('',(-0.815319521239,-0.821940675119));
#6369 = CARTESIAN_POINT('',(-0.814661410277,-0.830419332118));
#6370 = CARTESIAN_POINT('',(-0.814285000402,-0.835266349204));
#6371 = CARTESIAN_POINT('',(-0.813907331688,-0.840114780841));
#6372 = CARTESIAN_POINT('',(-0.813527794521,-0.844964225691));
#6373 = CARTESIAN_POINT('',(-0.813146086094,-0.849814484483));
#6374 = CARTESIAN_POINT('',(-0.812378310838,-0.859516937516));
#6375 = CARTESIAN_POINT('',(-0.81199224243,-0.864369131505));
#6376 = CARTESIAN_POINT('',(-0.811604010813,-0.86922214584));
#6377 = CARTESIAN_POINT('',(-0.811213921911,-0.874076184689));
#6378 = CARTESIAN_POINT('',(-0.810822581954,-0.878931652522));
#6379 = CARTESIAN_POINT('',(-0.810202408712,-0.88662277297));
#6380 = CARTESIAN_POINT('',(-0.809973802253,-0.889457083661));
#6381 = CARTESIAN_POINT('',(-0.809745257704,-0.89229220613));
#6382 = CARTESIAN_POINT('',(-0.809516988305,-0.895128282846));
#6383 = CARTESIAN_POINT('',(-0.809289240936,-0.89796547881));
#6384 = CARTESIAN_POINT('',(-0.808835353698,-0.903642454131));
#6385 = CARTESIAN_POINT('',(-0.808609264186,-0.906482266785));
#6386 = CARTESIAN_POINT('',(-0.808384164224,-0.909323511752));
#6387 = CARTESIAN_POINT('',(-0.8081593582,-0.912165728145));
#6388 = CARTESIAN_POINT('',(-0.807934951697,-0.915008987074));
#6389 = CARTESIAN_POINT('',(-0.807374210404,-0.922119309486));
#6390 = CARTESIAN_POINT('',(-0.807038061308,-0.92638746881));
#6391 = CARTESIAN_POINT('',(-0.806701644825,-0.930657203142));
#6392 = CARTESIAN_POINT('',(-0.806364582079,-0.93492826223));
#6393 = CARTESIAN_POINT('',(-0.806026679814,-0.939200518273));
#6394 = CARTESIAN_POINT('',(-0.805268510637,-0.948765099378));
#6395 = CARTESIAN_POINT('',(-0.804847790459,-0.954058058831));
#6396 = CARTESIAN_POINT('',(-0.804425758426,-0.959352835871));
#6397 = CARTESIAN_POINT('',(-0.804002830085,-0.964649706599));
#6398 = CARTESIAN_POINT('',(-0.803579847969,-0.96994923162));
#6399 = CARTESIAN_POINT('',(-0.802817425261,-0.979535453969));
#6400 = CARTESIAN_POINT('',(-0.802477560162,-0.983820933424));
#6401 = CARTESIAN_POINT('',(-0.802139155012,-0.988109140208));
#6402 = CARTESIAN_POINT('',(-0.801803052551,-0.992400636012));
#6403 = CARTESIAN_POINT('',(-0.801470269543,-0.996696098423));
#6404 = CARTESIAN_POINT('',(-0.800782478696,-1.005705842707));
#6405 = CARTESIAN_POINT('',(-0.800428672622,-1.010421271966));
#6406 = CARTESIAN_POINT('',(-0.800078399615,-1.015141180362));
#6407 = CARTESIAN_POINT('',(-0.799729621956,-1.019864229901));
#6408 = CARTESIAN_POINT('',(-0.799380556735,-1.024589248911));
#6409 = CARTESIAN_POINT('',(-0.79841969464,-1.037535413318));
#6410 = CARTESIAN_POINT('',(-0.797804416783,-1.045758644484));
#6411 = CARTESIAN_POINT('',(-0.797176273254,-1.053979932724));
#6412 = CARTESIAN_POINT('',(-0.796530140241,-1.062195876918));
#6413 = CARTESIAN_POINT('',(-0.795863452736,-1.070404743606));
#6414 = CARTESIAN_POINT('',(-0.794935620156,-1.081477637143));
#6415 = CARTESIAN_POINT('',(-0.794692515853,-1.08434793265));
#6416 = CARTESIAN_POINT('',(-0.794446891248,-1.087217351292));
#6417 = CARTESIAN_POINT('',(-0.794198783815,-1.090085916181));
#6418 = CARTESIAN_POINT('',(-0.793948268884,-1.092953675763));
#6419 = CARTESIAN_POINT('',(-0.793424562946,-1.098892855677));
#6420 = CARTESIAN_POINT('',(-0.793151053459,-1.101964182035));
#6421 = CARTESIAN_POINT('',(-0.792874907561,-1.105034664511));
#6422 = CARTESIAN_POINT('',(-0.792596655106,-1.108104656321));
#6423 = CARTESIAN_POINT('',(-0.792316987214,-1.111174619731));
#6424 = CARTESIAN_POINT('',(-0.79169960079,-1.11792932601));
#6425 = CARTESIAN_POINT('',(-0.79136149939,-1.12161421716));
#6426 = CARTESIAN_POINT('',(-0.791023055219,-1.125300205185));
#6427 = CARTESIAN_POINT('',(-0.790685352294,-1.128988018756));
#6428 = CARTESIAN_POINT('',(-0.790349563314,-1.132678446994));
#6429 = CARTESIAN_POINT('',(-0.789591996132,-1.141091726681));
#6430 = CARTESIAN_POINT('',(-0.78917222266,-1.145816763524));
#6431 = CARTESIAN_POINT('',(-0.788760262838,-1.150549226857));
#6432 = CARTESIAN_POINT('',(-0.788358968064,-1.155291031443));
#6433 = CARTESIAN_POINT('',(-0.787971407544,-1.160044229942));
#6434 = CARTESIAN_POINT('',(-0.787149946871,-1.170611867977));
#6435 = CARTESIAN_POINT('',(-0.786724220936,-1.176432818597));
#6436 = CARTESIAN_POINT('',(-0.78632962694,-1.182277832176));
#6437 = CARTESIAN_POINT('',(-0.785972512159,-1.188151081138));
#6438 = CARTESIAN_POINT('',(-0.785659634678,-1.194056942925));
#6439 = CARTESIAN_POINT('',(-0.785398163397,-1.2));
#6440 = ( GEOMETRIC_REPRESENTATION_CONTEXT(2)
PARAMETRIC_REPRESENTATION_CONTEXT() REPRESENTATION_CONTEXT('2D SPACE',''
  ) );
#6441 = ADVANCED_FACE('',(#6442),#4858,.T.);
#6442 = FACE_BOUND('',#6443,.T.);
#6443 = EDGE_LOOP('',(#6444,#6445,#6446,#6532));
#6444 = ORIENTED_EDGE('',*,*,#5658,.F.);
#6445 = ORIENTED_EDGE('',*,*,#4836,.T.);
#6446 = ORIENTED_EDGE('',*,*,#6447,.T.);
#6447 = EDGE_CURVE('',#3799,#6448,#6450,.T.);
#6448 = VERTEX_POINT('',#6449);
#6449 = CARTESIAN_POINT('',(-1.315828831832,13.938021233947,
    73.80992297169));
#6450 = SURFACE_CURVE('',#6451,(#6518,#6525),.PCURVE_S1.);
#6451 = ( BOUNDED_CURVE() B_SPLINE_CURVE(9,(#6452,#6453,#6454,#6455,
    #6456,#6457,#6458,#6459,#6460,#6461,#6462,#6463,#6464,#6465,#6466,
    #6467,#6468,#6469,#6470,#6471,#6472,#6473,#6474,#6475,#6476,#6477,
    #6478,#6479,#6480,#6481,#6482,#6483,#6484,#6485,#6486,#6487,#6488,
    #6489,#6490,#6491,#6492,#6493,#6494,#6495,#6496,#6497,#6498,#6499,
    #6500,#6501,#6502,#6503,#6504,#6505,#6506,#6507,#6508,#6509,#6510,
    #6511,#6512,#6513,#6514,#6515,#6516,#6517),.UNSPECIFIED.,.F.,.F.)
B_SPLINE_CURVE_WITH_KNOTS((10,8,8,8,8,8,8,8,10),(0.,2.75,5.5,8.25,11.,
13.75,16.5,19.25,22.),.UNSPECIFIED.) CURVE()
GEOMETRIC_REPRESENTATION_ITEM() RATIONAL_B_SPLINE_CURVE((1.007744716361,
    1.007744716361,1.007744716361,1.007744716361,1.007744716361,
    1.007744716361,1.007744716361,1.007744716361,1.007744716361,
    1.007744716361,1.007744716361,1.007744716361,1.007744716361,
    1.007744716361,1.007744716361,1.007744716361,1.007744716361,
    1.007744716361,1.007744716361,1.007744716361,1.007744716361,
    1.007744716361,1.007744716361,1.007744716361,1.007744716361,
    1.007744716361,1.007744716361,1.007744716361,1.007744716361,
    1.007744716361,1.007744716361,1.007744716361,1.007744716361,
    1.007744716361,1.007744716361,1.007744716361,1.007744716361,
    1.007744716361,1.007744716361,1.007744716361,1.007744716361,
    1.007744716361,1.007744716361,1.007744716361,1.007744716361,
    1.007744716361,1.007744716361,1.007744716361,1.007744716361,
    1.007744716361,1.007744716361,1.007744716361,1.007744716361,
    1.007744716361,1.007744716361,1.007744716361,1.007744716361,
    1.007744716361,1.007744716361,1.007744716361,1.007744716361,
    1.007744716361,1.007744716361,1.007744716361,1.007744716361,
1.007744716361)) REPRESENTATION_ITEM('') );
#6452 = CARTESIAN_POINT('',(12.934313455158,5.357568053111,53.));
#6453 = CARTESIAN_POINT('',(10.362865388424,11.56559285076,
    53.305555555555));
#6454 = CARTESIAN_POINT('',(4.438454324145,16.385924599659,
    53.611111111113));
#6455 = CARTESIAN_POINT('',(-3.974849845584,17.743050658476,
    53.916666666664));
#6456 = CARTESIAN_POINT('',(-12.55996757469,14.215828277827,
    54.222222222226));
#6457 = CARTESIAN_POINT('',(-17.93998311259,6.16360738717,
    54.527777777774));
#6458 = CARTESIAN_POINT('',(-17.9136823428,-3.117631414331,
    54.833333333336));
#6459 = CARTESIAN_POINT('',(-13.44006442501,-10.37123130429,
    55.138888888888));
#6460 = CARTESIAN_POINT('',(-6.719514394969,-14.,55.444444444445));
#6461 = CARTESIAN_POINT('',(6.719514394969,-14.,56.055555555556));
#6462 = CARTESIAN_POINT('',(13.440064425019,-10.3712313043,
    56.36111111111));
#6463 = CARTESIAN_POINT('',(17.913682342798,-3.117631414297,
    56.666666666669));
#6464 = CARTESIAN_POINT('',(17.939983112604,6.163607387089,
    56.972222222218));
#6465 = CARTESIAN_POINT('',(12.559967574695,14.215828277945,
    57.277777777782));
#6466 = CARTESIAN_POINT('',(3.974849845566,17.743050658364,
    57.583333333331));
#6467 = CARTESIAN_POINT('',(-4.438454324125,16.385924599728,
    57.88888888889));
#6468 = CARTESIAN_POINT('',(-10.36286538843,11.565592850738,
    58.194444444444));
#6469 = CARTESIAN_POINT('',(-15.50576152188,-0.850456744518,
    58.805555555556));
#6470 = CARTESIAN_POINT('',(-14.72505955105,-8.44813724989,
    59.111111111111));
#6471 = CARTESIAN_POINT('',(-9.735588159478,-15.35687471948,
    59.416666666667));
#6472 = CARTESIAN_POINT('',(-1.170870331955,-18.93334681905,
    59.722222222222));
#6473 = CARTESIAN_POINT('',(8.327155133303,-17.04381229327,
    60.027777777778));
#6474 = CARTESIAN_POINT('',(14.871384574907,-10.46238794632,
    60.333333333333));
#6475 = CARTESIAN_POINT('',(16.837128679044,-2.169992709985,
    60.638888888889));
#6476 = CARTESIAN_POINT('',(14.650909131574,5.148080741649,
    60.944444444444));
#6477 = CARTESIAN_POINT('',(5.148080741649,14.650909131575,
    61.555555555555));
#6478 = CARTESIAN_POINT('',(-2.169992709982,16.837128679042,
    61.861111111112));
#6479 = CARTESIAN_POINT('',(-10.46238794634,14.871384574907,
    62.166666666665));
#6480 = CARTESIAN_POINT('',(-17.04381229323,8.327155133311,
    62.472222222224));
#6481 = CARTESIAN_POINT('',(-18.93334681912,-1.170870331974,
    62.777777777776));
#6482 = CARTESIAN_POINT('',(-15.35687471942,-9.735588159457,
    63.083333333335));
#6483 = CARTESIAN_POINT('',(-8.448137249922,-14.72505955106,
    63.388888888888));
#6484 = CARTESIAN_POINT('',(-0.85045674451,-15.50576152188,
    63.694444444445));
#6485 = CARTESIAN_POINT('',(11.565592850746,-10.36286538842,
    64.305555555555));
#6486 = CARTESIAN_POINT('',(16.385924599685,-4.438454324146,
    64.611111111111));
#6487 = CARTESIAN_POINT('',(17.74305065844,3.974849845588,
    64.916666666667));
#6488 = CARTESIAN_POINT('',(14.215828277865,12.559967574685,
    65.222222222222));
#6489 = CARTESIAN_POINT('',(6.163607387141,17.939983112604,
    65.527777777778));
#6490 = CARTESIAN_POINT('',(-3.117631414317,17.913682342799,
    65.833333333333));
#6491 = CARTESIAN_POINT('',(-10.3712313043,13.440064425019,
    66.138888888889));
#6492 = CARTESIAN_POINT('',(-14.,6.719514394968,66.444444444444));
#6493 = CARTESIAN_POINT('',(-14.,-6.719514394968,67.055555555556));
#6494 = CARTESIAN_POINT('',(-10.3712313043,-13.44006442502,
    67.361111111111));
#6495 = CARTESIAN_POINT('',(-3.117631414282,-17.91368234279,
    67.666666666668));
#6496 = CARTESIAN_POINT('',(6.163607387047,-17.93998311261,
    67.972222222221));
#6497 = CARTESIAN_POINT('',(14.215828278016,-12.55996757468,
    68.277777777779));
#6498 = CARTESIAN_POINT('',(17.743050658281,-3.974849845564,
    68.583333333332));
#6499 = CARTESIAN_POINT('',(16.385924599788,4.438454324108,
    68.888888888889));
#6500 = CARTESIAN_POINT('',(11.565592850716,10.362865388443,
    69.194444444444));
#6501 = CARTESIAN_POINT('',(-0.850456744502,15.505761521876,
    69.805555555556));
#6502 = CARTESIAN_POINT('',(-8.448137249929,14.725059551077,
    70.111111111111));
#6503 = CARTESIAN_POINT('',(-15.35687471943,9.735588159422,
    70.416666666666));
#6504 = CARTESIAN_POINT('',(-18.93334681909,1.170870332028,
    70.722222222223));
#6505 = CARTESIAN_POINT('',(-17.04381229325,-8.327155133361,
    71.027777777776));
#6506 = CARTESIAN_POINT('',(-10.46238794633,-14.87138457488,
    71.333333333334));
#6507 = CARTESIAN_POINT('',(-2.169992709985,-16.83712867904,
    71.638888888888));
#6508 = CARTESIAN_POINT('',(5.148080741649,-14.65090913157,
    71.944444444445));
#6509 = CARTESIAN_POINT('',(14.650909131575,-5.148080741649,
    72.555555555556));
#6510 = CARTESIAN_POINT('',(16.837128679055,2.169992709971,
    72.861111111111));
#6511 = CARTESIAN_POINT('',(14.871384574849,10.462387946399,
    73.166666666666));
#6512 = CARTESIAN_POINT('',(8.32715513344,17.0438122931,73.472222222223)
  );
#6513 = CARTESIAN_POINT('',(-1.170870332144,18.933346819323,
    73.777777777778));
#6514 = CARTESIAN_POINT('',(-9.735588159316,15.356874719222,
    74.083333333333));
#6515 = CARTESIAN_POINT('',(-14.72505955113,8.448137250053,
    74.388888888889));
#6516 = CARTESIAN_POINT('',(-15.50576152186,0.850456744461,
    74.694444444444));
#6517 = CARTESIAN_POINT('',(-12.93431345515,-5.357568053111,75.));
#6518 = PCURVE('',#4858,#6519);
#6519 = DEFINITIONAL_REPRESENTATION('',(#6520),#6524);
#6520 = LINE('',#6521,#6522);
#6521 = CARTESIAN_POINT('',(0.785398163397,0.));
#6522 = VECTOR('',#6523,1.);
#6523 = DIRECTION('',(0.,1.));
#6524 = ( GEOMETRIC_REPRESENTATION_CONTEXT(2)
PARAMETRIC_REPRESENTATION_CONTEXT() REPRESENTATION_CONTEXT('2D SPACE',''
  ) );
#6525 = PCURVE('',#3838,#6526);
#6526 = DEFINITIONAL_REPRESENTATION('',(#6527),#6531);
#6527 = LINE('',#6528,#6529);
#6528 = CARTESIAN_POINT('',(0.,0.));
#6529 = VECTOR('',#6530,1.);
#6530 = DIRECTION('',(0.,1.));
#6531 = ( GEOMETRIC_REPRESENTATION_CONTEXT(2)
PARAMETRIC_REPRESENTATION_CONTEXT() REPRESENTATION_CONTEXT('2D SPACE',''
  ) );
#6532 = ORIENTED_EDGE('',*,*,#6533,.T.);
#6533 = EDGE_CURVE('',#6448,#5659,#6534,.T.);
#6534 = SURFACE_CURVE('',#6535,(#6550,#6568),.PCURVE_S1.);
#6535 = B_SPLINE_CURVE_WITH_KNOTS('',4,(#6536,#6537,#6538,#6539,#6540,
    #6541,#6542,#6543,#6544,#6545,#6546,#6547,#6548,#6549),
  .UNSPECIFIED.,.F.,.F.,(5,3,3,3,5),(0.,0.249999999575,0.5,
    0.750000000425,1.),.UNSPECIFIED.);
#6536 = CARTESIAN_POINT('',(-1.315828831832,13.938021233947,
    73.809922971691));
#6537 = CARTESIAN_POINT('',(-0.631648516396,14.002611764418,
    73.809922971691));
#6538 = CARTESIAN_POINT('',(5.67634812721E-02,14.022423032266,
    73.80992297169));
#6539 = CARTESIAN_POINT('',(0.744992526138,13.997039051516,
    73.80992297169));
#6540 = CARTESIAN_POINT('',(2.112262468871,13.856784018649,
    73.80992297169));
#6541 = CARTESIAN_POINT('',(2.791311811813,13.741912099914,
    73.80992297169));
#6542 = CARTESIAN_POINT('',(3.461364561821,13.582749038652,
    73.80992297169));
#6543 = CARTESIAN_POINT('',(4.775000398512,13.178447832391,
    73.80992297169));
#6544 = CARTESIAN_POINT('',(5.41859159904,12.933307190172,73.80992297169
    ));
#6545 = CARTESIAN_POINT('',(6.044718300372,12.646481595528,
    73.80992297169));
#6546 = CARTESIAN_POINT('',(7.254237738059,11.993671285865,
    73.809922971691));
#6547 = CARTESIAN_POINT('',(7.837637945307,11.627682538964,
    73.80992297169));
#6548 = CARTESIAN_POINT('',(8.395776898281,11.224216959217,
    73.809922971691));
#6549 = CARTESIAN_POINT('',(8.925237840977,10.786100820715,
    73.809922971691));
#6550 = PCURVE('',#4858,#6551);
#6551 = DEFINITIONAL_REPRESENTATION('',(#6552),#6567);
#6552 = B_SPLINE_CURVE_WITH_KNOTS('',4,(#6553,#6554,#6555,#6556,#6557,
    #6558,#6559,#6560,#6561,#6562,#6563,#6564,#6565,#6566),
  .UNSPECIFIED.,.F.,.F.,(5,3,3,3,5),(0.,0.249999999575,0.5,
    0.750000000425,1.),.UNSPECIFIED.);
#6553 = CARTESIAN_POINT('',(0.785398163397,20.80992297169));
#6554 = CARTESIAN_POINT('',(0.736310824992,20.809922971691));
#6555 = CARTESIAN_POINT('',(0.687223392092,20.80992297169));
#6556 = CARTESIAN_POINT('',(0.638135957053,20.80992297169));
#6557 = CARTESIAN_POINT('',(0.539961287876,20.80992297169));
#6558 = CARTESIAN_POINT('',(0.490873852294,20.80992297169));
#6559 = CARTESIAN_POINT('',(0.441786416732,20.80992297169));
#6560 = CARTESIAN_POINT('',(0.343611746666,20.80992297169));
#6561 = CARTESIAN_POINT('',(0.294524311104,20.80992297169));
#6562 = CARTESIAN_POINT('',(0.245436875522,20.80992297169));
#6563 = CARTESIAN_POINT('',(0.147262206344,20.80992297169));
#6564 = CARTESIAN_POINT('',(9.817477130538E-02,20.80992297169));
#6565 = CARTESIAN_POINT('',(4.908733840504E-02,20.809922971691));
#6566 = CARTESIAN_POINT('',(0.,20.809922971691));
#6567 = ( GEOMETRIC_REPRESENTATION_CONTEXT(2)
PARAMETRIC_REPRESENTATION_CONTEXT() REPRESENTATION_CONTEXT('2D SPACE',''
  ) );
#6568 = PCURVE('',#6206,#6569);
#6569 = DEFINITIONAL_REPRESENTATION('',(#6570),#6585);
#6570 = B_SPLINE_CURVE_WITH_KNOTS('',4,(#6571,#6572,#6573,#6574,#6575,
    #6576,#6577,#6578,#6579,#6580,#6581,#6582,#6583,#6584),
  .UNSPECIFIED.,.F.,.F.,(5,3,3,3,5),(0.,0.249999999575,0.5,
    0.750000000425,1.),.UNSPECIFIED.);
#6571 = CARTESIAN_POINT('',(-1.664923068323,-9.922971690506E-03));
#6572 = CARTESIAN_POINT('',(-1.615835733475,-9.922971690521E-03));
#6573 = CARTESIAN_POINT('',(-1.56674829807,-9.922971690502E-03));
#6574 = CARTESIAN_POINT('',(-1.517660862677,-9.922971690499E-03));
#6575 = CARTESIAN_POINT('',(-1.419486192774,-9.922971690495E-03));
#6576 = CARTESIAN_POINT('',(-1.370398757216,-9.922971690499E-03));
#6577 = CARTESIAN_POINT('',(-1.321311321657,-9.922971690499E-03));
#6578 = CARTESIAN_POINT('',(-1.223136651591,-9.922971690502E-03));
#6579 = CARTESIAN_POINT('',(-1.174049216033,-9.922971690501E-03));
#6580 = CARTESIAN_POINT('',(-1.124961780475,-9.922971690502E-03));
#6581 = CARTESIAN_POINT('',(-1.026787110572,-9.922971690506E-03));
#6582 = CARTESIAN_POINT('',(-0.977699675178,-9.922971690499E-03));
#6583 = CARTESIAN_POINT('',(-0.928612239774,-9.922971690528E-03));
#6584 = CARTESIAN_POINT('',(-0.879524904926,-9.922971690518E-03));
#6585 = ( GEOMETRIC_REPRESENTATION_CONTEXT(2)
PARAMETRIC_REPRESENTATION_CONTEXT() REPRESENTATION_CONTEXT('2D SPACE',''
  ) );
#6586 = ADVANCED_FACE('',(#6587),#3838,.T.);
#6587 = FACE_BOUND('',#6588,.T.);
#6588 = EDGE_LOOP('',(#6589,#6590,#6591,#6677));
#6589 = ORIENTED_EDGE('',*,*,#6447,.F.);
#6590 = ORIENTED_EDGE('',*,*,#3798,.T.);
#6591 = ORIENTED_EDGE('',*,*,#6592,.T.);
#6592 = EDGE_CURVE('',#3305,#6593,#6595,.T.);
#6593 = VERTEX_POINT('',#6594);
#6594 = CARTESIAN_POINT('',(9.050966799188,-9.050966799188,75.));
#6595 = SURFACE_CURVE('',#6596,(#6663,#6670),.PCURVE_S1.);
#6596 = B_SPLINE_CURVE_WITH_KNOTS('',9,(#6597,#6598,#6599,#6600,#6601,
    #6602,#6603,#6604,#6605,#6606,#6607,#6608,#6609,#6610,#6611,#6612,
    #6613,#6614,#6615,#6616,#6617,#6618,#6619,#6620,#6621,#6622,#6623,
    #6624,#6625,#6626,#6627,#6628,#6629,#6630,#6631,#6632,#6633,#6634,
    #6635,#6636,#6637,#6638,#6639,#6640,#6641,#6642,#6643,#6644,#6645,
    #6646,#6647,#6648,#6649,#6650,#6651,#6652,#6653,#6654,#6655,#6656,
    #6657,#6658,#6659,#6660,#6661,#6662),.UNSPECIFIED.,.F.,.F.,(10,8,8,8
    ,8,8,8,8,10),(0.,2.75,5.5,8.25,11.,13.75,16.5,19.25,22.),
  .UNSPECIFIED.);
#6597 = CARTESIAN_POINT('',(-9.050966799188,9.050966799188,53.));
#6598 = CARTESIAN_POINT('',(-13.39511900539,4.706814592977,
    53.305555555556));
#6599 = CARTESIAN_POINT('',(-15.39395958313,-1.984022639734,
    53.611111111111));
#6600 = CARTESIAN_POINT('',(-13.59664655143,-9.565489320003,
    53.916666666667));
#6601 = CARTESIAN_POINT('',(-7.613459457557,-15.58313959363,
    54.222222222222));
#6602 = CARTESIAN_POINT('',(1.070540436716,-17.31025704411,
    54.527777777778));
#6603 = CARTESIAN_POINT('',(8.901106558955,-14.04070269983,
    54.833333333333));
#6604 = CARTESIAN_POINT('',(13.462910458839,-7.723979012137,
    55.138888888889));
#6605 = CARTESIAN_POINT('',(14.176695120138,-0.777557727831,
    55.444444444444));
#6606 = CARTESIAN_POINT('',(9.474620912151,10.574253596377,
    56.055555555556));
#6607 = CARTESIAN_POINT('',(4.058037342733,14.981393217181,
    56.361111111111));
#6608 = CARTESIAN_POINT('',(-3.6342432838,16.222308899559,
    56.666666666667));
#6609 = CARTESIAN_POINT('',(-11.48321373757,12.997186542346,
    56.972222222222));
#6610 = CARTESIAN_POINT('',(-16.40247248966,5.635414868068,
    57.277777777778));
#6611 = CARTESIAN_POINT('',(-16.37810334135,-2.850458614351,
    57.583333333333));
#6612 = CARTESIAN_POINT('',(-12.28808907319,-9.482257347972,
    57.888888888889));
#6613 = CARTESIAN_POINT('',(-6.143558967015,-12.8,58.194444444444));
#6614 = CARTESIAN_POINT('',(6.143558967018,-12.79999999999,
    58.805555555555));
#6615 = CARTESIAN_POINT('',(12.288089073186,-9.482257347974,
    59.111111111112));
#6616 = CARTESIAN_POINT('',(16.378103341374,-2.850458614353,
    59.416666666665));
#6617 = CARTESIAN_POINT('',(16.40247248965,5.635414868076,
    59.722222222224));
#6618 = CARTESIAN_POINT('',(11.483213737575,12.997186542337,
    60.027777777776));
#6619 = CARTESIAN_POINT('',(3.634243283802,16.222308899564,
    60.333333333334));
#6620 = CARTESIAN_POINT('',(-4.058037342734,14.98139321718,
    60.638888888888));
#6621 = CARTESIAN_POINT('',(-9.474620912151,10.574253596377,
    60.944444444445));
#6622 = CARTESIAN_POINT('',(-14.17669512013,-0.777557727831,
    61.555555555555));
#6623 = CARTESIAN_POINT('',(-13.46291045884,-7.723979012133,
    61.861111111112));
#6624 = CARTESIAN_POINT('',(-8.901106558918,-14.04070269985,
    62.166666666664));
#6625 = CARTESIAN_POINT('',(-1.070540436802,-17.31025704405,
    62.472222222226));
#6626 = CARTESIAN_POINT('',(7.613459457677,-15.58313959371,
    62.777777777774));
#6627 = CARTESIAN_POINT('',(13.596646551327,-9.56548931992,
    63.083333333336));
#6628 = CARTESIAN_POINT('',(15.3939595832,-1.984022639788,
    63.388888888888));
#6629 = CARTESIAN_POINT('',(13.395119005383,4.706814592997,
    63.694444444445));
#6630 = CARTESIAN_POINT('',(4.706814592984,13.395119005388,
    64.305555555555));
#6631 = CARTESIAN_POINT('',(-1.984022639743,15.393959583163,
    64.611111111112));
#6632 = CARTESIAN_POINT('',(-9.565489319993,13.596646551401,
    64.916666666664));
#6633 = CARTESIAN_POINT('',(-15.58313959364,7.613459457593,
    65.222222222225));
#6634 = CARTESIAN_POINT('',(-17.3102570441,-1.070540436744,
    65.527777777776));
#6635 = CARTESIAN_POINT('',(-14.04070269983,-8.901106558942,
    65.833333333335));
#6636 = CARTESIAN_POINT('',(-7.723979012137,-13.46291045884,
    66.138888888888));
#6637 = CARTESIAN_POINT('',(-0.777557727831,-14.17669512013,
    66.444444444445));
#6638 = CARTESIAN_POINT('',(10.574253596377,-9.474620912151,
    67.055555555555));
#6639 = CARTESIAN_POINT('',(14.981393217184,-4.058037342735,
    67.361111111113));
#6640 = CARTESIAN_POINT('',(16.222308899546,3.63424328381,
    67.666666666664));
#6641 = CARTESIAN_POINT('',(12.997186542371,11.483213737542,
    67.972222222226));
#6642 = CARTESIAN_POINT('',(5.635414868037,16.402472489716,
    68.277777777775));
#6643 = CARTESIAN_POINT('',(-2.850458614324,16.378103341289,
    68.583333333335));
#6644 = CARTESIAN_POINT('',(-9.482257347979,12.288089073254,
    68.888888888888));
#6645 = CARTESIAN_POINT('',(-12.8,6.143558966993,69.194444444445));
#6646 = CARTESIAN_POINT('',(-12.79999999999,-6.143558967001,
    69.805555555555));
#6647 = CARTESIAN_POINT('',(-9.482257347983,-12.28808907322,
    70.111111111112));
#6648 = CARTESIAN_POINT('',(-2.850458614323,-16.37810334131,
    70.416666666664));
#6649 = CARTESIAN_POINT('',(5.635414868028,-16.4024724897,
    70.722222222225));
#6650 = CARTESIAN_POINT('',(12.997186542379,-11.48321373753,
    71.027777777775));
#6651 = CARTESIAN_POINT('',(16.222308899544,-3.634243283814,
    71.333333333335));
#6652 = CARTESIAN_POINT('',(14.981393217184,4.058037342736,
    71.638888888888));
#6653 = CARTESIAN_POINT('',(10.574253596377,9.474620912151,
    71.944444444445));
#6654 = CARTESIAN_POINT('',(-0.777557727831,14.176695120138,
    72.555555555555));
#6655 = CARTESIAN_POINT('',(-7.723979012128,13.462910458861,
    72.861111111112));
#6656 = CARTESIAN_POINT('',(-14.04070269988,8.90110655885,
    73.166666666665));
#6657 = CARTESIAN_POINT('',(-17.31025704399,1.070540436957,
    73.472222222225));
#6658 = CARTESIAN_POINT('',(-15.58313959382,-7.613459457891,
    73.777777777775));
#6659 = CARTESIAN_POINT('',(-9.565489319799,-13.59664655113,
    74.083333333335));
#6660 = CARTESIAN_POINT('',(-1.984022639874,-15.39395958331,
    74.388888888888));
#6661 = CARTESIAN_POINT('',(4.70681459303,-13.39511900534,
    74.694444444445));
#6662 = CARTESIAN_POINT('',(9.050966799188,-9.050966799188,75.));
#6663 = PCURVE('',#3838,#6664);
#6664 = DEFINITIONAL_REPRESENTATION('',(#6665),#6669);
#6665 = LINE('',#6666,#6667);
#6666 = CARTESIAN_POINT('',(26.308714134368,0.));
#6667 = VECTOR('',#6668,1.);
#6668 = DIRECTION('',(0.,1.));
#6669 = ( GEOMETRIC_REPRESENTATION_CONTEXT(2)
PARAMETRIC_REPRESENTATION_CONTEXT() REPRESENTATION_CONTEXT('2D SPACE',''
  ) );
#6670 = PCURVE('',#3328,#6671);
#6671 = DEFINITIONAL_REPRESENTATION('',(#6672),#6676);
#6672 = LINE('',#6673,#6674);
#6673 = CARTESIAN_POINT('',(0.,0.));
#6674 = VECTOR('',#6675,1.);
#6675 = DIRECTION('',(0.,1.));
#6676 = ( GEOMETRIC_REPRESENTATION_CONTEXT(2)
PARAMETRIC_REPRESENTATION_CONTEXT() REPRESENTATION_CONTEXT('2D SPACE',''
  ) );
#6677 = ORIENTED_EDGE('',*,*,#6678,.T.);
#6678 = EDGE_CURVE('',#6593,#6448,#6679,.T.);
#6679 = SURFACE_CURVE('',#6680,(#6886,#7095),.PCURVE_S1.);
#6680 = B_SPLINE_CURVE_WITH_KNOTS('',8,(#6681,#6682,#6683,#6684,#6685,
    #6686,#6687,#6688,#6689,#6690,#6691,#6692,#6693,#6694,#6695,#6696,
    #6697,#6698,#6699,#6700,#6701,#6702,#6703,#6704,#6705,#6706,#6707,
    #6708,#6709,#6710,#6711,#6712,#6713,#6714,#6715,#6716,#6717,#6718,
    #6719,#6720,#6721,#6722,#6723,#6724,#6725,#6726,#6727,#6728,#6729,
    #6730,#6731,#6732,#6733,#6734,#6735,#6736,#6737,#6738,#6739,#6740,
    #6741,#6742,#6743,#6744,#6745,#6746,#6747,#6748,#6749,#6750,#6751,
    #6752,#6753,#6754,#6755,#6756,#6757,#6758,#6759,#6760,#6761,#6762,
    #6763,#6764,#6765,#6766,#6767,#6768,#6769,#6770,#6771,#6772,#6773,
    #6774,#6775,#6776,#6777,#6778,#6779,#6780,#6781,#6782,#6783,#6784,
    #6785,#6786,#6787,#6788,#6789,#6790,#6791,#6792,#6793,#6794,#6795,
    #6796,#6797,#6798,#6799,#6800,#6801,#6802,#6803,#6804,#6805,#6806,
    #6807,#6808,#6809,#6810,#6811,#6812,#6813,#6814,#6815,#6816,#6817,
    #6818,#6819,#6820,#6821,#6822,#6823,#6824,#6825,#6826,#6827,#6828,
    #6829,#6830,#6831,#6832,#6833,#6834,#6835,#6836,#6837,#6838,#6839,
    #6840,#6841,#6842,#6843,#6844,#6845,#6846,#6847,#6848,#6849,#6850,
    #6851,#6852,#6853,#6854,#6855,#6856,#6857,#6858,#6859,#6860,#6861,
    #6862,#6863,#6864,#6865,#6866,#6867,#6868,#6869,#6870,#6871,#6872,
    #6873,#6874,#6875,#6876,#6877,#6878,#6879,#6880,#6881,#6882,#6883,
    #6884,#6885),.UNSPECIFIED.,.F.,.F.,(9,7,7,7,7,7,7,7,7,7,7,7,7,7,7,7,
    7,7,7,7,7,7,7,7,7,7,7,7,7,9),(0.,8.101401113527E-02,0.12098527997,
    0.141007093701,0.162031932648,0.220040052471,0.249041831011,
    0.278036666369,0.311046471099,0.336048967559,0.374045345922,
    0.393050569545,0.412052368955,0.480052456071,0.497052773596,
    0.549048482899,0.566053331751,0.581053089746,0.634048931881,
    0.660052728749,0.687043218064,0.723043923642,0.750048505659,
    0.792044923774,0.813044868478,0.834031231167,0.874983904457,
    0.906005970669,0.929065249738,1.),.UNSPECIFIED.);
#6681 = CARTESIAN_POINT('',(9.050966799188,-9.050966799188,75.));
#6682 = CARTESIAN_POINT('',(8.691617742708,-9.428539095103,
    74.987220717733));
#6683 = CARTESIAN_POINT('',(8.315052347829,-9.788895725358,
    74.974544211256));
#6684 = CARTESIAN_POINT('',(7.922189692006,-10.13128719662,
    74.961948473787));
#6685 = CARTESIAN_POINT('',(7.513968738942,-10.45500972438,
    74.949411912572));
#6686 = CARTESIAN_POINT('',(7.091355502553,-10.75939615798,
    74.936914928336));
#6687 = CARTESIAN_POINT('',(6.655347913017,-11.04381534787,
    74.924440483918));
#6688 = CARTESIAN_POINT('',(6.206981577492,-11.30767580466,
    74.911974475628));
#6689 = CARTESIAN_POINT('',(5.520558215005,-11.67020104367,
    74.893355291409));
#6690 = CARTESIAN_POINT('',(5.291032928082,-11.78483394045,
    74.88720355243));
#6691 = CARTESIAN_POINT('',(5.058898832285,-11.89425914962,
    74.88105106429));
#6692 = CARTESIAN_POINT('',(4.824293894914,-11.99841101431,
    74.874897596006));
#6693 = CARTESIAN_POINT('',(4.587359046939,-12.09722752641,
    74.868743127074));
#6694 = CARTESIAN_POINT('',(4.348238244321,-12.19065059185,
    74.862587849251));
#6695 = CARTESIAN_POINT('',(4.107078529328,-12.27862629588,
    74.856432168358));
#6696 = CARTESIAN_POINT('',(3.742285881953,-12.40241925891,
    74.847193403401));
#6697 = CARTESIAN_POINT('',(3.620067730406,-12.44235418908,
    74.84411015442));
#6698 = CARTESIAN_POINT('',(3.497394490099,-12.48090373374,
    74.841027036534));
#6699 = CARTESIAN_POINT('',(3.374285183113,-12.51806197508,
    74.837944140211));
#6700 = CARTESIAN_POINT('',(3.250759000731,-12.55382330268,
    74.834861568967));
#6701 = CARTESIAN_POINT('',(3.126835303434,-12.58818241341,
    74.831779439369));
#6702 = CARTESIAN_POINT('',(3.002533620898,-12.62113431151,
    74.828697881031));
#6703 = CARTESIAN_POINT('',(2.746968639879,-12.68579435283,
    74.822381852313));
#6704 = CARTESIAN_POINT('',(2.615668619159,-12.71735747671,
    74.819147469158));
#6705 = CARTESIAN_POINT('',(2.483995891813,-12.74735841843,
    74.815913975689));
#6706 = CARTESIAN_POINT('',(2.351974548062,-12.77579185079,
    74.812681717404));
#6707 = CARTESIAN_POINT('',(2.219626808756,-12.80265345407,
    74.80945074806));
#6708 = CARTESIAN_POINT('',(2.086975628009,-12.82793916798,
    74.806221221176));
#6709 = CARTESIAN_POINT('',(1.954046412882,-12.85164470234,
    74.802993648529));
#6710 = CARTESIAN_POINT('',(1.453397649618,-12.93480449018,
    74.790868166503));
#6711 = CARTESIAN_POINT('',(1.083979019173,-12.98379323555,
    74.781982341801));
#6712 = CARTESIAN_POINT('',(0.713046348881,-13.02068003067,
    74.773107069508));
#6713 = CARTESIAN_POINT('',(0.341046304488,-13.04542688278,
    74.764239747776));
#6714 = CARTESIAN_POINT('',(-3.156928559428E-02,-13.05801289699,
    74.755378617151));
#6715 = CARTESIAN_POINT('',(-0.404343410087,-13.05843577544,
    74.746522796003));
#6716 = CARTESIAN_POINT('',(-0.776813854643,-13.04671331651,
    74.737672315952));
#6717 = CARTESIAN_POINT('',(-1.334348226773,-13.01097164981,
    74.724406425795));
#6718 = CARTESIAN_POINT('',(-1.51999028664,-12.99603240134,
    74.719986335169));
#6719 = CARTESIAN_POINT('',(-1.70538439096,-12.97807196347,
    74.715567526493));
#6720 = CARTESIAN_POINT('',(-1.89046100893,-12.95709707406,
    74.71115174972));
#6721 = CARTESIAN_POINT('',(-2.075183101505,-12.93311464714,
    74.706736157599));
#6722 = CARTESIAN_POINT('',(-2.259465440331,-12.90613461326,
    74.702324808526));
#6723 = CARTESIAN_POINT('',(-2.443266922104,-12.87616742005,
    74.697915529193));
#6724 = CARTESIAN_POINT('',(-2.809751470847,-12.81028941701,
    74.689102201939));
#6725 = CARTESIAN_POINT('',(-2.992435035075,-12.77438007648,
    74.684698135249));
#6726 = CARTESIAN_POINT('',(-3.174527741614,-12.73550784649,
    74.680295839679));
#6727 = CARTESIAN_POINT('',(-3.355975507395,-12.69368529761,
    74.675895070353));
#6728 = CARTESIAN_POINT('',(-3.536724251041,-12.64892617814,
    74.671495635774));
#6729 = CARTESIAN_POINT('',(-3.716719892872,-12.60124541407,
    74.667097397832));
#6730 = CARTESIAN_POINT('',(-3.895908354903,-12.55065910909,
    74.662700271803));
#6731 = CARTESIAN_POINT('',(-4.277256070312,-12.43630525662,
    74.653299452199));
#6732 = CARTESIAN_POINT('',(-4.479160477166,-12.3716825434,
    74.648296078065));
#6733 = CARTESIAN_POINT('',(-4.679868853401,-12.30334190389,
    74.643294059972));
#6734 = CARTESIAN_POINT('',(-4.879301576276,-12.23131108433,
    74.638293445121));
#6735 = CARTESIAN_POINT('',(-5.077379328316,-12.15562007825,
    74.633294371886));
#6736 = CARTESIAN_POINT('',(-5.274023097311,-12.07630112648,
    74.628297069809));
#6737 = CARTESIAN_POINT('',(-5.469154176318,-11.99338871715,
    74.623301859605));
#6738 = CARTESIAN_POINT('',(-5.809286453064,-11.84142558562,
    74.61452754565));
#6739 = CARTESIAN_POINT('',(-5.954966383507,-11.77389099165,
    74.610747317884));
#6740 = CARTESIAN_POINT('',(-6.099696990167,-11.70433299544,
    74.606969103667));
#6741 = CARTESIAN_POINT('',(-6.243455381596,-11.63276417607,
    74.603191434304));
#6742 = CARTESIAN_POINT('',(-6.386184638128,-11.55921088137,
    74.599418104081));
#6743 = CARTESIAN_POINT('',(-6.527878596826,-11.48368168876,
    74.595645265632));
#6744 = CARTESIAN_POINT('',(-6.668495500996,-11.40619827288,
    74.591874481387));
#6745 = CARTESIAN_POINT('',(-7.020027512123,-11.20608212223,
    74.582376731088));
#6746 = CARTESIAN_POINT('',(-7.229496645975,-11.08091294131,
    74.576651725978));
#6747 = CARTESIAN_POINT('',(-7.436311316532,-10.95133416585,
    74.570929471996));
#6748 = CARTESIAN_POINT('',(-7.640367679578,-10.81741276148,
    74.565209516925));
#6749 = CARTESIAN_POINT('',(-7.841562995388,-10.67921884718,
    74.559491561435));
#6750 = CARTESIAN_POINT('',(-8.039795739984,-10.53682583779,
    74.553775462348));
#6751 = CARTESIAN_POINT('',(-8.234965716379,-10.3903105866,
    74.548061235903));
#6752 = CARTESIAN_POINT('',(-8.523013937948,-10.16444712531,
    74.539491916048));
#6753 = CARTESIAN_POINT('',(-8.618262772311,-10.08812950833,
    74.5366352837));
#6754 = CARTESIAN_POINT('',(-8.712708312804,-10.01081072772,
    74.533779185857));
#6755 = CARTESIAN_POINT('',(-8.806338317665,-9.932501054957,
    74.530923654291));
#6756 = CARTESIAN_POINT('',(-8.899140659482,-9.853210982186,
    74.528068730656));
#6757 = CARTESIAN_POINT('',(-8.991103325189,-9.772951222296,
    74.525214466486));
#6758 = CARTESIAN_POINT('',(-9.082214416074,-9.691732708883,
    74.522360923201));
#6759 = CARTESIAN_POINT('',(-9.262693619338,-9.527415287686,
    74.516655934986));
#6760 = CARTESIAN_POINT('',(-9.352062212831,-9.444316589972,
    74.51380446178));
#6761 = CARTESIAN_POINT('',(-9.440555311869,-9.36028234252,
    74.510953976077));
#6762 = CARTESIAN_POINT('',(-9.528163086594,-9.275322474499,
    74.508104233397));
#6763 = CARTESIAN_POINT('',(-9.614872587627,-9.189449726282,
    74.505255584431));
#6764 = CARTESIAN_POINT('',(-9.700671407701,-9.102676790143,
    74.50240832312));
#6765 = CARTESIAN_POINT('',(-9.785551242454,-9.015013441332,
    74.499562043303));
#6766 = CARTESIAN_POINT('',(-10.1699278189,-8.609612921197,
    74.486534443862));
#6767 = CARTESIAN_POINT('',(-10.45845407903,-8.281496952231,
    74.476364384373));
#6768 = CARTESIAN_POINT('',(-10.73462129586,-7.942641191729,
    74.466202554897));
#6769 = CARTESIAN_POINT('',(-10.99798867765,-7.593588106918,
    74.456046425877));
#6770 = CARTESIAN_POINT('',(-11.24813663007,-7.234906319921,
    74.445894983203));
#6771 = CARTESIAN_POINT('',(-11.48466957881,-6.867192163381,
    74.435748778951));
#6772 = CARTESIAN_POINT('',(-11.7072187923,-6.491071236087,
    74.425609982123));
#6773 = CARTESIAN_POINT('',(-11.96750271301,-6.01123046969,
    74.412950497153));
#6774 = CARTESIAN_POINT('',(-12.01866498728,-5.914776621287,
    74.410419289285));
#6775 = CARTESIAN_POINT('',(-12.06892715568,-5.817847997165,
    74.407888758989));
#6776 = CARTESIAN_POINT('',(-12.11828353823,-5.720455755021,
    74.405359110233));
#6777 = CARTESIAN_POINT('',(-12.16672896101,-5.622610596714,
    74.402830459214));
#6778 = CARTESIAN_POINT('',(-12.2142592006,-5.524322048932,
    74.400302715721));
#6779 = CARTESIAN_POINT('',(-12.26087055846,-5.425599054282,
    74.397775684401));
#6780 = CARTESIAN_POINT('',(-12.44629597445,-5.023208829337,
    74.387522666627));
#6781 = CARTESIAN_POINT('',(-12.577396802,-4.71599617831,74.379802639435
    ));
#6782 = CARTESIAN_POINT('',(-12.69974256626,-4.405094476618,
    74.372087612798));
#6783 = CARTESIAN_POINT('',(-12.81322320489,-4.09079033306,
    74.364376390597));
#6784 = CARTESIAN_POINT('',(-12.91773787879,-3.773376609098,
    74.35666828598));
#6785 = CARTESIAN_POINT('',(-13.01319577584,-3.453152619617,
    74.348963135202));
#6786 = CARTESIAN_POINT('',(-13.09951691465,-3.130424333691,
    74.341261311472));
#6787 = CARTESIAN_POINT('',(-13.2018532312,-2.699241742233,
    74.331046299144));
#6788 = CARTESIAN_POINT('',(-13.2260889786,-2.59274446883,74.32852931308
    ));
#6789 = CARTESIAN_POINT('',(-13.24933780109,-2.48602367545,
    74.326012812266));
#6790 = CARTESIAN_POINT('',(-13.2715974531,-2.379090346866,
    74.323496834421));
#6791 = CARTESIAN_POINT('',(-13.2928658329,-2.271955532301,
    74.320981423314));
#6792 = CARTESIAN_POINT('',(-13.31314098257,-2.164630345436,
    74.318466628764));
#6793 = CARTESIAN_POINT('',(-13.33242108807,-2.0571259644,
    74.315952506643));
#6794 = CARTESIAN_POINT('',(-13.36683202281,-1.854477254972,
    74.311222091912));
#6795 = CARTESIAN_POINT('',(-13.38218405213,-1.759370195068,
    74.309005636557));
#6796 = CARTESIAN_POINT('',(-13.39675944272,-1.664140043642,
    74.30678977697));
#6797 = CARTESIAN_POINT('',(-13.41055704508,-1.568794992657,
    74.304574622781));
#6798 = CARTESIAN_POINT('',(-13.42357594779,-1.473342701617,
    74.302360206011));
#6799 = CARTESIAN_POINT('',(-13.43581553128,-1.377790007448,
    74.300146439499));
#6800 = CARTESIAN_POINT('',(-13.44727531204,-1.282143477105,
    74.297933196861));
#6801 = CARTESIAN_POINT('',(-13.49568563,-0.848176433313,74.287902854872
    ));
#6802 = CARTESIAN_POINT('',(-13.52367409937,-0.508864339686,
    74.280091930506));
#6803 = CARTESIAN_POINT('',(-13.54189478099,-0.168791503084,
    74.272286018797));
#6804 = CARTESIAN_POINT('',(-13.55033294825,0.171721788616,
    74.264483922342));
#6805 = CARTESIAN_POINT('',(-13.54898524486,0.512352013517,
    74.25668498282));
#6806 = CARTESIAN_POINT('',(-13.53786057733,0.852772488496,
    74.248889095421));
#6807 = CARTESIAN_POINT('',(-13.51698100742,1.192653442001,
    74.241096723277));
#6808 = CARTESIAN_POINT('',(-13.47136875719,1.698005550441,
    74.229487618429));
#6809 = CARTESIAN_POINT('',(-13.4540149554,1.864138949114,
    74.225667445628));
#6810 = CARTESIAN_POINT('',(-13.43432541728,2.030024071303,
    74.221848371475));
#6811 = CARTESIAN_POINT('',(-13.41230542343,2.195619249478,
    74.218030872417));
#6812 = CARTESIAN_POINT('',(-13.38796070509,2.360887306753,
    74.214214825145));
#6813 = CARTESIAN_POINT('',(-13.36129798102,2.525789403628,
    74.210400359808));
#6814 = CARTESIAN_POINT('',(-13.33232528731,2.690281505276,
    74.206588350749));
#6815 = CARTESIAN_POINT('',(-13.26858943251,3.024603565277,
    74.198823539182));
#6816 = CARTESIAN_POINT('',(-13.23364828814,3.194399089222,
    74.194870908702));
#6817 = CARTESIAN_POINT('',(-13.19623633708,3.363676759851,
    74.190920065797));
#6818 = CARTESIAN_POINT('',(-13.15636340071,3.532396571021,
    74.186970772148));
#6819 = CARTESIAN_POINT('',(-13.11404005553,3.700518512251,
    74.183022824753));
#6820 = CARTESIAN_POINT('',(-13.06927763315,3.868002568725,
    74.179076055936));
#6821 = CARTESIAN_POINT('',(-13.02208822035,4.034808721286,
    74.175130333338));
#6822 = CARTESIAN_POINT('',(-12.90632197527,4.422430288205,
    74.165923905547));
#6823 = CARTESIAN_POINT('',(-12.83586439627,4.642686579464,
    74.160663939371));
#6824 = CARTESIAN_POINT('',(-12.76114234107,4.861570634622,
    74.155405433955));
#6825 = CARTESIAN_POINT('',(-12.68218897644,5.078987592639,
    74.150148277076));
#6826 = CARTESIAN_POINT('',(-12.59904021684,5.29484291703,
    74.144892471727));
#6827 = CARTESIAN_POINT('',(-12.51173472442,5.509042395868,
    74.13963813612));
#6828 = CARTESIAN_POINT('',(-12.42031390905,5.721492141783,
    74.134385503685));
#6829 = CARTESIAN_POINT('',(-12.25319219251,6.090077138937,
    74.125196396517));
#6830 = CARTESIAN_POINT('',(-12.17927185352,6.247018452765,
    74.121259051017));
#6831 = CARTESIAN_POINT('',(-12.10307897742,6.402884551516,
    74.117322810687));
#6832 = CARTESIAN_POINT('',(-12.02463575155,6.557630550122,
    74.113388721657));
#6833 = CARTESIAN_POINT('',(-11.94395692281,6.711230794775,
    74.109454992446));
#6834 = CARTESIAN_POINT('',(-11.86107267573,6.863626270415,
    74.105524924352));
#6835 = CARTESIAN_POINT('',(-11.77599808145,7.014796749479,
    74.101596105126));
#6836 = CARTESIAN_POINT('',(-11.55308214535,7.397830973069,
    74.091561720591));
#6837 = CARTESIAN_POINT('',(-11.41216630109,7.627902968912,
    74.085458376415));
#6838 = CARTESIAN_POINT('',(-11.26609070802,7.854787826,74.079358266533)
  );
#6839 = CARTESIAN_POINT('',(-11.11494110786,8.07835574591,
    74.073260894359));
#6840 = CARTESIAN_POINT('',(-10.95880752139,8.298478434399,
    74.067165969492));
#6841 = CARTESIAN_POINT('',(-10.79778445861,8.515029272979,
    74.061073412146));
#6842 = CARTESIAN_POINT('',(-10.63197112878,8.727883490505,
    74.054983357573));
#6843 = CARTESIAN_POINT('',(-10.37621486505,9.04144439596,
    74.045852310371));
#6844 = CARTESIAN_POINT('',(-10.28978632723,9.145015499116,
    74.042809173839));
#6845 = CARTESIAN_POINT('',(-10.20219903342,9.247616299414,
    74.039766794526));
#6846 = CARTESIAN_POINT('',(-10.11346628096,9.349231614556,
    74.03672522939));
#6847 = CARTESIAN_POINT('',(-10.02360166821,9.449846424752,
    74.033684548708));
#6848 = CARTESIAN_POINT('',(-9.932619094549,9.549445872722,
    74.03064483608));
#6849 = CARTESIAN_POINT('',(-9.840532760396,9.648015263691,
    74.02760618843));
#6850 = CARTESIAN_POINT('',(-9.65424183667,9.843001791536,
    74.021533208099));
#6851 = CARTESIAN_POINT('',(-9.560038411045,9.939420573086,
    74.018498825692));
#6852 = CARTESIAN_POINT('',(-9.464762651352,10.034780438631,
    74.015465941763));
#6853 = CARTESIAN_POINT('',(-9.368426633485,10.129070251013,
    74.012434116385));
#6854 = CARTESIAN_POINT('',(-9.271047591318,10.222273349893,
    74.009403937609));
#6855 = CARTESIAN_POINT('',(-9.172642536696,10.314374003831,
    74.006375888218));
#6856 = CARTESIAN_POINT('',(-9.073222884426,10.405363648465,
    74.003349231856));
#6857 = CARTESIAN_POINT('',(-8.776845103275,10.670594374014,
    73.994420319538));
#6858 = CARTESIAN_POINT('',(-8.577079003463,10.841681324425,
    73.988521782422));
#6859 = CARTESIAN_POINT('',(-8.373609729998,11.008404548631,
    73.982626926296));
#6860 = CARTESIAN_POINT('',(-8.166544556675,11.170679643608,
    73.976734543727));
#6861 = CARTESIAN_POINT('',(-7.95599346621,11.328424155788,
    73.970843600717));
#6862 = CARTESIAN_POINT('',(-7.742069304395,11.481557743619,
    73.964953243162));
#6863 = CARTESIAN_POINT('',(-7.524887934253,11.630002340102,
    73.959062803321));
#6864 = CARTESIAN_POINT('',(-7.137674096496,11.882521356794,
    73.948709316136));
#6865 = CARTESIAN_POINT('',(-6.968979006137,11.988626460163,
    73.944246504598));
#6866 = CARTESIAN_POINT('',(-6.798534832775,12.091964635991,
    73.939783164148));
#6867 = CARTESIAN_POINT('',(-6.62639430268,12.192503873913,
    73.935319148749));
#6868 = CARTESIAN_POINT('',(-6.452611154735,12.290213142669,
    73.930854373841));
#6869 = CARTESIAN_POINT('',(-6.277240140439,12.385062390099,
    73.926388816337));
#6870 = CARTESIAN_POINT('',(-6.100337023898,12.477022543145,
    73.921922514621));
#6871 = CARTESIAN_POINT('',(-5.789366566614,12.632252800415,
    73.914135204426));
#6872 = CARTESIAN_POINT('',(-5.655959553418,12.696828233696,
    73.910814510452));
#6873 = CARTESIAN_POINT('',(-5.521760281537,12.759780662167,
    73.907493433077));
#6874 = CARTESIAN_POINT('',(-5.386792667733,12.821098755725,
    73.904172078269));
#6875 = CARTESIAN_POINT('',(-5.251081494172,12.880771233686,
    73.90085065951));
#6876 = CARTESIAN_POINT('',(-5.114652096365,12.938787098781,
    73.897529445777));
#6877 = CARTESIAN_POINT('',(-4.977530051101,12.995135871144,
    73.894208709528));
#6878 = CARTESIAN_POINT('',(-4.415874987246,13.217989194805,
    73.880675612896));
#6879 = CARTESIAN_POINT('',(-3.985690972899,13.370304646766,
    73.870469176019));
#6880 = CARTESIAN_POINT('',(-3.549945243186,13.506462008333,
    73.86027726969));
#6881 = CARTESIAN_POINT('',(-3.109416622354,13.626215731147,
    73.85010928186));
#6882 = CARTESIAN_POINT('',(-2.664905689394,13.729367942919,
    73.8399761326));
#6883 = CARTESIAN_POINT('',(-2.217235248372,13.81577118621,
    73.829890467728));
#6884 = CARTESIAN_POINT('',(-1.767251916774,13.885332841413,
    73.819866996261));
#6885 = CARTESIAN_POINT('',(-1.315828831832,13.938021233947,
    73.809922971691));
#6886 = PCURVE('',#3838,#6887);
#6887 = DEFINITIONAL_REPRESENTATION('',(#6888),#7094);
#6888 = B_SPLINE_CURVE_WITH_KNOTS('',8,(#6889,#6890,#6891,#6892,#6893,
    #6894,#6895,#6896,#6897,#6898,#6899,#6900,#6901,#6902,#6903,#6904,
    #6905,#6906,#6907,#6908,#6909,#6910,#6911,#6912,#6913,#6914,#6915,
    #6916,#6917,#6918,#6919,#6920,#6921,#6922,#6923,#6924,#6925,#6926,
    #6927,#6928,#6929,#6930,#6931,#6932,#6933,#6934,#6935,#6936,#6937,
    #6938,#6939,#6940,#6941,#6942,#6943,#6944,#6945,#6946,#6947,#6948,
    #6949,#6950,#6951,#6952,#6953,#6954,#6955,#6956,#6957,#6958,#6959,
    #6960,#6961,#6962,#6963,#6964,#6965,#6966,#6967,#6968,#6969,#6970,
    #6971,#6972,#6973,#6974,#6975,#6976,#6977,#6978,#6979,#6980,#6981,
    #6982,#6983,#6984,#6985,#6986,#6987,#6988,#6989,#6990,#6991,#6992,
    #6993,#6994,#6995,#6996,#6997,#6998,#6999,#7000,#7001,#7002,#7003,
    #7004,#7005,#7006,#7007,#7008,#7009,#7010,#7011,#7012,#7013,#7014,
    #7015,#7016,#7017,#7018,#7019,#7020,#7021,#7022,#7023,#7024,#7025,
    #7026,#7027,#7028,#7029,#7030,#7031,#7032,#7033,#7034,#7035,#7036,
    #7037,#7038,#7039,#7040,#7041,#7042,#7043,#7044,#7045,#7046,#7047,
    #7048,#7049,#7050,#7051,#7052,#7053,#7054,#7055,#7056,#7057,#7058,
    #7059,#7060,#7061,#7062,#7063,#7064,#7065,#7066,#7067,#7068,#7069,
    #7070,#7071,#7072,#7073,#7074,#7075,#7076,#7077,#7078,#7079,#7080,
    #7081,#7082,#7083,#7084,#7085,#7086,#7087,#7088,#7089,#7090,#7091,
    #7092,#7093),.UNSPECIFIED.,.F.,.F.,(9,7,7,7,7,7,7,7,7,7,7,7,7,7,7,7,
    7,7,7,7,7,7,7,7,7,7,7,7,7,9),(0.,8.101401113527E-02,0.12098527997,
    0.141007093701,0.162031932648,0.220040052471,0.249041831011,
    0.278036666369,0.311046471099,0.336048967559,0.374045345922,
    0.393050569545,0.412052368955,0.480052456071,0.497052773596,
    0.549048482899,0.566053331751,0.581053089746,0.634048931881,
    0.660052728749,0.687043218064,0.723043923642,0.750048505659,
    0.792044923774,0.813044868478,0.834031231167,0.874983904457,
    0.906005970669,0.929065249738,1.),.UNSPECIFIED.);
#6889 = CARTESIAN_POINT('',(26.308714131737,21.999999999873));
#6890 = CARTESIAN_POINT('',(26.044653303037,21.987220717606));
#6891 = CARTESIAN_POINT('',(25.779373613475,21.97454421175));
#6892 = CARTESIAN_POINT('',(25.513177674464,21.961948473402));
#6893 = CARTESIAN_POINT('',(25.246362795116,21.949411912424));
#6894 = CARTESIAN_POINT('',(24.979198239118,21.936914928713));
#6895 = CARTESIAN_POINT('',(24.711916287068,21.924440483746));
#6896 = CARTESIAN_POINT('',(24.444707080454,21.911974475628));
#6897 = CARTESIAN_POINT('',(24.045972935625,21.893355291409));
#6898 = CARTESIAN_POINT('',(23.914288346946,21.88720355243));
#6899 = CARTESIAN_POINT('',(23.782659615766,21.88105106429));
#6900 = CARTESIAN_POINT('',(23.651089820531,21.874897596006));
#6901 = CARTESIAN_POINT('',(23.519579048843,21.868743127073));
#6902 = CARTESIAN_POINT('',(23.388124486506,21.862587849251));
#6903 = CARTESIAN_POINT('',(23.256720506568,21.856432168358));
#6904 = CARTESIAN_POINT('',(23.059558984424,21.847193403401));
#6905 = CARTESIAN_POINT('',(22.993769784456,21.84411015442));
#6906 = CARTESIAN_POINT('',(22.927990092842,21.841027036534));
#6907 = CARTESIAN_POINT('',(22.862218665526,21.837944140211));
#6908 = CARTESIAN_POINT('',(22.796454080025,21.834861568967));
#6909 = CARTESIAN_POINT('',(22.730694735429,21.831779439369));
#6910 = CARTESIAN_POINT('',(22.664938852403,21.828697881031));
#6911 = CARTESIAN_POINT('',(22.530136021744,21.822381852313));
#6912 = CARTESIAN_POINT('',(22.461089026147,21.819147469158));
#6913 = CARTESIAN_POINT('',(22.392042281153,21.815913975689));
#6914 = CARTESIAN_POINT('',(22.322991062016,21.812681717403));
#6915 = CARTESIAN_POINT('',(22.253934621009,21.80945074806));
#6916 = CARTESIAN_POINT('',(22.184870846347,21.806221221176));
#6917 = CARTESIAN_POINT('',(22.115792740519,21.802993648529));
#6918 = CARTESIAN_POINT('',(21.856076361598,21.790868166503));
#6919 = CARTESIAN_POINT('',(21.665353732906,21.781982341801));
#6920 = CARTESIAN_POINT('',(21.47458141739,21.773107069508));
#6921 = CARTESIAN_POINT('',(21.283795085435,21.764239747776));
#6922 = CARTESIAN_POINT('',(21.093018181375,21.755378617151));
#6923 = CARTESIAN_POINT('',(20.90226195547,21.746522796003));
#6924 = CARTESIAN_POINT('',(20.711525495887,21.737672315952));
#6925 = CARTESIAN_POINT('',(20.425438394189,21.724406425795));
#6926 = CARTESIAN_POINT('',(20.330081695754,21.719986335169));
#6927 = CARTESIAN_POINT('',(20.234730659007,21.715567526492));
#6928 = CARTESIAN_POINT('',(20.139361046332,21.71115174972));
#6929 = CARTESIAN_POINT('',(20.04401221286,21.706736157598));
#6930 = CARTESIAN_POINT('',(19.948627943065,21.702324808526));
#6931 = CARTESIAN_POINT('',(19.853238236422,21.697915529193));
#6932 = CARTESIAN_POINT('',(19.66247049613,21.689102201939));
#6933 = CARTESIAN_POINT('',(19.567092629233,21.684698135249));
#6934 = CARTESIAN_POINT('',(19.471713463562,21.680295839679));
#6935 = CARTESIAN_POINT('',(19.376336372295,21.675895070352));
#6936 = CARTESIAN_POINT('',(19.280963984742,21.671495635774));
#6937 = CARTESIAN_POINT('',(19.18559818634,21.667097397832));
#6938 = CARTESIAN_POINT('',(19.090240118658,21.662700271803));
#6939 = CARTESIAN_POINT('',(18.886336954746,21.653299452199));
#6940 = CARTESIAN_POINT('',(18.777794229129,21.648296078065));
#6941 = CARTESIAN_POINT('',(18.6692625963,21.643294059972));
#6942 = CARTESIAN_POINT('',(18.560741377888,21.638293445121));
#6943 = CARTESIAN_POINT('',(18.452228623402,21.633294371886));
#6944 = CARTESIAN_POINT('',(18.343721110228,21.628297069809));
#6945 = CARTESIAN_POINT('',(18.235214343624,21.623301859605));
#6946 = CARTESIAN_POINT('',(18.044512868245,21.61452754565));
#6947 = CARTESIAN_POINT('',(17.962321070805,21.610747317884));
#6948 = CARTESIAN_POINT('',(17.880118344822,21.606969103667));
#6949 = CARTESIAN_POINT('',(17.797925190917,21.603191434304));
#6950 = CARTESIAN_POINT('',(17.715688714021,21.599418104081));
#6951 = CARTESIAN_POINT('',(17.633462444783,21.595645265632));
#6952 = CARTESIAN_POINT('',(17.551224658905,21.591874481387));
#6953 = CARTESIAN_POINT('',(17.344004096648,21.582376731088));
#6954 = CARTESIAN_POINT('',(17.219016195398,21.576651725978));
#6955 = CARTESIAN_POINT('',(17.094029375277,21.570929471996));
#6956 = CARTESIAN_POINT('',(16.969049887842,21.565209516925));
#6957 = CARTESIAN_POINT('',(16.84408177489,21.559491561435));
#6958 = CARTESIAN_POINT('',(16.719126889309,21.553775462348));
#6959 = CARTESIAN_POINT('',(16.594184915934,21.548061235903));
#6960 = CARTESIAN_POINT('',(16.406764501493,21.539491916048));
#6961 = CARTESIAN_POINT('',(16.3442782129,21.5366352837));
#6962 = CARTESIAN_POINT('',(16.281794211192,21.533779185857));
#6963 = CARTESIAN_POINT('',(16.219312042642,21.530923654291));
#6964 = CARTESIAN_POINT('',(16.15683111522,21.528068730656));
#6965 = CARTESIAN_POINT('',(16.094350698595,21.525214466486));
#6966 = CARTESIAN_POINT('',(16.031869924135,21.522360923201));
#6967 = CARTESIAN_POINT('',(15.906916903222,21.516655934986));
#6968 = CARTESIAN_POINT('',(15.844445038252,21.51380446178));
#6969 = CARTESIAN_POINT('',(15.781969062447,21.510953976077));
#6970 = CARTESIAN_POINT('',(15.719492397029,21.508104233397));
#6971 = CARTESIAN_POINT('',(15.657010120295,21.50525558443));
#6972 = CARTESIAN_POINT('',(15.594518101036,21.50240832312));
#6973 = CARTESIAN_POINT('',(15.532022019407,21.499562043303));
#6974 = CARTESIAN_POINT('',(15.245859245554,21.486534443862));
#6975 = CARTESIAN_POINT('',(15.022146558077,21.476364384373));
#6976 = CARTESIAN_POINT('',(14.798443263239,21.466202554897));
#6977 = CARTESIAN_POINT('',(14.574785073671,21.456046425877));
#6978 = CARTESIAN_POINT('',(14.351184824078,21.445894983203));
#6979 = CARTESIAN_POINT('',(14.127633068788,21.435748778951));
#6980 = CARTESIAN_POINT('',(13.904098679292,21.425609982123));
#6981 = CARTESIAN_POINT('',(13.624636160072,21.412950497153));
#6982 = CARTESIAN_POINT('',(13.568740313561,21.410419289285));
#6983 = CARTESIAN_POINT('',(13.512842568938,21.407888758989));
#6984 = CARTESIAN_POINT('',(13.456940042266,21.405359110233));
#6985 = CARTESIAN_POINT('',(13.401031085464,21.402830459214));
#6986 = CARTESIAN_POINT('',(13.345116966428,21.400302715721));
#6987 = CARTESIAN_POINT('',(13.289200442776,21.397775684401));
#6988 = CARTESIAN_POINT('',(13.062251531257,21.387522666627));
#6989 = CARTESIAN_POINT('',(12.891198294789,21.379802639435));
#6990 = CARTESIAN_POINT('',(12.720146076188,21.372087612798));
#6991 = CARTESIAN_POINT('',(12.549111746141,21.364376390597));
#6992 = CARTESIAN_POINT('',(12.378104601802,21.35666828598));
#6993 = CARTESIAN_POINT('',(12.207126478928,21.348963135202));
#6994 = CARTESIAN_POINT('',(12.036171864012,21.341261311472));
#6995 = CARTESIAN_POINT('',(11.809321961484,21.331046299144));
#6996 = CARTESIAN_POINT('',(11.753417047861,21.32852931308));
#6997 = CARTESIAN_POINT('',(11.697512810307,21.326012812266));
#6998 = CARTESIAN_POINT('',(11.641608707742,21.323496834421));
#6999 = CARTESIAN_POINT('',(11.585704113249,21.320981423314));
#7000 = CARTESIAN_POINT('',(11.529798314073,21.318466628764));
#7001 = CARTESIAN_POINT('',(11.473890511619,21.315952506643));
#7002 = CARTESIAN_POINT('',(11.368661722302,21.311222091912));
#7003 = CARTESIAN_POINT('',(11.319341368539,21.309005636557));
#7004 = CARTESIAN_POINT('',(11.270018423182,21.30678977697));
#7005 = CARTESIAN_POINT('',(11.22069132138,21.304574622781));
#7006 = CARTESIAN_POINT('',(11.171359601459,21.302360206011));
#7007 = CARTESIAN_POINT('',(11.122024501345,21.300146439499));
#7008 = CARTESIAN_POINT('',(11.072687820359,21.297933196861));
#7009 = CARTESIAN_POINT('',(10.849029575583,21.287902854872));
#7010 = CARTESIAN_POINT('',(10.674686874832,21.280091930506));
#7011 = CARTESIAN_POINT('',(10.500346154173,21.272286018797));
#7012 = CARTESIAN_POINT('',(10.326024413739,21.264483922342));
#7013 = CARTESIAN_POINT('',(10.151730572311,21.25668498282));
#7014 = CARTESIAN_POINT('',(9.977465595864,21.248889095421));
#7015 = CARTESIAN_POINT('',(9.803222626107,21.241096723277));
#7016 = CARTESIAN_POINT('',(9.543493892751,21.229487618429));
#7017 = CARTESIAN_POINT('',(9.458002037711,21.225667445628));
#7018 = CARTESIAN_POINT('',(9.372511875403,21.221848371475));
#7019 = CARTESIAN_POINT('',(9.287016564745,21.218030872417));
#7020 = CARTESIAN_POINT('',(9.201517851054,21.214214825145));
#7021 = CARTESIAN_POINT('',(9.116013843484,21.210400359808));
#7022 = CARTESIAN_POINT('',(9.030491993094,21.206588350749));
#7023 = CARTESIAN_POINT('',(8.856183491171,21.198823539182));
#7024 = CARTESIAN_POINT('',(8.767395691903,21.194870908702));
#7025 = CARTESIAN_POINT('',(8.678600975502,21.190920065797));
#7026 = CARTESIAN_POINT('',(8.58980275129,21.186970772148));
#7027 = CARTESIAN_POINT('',(8.501003918311,21.183022824753));
#7028 = CARTESIAN_POINT('',(8.412206865325,21.179076055936));
#7029 = CARTESIAN_POINT('',(8.323413470813,21.175130333338));
#7030 = CARTESIAN_POINT('',(8.116196576096,21.165923905547));
#7031 = CARTESIAN_POINT('',(7.997776939345,21.160663939371));
#7032 = CARTESIAN_POINT('',(7.879369448713,21.155405433955));
#7033 = CARTESIAN_POINT('',(7.760975691742,21.150148277076));
#7034 = CARTESIAN_POINT('',(7.642595587522,21.144892471727));
#7035 = CARTESIAN_POINT('',(7.524227386691,21.13963813612));
#7036 = CARTESIAN_POINT('',(7.405867671439,21.134385503685));
#7037 = CARTESIAN_POINT('',(7.198730794403,21.125196396517));
#7038 = CARTESIAN_POINT('',(7.109951723964,21.121259051017));
#7039 = CARTESIAN_POINT('',(7.02117529192,21.117322810687));
#7040 = CARTESIAN_POINT('',(6.93238636527,21.113388721657));
#7041 = CARTESIAN_POINT('',(6.843610809942,21.109454992446));
#7042 = CARTESIAN_POINT('',(6.754800953039,21.105524924352));
#7043 = CARTESIAN_POINT('',(6.665991557763,21.101596105126));
#7044 = CARTESIAN_POINT('',(6.439053660496,21.091561720591));
#7045 = CARTESIAN_POINT('',(6.30091910356,21.085458376415));
#7046 = CARTESIAN_POINT('',(6.162782534774,21.079358266533));
#7047 = CARTESIAN_POINT('',(6.024651039895,21.073260894359));
#7048 = CARTESIAN_POINT('',(5.886528609264,21.067165969492));
#7049 = CARTESIAN_POINT('',(5.748416173035,21.061073412146));
#7050 = CARTESIAN_POINT('',(5.610311636414,21.054983357573));
#7051 = CARTESIAN_POINT('',(5.403153346591,21.045852310371));
#7052 = CARTESIAN_POINT('',(5.334097464211,21.042809173839));
#7053 = CARTESIAN_POINT('',(5.265041621355,21.039766794526));
#7054 = CARTESIAN_POINT('',(5.195984978536,21.03672522939));
#7055 = CARTESIAN_POINT('',(5.126926503163,21.033684548708));
#7056 = CARTESIAN_POINT('',(5.057864969547,21.03064483608));
#7057 = CARTESIAN_POINT('',(4.988798958896,21.02760618843));
#7058 = CARTESIAN_POINT('',(4.850699433116,21.021533208099));
#7059 = CARTESIAN_POINT('',(4.781666608483,21.018498825692));
#7060 = CARTESIAN_POINT('',(4.712622972342,21.015465941763));
#7061 = CARTESIAN_POINT('',(4.643574926388,21.012434116385));
#7062 = CARTESIAN_POINT('',(4.574513907292,21.009403937609));
#7063 = CARTESIAN_POINT('',(4.505432875476,21.006375888218));
#7064 = CARTESIAN_POINT('',(4.436342535555,21.003349231856));
#7065 = CARTESIAN_POINT('',(4.232404762538,20.994420319538));
#7066 = CARTESIAN_POINT('',(4.097533948284,20.988521782422));
#7067 = CARTESIAN_POINT('',(3.962651415356,20.982626926296));
#7068 = CARTESIAN_POINT('',(3.82777473639,20.976734543727));
#7069 = CARTESIAN_POINT('',(3.69291889851,20.970843600717));
#7070 = CARTESIAN_POINT('',(3.558096251786,20.964953243162));
#7071 = CARTESIAN_POINT('',(3.423316457687,20.959062803321));
#7072 = CARTESIAN_POINT('',(3.186527078039,20.948709316136));
#7073 = CARTESIAN_POINT('',(3.084496260964,20.944246504598));
#7074 = CARTESIAN_POINT('',(2.982497000903,20.939783164148));
#7075 = CARTESIAN_POINT('',(2.880531409803,20.935319148749));
#7076 = CARTESIAN_POINT('',(2.778600696973,20.930854373841));
#7077 = CARTESIAN_POINT('',(2.676705169081,20.926388816337));
#7078 = CARTESIAN_POINT('',(2.574844230156,20.921922514621));
#7079 = CARTESIAN_POINT('',(2.397325846952,20.914135204426));
#7080 = CARTESIAN_POINT('',(2.321653198331,20.910814510452));
#7081 = CARTESIAN_POINT('',(2.24599921884,20.907493433077));
#7082 = CARTESIAN_POINT('',(2.170362355345,20.904172078269));
#7083 = CARTESIAN_POINT('',(2.094739481924,20.90085065951));
#7084 = CARTESIAN_POINT('',(2.019126663321,20.897529445777));
#7085 = CARTESIAN_POINT('',(1.943519918405,20.894208709528));
#7086 = CARTESIAN_POINT('',(1.635343828335,20.880675612896));
#7087 = CARTESIAN_POINT('',(1.402793298984,20.870469176019));
#7088 = CARTESIAN_POINT('',(1.170155512744,20.86027726969));
#7089 = CARTESIAN_POINT('',(0.937294437261,20.85010928186));
#7090 = CARTESIAN_POINT('',(0.704048577044,20.8399761326));
#7091 = CARTESIAN_POINT('',(0.470231202701,20.829890467728));
#7092 = CARTESIAN_POINT('',(0.235629123035,20.819866996261));
#7093 = CARTESIAN_POINT('',(0.,20.809922971691));
#7094 = ( GEOMETRIC_REPRESENTATION_CONTEXT(2)
PARAMETRIC_REPRESENTATION_CONTEXT() REPRESENTATION_CONTEXT('2D SPACE',''
  ) );
#7095 = PCURVE('',#6206,#7096);
#7096 = DEFINITIONAL_REPRESENTATION('',(#7097),#7303);
#7097 = B_SPLINE_CURVE_WITH_KNOTS('',8,(#7098,#7099,#7100,#7101,#7102,
    #7103,#7104,#7105,#7106,#7107,#7108,#7109,#7110,#7111,#7112,#7113,
    #7114,#7115,#7116,#7117,#7118,#7119,#7120,#7121,#7122,#7123,#7124,
    #7125,#7126,#7127,#7128,#7129,#7130,#7131,#7132,#7133,#7134,#7135,
    #7136,#7137,#7138,#7139,#7140,#7141,#7142,#7143,#7144,#7145,#7146,
    #7147,#7148,#7149,#7150,#7151,#7152,#7153,#7154,#7155,#7156,#7157,
    #7158,#7159,#7160,#7161,#7162,#7163,#7164,#7165,#7166,#7167,#7168,
    #7169,#7170,#7171,#7172,#7173,#7174,#7175,#7176,#7177,#7178,#7179,
    #7180,#7181,#7182,#7183,#7184,#7185,#7186,#7187,#7188,#7189,#7190,
    #7191,#7192,#7193,#7194,#7195,#7196,#7197,#7198,#7199,#7200,#7201,
    #7202,#7203,#7204,#7205,#7206,#7207,#7208,#7209,#7210,#7211,#7212,
    #7213,#7214,#7215,#7216,#7217,#7218,#7219,#7220,#7221,#7222,#7223,
    #7224,#7225,#7226,#7227,#7228,#7229,#7230,#7231,#7232,#7233,#7234,
    #7235,#7236,#7237,#7238,#7239,#7240,#7241,#7242,#7243,#7244,#7245,
    #7246,#7247,#7248,#7249,#7250,#7251,#7252,#7253,#7254,#7255,#7256,
    #7257,#7258,#7259,#7260,#7261,#7262,#7263,#7264,#7265,#7266,#7267,
    #7268,#7269,#7270,#7271,#7272,#7273,#7274,#7275,#7276,#7277,#7278,
    #7279,#7280,#7281,#7282,#7283,#7284,#7285,#7286,#7287,#7288,#7289,
    #7290,#7291,#7292,#7293,#7294,#7295,#7296,#7297,#7298,#7299,#7300,
    #7301,#7302),.UNSPECIFIED.,.F.,.F.,(9,7,7,7,7,7,7,7,7,7,7,7,7,7,7,7,
    7,7,7,7,7,7,7,7,7,7,7,7,7,9),(0.,8.101401113527E-02,0.12098527997,
    0.141007093701,0.162031932648,0.220040052471,0.249041831011,
    0.278036666369,0.311046471099,0.336048967559,0.374045345922,
    0.393050569545,0.412052368955,0.480052456071,0.497052773596,
    0.549048482899,0.566053331751,0.581053089746,0.634048931881,
    0.660052728749,0.687043218064,0.723043923642,0.750048505659,
    0.792044923774,0.813044868478,0.834031231167,0.874983904457,
    0.906005970669,0.929065249738,1.),.UNSPECIFIED.);
#7098 = CARTESIAN_POINT('',(-5.497787143782,-1.2));
#7099 = CARTESIAN_POINT('',(-5.457077605854,-1.187220717786));
#7100 = CARTESIAN_POINT('',(-5.416461704887,-1.17454421115));
#7101 = CARTESIAN_POINT('',(-5.375927114229,-1.161948473853));
#7102 = CARTESIAN_POINT('',(-5.335461950733,-1.149411912605));
#7103 = CARTESIAN_POINT('',(-5.295055537667,-1.136914928267));
#7104 = CARTESIAN_POINT('',(-5.254698576716,-1.124440483949));
#7105 = CARTESIAN_POINT('',(-5.214383285081,-1.111974475628));
#7106 = CARTESIAN_POINT('',(-5.154230800094,-1.093355291409));
#7107 = CARTESIAN_POINT('',(-5.13436641141,-1.08720355243));
#7108 = CARTESIAN_POINT('',(-5.114510671572,-1.08105106429));
#7109 = CARTESIAN_POINT('',(-5.094663457933,-1.074897596006));
#7110 = CARTESIAN_POINT('',(-5.074824749837,-1.068743127073));
#7111 = CARTESIAN_POINT('',(-5.054994637211,-1.062587849251));
#7112 = CARTESIAN_POINT('',(-5.035173329153,-1.056432168358));
#7113 = CARTESIAN_POINT('',(-5.005437146556,-1.047193403401));
#7114 = CARTESIAN_POINT('',(-4.995515420649,-1.04411015442));
#7115 = CARTESIAN_POINT('',(-4.985596024835,-1.041027036534));
#7116 = CARTESIAN_POINT('',(-4.975679005748,-1.037944140211));
#7117 = CARTESIAN_POINT('',(-4.96576441662,-1.034861568967));
#7118 = CARTESIAN_POINT('',(-4.955852317282,-1.031779439369));
#7119 = CARTESIAN_POINT('',(-4.945942774161,-1.028697881031));
#7120 = CARTESIAN_POINT('',(-4.925632643498,-1.022381852313));
#7121 = CARTESIAN_POINT('',(-4.915232332321,-1.019147469158));
#7122 = CARTESIAN_POINT('',(-4.904834971937,-1.015913975689));
#7123 = CARTESIAN_POINT('',(-4.89444074188,-1.012681717404));
#7124 = CARTESIAN_POINT('',(-4.884049666802,-1.00945074806));
#7125 = CARTESIAN_POINT('',(-4.873661823369,-1.006221221176));
#7126 = CARTESIAN_POINT('',(-4.863277477216,-1.002993648529));
#7127 = CARTESIAN_POINT('',(-4.824255408442,-0.990868166503));
#7128 = CARTESIAN_POINT('',(-4.795640262355,-0.981982341801));
#7129 = CARTESIAN_POINT('',(-4.767049369104,-0.973107069508));
#7130 = CARTESIAN_POINT('',(-4.738481313077,-0.964239747776));
#7131 = CARTESIAN_POINT('',(-4.709935090808,-0.955378617151));
#7132 = CARTESIAN_POINT('',(-4.681410162181,-0.946522796003));
#7133 = CARTESIAN_POINT('',(-4.652906501627,-0.937672315952));
#7134 = CARTESIAN_POINT('',(-4.610184843321,-0.924406425795));
#7135 = CARTESIAN_POINT('',(-4.595950507668,-0.919986335169));
#7136 = CARTESIAN_POINT('',(-4.581721451948,-0.915567526493));
#7137 = CARTESIAN_POINT('',(-4.567498598524,-0.91115174972));
#7138 = CARTESIAN_POINT('',(-4.553280430933,-0.906736157599));
#7139 = CARTESIAN_POINT('',(-4.539069091455,-0.902324808526));
#7140 = CARTESIAN_POINT('',(-4.524863413236,-0.897915529193));
#7141 = CARTESIAN_POINT('',(-4.496466806603,-0.889102201939));
#7142 = CARTESIAN_POINT('',(-4.48227585948,-0.884698135249));
#7143 = CARTESIAN_POINT('',(-4.468090405112,-0.880295839679));
#7144 = CARTESIAN_POINT('',(-4.453910308261,-0.875895070352));
#7145 = CARTESIAN_POINT('',(-4.439735462111,-0.871495635774));
#7146 = CARTESIAN_POINT('',(-4.425565788269,-0.867097397832));
#7147 = CARTESIAN_POINT('',(-4.411401236767,-0.862700271803));
#7148 = CARTESIAN_POINT('',(-4.381121649582,-0.853299452199));
#7149 = CARTESIAN_POINT('',(-4.36500812007,-0.848296078065));
#7150 = CARTESIAN_POINT('',(-4.348901169993,-0.843294059972));
#7151 = CARTESIAN_POINT('',(-4.332800818713,-0.838293445121));
#7152 = CARTESIAN_POINT('',(-4.316707132489,-0.833294371886));
#7153 = CARTESIAN_POINT('',(-4.300620224473,-0.828297069809));
#7154 = CARTESIAN_POINT('',(-4.28454025471,-0.823301859605));
#7155 = CARTESIAN_POINT('',(-4.256293449022,-0.81452754565));
#7156 = CARTESIAN_POINT('',(-4.244123535785,-0.810747317884));
#7157 = CARTESIAN_POINT('',(-4.231958020257,-0.806969103667));
#7158 = CARTESIAN_POINT('',(-4.219796130934,-0.803191434304));
#7159 = CARTESIAN_POINT('',(-4.207639852758,-0.799418104082));
#7160 = CARTESIAN_POINT('',(-4.195487152838,-0.795645265632));
#7161 = CARTESIAN_POINT('',(-4.183338852777,-0.791874481387));
#7162 = CARTESIAN_POINT('',(-4.152738943141,-0.782376731088));
#7163 = CARTESIAN_POINT('',(-4.134292692232,-0.776651725978));
#7164 = CARTESIAN_POINT('',(-4.115855528929,-0.770929471996));
#7165 = CARTESIAN_POINT('',(-4.09742720376,-0.765209516925));
#7166 = CARTESIAN_POINT('',(-4.079007544073,-0.759491561435));
#7167 = CARTESIAN_POINT('',(-4.060596459959,-0.753775462348));
#7168 = CARTESIAN_POINT('',(-4.042193950173,-0.748061235903));
#7169 = CARTESIAN_POINT('',(-4.014599781647,-0.739491916048));
#7170 = CARTESIAN_POINT('',(-4.005401621809,-0.7366352837));
#7171 = CARTESIAN_POINT('',(-3.996205638923,-0.733779185857));
#7172 = CARTESIAN_POINT('',(-3.987011848489,-0.730923654291));
#7173 = CARTESIAN_POINT('',(-3.977820271113,-0.728068730656));
#7174 = CARTESIAN_POINT('',(-3.968630932511,-0.725214466486));
#7175 = CARTESIAN_POINT('',(-3.959443863507,-0.722360923201));
#7176 = CARTESIAN_POINT('',(-3.941075991395,-0.716655934986));
#7177 = CARTESIAN_POINT('',(-3.931895171795,-0.71380446178));
#7178 = CARTESIAN_POINT('',(-3.922716758643,-0.710953976077));
#7179 = CARTESIAN_POINT('',(-3.913540620896,-0.708104233397));
#7180 = CARTESIAN_POINT('',(-3.904366941921,-0.705255584431));
#7181 = CARTESIAN_POINT('',(-3.895195874291,-0.70240832312));
#7182 = CARTESIAN_POINT('',(-3.886027200073,-0.699562043303));
#7183 = CARTESIAN_POINT('',(-3.844058305461,-0.686534443862));
#7184 = CARTESIAN_POINT('',(-3.811285956057,-0.676364384373));
#7185 = CARTESIAN_POINT('',(-3.778541916936,-0.666202554897));
#7186 = CARTESIAN_POINT('',(-3.745824831442,-0.656046425877));
#7187 = CARTESIAN_POINT('',(-3.713134042155,-0.645894983203));
#7188 = CARTESIAN_POINT('',(-3.680469701799,-0.635748778951));
#7189 = CARTESIAN_POINT('',(-3.647832884154,-0.625609982123));
#7190 = CARTESIAN_POINT('',(-3.607073755845,-0.612950497153));
#7191 = CARTESIAN_POINT('',(-3.598923673858,-0.610419289285));
#7192 = CARTESIAN_POINT('',(-3.590775423772,-0.607888758989));
#7193 = CARTESIAN_POINT('',(-3.582629111823,-0.605359110233));
#7194 = CARTESIAN_POINT('',(-3.574484797447,-0.602830459214));
#7195 = CARTESIAN_POINT('',(-3.566342431117,-0.600302715721));
#7196 = CARTESIAN_POINT('',(-3.558201908282,-0.597775684401));
#7197 = CARTESIAN_POINT('',(-3.525171006663,-0.587522666627));
#7198 = CARTESIAN_POINT('',(-3.500295979718,-0.579802639435));
#7199 = CARTESIAN_POINT('',(-3.475437284774,-0.572087612798));
#7200 = CARTESIAN_POINT('',(-3.450594269646,-0.564376390597));
#7201 = CARTESIAN_POINT('',(-3.425766530397,-0.55666828598));
#7202 = CARTESIAN_POINT('',(-3.400953937964,-0.548963135202));
#7203 = CARTESIAN_POINT('',(-3.376156664785,-0.541261311472));
#7204 = CARTESIAN_POINT('',(-3.343270602902,-0.531046299144));
#7205 = CARTESIAN_POINT('',(-3.335167683256,-0.52852931308));
#7206 = CARTESIAN_POINT('',(-3.32706646831,-0.526012812266));
#7207 = CARTESIAN_POINT('',(-3.318966976998,-0.523496834421));
#7208 = CARTESIAN_POINT('',(-3.310869231365,-0.520981423314));
#7209 = CARTESIAN_POINT('',(-3.302773256566,-0.518466628764));
#7210 = CARTESIAN_POINT('',(-3.294679080865,-0.515952506643));
#7211 = CARTESIAN_POINT('',(-3.279448582217,-0.511222091912));
#7212 = CARTESIAN_POINT('',(-3.272311852795,-0.509005636557));
#7213 = CARTESIAN_POINT('',(-3.265176559985,-0.50678977697));
#7214 = CARTESIAN_POINT('',(-3.258042760341,-0.504574622781));
#7215 = CARTESIAN_POINT('',(-3.250910469354,-0.502360206011));
#7216 = CARTESIAN_POINT('',(-3.243779640033,-0.500146439499));
#7217 = CARTESIAN_POINT('',(-3.236650205065,-0.497933196861));
#7218 = CARTESIAN_POINT('',(-3.204338072585,-0.487902854872));
#7219 = CARTESIAN_POINT('',(-3.179171410041,-0.480091930506));
#7220 = CARTESIAN_POINT('',(-3.154021309724,-0.472286018797));
#7221 = CARTESIAN_POINT('',(-3.128887119833,-0.464483922342));
#7222 = CARTESIAN_POINT('',(-3.103768450476,-0.45668498282));
#7223 = CARTESIAN_POINT('',(-3.078665202166,-0.448889095421));
#7224 = CARTESIAN_POINT('',(-3.053577594323,-0.441096723277));
#7225 = CARTESIAN_POINT('',(-3.016204254963,-0.429487618429));
#7226 = CARTESIAN_POINT('',(-3.003906222207,-0.425667445628));
#7227 = CARTESIAN_POINT('',(-2.991612083059,-0.421848371475));
#7228 = CARTESIAN_POINT('',(-2.979322085806,-0.418030872417));
#7229 = CARTESIAN_POINT('',(-2.967036160695,-0.414214825145));
#7230 = CARTESIAN_POINT('',(-2.954754370975,-0.410400359808));
#7231 = CARTESIAN_POINT('',(-2.942477172834,-0.406588350749));
#7232 = CARTESIAN_POINT('',(-2.917465668347,-0.398823539182));
#7233 = CARTESIAN_POINT('',(-2.904731705349,-0.394870908702));
#7234 = CARTESIAN_POINT('',(-2.892002224511,-0.390920065797));
#7235 = CARTESIAN_POINT('',(-2.879277095064,-0.386970772147));
#7236 = CARTESIAN_POINT('',(-2.866556205227,-0.383022824753));
#7237 = CARTESIAN_POINT('',(-2.853839462206,-0.379076055936));
#7238 = CARTESIAN_POINT('',(-2.841126792198,-0.375130333338));
#7239 = CARTESIAN_POINT('',(-2.811466968186,-0.365923905547));
#7240 = CARTESIAN_POINT('',(-2.794522939394,-0.360663939371));
#7241 = CARTESIAN_POINT('',(-2.777585929486,-0.355405433955));
#7242 = CARTESIAN_POINT('',(-2.760655873708,-0.350148277076));
#7243 = CARTESIAN_POINT('',(-2.743732767074,-0.344892471727));
#7244 = CARTESIAN_POINT('',(-2.726816664373,-0.33963813612));
#7245 = CARTESIAN_POINT('',(-2.709907680159,-0.334385503685));
#7246 = CARTESIAN_POINT('',(-2.680327817477,-0.325196396517));
#7247 = CARTESIAN_POINT('',(-2.667653760391,-0.321259051017));
#7248 = CARTESIAN_POINT('',(-2.654983779687,-0.317322810687));
#7249 = CARTESIAN_POINT('',(-2.642318417121,-0.313388721657));
#7250 = CARTESIAN_POINT('',(-2.629656733755,-0.309454992446));
#7251 = CARTESIAN_POINT('',(-2.617000451596,-0.305524924352));
#7252 = CARTESIAN_POINT('',(-2.604348298734,-0.301596105126));
#7253 = CARTESIAN_POINT('',(-2.57203120836,-0.291561720591));
#7254 = CARTESIAN_POINT('',(-2.55237234397,-0.285458376415));
#7255 = CARTESIAN_POINT('',(-2.532723557853,-0.279358266533));
#7256 = CARTESIAN_POINT('',(-2.513084577159,-0.273260894359));
#7257 = CARTESIAN_POINT('',(-2.493455231648,-0.267165969492));
#7258 = CARTESIAN_POINT('',(-2.473835462147,-0.261073412146));
#7259 = CARTESIAN_POINT('',(-2.454225328997,-0.254983357573));
#7260 = CARTESIAN_POINT('',(-2.424824056211,-0.245852310371));
#7261 = CARTESIAN_POINT('',(-2.415025545726,-0.242809173839));
#7262 = CARTESIAN_POINT('',(-2.40522951076,-0.239766794526));
#7263 = CARTESIAN_POINT('',(-2.395435979884,-0.23672522939));
#7264 = CARTESIAN_POINT('',(-2.38564498853,-0.233684548708));
#7265 = CARTESIAN_POINT('',(-2.375856578993,-0.23064483608));
#7266 = CARTESIAN_POINT('',(-2.366070800428,-0.22760618843));
#7267 = CARTESIAN_POINT('',(-2.346510944636,-0.221533208098));
#7268 = CARTESIAN_POINT('',(-2.336736836967,-0.218498825692));
#7269 = CARTESIAN_POINT('',(-2.326965582805,-0.215465941763));
#7270 = CARTESIAN_POINT('',(-2.317196946356,-0.212434116385));
#7271 = CARTESIAN_POINT('',(-2.307431236745,-0.209403937609));
#7272 = CARTESIAN_POINT('',(-2.297668705879,-0.206375888218));
#7273 = CARTESIAN_POINT('',(-2.287908958317,-0.203349231856));
#7274 = CARTESIAN_POINT('',(-2.259112221441,-0.194420319538));
#7275 = CARTESIAN_POINT('',(-2.240082935249,-0.188521782422));
#7276 = CARTESIAN_POINT('',(-2.221063365171,-0.182626926296));
#7277 = CARTESIAN_POINT('',(-2.202052857162,-0.176734543727));
#7278 = CARTESIAN_POINT('',(-2.183050849818,-0.170843600717));
#7279 = CARTESIAN_POINT('',(-2.164056879878,-0.164953243162));
#7280 = CARTESIAN_POINT('',(-2.145070587729,-0.159062803321));
#7281 = CARTESIAN_POINT('',(-2.111715039919,-0.148709316136));
#7282 = CARTESIAN_POINT('',(-2.097342614679,-0.144246504598));
#7283 = CARTESIAN_POINT('',(-2.082974337514,-0.139783164148));
#7284 = CARTESIAN_POINT('',(-2.068610131026,-0.135319148749));
#7285 = CARTESIAN_POINT('',(-2.054249950092,-0.130854373841));
#7286 = CARTESIAN_POINT('',(-2.03989378186,-0.126388816337));
#7287 = CARTESIAN_POINT('',(-2.025541645756,-0.121922514621));
#7288 = CARTESIAN_POINT('',(-2.000528419231,-0.114135204426));
#7289 = CARTESIAN_POINT('',(-1.989865513627,-0.110814510452));
#7290 = CARTESIAN_POINT('',(-1.979204850362,-0.107493433077));
#7291 = CARTESIAN_POINT('',(-1.968546484951,-0.104172078269));
#7292 = CARTESIAN_POINT('',(-1.957890528044,-0.10085065951));
#7293 = CARTESIAN_POINT('',(-1.947237118747,-9.752944577659E-02));
#7294 = CARTESIAN_POINT('',(-1.936586397943,-9.420870952812E-02));
#7295 = CARTESIAN_POINT('',(-1.893183455603,-8.067561289642E-02));
#7296 = CARTESIAN_POINT('',(-1.860454591185,-7.046917601892E-02));
#7297 = CARTESIAN_POINT('',(-1.827756443528,-6.027726968996E-02));
#7298 = CARTESIAN_POINT('',(-1.795093899433,-5.010928186019E-02));
#7299 = CARTESIAN_POINT('',(-1.762472370006,-3.99761326004E-02));
#7300 = CARTESIAN_POINT('',(-1.729898096794,-2.989046772828E-02));
#7301 = CARTESIAN_POINT('',(-1.697378571363,-1.986699626053E-02));
#7302 = CARTESIAN_POINT('',(-1.664923068323,-9.922971690504E-03));
#7303 = ( GEOMETRIC_REPRESENTATION_CONTEXT(2)
PARAMETRIC_REPRESENTATION_CONTEXT() REPRESENTATION_CONTEXT('2D SPACE',''
  ) );
#7304 = ADVANCED_FACE('',(#7305),#3328,.T.);
#7305 = FACE_BOUND('',#7306,.T.);
#7306 = EDGE_LOOP('',(#7307,#7308,#7309,#7310));
#7307 = ORIENTED_EDGE('',*,*,#6592,.F.);
#7308 = ORIENTED_EDGE('',*,*,#3304,.T.);
#7309 = ORIENTED_EDGE('',*,*,#5571,.T.);
#7310 = ORIENTED_EDGE('',*,*,#7311,.T.);
#7311 = EDGE_CURVE('',#5572,#6593,#7312,.T.);
#7312 = SURFACE_CURVE('',#7313,(#7331,#7338),.PCURVE_S1.);
#7313 = ( BOUNDED_CURVE() B_SPLINE_CURVE(9,(#7314,#7315,#7316,#7317,
    #7318,#7319,#7320,#7321,#7322,#7323,#7324,#7325,#7326,#7327,#7328,
#7329,#7330),.UNSPECIFIED.,.F.,.F.) B_SPLINE_CURVE_WITH_KNOTS((10,7,10),
(0.785398163397,1.570796326795,2.356194490192),.UNSPECIFIED.) CURVE()
GEOMETRIC_REPRESENTATION_ITEM() RATIONAL_B_SPLINE_CURVE((1.,1.,
    0.999991833737,0.999982489629,0.999976571438,0.999976443195,
    0.999982210532,0.999991631077,1.000008368923,0.999991631077,
    0.999982210532,0.999976443195,0.999976571438,0.999982489629,
0.999991833736,1.,1.)) REPRESENTATION_ITEM('') );
#7314 = CARTESIAN_POINT('',(9.050966799188,9.050966799188,75.));
#7315 = CARTESIAN_POINT('',(9.840809039052,8.261124559324,
    75.000000000001));
#7316 = CARTESIAN_POINT('',(10.553126248493,7.393721632229,
    74.999999999998));
#7317 = CARTESIAN_POINT('',(11.17918744642,6.457481333853,
    75.000000000004));
#7318 = CARTESIAN_POINT('',(11.711432725919,5.4622548187,74.999999999994
    ));
#7319 = CARTESIAN_POINT('',(12.143630951123,4.418835478568,
    75.000000000006));
#7320 = CARTESIAN_POINT('',(12.471007334024,3.338751423139,
    74.999999999996));
#7321 = CARTESIAN_POINT('',(12.690336811115,2.234040139064,
    75.000000000002));
#7322 = CARTESIAN_POINT('',(12.909661353375,-2.638426685608E-13,
    74.999999999999));
#7323 = CARTESIAN_POINT('',(12.690336811115,-2.234040139064,
    74.999999999999));
#7324 = CARTESIAN_POINT('',(12.471007334024,-3.33875142314,
    75.000000000002));
#7325 = CARTESIAN_POINT('',(12.143630951123,-4.418835478567,
    74.999999999997));
#7326 = CARTESIAN_POINT('',(11.71143272592,-5.462254818701,
    75.000000000003));
#7327 = CARTESIAN_POINT('',(11.17918744642,-6.457481333853,
    74.999999999998));
#7328 = CARTESIAN_POINT('',(10.553126248493,-7.393721632229,
    75.000000000001));
#7329 = CARTESIAN_POINT('',(9.840809039052,-8.261124559324,75.));
#7330 = CARTESIAN_POINT('',(9.050966799188,-9.050966799188,75.));
#7331 = PCURVE('',#3328,#7332);
#7332 = DEFINITIONAL_REPRESENTATION('',(#7333),#7337);
#7333 = LINE('',#7334,#7335);
#7334 = CARTESIAN_POINT('',(2.356194490192,22.));
#7335 = VECTOR('',#7336,1.);
#7336 = DIRECTION('',(-1.,0.));
#7337 = ( GEOMETRIC_REPRESENTATION_CONTEXT(2)
PARAMETRIC_REPRESENTATION_CONTEXT() REPRESENTATION_CONTEXT('2D SPACE',''
  ) );
#7338 = PCURVE('',#7339,#7344);
#7339 = PLANE('',#7340);
#7340 = AXIS2_PLACEMENT_3D('',#7341,#7342,#7343);
#7341 = CARTESIAN_POINT('',(-0.657055797008,6.769582085923E-15,75.));
#7342 = DIRECTION('',(0.,0.,1.));
#7343 = DIRECTION('',(1.,0.,-0.));
#7344 = DEFINITIONAL_REPRESENTATION('',(#7345),#7363);
#7345 = ( BOUNDED_CURVE() B_SPLINE_CURVE(9,(#7346,#7347,#7348,#7349,
    #7350,#7351,#7352,#7353,#7354,#7355,#7356,#7357,#7358,#7359,#7360,
#7361,#7362),.UNSPECIFIED.,.F.,.F.) B_SPLINE_CURVE_WITH_KNOTS((10,7,10),
(0.785398163397,1.570796326795,2.356194490192),.UNSPECIFIED.) CURVE()
GEOMETRIC_REPRESENTATION_ITEM() RATIONAL_B_SPLINE_CURVE((1.,1.,
    0.999991833737,0.999982489629,0.999976571438,0.999976443195,
    0.999982210532,0.999991631077,1.000008368923,0.999991631077,
    0.999982210532,0.999976443195,0.999976571438,0.999982489629,
0.999991833736,1.,1.)) REPRESENTATION_ITEM('') );
#7346 = CARTESIAN_POINT('',(9.708022596196,9.050966799188));
#7347 = CARTESIAN_POINT('',(10.497864836061,8.261124559324));
#7348 = CARTESIAN_POINT('',(11.210182045501,7.393721632229));
#7349 = CARTESIAN_POINT('',(11.836243243429,6.457481333853));
#7350 = CARTESIAN_POINT('',(12.368488522928,5.4622548187));
#7351 = CARTESIAN_POINT('',(12.800686748132,4.418835478568));
#7352 = CARTESIAN_POINT('',(13.128063131032,3.338751423139));
#7353 = CARTESIAN_POINT('',(13.347392608123,2.234040139064));
#7354 = CARTESIAN_POINT('',(13.566717150383,-2.706122506467E-13));
#7355 = CARTESIAN_POINT('',(13.347392608123,-2.234040139064));
#7356 = CARTESIAN_POINT('',(13.128063131033,-3.33875142314));
#7357 = CARTESIAN_POINT('',(12.800686748131,-4.418835478567));
#7358 = CARTESIAN_POINT('',(12.368488522928,-5.462254818701));
#7359 = CARTESIAN_POINT('',(11.836243243428,-6.457481333853));
#7360 = CARTESIAN_POINT('',(11.210182045502,-7.393721632229));
#7361 = CARTESIAN_POINT('',(10.49786483606,-8.261124559324));
#7362 = CARTESIAN_POINT('',(9.708022596196,-9.050966799188));
#7363 = ( GEOMETRIC_REPRESENTATION_CONTEXT(2)
PARAMETRIC_REPRESENTATION_CONTEXT() REPRESENTATION_CONTEXT('2D SPACE',''
  ) );
#7364 = ADVANCED_FACE('',(#7365),#5370,.F.);
#7365 = FACE_BOUND('',#7366,.T.);
#7366 = EDGE_LOOP('',(#7367,#7390,#7391,#7392,#7393,#7394,#7395,#7396));
#7367 = ORIENTED_EDGE('',*,*,#7368,.F.);
#7368 = EDGE_CURVE('',#5428,#7369,#7371,.T.);
#7369 = VERTEX_POINT('',#7370);
#7370 = CARTESIAN_POINT('',(10.,0.,75.));
#7371 = SEAM_CURVE('',#7372,(#7376,#7383),.PCURVE_S1.);
#7372 = LINE('',#7373,#7374);
#7373 = CARTESIAN_POINT('',(10.,0.,43.));
#7374 = VECTOR('',#7375,1.);
#7375 = DIRECTION('',(0.,0.,1.));
#7376 = PCURVE('',#5370,#7377);
#7377 = DEFINITIONAL_REPRESENTATION('',(#7378),#7382);
#7378 = LINE('',#7379,#7380);
#7379 = CARTESIAN_POINT('',(-6.28318530718,0.));
#7380 = VECTOR('',#7381,1.);
#7381 = DIRECTION('',(-0.,-1.));
#7382 = ( GEOMETRIC_REPRESENTATION_CONTEXT(2)
PARAMETRIC_REPRESENTATION_CONTEXT() REPRESENTATION_CONTEXT('2D SPACE',''
  ) );
#7383 = PCURVE('',#5370,#7384);
#7384 = DEFINITIONAL_REPRESENTATION('',(#7385),#7389);
#7385 = LINE('',#7386,#7387);
#7386 = CARTESIAN_POINT('',(-0.,0.));
#7387 = VECTOR('',#7388,1.);
#7388 = DIRECTION('',(-0.,-1.));
#7389 = ( GEOMETRIC_REPRESENTATION_CONTEXT(2)
PARAMETRIC_REPRESENTATION_CONTEXT() REPRESENTATION_CONTEXT('2D SPACE',''
  ) );
#7390 = ORIENTED_EDGE('',*,*,#5427,.F.);
#7391 = ORIENTED_EDGE('',*,*,#5521,.F.);
#7392 = ORIENTED_EDGE('',*,*,#5547,.F.);
#7393 = ORIENTED_EDGE('',*,*,#5354,.F.);
#7394 = ORIENTED_EDGE('',*,*,#5474,.F.);
#7395 = ORIENTED_EDGE('',*,*,#7368,.T.);
#7396 = ORIENTED_EDGE('',*,*,#7397,.F.);
#7397 = EDGE_CURVE('',#7369,#7369,#7398,.T.);
#7398 = SURFACE_CURVE('',#7399,(#7404,#7411),.PCURVE_S1.);
#7399 = CIRCLE('',#7400,10.);
#7400 = AXIS2_PLACEMENT_3D('',#7401,#7402,#7403);
#7401 = CARTESIAN_POINT('',(0.,0.,75.));
#7402 = DIRECTION('',(0.,0.,-1.));
#7403 = DIRECTION('',(1.,0.,0.));
#7404 = PCURVE('',#5370,#7405);
#7405 = DEFINITIONAL_REPRESENTATION('',(#7406),#7410);
#7406 = LINE('',#7407,#7408);
#7407 = CARTESIAN_POINT('',(-6.28318530718,-32.));
#7408 = VECTOR('',#7409,1.);
#7409 = DIRECTION('',(1.,-0.));
#7410 = ( GEOMETRIC_REPRESENTATION_CONTEXT(2)
PARAMETRIC_REPRESENTATION_CONTEXT() REPRESENTATION_CONTEXT('2D SPACE',''
  ) );
#7411 = PCURVE('',#7339,#7412);
#7412 = DEFINITIONAL_REPRESENTATION('',(#7413),#7421);
#7413 = ( BOUNDED_CURVE() B_SPLINE_CURVE(2,(#7414,#7415,#7416,#7417,
#7418,#7419,#7420),.UNSPECIFIED.,.T.,.F.) B_SPLINE_CURVE_WITH_KNOTS((1,2
    ,2,2,2,1),(-2.094395102393,0.,2.094395102393,4.188790204786,
6.28318530718,8.377580409573),.UNSPECIFIED.) CURVE()
GEOMETRIC_REPRESENTATION_ITEM() RATIONAL_B_SPLINE_CURVE((1.,0.5,1.,0.5,
1.,0.5,1.)) REPRESENTATION_ITEM('') );
#7414 = CARTESIAN_POINT('',(10.657055797008,-6.769582085923E-15));
#7415 = CARTESIAN_POINT('',(10.657055797008,-17.32050807568));
#7416 = CARTESIAN_POINT('',(-4.342944202992,-8.660254037844));
#7417 = CARTESIAN_POINT('',(-19.34294420299,-9.218875684218E-15));
#7418 = CARTESIAN_POINT('',(-4.342944202992,8.660254037844));
#7419 = CARTESIAN_POINT('',(10.657055797008,17.320508075689));
#7420 = CARTESIAN_POINT('',(10.657055797008,-6.769582085923E-15));
#7421 = ( GEOMETRIC_REPRESENTATION_CONTEXT(2)
PARAMETRIC_REPRESENTATION_CONTEXT() REPRESENTATION_CONTEXT('2D SPACE',''
  ) );
#7422 = ADVANCED_FACE('',(#7423),#6206,.T.);
#7423 = FACE_BOUND('',#7424,.T.);
#7424 = EDGE_LOOP('',(#7425,#7447,#7448,#7449));
#7425 = ORIENTED_EDGE('',*,*,#7426,.F.);
#7426 = EDGE_CURVE('',#5572,#6593,#7427,.T.);
#7427 = SURFACE_CURVE('',#7428,(#7433,#7440),.PCURVE_S1.);
#7428 = CIRCLE('',#7429,12.8);
#7429 = AXIS2_PLACEMENT_3D('',#7430,#7431,#7432);
#7430 = CARTESIAN_POINT('',(0.,0.,75.));
#7431 = DIRECTION('',(0.,0.,1.));
#7432 = DIRECTION('',(1.,0.,0.));
#7433 = PCURVE('',#6206,#7434);
#7434 = DEFINITIONAL_REPRESENTATION('',(#7435),#7439);
#7435 = LINE('',#7436,#7437);
#7436 = CARTESIAN_POINT('',(-0.,-1.2));
#7437 = VECTOR('',#7438,1.);
#7438 = DIRECTION('',(-1.,-0.));
#7439 = ( GEOMETRIC_REPRESENTATION_CONTEXT(2)
PARAMETRIC_REPRESENTATION_CONTEXT() REPRESENTATION_CONTEXT('2D SPACE',''
  ) );
#7440 = PCURVE('',#7339,#7441);
#7441 = DEFINITIONAL_REPRESENTATION('',(#7442),#7446);
#7442 = CIRCLE('',#7443,12.8);
#7443 = AXIS2_PLACEMENT_2D('',#7444,#7445);
#7444 = CARTESIAN_POINT('',(0.657055797008,-6.769582085923E-15));
#7445 = DIRECTION('',(1.,0.));
#7446 = ( GEOMETRIC_REPRESENTATION_CONTEXT(2)
PARAMETRIC_REPRESENTATION_CONTEXT() REPRESENTATION_CONTEXT('2D SPACE',''
  ) );
#7447 = ORIENTED_EDGE('',*,*,#5744,.F.);
#7448 = ORIENTED_EDGE('',*,*,#6533,.F.);
#7449 = ORIENTED_EDGE('',*,*,#6678,.F.);
#7450 = ADVANCED_FACE('',(#7451,#7455),#7339,.T.);
#7451 = FACE_BOUND('',#7452,.T.);
#7452 = EDGE_LOOP('',(#7453,#7454));
#7453 = ORIENTED_EDGE('',*,*,#7311,.F.);
#7454 = ORIENTED_EDGE('',*,*,#7426,.T.);
#7455 = FACE_BOUND('',#7456,.T.);
#7456 = EDGE_LOOP('',(#7457));
#7457 = ORIENTED_EDGE('',*,*,#7397,.T.);
#7458 = ( GEOMETRIC_REPRESENTATION_CONTEXT(3)
GLOBAL_UNCERTAINTY_ASSIGNED_CONTEXT((#7462))
GLOBAL_UNIT_ASSIGNED_CONTEXT((#7459,#7460,#7461)) REPRESENTATION_CONTEXT
('Context #1','3D Context with UNIT and UNCERTAINTY') );
#7459 = ( LENGTH_UNIT() NAMED_UNIT(*) SI_UNIT(.MILLI.,.METRE.) );
#7460 = ( NAMED_UNIT(*) PLANE_ANGLE_UNIT() SI_UNIT($,.RADIAN.) );
#7461 = ( NAMED_UNIT(*) SI_UNIT($,.STERADIAN.) SOLID_ANGLE_UNIT() );
#7462 = UNCERTAINTY_MEASURE_WITH_UNIT(LENGTH_MEASURE(5.E-06),#7459,
  'distance_accuracy_value','confusion accuracy');
#7463 = PRODUCT_RELATED_PRODUCT_CATEGORY('part',$,(#7));
ENDSEC;
END-ISO-10303-21;
