ISO-10303-21;
HEADER;
FILE_DESCRIPTION(('Open CASCADE Model'),'2;1');
FILE_NAME('Open CASCADE Shape Model','2026-09-21T18:21:09',('Author'),(
    'Open CASCADE'),'Open CASCADE STEP processor 7.9','Open CASCADE 7.9'
  ,'Unknown');
FILE_SCHEMA(('AUTOMOTIVE_DESIGN { 1 0 10303 214 1 1 1 1 }'));
ENDSEC;
DATA;
#1 = APPLICATION_PROTOCOL_DEFINITION('international standard',
  'automotive_design',2000,#2);
#2 = APPLICATION_CONTEXT(
  'core data for automotive mechanical design processes');
#3 = SHAPE_DEFINITION_REPRESENTATION(#4,#10);
#4 = PRODUCT_DEFINITION_SHAPE('','',#5);
#5 = PRODUCT_DEFINITION('design','',#6,#9);
#6 = PRODUCT_DEFINITION_FORMATION('','',#7);
#7 = PRODUCT('Open CASCADE STEP translator 7.9 2',
  'Open CASCADE STEP translator 7.9 2','',(#8));
#8 = PRODUCT_CONTEXT('',#2,'mechanical');
#9 = PRODUCT_DEFINITION_CONTEXT('part definition',#2,'design');
#10 = ADVANCED_BREP_SHAPE_REPRESENTATION('',(#11,#15),#6766);
#11 = AXIS2_PLACEMENT_3D('',#12,#13,#14);
#12 = CARTESIAN_POINT('',(0.,0.,0.));
#13 = DIRECTION('',(0.,0.,1.));
#14 = DIRECTION('',(1.,0.,-0.));
#15 = MANIFOLD_SOLID_BREP('',#16);
#16 = CLOSED_SHELL('',(#17,#135,#219,#295,#379,#455,#539,#615,#699,#775,
    #855,#931,#1011,#1087,#1167,#1243,#1323,#1399,#1479,#1555,#1639,
    #1715,#1799,#1870,#1953,#5082,#5387,#6565,#6630,#6697,#6704,#6736));
#17 = ADVANCED_FACE('',(#18),#33,.T.);
#18 = FACE_BOUND('',#19,.F.);
#19 = EDGE_LOOP('',(#20,#56,#82,#111));
#20 = ORIENTED_EDGE('',*,*,#21,.F.);
#21 = EDGE_CURVE('',#22,#24,#26,.T.);
#22 = VERTEX_POINT('',#23);
#23 = CARTESIAN_POINT('',(17.96,1.199333148045,0.));
#24 = VERTEX_POINT('',#25);
#25 = CARTESIAN_POINT('',(16.153482825991,7.941347026192,0.));
#26 = SURFACE_CURVE('',#27,(#32,#44),.PCURVE_S1.);
#27 = CIRCLE('',#28,18.);
#28 = AXIS2_PLACEMENT_3D('',#29,#30,#31);
#29 = CARTESIAN_POINT('',(0.,0.,0.));
#30 = DIRECTION('',(0.,0.,1.));
#31 = DIRECTION('',(1.,0.,0.));
#32 = PCURVE('',#33,#38);
#33 = CYLINDRICAL_SURFACE('',#34,18.);
#34 = AXIS2_PLACEMENT_3D('',#35,#36,#37);
#35 = CARTESIAN_POINT('',(0.,0.,0.));
#36 = DIRECTION('',(-0.,-0.,-1.));
#37 = DIRECTION('',(1.,0.,0.));
#38 = DEFINITIONAL_REPRESENTATION('',(#39),#43);
#39 = LINE('',#40,#41);
#40 = CARTESIAN_POINT('',(-0.,0.));
#41 = VECTOR('',#42,1.);
#42 = DIRECTION('',(-1.,0.));
#43 = ( GEOMETRIC_REPRESENTATION_CONTEXT(2)
PARAMETRIC_REPRESENTATION_CONTEXT() REPRESENTATION_CONTEXT('2D SPACE',''
  ) );
#44 = PCURVE('',#45,#50);
#45 = PLANE('',#46);
#46 = AXIS2_PLACEMENT_3D('',#47,#48,#49);
#47 = CARTESIAN_POINT('',(-6.077511700175E-16,4.807142605466E-16,0.));
#48 = DIRECTION('',(0.,0.,1.));
#49 = DIRECTION('',(1.,0.,-0.));
#50 = DEFINITIONAL_REPRESENTATION('',(#51),#55);
#51 = CIRCLE('',#52,18.);
#52 = AXIS2_PLACEMENT_2D('',#53,#54);
#53 = CARTESIAN_POINT('',(6.077511700175E-16,-4.807142605466E-16));
#54 = DIRECTION('',(1.,0.));
#55 = ( GEOMETRIC_REPRESENTATION_CONTEXT(2)
PARAMETRIC_REPRESENTATION_CONTEXT() REPRESENTATION_CONTEXT('2D SPACE',''
  ) );
#56 = ORIENTED_EDGE('',*,*,#57,.F.);
#57 = EDGE_CURVE('',#58,#22,#60,.T.);
#58 = VERTEX_POINT('',#59);
#59 = CARTESIAN_POINT('',(17.96,1.199333148045,8.));
#60 = SURFACE_CURVE('',#61,(#65,#71),.PCURVE_S1.);
#61 = LINE('',#62,#63);
#62 = CARTESIAN_POINT('',(17.96,1.199333148045,0.));
#63 = VECTOR('',#64,1.);
#64 = DIRECTION('',(-0.,-0.,-1.));
#65 = PCURVE('',#33,#66);
#66 = DEFINITIONAL_REPRESENTATION('',(#67),#70);
#67 = B_SPLINE_CURVE_WITH_KNOTS('',1,(#68,#69),.UNSPECIFIED.,.F.,.F.,(2,
    2),(-8.0000006,6.E-07),.PIECEWISE_BEZIER_KNOTS.);
#68 = CARTESIAN_POINT('',(-6.667901852261E-02,-8.0000006));
#69 = CARTESIAN_POINT('',(-6.667901852261E-02,6.E-07));
#70 = ( GEOMETRIC_REPRESENTATION_CONTEXT(2)
PARAMETRIC_REPRESENTATION_CONTEXT() REPRESENTATION_CONTEXT('2D SPACE',''
  ) );
#71 = PCURVE('',#72,#77);
#72 = CYLINDRICAL_SURFACE('',#73,1.2);
#73 = AXIS2_PLACEMENT_3D('',#74,#75,#76);
#74 = CARTESIAN_POINT('',(18.,0.,-1.));
#75 = DIRECTION('',(-0.,-0.,-1.));
#76 = DIRECTION('',(1.,0.,0.));
#77 = DEFINITIONAL_REPRESENTATION('',(#78),#81);
#78 = B_SPLINE_CURVE_WITH_KNOTS('',1,(#79,#80),.UNSPECIFIED.,.F.,.F.,(2,
    2),(-8.0000006,6.E-07),.PIECEWISE_BEZIER_KNOTS.);
#79 = CARTESIAN_POINT('',(-1.604135836056,-9.0000006));
#80 = CARTESIAN_POINT('',(-1.604135836056,-0.9999994));
#81 = ( GEOMETRIC_REPRESENTATION_CONTEXT(2)
PARAMETRIC_REPRESENTATION_CONTEXT() REPRESENTATION_CONTEXT('2D SPACE',''
  ) );
#82 = ORIENTED_EDGE('',*,*,#83,.T.);
#83 = EDGE_CURVE('',#58,#84,#86,.T.);
#84 = VERTEX_POINT('',#85);
#85 = CARTESIAN_POINT('',(16.153482825991,7.941347026192,8.));
#86 = SURFACE_CURVE('',#87,(#92,#99),.PCURVE_S1.);
#87 = CIRCLE('',#88,18.);
#88 = AXIS2_PLACEMENT_3D('',#89,#90,#91);
#89 = CARTESIAN_POINT('',(0.,0.,8.));
#90 = DIRECTION('',(0.,0.,1.));
#91 = DIRECTION('',(1.,0.,0.));
#92 = PCURVE('',#33,#93);
#93 = DEFINITIONAL_REPRESENTATION('',(#94),#98);
#94 = LINE('',#95,#96);
#95 = CARTESIAN_POINT('',(-0.,-8.));
#96 = VECTOR('',#97,1.);
#97 = DIRECTION('',(-1.,0.));
#98 = ( GEOMETRIC_REPRESENTATION_CONTEXT(2)
PARAMETRIC_REPRESENTATION_CONTEXT() REPRESENTATION_CONTEXT('2D SPACE',''
  ) );
#99 = PCURVE('',#100,#105);
#100 = PLANE('',#101);
#101 = AXIS2_PLACEMENT_3D('',#102,#103,#104);
#102 = CARTESIAN_POINT('',(-6.077511700175E-16,4.807142605466E-16,8.));
#103 = DIRECTION('',(0.,0.,1.));
#104 = DIRECTION('',(1.,0.,-0.));
#105 = DEFINITIONAL_REPRESENTATION('',(#106),#110);
#106 = CIRCLE('',#107,18.);
#107 = AXIS2_PLACEMENT_2D('',#108,#109);
#108 = CARTESIAN_POINT('',(6.077511700175E-16,-4.807142605466E-16));
#109 = DIRECTION('',(1.,0.));
#110 = ( GEOMETRIC_REPRESENTATION_CONTEXT(2)
PARAMETRIC_REPRESENTATION_CONTEXT() REPRESENTATION_CONTEXT('2D SPACE',''
  ) );
#111 = ORIENTED_EDGE('',*,*,#112,.T.);
#112 = EDGE_CURVE('',#84,#24,#113,.T.);
#113 = SURFACE_CURVE('',#114,(#118,#124),.PCURVE_S1.);
#114 = LINE('',#115,#116);
#115 = CARTESIAN_POINT('',(16.153482825991,7.941347026192,0.));
#116 = VECTOR('',#117,1.);
#117 = DIRECTION('',(-0.,-0.,-1.));
#118 = PCURVE('',#33,#119);
#119 = DEFINITIONAL_REPRESENTATION('',(#120),#123);
#120 = B_SPLINE_CURVE_WITH_KNOTS('',1,(#121,#122),.UNSPECIFIED.,.F.,.F.,
  (2,2),(-8.0000006,6.E-07),.PIECEWISE_BEZIER_KNOTS.);
#121 = CARTESIAN_POINT('',(-0.456919757076,-8.0000006));
#122 = CARTESIAN_POINT('',(-0.456919757076,6.E-07));
#123 = ( GEOMETRIC_REPRESENTATION_CONTEXT(2)
PARAMETRIC_REPRESENTATION_CONTEXT() REPRESENTATION_CONTEXT('2D SPACE',''
  ) );
#124 = PCURVE('',#125,#130);
#125 = CYLINDRICAL_SURFACE('',#126,1.2);
#126 = AXIS2_PLACEMENT_3D('',#127,#128,#129);
#127 = CARTESIAN_POINT('',(15.58845726812,9.,-1.));
#128 = DIRECTION('',(-0.,-0.,-1.));
#129 = DIRECTION('',(1.,0.,0.));
#130 = DEFINITIONAL_REPRESENTATION('',(#131),#134);
#131 = B_SPLINE_CURVE_WITH_KNOTS('',1,(#132,#133),.UNSPECIFIED.,.F.,.F.,
  (2,2),(-8.0000006,6.E-07),.PIECEWISE_BEZIER_KNOTS.);
#132 = CARTESIAN_POINT('',(-5.202648246722,-9.0000006));
#133 = CARTESIAN_POINT('',(-5.202648246722,-0.9999994));
#134 = ( GEOMETRIC_REPRESENTATION_CONTEXT(2)
PARAMETRIC_REPRESENTATION_CONTEXT() REPRESENTATION_CONTEXT('2D SPACE',''
  ) );
#135 = ADVANCED_FACE('',(#136),#72,.F.);
#136 = FACE_BOUND('',#137,.T.);
#137 = EDGE_LOOP('',(#138,#139,#167,#193));
#138 = ORIENTED_EDGE('',*,*,#57,.F.);
#139 = ORIENTED_EDGE('',*,*,#140,.F.);
#140 = EDGE_CURVE('',#141,#58,#143,.T.);
#141 = VERTEX_POINT('',#142);
#142 = CARTESIAN_POINT('',(17.96,-1.199333148045,8.));
#143 = SURFACE_CURVE('',#144,(#149,#156),.PCURVE_S1.);
#144 = CIRCLE('',#145,1.2);
#145 = AXIS2_PLACEMENT_3D('',#146,#147,#148);
#146 = CARTESIAN_POINT('',(18.,0.,8.));
#147 = DIRECTION('',(0.,0.,-1.));
#148 = DIRECTION('',(1.,0.,0.));
#149 = PCURVE('',#72,#150);
#150 = DEFINITIONAL_REPRESENTATION('',(#151),#155);
#151 = LINE('',#152,#153);
#152 = CARTESIAN_POINT('',(-6.28318530718,-9.));
#153 = VECTOR('',#154,1.);
#154 = DIRECTION('',(1.,-0.));
#155 = ( GEOMETRIC_REPRESENTATION_CONTEXT(2)
PARAMETRIC_REPRESENTATION_CONTEXT() REPRESENTATION_CONTEXT('2D SPACE',''
  ) );
#156 = PCURVE('',#100,#157);
#157 = DEFINITIONAL_REPRESENTATION('',(#158),#166);
#158 = ( BOUNDED_CURVE() B_SPLINE_CURVE(2,(#159,#160,#161,#162,#163,#164
,#165),.UNSPECIFIED.,.T.,.F.) B_SPLINE_CURVE_WITH_KNOTS((1,2,2,2,2,1),(
    -2.094395102393,0.,2.094395102393,4.188790204786,6.28318530718,
8.377580409573),.UNSPECIFIED.) CURVE() GEOMETRIC_REPRESENTATION_ITEM()
RATIONAL_B_SPLINE_CURVE((1.,0.5,1.,0.5,1.,0.5,1.)) REPRESENTATION_ITEM(
  '') );
#159 = CARTESIAN_POINT('',(19.2,-4.807142605466E-16));
#160 = CARTESIAN_POINT('',(19.2,-2.078460969083));
#161 = CARTESIAN_POINT('',(17.4,-1.039230484541));
#162 = CARTESIAN_POINT('',(15.6,-7.74629492342E-16));
#163 = CARTESIAN_POINT('',(17.4,1.039230484541));
#164 = CARTESIAN_POINT('',(19.2,2.078460969083));
#165 = CARTESIAN_POINT('',(19.2,-4.807142605466E-16));
#166 = ( GEOMETRIC_REPRESENTATION_CONTEXT(2)
PARAMETRIC_REPRESENTATION_CONTEXT() REPRESENTATION_CONTEXT('2D SPACE',''
  ) );
#167 = ORIENTED_EDGE('',*,*,#168,.T.);
#168 = EDGE_CURVE('',#141,#169,#171,.T.);
#169 = VERTEX_POINT('',#170);
#170 = CARTESIAN_POINT('',(17.96,-1.199333148045,0.));
#171 = SURFACE_CURVE('',#172,(#176,#182),.PCURVE_S1.);
#172 = LINE('',#173,#174);
#173 = CARTESIAN_POINT('',(17.96,-1.199333148045,0.));
#174 = VECTOR('',#175,1.);
#175 = DIRECTION('',(-0.,-0.,-1.));
#176 = PCURVE('',#72,#177);
#177 = DEFINITIONAL_REPRESENTATION('',(#178),#181);
#178 = B_SPLINE_CURVE_WITH_KNOTS('',1,(#179,#180),.UNSPECIFIED.,.F.,.F.,
  (2,2),(-8.0000006,6.E-07),.PIECEWISE_BEZIER_KNOTS.);
#179 = CARTESIAN_POINT('',(-4.679049471123,-9.0000006));
#180 = CARTESIAN_POINT('',(-4.679049471123,-0.9999994));
#181 = ( GEOMETRIC_REPRESENTATION_CONTEXT(2)
PARAMETRIC_REPRESENTATION_CONTEXT() REPRESENTATION_CONTEXT('2D SPACE',''
  ) );
#182 = PCURVE('',#183,#188);
#183 = CYLINDRICAL_SURFACE('',#184,18.);
#184 = AXIS2_PLACEMENT_3D('',#185,#186,#187);
#185 = CARTESIAN_POINT('',(0.,0.,0.));
#186 = DIRECTION('',(-0.,-0.,-1.));
#187 = DIRECTION('',(1.,0.,0.));
#188 = DEFINITIONAL_REPRESENTATION('',(#189),#192);
#189 = B_SPLINE_CURVE_WITH_KNOTS('',1,(#190,#191),.UNSPECIFIED.,.F.,.F.,
  (2,2),(-8.0000006,6.E-07),.PIECEWISE_BEZIER_KNOTS.);
#190 = CARTESIAN_POINT('',(-6.216506288657,-8.0000006));
#191 = CARTESIAN_POINT('',(-6.216506288657,6.E-07));
#192 = ( GEOMETRIC_REPRESENTATION_CONTEXT(2)
PARAMETRIC_REPRESENTATION_CONTEXT() REPRESENTATION_CONTEXT('2D SPACE',''
  ) );
#193 = ORIENTED_EDGE('',*,*,#194,.T.);
#194 = EDGE_CURVE('',#169,#22,#195,.T.);
#195 = SURFACE_CURVE('',#196,(#201,#208),.PCURVE_S1.);
#196 = CIRCLE('',#197,1.2);
#197 = AXIS2_PLACEMENT_3D('',#198,#199,#200);
#198 = CARTESIAN_POINT('',(18.,0.,0.));
#199 = DIRECTION('',(0.,0.,-1.));
#200 = DIRECTION('',(1.,0.,0.));
#201 = PCURVE('',#72,#202);
#202 = DEFINITIONAL_REPRESENTATION('',(#203),#207);
#203 = LINE('',#204,#205);
#204 = CARTESIAN_POINT('',(-6.28318530718,-1.));
#205 = VECTOR('',#206,1.);
#206 = DIRECTION('',(1.,-0.));
#207 = ( GEOMETRIC_REPRESENTATION_CONTEXT(2)
PARAMETRIC_REPRESENTATION_CONTEXT() REPRESENTATION_CONTEXT('2D SPACE',''
  ) );
#208 = PCURVE('',#45,#209);
#209 = DEFINITIONAL_REPRESENTATION('',(#210),#218);
#210 = ( BOUNDED_CURVE() B_SPLINE_CURVE(2,(#211,#212,#213,#214,#215,#216
,#217),.UNSPECIFIED.,.T.,.F.) B_SPLINE_CURVE_WITH_KNOTS((1,2,2,2,2,1),(
    -2.094395102393,0.,2.094395102393,4.188790204786,6.28318530718,
8.377580409573),.UNSPECIFIED.) CURVE() GEOMETRIC_REPRESENTATION_ITEM()
RATIONAL_B_SPLINE_CURVE((1.,0.5,1.,0.5,1.,0.5,1.)) REPRESENTATION_ITEM(
  '') );
#211 = CARTESIAN_POINT('',(19.2,-4.807142605466E-16));
#212 = CARTESIAN_POINT('',(19.2,-2.078460969083));
#213 = CARTESIAN_POINT('',(17.4,-1.039230484541));
#214 = CARTESIAN_POINT('',(15.6,-7.74629492342E-16));
#215 = CARTESIAN_POINT('',(17.4,1.039230484541));
#216 = CARTESIAN_POINT('',(19.2,2.078460969083));
#217 = CARTESIAN_POINT('',(19.2,-4.807142605466E-16));
#218 = ( GEOMETRIC_REPRESENTATION_CONTEXT(2)
PARAMETRIC_REPRESENTATION_CONTEXT() REPRESENTATION_CONTEXT('2D SPACE',''
  ) );
#219 = ADVANCED_FACE('',(#220),#183,.T.);
#220 = FACE_BOUND('',#221,.F.);
#221 = EDGE_LOOP('',(#222,#246,#272,#294));
#222 = ORIENTED_EDGE('',*,*,#223,.F.);
#223 = EDGE_CURVE('',#224,#169,#226,.T.);
#224 = VERTEX_POINT('',#225);
#225 = CARTESIAN_POINT('',(16.153482825991,-7.941347026192,0.));
#226 = SURFACE_CURVE('',#227,(#232,#239),.PCURVE_S1.);
#227 = CIRCLE('',#228,18.);
#228 = AXIS2_PLACEMENT_3D('',#229,#230,#231);
#229 = CARTESIAN_POINT('',(0.,0.,0.));
#230 = DIRECTION('',(0.,0.,1.));
#231 = DIRECTION('',(1.,0.,0.));
#232 = PCURVE('',#183,#233);
#233 = DEFINITIONAL_REPRESENTATION('',(#234),#238);
#234 = LINE('',#235,#236);
#235 = CARTESIAN_POINT('',(-0.,0.));
#236 = VECTOR('',#237,1.);
#237 = DIRECTION('',(-1.,0.));
#238 = ( GEOMETRIC_REPRESENTATION_CONTEXT(2)
PARAMETRIC_REPRESENTATION_CONTEXT() REPRESENTATION_CONTEXT('2D SPACE',''
  ) );
#239 = PCURVE('',#45,#240);
#240 = DEFINITIONAL_REPRESENTATION('',(#241),#245);
#241 = CIRCLE('',#242,18.);
#242 = AXIS2_PLACEMENT_2D('',#243,#244);
#243 = CARTESIAN_POINT('',(6.077511700175E-16,-4.807142605466E-16));
#244 = DIRECTION('',(1.,0.));
#245 = ( GEOMETRIC_REPRESENTATION_CONTEXT(2)
PARAMETRIC_REPRESENTATION_CONTEXT() REPRESENTATION_CONTEXT('2D SPACE',''
  ) );
#246 = ORIENTED_EDGE('',*,*,#247,.F.);
#247 = EDGE_CURVE('',#248,#224,#250,.T.);
#248 = VERTEX_POINT('',#249);
#249 = CARTESIAN_POINT('',(16.153482825991,-7.941347026192,8.));
#250 = SURFACE_CURVE('',#251,(#255,#261),.PCURVE_S1.);
#251 = LINE('',#252,#253);
#252 = CARTESIAN_POINT('',(16.153482825991,-7.941347026192,0.));
#253 = VECTOR('',#254,1.);
#254 = DIRECTION('',(-0.,-0.,-1.));
#255 = PCURVE('',#183,#256);
#256 = DEFINITIONAL_REPRESENTATION('',(#257),#260);
#257 = B_SPLINE_CURVE_WITH_KNOTS('',1,(#258,#259),.UNSPECIFIED.,.F.,.F.,
  (2,2),(-8.0000006,6.E-07),.PIECEWISE_BEZIER_KNOTS.);
#258 = CARTESIAN_POINT('',(-5.826265550104,-8.0000006));
#259 = CARTESIAN_POINT('',(-5.826265550104,6.E-07));
#260 = ( GEOMETRIC_REPRESENTATION_CONTEXT(2)
PARAMETRIC_REPRESENTATION_CONTEXT() REPRESENTATION_CONTEXT('2D SPACE',''
  ) );
#261 = PCURVE('',#262,#267);
#262 = CYLINDRICAL_SURFACE('',#263,1.2);
#263 = AXIS2_PLACEMENT_3D('',#264,#265,#266);
#264 = CARTESIAN_POINT('',(15.58845726812,-9.,-1.));
#265 = DIRECTION('',(-0.,-0.,-1.));
#266 = DIRECTION('',(1.,0.,0.));
#267 = DEFINITIONAL_REPRESENTATION('',(#268),#271);
#268 = B_SPLINE_CURVE_WITH_KNOTS('',1,(#269,#270),.UNSPECIFIED.,.F.,.F.,
  (2,2),(-8.0000006,6.E-07),.PIECEWISE_BEZIER_KNOTS.);
#269 = CARTESIAN_POINT('',(-1.080537060458,-9.0000006));
#270 = CARTESIAN_POINT('',(-1.080537060458,-0.9999994));
#271 = ( GEOMETRIC_REPRESENTATION_CONTEXT(2)
PARAMETRIC_REPRESENTATION_CONTEXT() REPRESENTATION_CONTEXT('2D SPACE',''
  ) );
#272 = ORIENTED_EDGE('',*,*,#273,.T.);
#273 = EDGE_CURVE('',#248,#141,#274,.T.);
#274 = SURFACE_CURVE('',#275,(#280,#287),.PCURVE_S1.);
#275 = CIRCLE('',#276,18.);
#276 = AXIS2_PLACEMENT_3D('',#277,#278,#279);
#277 = CARTESIAN_POINT('',(0.,0.,8.));
#278 = DIRECTION('',(0.,0.,1.));
#279 = DIRECTION('',(1.,0.,0.));
#280 = PCURVE('',#183,#281);
#281 = DEFINITIONAL_REPRESENTATION('',(#282),#286);
#282 = LINE('',#283,#284);
#283 = CARTESIAN_POINT('',(-0.,-8.));
#284 = VECTOR('',#285,1.);
#285 = DIRECTION('',(-1.,0.));
#286 = ( GEOMETRIC_REPRESENTATION_CONTEXT(2)
PARAMETRIC_REPRESENTATION_CONTEXT() REPRESENTATION_CONTEXT('2D SPACE',''
  ) );
#287 = PCURVE('',#100,#288);
#288 = DEFINITIONAL_REPRESENTATION('',(#289),#293);
#289 = CIRCLE('',#290,18.);
#290 = AXIS2_PLACEMENT_2D('',#291,#292);
#291 = CARTESIAN_POINT('',(6.077511700175E-16,-4.807142605466E-16));
#292 = DIRECTION('',(1.,0.));
#293 = ( GEOMETRIC_REPRESENTATION_CONTEXT(2)
PARAMETRIC_REPRESENTATION_CONTEXT() REPRESENTATION_CONTEXT('2D SPACE',''
  ) );
#294 = ORIENTED_EDGE('',*,*,#168,.T.);
#295 = ADVANCED_FACE('',(#296),#262,.F.);
#296 = FACE_BOUND('',#297,.T.);
#297 = EDGE_LOOP('',(#298,#326,#352,#353));
#298 = ORIENTED_EDGE('',*,*,#299,.T.);
#299 = EDGE_CURVE('',#300,#302,#304,.T.);
#300 = VERTEX_POINT('',#301);
#301 = CARTESIAN_POINT('',(14.954149677946,-10.0186529738,8.));
#302 = VERTEX_POINT('',#303);
#303 = CARTESIAN_POINT('',(14.954149677946,-10.0186529738,0.));
#304 = SURFACE_CURVE('',#305,(#309,#315),.PCURVE_S1.);
#305 = LINE('',#306,#307);
#306 = CARTESIAN_POINT('',(14.954149677946,-10.0186529738,0.));
#307 = VECTOR('',#308,1.);
#308 = DIRECTION('',(-0.,-0.,-1.));
#309 = PCURVE('',#262,#310);
#310 = DEFINITIONAL_REPRESENTATION('',(#311),#314);
#311 = B_SPLINE_CURVE_WITH_KNOTS('',1,(#312,#313),.UNSPECIFIED.,.F.,.F.,
  (2,2),(-8.0000006,6.E-07),.PIECEWISE_BEZIER_KNOTS.);
#312 = CARTESIAN_POINT('',(-4.155450695525,-9.0000006));
#313 = CARTESIAN_POINT('',(-4.155450695525,-0.9999994));
#314 = ( GEOMETRIC_REPRESENTATION_CONTEXT(2)
PARAMETRIC_REPRESENTATION_CONTEXT() REPRESENTATION_CONTEXT('2D SPACE',''
  ) );
#315 = PCURVE('',#316,#321);
#316 = CYLINDRICAL_SURFACE('',#317,18.);
#317 = AXIS2_PLACEMENT_3D('',#318,#319,#320);
#318 = CARTESIAN_POINT('',(0.,0.,0.));
#319 = DIRECTION('',(-0.,-0.,-1.));
#320 = DIRECTION('',(1.,0.,0.));
#321 = DEFINITIONAL_REPRESENTATION('',(#322),#325);
#322 = B_SPLINE_CURVE_WITH_KNOTS('',1,(#323,#324),.UNSPECIFIED.,.F.,.F.,
  (2,2),(-8.0000006,6.E-07),.PIECEWISE_BEZIER_KNOTS.);
#323 = CARTESIAN_POINT('',(-5.692907513059,-8.0000006));
#324 = CARTESIAN_POINT('',(-5.692907513059,6.E-07));
#325 = ( GEOMETRIC_REPRESENTATION_CONTEXT(2)
PARAMETRIC_REPRESENTATION_CONTEXT() REPRESENTATION_CONTEXT('2D SPACE',''
  ) );
#326 = ORIENTED_EDGE('',*,*,#327,.T.);
#327 = EDGE_CURVE('',#302,#224,#328,.T.);
#328 = SURFACE_CURVE('',#329,(#334,#341),.PCURVE_S1.);
#329 = CIRCLE('',#330,1.2);
#330 = AXIS2_PLACEMENT_3D('',#331,#332,#333);
#331 = CARTESIAN_POINT('',(15.58845726812,-9.,0.));
#332 = DIRECTION('',(0.,0.,-1.));
#333 = DIRECTION('',(1.,0.,0.));
#334 = PCURVE('',#262,#335);
#335 = DEFINITIONAL_REPRESENTATION('',(#336),#340);
#336 = LINE('',#337,#338);
#337 = CARTESIAN_POINT('',(-6.28318530718,-1.));
#338 = VECTOR('',#339,1.);
#339 = DIRECTION('',(1.,-0.));
#340 = ( GEOMETRIC_REPRESENTATION_CONTEXT(2)
PARAMETRIC_REPRESENTATION_CONTEXT() REPRESENTATION_CONTEXT('2D SPACE',''
  ) );
#341 = PCURVE('',#45,#342);
#342 = DEFINITIONAL_REPRESENTATION('',(#343),#351);
#343 = ( BOUNDED_CURVE() B_SPLINE_CURVE(2,(#344,#345,#346,#347,#348,#349
,#350),.UNSPECIFIED.,.T.,.F.) B_SPLINE_CURVE_WITH_KNOTS((1,2,2,2,2,1),(
    -2.094395102393,0.,2.094395102393,4.188790204786,6.28318530718,
8.377580409573),.UNSPECIFIED.) CURVE() GEOMETRIC_REPRESENTATION_ITEM()
RATIONAL_B_SPLINE_CURVE((1.,0.5,1.,0.5,1.,0.5,1.)) REPRESENTATION_ITEM(
  '') );
#344 = CARTESIAN_POINT('',(16.78845726812,-9.));
#345 = CARTESIAN_POINT('',(16.78845726812,-11.07846096908));
#346 = CARTESIAN_POINT('',(14.98845726812,-10.03923048454));
#347 = CARTESIAN_POINT('',(13.18845726812,-9.));
#348 = CARTESIAN_POINT('',(14.98845726812,-7.960769515459));
#349 = CARTESIAN_POINT('',(16.78845726812,-6.921539030917));
#350 = CARTESIAN_POINT('',(16.78845726812,-9.));
#351 = ( GEOMETRIC_REPRESENTATION_CONTEXT(2)
PARAMETRIC_REPRESENTATION_CONTEXT() REPRESENTATION_CONTEXT('2D SPACE',''
  ) );
#352 = ORIENTED_EDGE('',*,*,#247,.F.);
#353 = ORIENTED_EDGE('',*,*,#354,.F.);
#354 = EDGE_CURVE('',#300,#248,#355,.T.);
#355 = SURFACE_CURVE('',#356,(#361,#368),.PCURVE_S1.);
#356 = CIRCLE('',#357,1.2);
#357 = AXIS2_PLACEMENT_3D('',#358,#359,#360);
#358 = CARTESIAN_POINT('',(15.58845726812,-9.,8.));
#359 = DIRECTION('',(0.,0.,-1.));
#360 = DIRECTION('',(1.,0.,0.));
#361 = PCURVE('',#262,#362);
#362 = DEFINITIONAL_REPRESENTATION('',(#363),#367);
#363 = LINE('',#364,#365);
#364 = CARTESIAN_POINT('',(-6.28318530718,-9.));
#365 = VECTOR('',#366,1.);
#366 = DIRECTION('',(1.,-0.));
#367 = ( GEOMETRIC_REPRESENTATION_CONTEXT(2)
PARAMETRIC_REPRESENTATION_CONTEXT() REPRESENTATION_CONTEXT('2D SPACE',''
  ) );
#368 = PCURVE('',#100,#369);
#369 = DEFINITIONAL_REPRESENTATION('',(#370),#378);
#370 = ( BOUNDED_CURVE() B_SPLINE_CURVE(2,(#371,#372,#373,#374,#375,#376
,#377),.UNSPECIFIED.,.T.,.F.) B_SPLINE_CURVE_WITH_KNOTS((1,2,2,2,2,1),(
    -2.094395102393,0.,2.094395102393,4.188790204786,6.28318530718,
8.377580409573),.UNSPECIFIED.) CURVE() GEOMETRIC_REPRESENTATION_ITEM()
RATIONAL_B_SPLINE_CURVE((1.,0.5,1.,0.5,1.,0.5,1.)) REPRESENTATION_ITEM(
  '') );
#371 = CARTESIAN_POINT('',(16.78845726812,-9.));
#372 = CARTESIAN_POINT('',(16.78845726812,-11.07846096908));
#373 = CARTESIAN_POINT('',(14.98845726812,-10.03923048454));
#374 = CARTESIAN_POINT('',(13.18845726812,-9.));
#375 = CARTESIAN_POINT('',(14.98845726812,-7.960769515459));
#376 = CARTESIAN_POINT('',(16.78845726812,-6.921539030917));
#377 = CARTESIAN_POINT('',(16.78845726812,-9.));
#378 = ( GEOMETRIC_REPRESENTATION_CONTEXT(2)
PARAMETRIC_REPRESENTATION_CONTEXT() REPRESENTATION_CONTEXT('2D SPACE',''
  ) );
#379 = ADVANCED_FACE('',(#380),#316,.T.);
#380 = FACE_BOUND('',#381,.F.);
#381 = EDGE_LOOP('',(#382,#406,#432,#454));
#382 = ORIENTED_EDGE('',*,*,#383,.F.);
#383 = EDGE_CURVE('',#384,#302,#386,.T.);
#384 = VERTEX_POINT('',#385);
#385 = CARTESIAN_POINT('',(10.018652973808,-14.95414967794,0.));
#386 = SURFACE_CURVE('',#387,(#392,#399),.PCURVE_S1.);
#387 = CIRCLE('',#388,18.);
#388 = AXIS2_PLACEMENT_3D('',#389,#390,#391);
#389 = CARTESIAN_POINT('',(0.,0.,0.));
#390 = DIRECTION('',(0.,0.,1.));
#391 = DIRECTION('',(1.,0.,0.));
#392 = PCURVE('',#316,#393);
#393 = DEFINITIONAL_REPRESENTATION('',(#394),#398);
#394 = LINE('',#395,#396);
#395 = CARTESIAN_POINT('',(-0.,0.));
#396 = VECTOR('',#397,1.);
#397 = DIRECTION('',(-1.,0.));
#398 = ( GEOMETRIC_REPRESENTATION_CONTEXT(2)
PARAMETRIC_REPRESENTATION_CONTEXT() REPRESENTATION_CONTEXT('2D SPACE',''
  ) );
#399 = PCURVE('',#45,#400);
#400 = DEFINITIONAL_REPRESENTATION('',(#401),#405);
#401 = CIRCLE('',#402,18.);
#402 = AXIS2_PLACEMENT_2D('',#403,#404);
#403 = CARTESIAN_POINT('',(6.077511700175E-16,-4.807142605466E-16));
#404 = DIRECTION('',(1.,0.));
#405 = ( GEOMETRIC_REPRESENTATION_CONTEXT(2)
PARAMETRIC_REPRESENTATION_CONTEXT() REPRESENTATION_CONTEXT('2D SPACE',''
  ) );
#406 = ORIENTED_EDGE('',*,*,#407,.F.);
#407 = EDGE_CURVE('',#408,#384,#410,.T.);
#408 = VERTEX_POINT('',#409);
#409 = CARTESIAN_POINT('',(10.018652973808,-14.95414967794,8.));
#410 = SURFACE_CURVE('',#411,(#415,#421),.PCURVE_S1.);
#411 = LINE('',#412,#413);
#412 = CARTESIAN_POINT('',(10.018652973808,-14.95414967794,0.));
#413 = VECTOR('',#414,1.);
#414 = DIRECTION('',(-0.,-0.,-1.));
#415 = PCURVE('',#316,#416);
#416 = DEFINITIONAL_REPRESENTATION('',(#417),#420);
#417 = B_SPLINE_CURVE_WITH_KNOTS('',1,(#418,#419),.UNSPECIFIED.,.F.,.F.,
  (2,2),(-8.0000006,6.E-07),.PIECEWISE_BEZIER_KNOTS.);
#418 = CARTESIAN_POINT('',(-5.302666774506,-8.0000006));
#419 = CARTESIAN_POINT('',(-5.302666774506,6.E-07));
#420 = ( GEOMETRIC_REPRESENTATION_CONTEXT(2)
PARAMETRIC_REPRESENTATION_CONTEXT() REPRESENTATION_CONTEXT('2D SPACE',''
  ) );
#421 = PCURVE('',#422,#427);
#422 = CYLINDRICAL_SURFACE('',#423,1.2);
#423 = AXIS2_PLACEMENT_3D('',#424,#425,#426);
#424 = CARTESIAN_POINT('',(9.,-15.58845726812,-1.));
#425 = DIRECTION('',(-0.,-0.,-1.));
#426 = DIRECTION('',(1.,0.,0.));
#427 = DEFINITIONAL_REPRESENTATION('',(#428),#431);
#428 = B_SPLINE_CURVE_WITH_KNOTS('',1,(#429,#430),.UNSPECIFIED.,.F.,.F.,
  (2,2),(-8.0000006,6.E-07),.PIECEWISE_BEZIER_KNOTS.);
#429 = CARTESIAN_POINT('',(-0.55693828486,-9.0000006));
#430 = CARTESIAN_POINT('',(-0.55693828486,-0.9999994));
#431 = ( GEOMETRIC_REPRESENTATION_CONTEXT(2)
PARAMETRIC_REPRESENTATION_CONTEXT() REPRESENTATION_CONTEXT('2D SPACE',''
  ) );
#432 = ORIENTED_EDGE('',*,*,#433,.T.);
#433 = EDGE_CURVE('',#408,#300,#434,.T.);
#434 = SURFACE_CURVE('',#435,(#440,#447),.PCURVE_S1.);
#435 = CIRCLE('',#436,18.);
#436 = AXIS2_PLACEMENT_3D('',#437,#438,#439);
#437 = CARTESIAN_POINT('',(0.,0.,8.));
#438 = DIRECTION('',(0.,0.,1.));
#439 = DIRECTION('',(1.,0.,0.));
#440 = PCURVE('',#316,#441);
#441 = DEFINITIONAL_REPRESENTATION('',(#442),#446);
#442 = LINE('',#443,#444);
#443 = CARTESIAN_POINT('',(-0.,-8.));
#444 = VECTOR('',#445,1.);
#445 = DIRECTION('',(-1.,0.));
#446 = ( GEOMETRIC_REPRESENTATION_CONTEXT(2)
PARAMETRIC_REPRESENTATION_CONTEXT() REPRESENTATION_CONTEXT('2D SPACE',''
  ) );
#447 = PCURVE('',#100,#448);
#448 = DEFINITIONAL_REPRESENTATION('',(#449),#453);
#449 = CIRCLE('',#450,18.);
#450 = AXIS2_PLACEMENT_2D('',#451,#452);
#451 = CARTESIAN_POINT('',(6.077511700175E-16,-4.807142605466E-16));
#452 = DIRECTION('',(1.,0.));
#453 = ( GEOMETRIC_REPRESENTATION_CONTEXT(2)
PARAMETRIC_REPRESENTATION_CONTEXT() REPRESENTATION_CONTEXT('2D SPACE',''
  ) );
#454 = ORIENTED_EDGE('',*,*,#299,.T.);
#455 = ADVANCED_FACE('',(#456),#422,.F.);
#456 = FACE_BOUND('',#457,.T.);
#457 = EDGE_LOOP('',(#458,#486,#512,#513));
#458 = ORIENTED_EDGE('',*,*,#459,.T.);
#459 = EDGE_CURVE('',#460,#462,#464,.T.);
#460 = VERTEX_POINT('',#461);
#461 = CARTESIAN_POINT('',(7.941347026192,-16.15348282599,8.));
#462 = VERTEX_POINT('',#463);
#463 = CARTESIAN_POINT('',(7.941347026192,-16.15348282599,0.));
#464 = SURFACE_CURVE('',#465,(#469,#475),.PCURVE_S1.);
#465 = LINE('',#466,#467);
#466 = CARTESIAN_POINT('',(7.941347026192,-16.15348282599,0.));
#467 = VECTOR('',#468,1.);
#468 = DIRECTION('',(-0.,-0.,-1.));
#469 = PCURVE('',#422,#470);
#470 = DEFINITIONAL_REPRESENTATION('',(#471),#474);
#471 = B_SPLINE_CURVE_WITH_KNOTS('',1,(#472,#473),.UNSPECIFIED.,.F.,.F.,
  (2,2),(-8.0000006,6.E-07),.PIECEWISE_BEZIER_KNOTS.);
#472 = CARTESIAN_POINT('',(-3.631851919927,-9.0000006));
#473 = CARTESIAN_POINT('',(-3.631851919927,-0.9999994));
#474 = ( GEOMETRIC_REPRESENTATION_CONTEXT(2)
PARAMETRIC_REPRESENTATION_CONTEXT() REPRESENTATION_CONTEXT('2D SPACE',''
  ) );
#475 = PCURVE('',#476,#481);
#476 = CYLINDRICAL_SURFACE('',#477,18.);
#477 = AXIS2_PLACEMENT_3D('',#478,#479,#480);
#478 = CARTESIAN_POINT('',(0.,0.,0.));
#479 = DIRECTION('',(-0.,-0.,-1.));
#480 = DIRECTION('',(1.,0.,0.));
#481 = DEFINITIONAL_REPRESENTATION('',(#482),#485);
#482 = B_SPLINE_CURVE_WITH_KNOTS('',1,(#483,#484),.UNSPECIFIED.,.F.,.F.,
  (2,2),(-8.0000006,6.E-07),.PIECEWISE_BEZIER_KNOTS.);
#483 = CARTESIAN_POINT('',(-5.16930873746,-8.0000006));
#484 = CARTESIAN_POINT('',(-5.16930873746,6.E-07));
#485 = ( GEOMETRIC_REPRESENTATION_CONTEXT(2)
PARAMETRIC_REPRESENTATION_CONTEXT() REPRESENTATION_CONTEXT('2D SPACE',''
  ) );
#486 = ORIENTED_EDGE('',*,*,#487,.T.);
#487 = EDGE_CURVE('',#462,#384,#488,.T.);
#488 = SURFACE_CURVE('',#489,(#494,#501),.PCURVE_S1.);
#489 = CIRCLE('',#490,1.2);
#490 = AXIS2_PLACEMENT_3D('',#491,#492,#493);
#491 = CARTESIAN_POINT('',(9.,-15.58845726812,0.));
#492 = DIRECTION('',(0.,0.,-1.));
#493 = DIRECTION('',(1.,0.,0.));
#494 = PCURVE('',#422,#495);
#495 = DEFINITIONAL_REPRESENTATION('',(#496),#500);
#496 = LINE('',#497,#498);
#497 = CARTESIAN_POINT('',(-6.28318530718,-1.));
#498 = VECTOR('',#499,1.);
#499 = DIRECTION('',(1.,-0.));
#500 = ( GEOMETRIC_REPRESENTATION_CONTEXT(2)
PARAMETRIC_REPRESENTATION_CONTEXT() REPRESENTATION_CONTEXT('2D SPACE',''
  ) );
#501 = PCURVE('',#45,#502);
#502 = DEFINITIONAL_REPRESENTATION('',(#503),#511);
#503 = ( BOUNDED_CURVE() B_SPLINE_CURVE(2,(#504,#505,#506,#507,#508,#509
,#510),.UNSPECIFIED.,.T.,.F.) B_SPLINE_CURVE_WITH_KNOTS((1,2,2,2,2,1),(
    -2.094395102393,0.,2.094395102393,4.188790204786,6.28318530718,
8.377580409573),.UNSPECIFIED.) CURVE() GEOMETRIC_REPRESENTATION_ITEM()
RATIONAL_B_SPLINE_CURVE((1.,0.5,1.,0.5,1.,0.5,1.)) REPRESENTATION_ITEM(
  '') );
#504 = CARTESIAN_POINT('',(10.2,-15.58845726812));
#505 = CARTESIAN_POINT('',(10.2,-17.6669182372));
#506 = CARTESIAN_POINT('',(8.4,-16.62768775266));
#507 = CARTESIAN_POINT('',(6.6,-15.58845726812));
#508 = CARTESIAN_POINT('',(8.4,-14.54922678357));
#509 = CARTESIAN_POINT('',(10.2,-13.50999629903));
#510 = CARTESIAN_POINT('',(10.2,-15.58845726812));
#511 = ( GEOMETRIC_REPRESENTATION_CONTEXT(2)
PARAMETRIC_REPRESENTATION_CONTEXT() REPRESENTATION_CONTEXT('2D SPACE',''
  ) );
#512 = ORIENTED_EDGE('',*,*,#407,.F.);
#513 = ORIENTED_EDGE('',*,*,#514,.F.);
#514 = EDGE_CURVE('',#460,#408,#515,.T.);
#515 = SURFACE_CURVE('',#516,(#521,#528),.PCURVE_S1.);
#516 = CIRCLE('',#517,1.2);
#517 = AXIS2_PLACEMENT_3D('',#518,#519,#520);
#518 = CARTESIAN_POINT('',(9.,-15.58845726812,8.));
#519 = DIRECTION('',(0.,0.,-1.));
#520 = DIRECTION('',(1.,0.,0.));
#521 = PCURVE('',#422,#522);
#522 = DEFINITIONAL_REPRESENTATION('',(#523),#527);
#523 = LINE('',#524,#525);
#524 = CARTESIAN_POINT('',(-6.28318530718,-9.));
#525 = VECTOR('',#526,1.);
#526 = DIRECTION('',(1.,-0.));
#527 = ( GEOMETRIC_REPRESENTATION_CONTEXT(2)
PARAMETRIC_REPRESENTATION_CONTEXT() REPRESENTATION_CONTEXT('2D SPACE',''
  ) );
#528 = PCURVE('',#100,#529);
#529 = DEFINITIONAL_REPRESENTATION('',(#530),#538);
#530 = ( BOUNDED_CURVE() B_SPLINE_CURVE(2,(#531,#532,#533,#534,#535,#536
,#537),.UNSPECIFIED.,.T.,.F.) B_SPLINE_CURVE_WITH_KNOTS((1,2,2,2,2,1),(
    -2.094395102393,0.,2.094395102393,4.188790204786,6.28318530718,
8.377580409573),.UNSPECIFIED.) CURVE() GEOMETRIC_REPRESENTATION_ITEM()
RATIONAL_B_SPLINE_CURVE((1.,0.5,1.,0.5,1.,0.5,1.)) REPRESENTATION_ITEM(
  '') );
#531 = CARTESIAN_POINT('',(10.2,-15.58845726812));
#532 = CARTESIAN_POINT('',(10.2,-17.6669182372));
#533 = CARTESIAN_POINT('',(8.4,-16.62768775266));
#534 = CARTESIAN_POINT('',(6.6,-15.58845726812));
#535 = CARTESIAN_POINT('',(8.4,-14.54922678357));
#536 = CARTESIAN_POINT('',(10.2,-13.50999629903));
#537 = CARTESIAN_POINT('',(10.2,-15.58845726812));
#538 = ( GEOMETRIC_REPRESENTATION_CONTEXT(2)
PARAMETRIC_REPRESENTATION_CONTEXT() REPRESENTATION_CONTEXT('2D SPACE',''
  ) );
#539 = ADVANCED_FACE('',(#540),#476,.T.);
#540 = FACE_BOUND('',#541,.F.);
#541 = EDGE_LOOP('',(#542,#566,#592,#614));
#542 = ORIENTED_EDGE('',*,*,#543,.F.);
#543 = EDGE_CURVE('',#544,#462,#546,.T.);
#544 = VERTEX_POINT('',#545);
#545 = CARTESIAN_POINT('',(1.199333148045,-17.96,0.));
#546 = SURFACE_CURVE('',#547,(#552,#559),.PCURVE_S1.);
#547 = CIRCLE('',#548,18.);
#548 = AXIS2_PLACEMENT_3D('',#549,#550,#551);
#549 = CARTESIAN_POINT('',(0.,0.,0.));
#550 = DIRECTION('',(0.,0.,1.));
#551 = DIRECTION('',(1.,0.,0.));
#552 = PCURVE('',#476,#553);
#553 = DEFINITIONAL_REPRESENTATION('',(#554),#558);
#554 = LINE('',#555,#556);
#555 = CARTESIAN_POINT('',(-0.,0.));
#556 = VECTOR('',#557,1.);
#557 = DIRECTION('',(-1.,0.));
#558 = ( GEOMETRIC_REPRESENTATION_CONTEXT(2)
PARAMETRIC_REPRESENTATION_CONTEXT() REPRESENTATION_CONTEXT('2D SPACE',''
  ) );
#559 = PCURVE('',#45,#560);
#560 = DEFINITIONAL_REPRESENTATION('',(#561),#565);
#561 = CIRCLE('',#562,18.);
#562 = AXIS2_PLACEMENT_2D('',#563,#564);
#563 = CARTESIAN_POINT('',(6.077511700175E-16,-4.807142605466E-16));
#564 = DIRECTION('',(1.,0.));
#565 = ( GEOMETRIC_REPRESENTATION_CONTEXT(2)
PARAMETRIC_REPRESENTATION_CONTEXT() REPRESENTATION_CONTEXT('2D SPACE',''
  ) );
#566 = ORIENTED_EDGE('',*,*,#567,.F.);
#567 = EDGE_CURVE('',#568,#544,#570,.T.);
#568 = VERTEX_POINT('',#569);
#569 = CARTESIAN_POINT('',(1.199333148045,-17.96,8.));
#570 = SURFACE_CURVE('',#571,(#575,#581),.PCURVE_S1.);
#571 = LINE('',#572,#573);
#572 = CARTESIAN_POINT('',(1.199333148045,-17.96,0.));
#573 = VECTOR('',#574,1.);
#574 = DIRECTION('',(-0.,-0.,-1.));
#575 = PCURVE('',#476,#576);
#576 = DEFINITIONAL_REPRESENTATION('',(#577),#580);
#577 = B_SPLINE_CURVE_WITH_KNOTS('',1,(#578,#579),.UNSPECIFIED.,.F.,.F.,
  (2,2),(-8.0000006,6.E-07),.PIECEWISE_BEZIER_KNOTS.);
#578 = CARTESIAN_POINT('',(-4.779067998907,-8.0000006));
#579 = CARTESIAN_POINT('',(-4.779067998907,6.E-07));
#580 = ( GEOMETRIC_REPRESENTATION_CONTEXT(2)
PARAMETRIC_REPRESENTATION_CONTEXT() REPRESENTATION_CONTEXT('2D SPACE',''
  ) );
#581 = PCURVE('',#582,#587);
#582 = CYLINDRICAL_SURFACE('',#583,1.2);
#583 = AXIS2_PLACEMENT_3D('',#584,#585,#586);
#584 = CARTESIAN_POINT('',(-3.306546357698E-15,-18.,-1.));
#585 = DIRECTION('',(-0.,-0.,-1.));
#586 = DIRECTION('',(1.,0.,0.));
#587 = DEFINITIONAL_REPRESENTATION('',(#588),#591);
#588 = B_SPLINE_CURVE_WITH_KNOTS('',1,(#589,#590),.UNSPECIFIED.,.F.,.F.,
  (2,2),(-8.0000006,6.E-07),.PIECEWISE_BEZIER_KNOTS.);
#589 = CARTESIAN_POINT('',(-3.33395092613E-02,-9.0000006));
#590 = CARTESIAN_POINT('',(-3.33395092613E-02,-0.9999994));
#591 = ( GEOMETRIC_REPRESENTATION_CONTEXT(2)
PARAMETRIC_REPRESENTATION_CONTEXT() REPRESENTATION_CONTEXT('2D SPACE',''
  ) );
#592 = ORIENTED_EDGE('',*,*,#593,.T.);
#593 = EDGE_CURVE('',#568,#460,#594,.T.);
#594 = SURFACE_CURVE('',#595,(#600,#607),.PCURVE_S1.);
#595 = CIRCLE('',#596,18.);
#596 = AXIS2_PLACEMENT_3D('',#597,#598,#599);
#597 = CARTESIAN_POINT('',(0.,0.,8.));
#598 = DIRECTION('',(0.,0.,1.));
#599 = DIRECTION('',(1.,0.,0.));
#600 = PCURVE('',#476,#601);
#601 = DEFINITIONAL_REPRESENTATION('',(#602),#606);
#602 = LINE('',#603,#604);
#603 = CARTESIAN_POINT('',(-0.,-8.));
#604 = VECTOR('',#605,1.);
#605 = DIRECTION('',(-1.,0.));
#606 = ( GEOMETRIC_REPRESENTATION_CONTEXT(2)
PARAMETRIC_REPRESENTATION_CONTEXT() REPRESENTATION_CONTEXT('2D SPACE',''
  ) );
#607 = PCURVE('',#100,#608);
#608 = DEFINITIONAL_REPRESENTATION('',(#609),#613);
#609 = CIRCLE('',#610,18.);
#610 = AXIS2_PLACEMENT_2D('',#611,#612);
#611 = CARTESIAN_POINT('',(6.077511700175E-16,-4.807142605466E-16));
#612 = DIRECTION('',(1.,0.));
#613 = ( GEOMETRIC_REPRESENTATION_CONTEXT(2)
PARAMETRIC_REPRESENTATION_CONTEXT() REPRESENTATION_CONTEXT('2D SPACE',''
  ) );
#614 = ORIENTED_EDGE('',*,*,#459,.T.);
#615 = ADVANCED_FACE('',(#616),#582,.F.);
#616 = FACE_BOUND('',#617,.T.);
#617 = EDGE_LOOP('',(#618,#619,#647,#673));
#618 = ORIENTED_EDGE('',*,*,#567,.F.);
#619 = ORIENTED_EDGE('',*,*,#620,.F.);
#620 = EDGE_CURVE('',#621,#568,#623,.T.);
#621 = VERTEX_POINT('',#622);
#622 = CARTESIAN_POINT('',(-1.199333148045,-17.96,8.));
#623 = SURFACE_CURVE('',#624,(#629,#636),.PCURVE_S1.);
#624 = CIRCLE('',#625,1.2);
#625 = AXIS2_PLACEMENT_3D('',#626,#627,#628);
#626 = CARTESIAN_POINT('',(-3.306546357698E-15,-18.,8.));
#627 = DIRECTION('',(0.,0.,-1.));
#628 = DIRECTION('',(1.,0.,0.));
#629 = PCURVE('',#582,#630);
#630 = DEFINITIONAL_REPRESENTATION('',(#631),#635);
#631 = LINE('',#632,#633);
#632 = CARTESIAN_POINT('',(-6.28318530718,-9.));
#633 = VECTOR('',#634,1.);
#634 = DIRECTION('',(1.,-0.));
#635 = ( GEOMETRIC_REPRESENTATION_CONTEXT(2)
PARAMETRIC_REPRESENTATION_CONTEXT() REPRESENTATION_CONTEXT('2D SPACE',''
  ) );
#636 = PCURVE('',#100,#637);
#637 = DEFINITIONAL_REPRESENTATION('',(#638),#646);
#638 = ( BOUNDED_CURVE() B_SPLINE_CURVE(2,(#639,#640,#641,#642,#643,#644
,#645),.UNSPECIFIED.,.T.,.F.) B_SPLINE_CURVE_WITH_KNOTS((1,2,2,2,2,1),(
    -2.094395102393,0.,2.094395102393,4.188790204786,6.28318530718,
8.377580409573),.UNSPECIFIED.) CURVE() GEOMETRIC_REPRESENTATION_ITEM()
RATIONAL_B_SPLINE_CURVE((1.,0.5,1.,0.5,1.,0.5,1.)) REPRESENTATION_ITEM(
  '') );
#639 = CARTESIAN_POINT('',(1.2,-18.));
#640 = CARTESIAN_POINT('',(1.2,-20.07846096908));
#641 = CARTESIAN_POINT('',(-0.6,-19.03923048454));
#642 = CARTESIAN_POINT('',(-2.4,-18.));
#643 = CARTESIAN_POINT('',(-0.6,-16.96076951545));
#644 = CARTESIAN_POINT('',(1.2,-15.92153903091));
#645 = CARTESIAN_POINT('',(1.2,-18.));
#646 = ( GEOMETRIC_REPRESENTATION_CONTEXT(2)
PARAMETRIC_REPRESENTATION_CONTEXT() REPRESENTATION_CONTEXT('2D SPACE',''
  ) );
#647 = ORIENTED_EDGE('',*,*,#648,.T.);
#648 = EDGE_CURVE('',#621,#649,#651,.T.);
#649 = VERTEX_POINT('',#650);
#650 = CARTESIAN_POINT('',(-1.199333148045,-17.96,0.));
#651 = SURFACE_CURVE('',#652,(#656,#662),.PCURVE_S1.);
#652 = LINE('',#653,#654);
#653 = CARTESIAN_POINT('',(-1.199333148045,-17.96,0.));
#654 = VECTOR('',#655,1.);
#655 = DIRECTION('',(-0.,-0.,-1.));
#656 = PCURVE('',#582,#657);
#657 = DEFINITIONAL_REPRESENTATION('',(#658),#661);
#658 = B_SPLINE_CURVE_WITH_KNOTS('',1,(#659,#660),.UNSPECIFIED.,.F.,.F.,
  (2,2),(-8.0000006,6.E-07),.PIECEWISE_BEZIER_KNOTS.);
#659 = CARTESIAN_POINT('',(-3.108253144328,-9.0000006));
#660 = CARTESIAN_POINT('',(-3.108253144328,-0.9999994));
#661 = ( GEOMETRIC_REPRESENTATION_CONTEXT(2)
PARAMETRIC_REPRESENTATION_CONTEXT() REPRESENTATION_CONTEXT('2D SPACE',''
  ) );
#662 = PCURVE('',#663,#668);
#663 = CYLINDRICAL_SURFACE('',#664,18.);
#664 = AXIS2_PLACEMENT_3D('',#665,#666,#667);
#665 = CARTESIAN_POINT('',(0.,0.,0.));
#666 = DIRECTION('',(-0.,-0.,-1.));
#667 = DIRECTION('',(1.,0.,0.));
#668 = DEFINITIONAL_REPRESENTATION('',(#669),#672);
#669 = B_SPLINE_CURVE_WITH_KNOTS('',1,(#670,#671),.UNSPECIFIED.,.F.,.F.,
  (2,2),(-8.0000006,6.E-07),.PIECEWISE_BEZIER_KNOTS.);
#670 = CARTESIAN_POINT('',(-4.645709961862,-8.0000006));
#671 = CARTESIAN_POINT('',(-4.645709961862,6.E-07));
#672 = ( GEOMETRIC_REPRESENTATION_CONTEXT(2)
PARAMETRIC_REPRESENTATION_CONTEXT() REPRESENTATION_CONTEXT('2D SPACE',''
  ) );
#673 = ORIENTED_EDGE('',*,*,#674,.T.);
#674 = EDGE_CURVE('',#649,#544,#675,.T.);
#675 = SURFACE_CURVE('',#676,(#681,#688),.PCURVE_S1.);
#676 = CIRCLE('',#677,1.2);
#677 = AXIS2_PLACEMENT_3D('',#678,#679,#680);
#678 = CARTESIAN_POINT('',(-3.306546357698E-15,-18.,0.));
#679 = DIRECTION('',(0.,0.,-1.));
#680 = DIRECTION('',(1.,0.,0.));
#681 = PCURVE('',#582,#682);
#682 = DEFINITIONAL_REPRESENTATION('',(#683),#687);
#683 = LINE('',#684,#685);
#684 = CARTESIAN_POINT('',(-6.28318530718,-1.));
#685 = VECTOR('',#686,1.);
#686 = DIRECTION('',(1.,-0.));
#687 = ( GEOMETRIC_REPRESENTATION_CONTEXT(2)
PARAMETRIC_REPRESENTATION_CONTEXT() REPRESENTATION_CONTEXT('2D SPACE',''
  ) );
#688 = PCURVE('',#45,#689);
#689 = DEFINITIONAL_REPRESENTATION('',(#690),#698);
#690 = ( BOUNDED_CURVE() B_SPLINE_CURVE(2,(#691,#692,#693,#694,#695,#696
,#697),.UNSPECIFIED.,.T.,.F.) B_SPLINE_CURVE_WITH_KNOTS((1,2,2,2,2,1),(
    -2.094395102393,0.,2.094395102393,4.188790204786,6.28318530718,
8.377580409573),.UNSPECIFIED.) CURVE() GEOMETRIC_REPRESENTATION_ITEM()
RATIONAL_B_SPLINE_CURVE((1.,0.5,1.,0.5,1.,0.5,1.)) REPRESENTATION_ITEM(
  '') );
#691 = CARTESIAN_POINT('',(1.2,-18.));
#692 = CARTESIAN_POINT('',(1.2,-20.07846096908));
#693 = CARTESIAN_POINT('',(-0.6,-19.03923048454));
#694 = CARTESIAN_POINT('',(-2.4,-18.));
#695 = CARTESIAN_POINT('',(-0.6,-16.96076951545));
#696 = CARTESIAN_POINT('',(1.2,-15.92153903091));
#697 = CARTESIAN_POINT('',(1.2,-18.));
#698 = ( GEOMETRIC_REPRESENTATION_CONTEXT(2)
PARAMETRIC_REPRESENTATION_CONTEXT() REPRESENTATION_CONTEXT('2D SPACE',''
  ) );
#699 = ADVANCED_FACE('',(#700),#663,.T.);
#700 = FACE_BOUND('',#701,.F.);
#701 = EDGE_LOOP('',(#702,#726,#752,#774));
#702 = ORIENTED_EDGE('',*,*,#703,.F.);
#703 = EDGE_CURVE('',#704,#649,#706,.T.);
#704 = VERTEX_POINT('',#705);
#705 = CARTESIAN_POINT('',(-7.941347026192,-16.15348282599,0.));
#706 = SURFACE_CURVE('',#707,(#712,#719),.PCURVE_S1.);
#707 = CIRCLE('',#708,18.);
#708 = AXIS2_PLACEMENT_3D('',#709,#710,#711);
#709 = CARTESIAN_POINT('',(0.,0.,0.));
#710 = DIRECTION('',(0.,0.,1.));
#711 = DIRECTION('',(1.,0.,0.));
#712 = PCURVE('',#663,#713);
#713 = DEFINITIONAL_REPRESENTATION('',(#714),#718);
#714 = LINE('',#715,#716);
#715 = CARTESIAN_POINT('',(-0.,0.));
#716 = VECTOR('',#717,1.);
#717 = DIRECTION('',(-1.,0.));
#718 = ( GEOMETRIC_REPRESENTATION_CONTEXT(2)
PARAMETRIC_REPRESENTATION_CONTEXT() REPRESENTATION_CONTEXT('2D SPACE',''
  ) );
#719 = PCURVE('',#45,#720);
#720 = DEFINITIONAL_REPRESENTATION('',(#721),#725);
#721 = CIRCLE('',#722,18.);
#722 = AXIS2_PLACEMENT_2D('',#723,#724);
#723 = CARTESIAN_POINT('',(6.077511700175E-16,-4.807142605466E-16));
#724 = DIRECTION('',(1.,0.));
#725 = ( GEOMETRIC_REPRESENTATION_CONTEXT(2)
PARAMETRIC_REPRESENTATION_CONTEXT() REPRESENTATION_CONTEXT('2D SPACE',''
  ) );
#726 = ORIENTED_EDGE('',*,*,#727,.F.);
#727 = EDGE_CURVE('',#728,#704,#730,.T.);
#728 = VERTEX_POINT('',#729);
#729 = CARTESIAN_POINT('',(-7.941347026192,-16.15348282599,8.));
#730 = SURFACE_CURVE('',#731,(#735,#741),.PCURVE_S1.);
#731 = LINE('',#732,#733);
#732 = CARTESIAN_POINT('',(-7.941347026192,-16.15348282599,0.));
#733 = VECTOR('',#734,1.);
#734 = DIRECTION('',(-0.,-0.,-1.));
#735 = PCURVE('',#663,#736);
#736 = DEFINITIONAL_REPRESENTATION('',(#737),#740);
#737 = B_SPLINE_CURVE_WITH_KNOTS('',1,(#738,#739),.UNSPECIFIED.,.F.,.F.,
  (2,2),(-8.0000006,6.E-07),.PIECEWISE_BEZIER_KNOTS.);
#738 = CARTESIAN_POINT('',(-4.255469223309,-8.0000006));
#739 = CARTESIAN_POINT('',(-4.255469223309,6.E-07));
#740 = ( GEOMETRIC_REPRESENTATION_CONTEXT(2)
PARAMETRIC_REPRESENTATION_CONTEXT() REPRESENTATION_CONTEXT('2D SPACE',''
  ) );
#741 = PCURVE('',#742,#747);
#742 = CYLINDRICAL_SURFACE('',#743,1.2);
#743 = AXIS2_PLACEMENT_3D('',#744,#745,#746);
#744 = CARTESIAN_POINT('',(-9.,-15.58845726812,-1.));
#745 = DIRECTION('',(-0.,-0.,-1.));
#746 = DIRECTION('',(1.,0.,0.));
#747 = DEFINITIONAL_REPRESENTATION('',(#748),#751);
#748 = B_SPLINE_CURVE_WITH_KNOTS('',1,(#749,#750),.UNSPECIFIED.,.F.,.F.,
  (2,2),(-8.,0.),.PIECEWISE_BEZIER_KNOTS.);
#749 = CARTESIAN_POINT('',(-5.792926040843,-9.));
#750 = CARTESIAN_POINT('',(-5.792926040843,-1.));
#751 = ( GEOMETRIC_REPRESENTATION_CONTEXT(2)
PARAMETRIC_REPRESENTATION_CONTEXT() REPRESENTATION_CONTEXT('2D SPACE',''
  ) );
#752 = ORIENTED_EDGE('',*,*,#753,.T.);
#753 = EDGE_CURVE('',#728,#621,#754,.T.);
#754 = SURFACE_CURVE('',#755,(#760,#767),.PCURVE_S1.);
#755 = CIRCLE('',#756,18.);
#756 = AXIS2_PLACEMENT_3D('',#757,#758,#759);
#757 = CARTESIAN_POINT('',(0.,0.,8.));
#758 = DIRECTION('',(0.,0.,1.));
#759 = DIRECTION('',(1.,0.,0.));
#760 = PCURVE('',#663,#761);
#761 = DEFINITIONAL_REPRESENTATION('',(#762),#766);
#762 = LINE('',#763,#764);
#763 = CARTESIAN_POINT('',(-0.,-8.));
#764 = VECTOR('',#765,1.);
#765 = DIRECTION('',(-1.,0.));
#766 = ( GEOMETRIC_REPRESENTATION_CONTEXT(2)
PARAMETRIC_REPRESENTATION_CONTEXT() REPRESENTATION_CONTEXT('2D SPACE',''
  ) );
#767 = PCURVE('',#100,#768);
#768 = DEFINITIONAL_REPRESENTATION('',(#769),#773);
#769 = CIRCLE('',#770,18.);
#770 = AXIS2_PLACEMENT_2D('',#771,#772);
#771 = CARTESIAN_POINT('',(6.077511700175E-16,-4.807142605466E-16));
#772 = DIRECTION('',(1.,0.));
#773 = ( GEOMETRIC_REPRESENTATION_CONTEXT(2)
PARAMETRIC_REPRESENTATION_CONTEXT() REPRESENTATION_CONTEXT('2D SPACE',''
  ) );
#774 = ORIENTED_EDGE('',*,*,#648,.T.);
#775 = ADVANCED_FACE('',(#776),#742,.F.);
#776 = FACE_BOUND('',#777,.T.);
#777 = EDGE_LOOP('',(#778,#806,#832,#854));
#778 = ORIENTED_EDGE('',*,*,#779,.F.);
#779 = EDGE_CURVE('',#780,#728,#782,.T.);
#780 = VERTEX_POINT('',#781);
#781 = CARTESIAN_POINT('',(-10.0186529738,-14.95414967794,8.));
#782 = SURFACE_CURVE('',#783,(#788,#795),.PCURVE_S1.);
#783 = CIRCLE('',#784,1.2);
#784 = AXIS2_PLACEMENT_3D('',#785,#786,#787);
#785 = CARTESIAN_POINT('',(-9.,-15.58845726812,8.));
#786 = DIRECTION('',(0.,0.,-1.));
#787 = DIRECTION('',(-0.848877478173,0.528589658478,0.));
#788 = PCURVE('',#742,#789);
#789 = DEFINITIONAL_REPRESENTATION('',(#790),#794);
#790 = LINE('',#791,#792);
#791 = CARTESIAN_POINT('',(-8.86783967591,-9.));
#792 = VECTOR('',#793,1.);
#793 = DIRECTION('',(1.,-0.));
#794 = ( GEOMETRIC_REPRESENTATION_CONTEXT(2)
PARAMETRIC_REPRESENTATION_CONTEXT() REPRESENTATION_CONTEXT('2D SPACE',''
  ) );
#795 = PCURVE('',#100,#796);
#796 = DEFINITIONAL_REPRESENTATION('',(#797),#805);
#797 = ( BOUNDED_CURVE() B_SPLINE_CURVE(2,(#798,#799,#800,#801,#802,#803
,#804),.UNSPECIFIED.,.T.,.F.) B_SPLINE_CURVE_WITH_KNOTS((1,2,2,2,2,1),(
    -2.094395102393,0.,2.094395102393,4.188790204786,6.28318530718,
8.377580409573),.UNSPECIFIED.) CURVE() GEOMETRIC_REPRESENTATION_ITEM()
RATIONAL_B_SPLINE_CURVE((1.,0.5,1.,0.5,1.,0.5,1.)) REPRESENTATION_ITEM(
  '') );
#798 = CARTESIAN_POINT('',(-10.0186529738,-14.95414967794));
#799 = CARTESIAN_POINT('',(-8.92,-13.18979097202));
#800 = CARTESIAN_POINT('',(-7.941347026192,-15.02343171024));
#801 = CARTESIAN_POINT('',(-6.962694052384,-16.85707244846));
#802 = CARTESIAN_POINT('',(-9.04,-16.78779041616));
#803 = CARTESIAN_POINT('',(-11.11730594761,-16.71850838386));
#804 = CARTESIAN_POINT('',(-10.0186529738,-14.95414967794));
#805 = ( GEOMETRIC_REPRESENTATION_CONTEXT(2)
PARAMETRIC_REPRESENTATION_CONTEXT() REPRESENTATION_CONTEXT('2D SPACE',''
  ) );
#806 = ORIENTED_EDGE('',*,*,#807,.T.);
#807 = EDGE_CURVE('',#780,#808,#810,.T.);
#808 = VERTEX_POINT('',#809);
#809 = CARTESIAN_POINT('',(-10.0186529738,-14.95414967794,0.));
#810 = SURFACE_CURVE('',#811,(#815,#821),.PCURVE_S1.);
#811 = LINE('',#812,#813);
#812 = CARTESIAN_POINT('',(-10.0186529738,-14.95414967794,0.));
#813 = VECTOR('',#814,1.);
#814 = DIRECTION('',(-0.,-0.,-1.));
#815 = PCURVE('',#742,#816);
#816 = DEFINITIONAL_REPRESENTATION('',(#817),#820);
#817 = B_SPLINE_CURVE_WITH_KNOTS('',1,(#818,#819),.UNSPECIFIED.,.F.,.F.,
  (2,2),(-8.,0.),.PIECEWISE_BEZIER_KNOTS.);
#818 = CARTESIAN_POINT('',(-8.86783967591,-9.));
#819 = CARTESIAN_POINT('',(-8.86783967591,-1.));
#820 = ( GEOMETRIC_REPRESENTATION_CONTEXT(2)
PARAMETRIC_REPRESENTATION_CONTEXT() REPRESENTATION_CONTEXT('2D SPACE',''
  ) );
#821 = PCURVE('',#822,#827);
#822 = CYLINDRICAL_SURFACE('',#823,18.);
#823 = AXIS2_PLACEMENT_3D('',#824,#825,#826);
#824 = CARTESIAN_POINT('',(0.,0.,0.));
#825 = DIRECTION('',(-0.,-0.,-1.));
#826 = DIRECTION('',(1.,0.,0.));
#827 = DEFINITIONAL_REPRESENTATION('',(#828),#831);
#828 = B_SPLINE_CURVE_WITH_KNOTS('',1,(#829,#830),.UNSPECIFIED.,.F.,.F.,
  (2,2),(-8.0000006,6.E-07),.PIECEWISE_BEZIER_KNOTS.);
#829 = CARTESIAN_POINT('',(-4.122111186264,-8.0000006));
#830 = CARTESIAN_POINT('',(-4.122111186264,6.E-07));
#831 = ( GEOMETRIC_REPRESENTATION_CONTEXT(2)
PARAMETRIC_REPRESENTATION_CONTEXT() REPRESENTATION_CONTEXT('2D SPACE',''
  ) );
#832 = ORIENTED_EDGE('',*,*,#833,.F.);
#833 = EDGE_CURVE('',#704,#808,#834,.T.);
#834 = SURFACE_CURVE('',#835,(#840,#847),.PCURVE_S1.);
#835 = CIRCLE('',#836,1.2);
#836 = AXIS2_PLACEMENT_3D('',#837,#838,#839);
#837 = CARTESIAN_POINT('',(-9.,-15.58845726812,0.));
#838 = DIRECTION('',(-0.,0.,1.));
#839 = DIRECTION('',(0.882210811507,-0.470854631559,0.));
#840 = PCURVE('',#742,#841);
#841 = DEFINITIONAL_REPRESENTATION('',(#842),#846);
#842 = LINE('',#843,#844);
#843 = CARTESIAN_POINT('',(-5.792926040843,-1.));
#844 = VECTOR('',#845,1.);
#845 = DIRECTION('',(-1.,-0.));
#846 = ( GEOMETRIC_REPRESENTATION_CONTEXT(2)
PARAMETRIC_REPRESENTATION_CONTEXT() REPRESENTATION_CONTEXT('2D SPACE',''
  ) );
#847 = PCURVE('',#45,#848);
#848 = DEFINITIONAL_REPRESENTATION('',(#849),#853);
#849 = CIRCLE('',#850,1.2);
#850 = AXIS2_PLACEMENT_2D('',#851,#852);
#851 = CARTESIAN_POINT('',(-9.,-15.58845726812));
#852 = DIRECTION('',(0.882210811507,-0.470854631559));
#853 = ( GEOMETRIC_REPRESENTATION_CONTEXT(2)
PARAMETRIC_REPRESENTATION_CONTEXT() REPRESENTATION_CONTEXT('2D SPACE',''
  ) );
#854 = ORIENTED_EDGE('',*,*,#727,.F.);
#855 = ADVANCED_FACE('',(#856),#822,.T.);
#856 = FACE_BOUND('',#857,.F.);
#857 = EDGE_LOOP('',(#858,#882,#908,#930));
#858 = ORIENTED_EDGE('',*,*,#859,.F.);
#859 = EDGE_CURVE('',#860,#808,#862,.T.);
#860 = VERTEX_POINT('',#861);
#861 = CARTESIAN_POINT('',(-14.95414967794,-10.0186529738,0.));
#862 = SURFACE_CURVE('',#863,(#868,#875),.PCURVE_S1.);
#863 = CIRCLE('',#864,18.);
#864 = AXIS2_PLACEMENT_3D('',#865,#866,#867);
#865 = CARTESIAN_POINT('',(0.,0.,0.));
#866 = DIRECTION('',(0.,0.,1.));
#867 = DIRECTION('',(1.,0.,0.));
#868 = PCURVE('',#822,#869);
#869 = DEFINITIONAL_REPRESENTATION('',(#870),#874);
#870 = LINE('',#871,#872);
#871 = CARTESIAN_POINT('',(-0.,0.));
#872 = VECTOR('',#873,1.);
#873 = DIRECTION('',(-1.,0.));
#874 = ( GEOMETRIC_REPRESENTATION_CONTEXT(2)
PARAMETRIC_REPRESENTATION_CONTEXT() REPRESENTATION_CONTEXT('2D SPACE',''
  ) );
#875 = PCURVE('',#45,#876);
#876 = DEFINITIONAL_REPRESENTATION('',(#877),#881);
#877 = CIRCLE('',#878,18.);
#878 = AXIS2_PLACEMENT_2D('',#879,#880);
#879 = CARTESIAN_POINT('',(6.077511700175E-16,-4.807142605466E-16));
#880 = DIRECTION('',(1.,0.));
#881 = ( GEOMETRIC_REPRESENTATION_CONTEXT(2)
PARAMETRIC_REPRESENTATION_CONTEXT() REPRESENTATION_CONTEXT('2D SPACE',''
  ) );
#882 = ORIENTED_EDGE('',*,*,#883,.F.);
#883 = EDGE_CURVE('',#884,#860,#886,.T.);
#884 = VERTEX_POINT('',#885);
#885 = CARTESIAN_POINT('',(-14.95414967794,-10.0186529738,8.));
#886 = SURFACE_CURVE('',#887,(#891,#897),.PCURVE_S1.);
#887 = LINE('',#888,#889);
#888 = CARTESIAN_POINT('',(-14.95414967794,-10.0186529738,0.));
#889 = VECTOR('',#890,1.);
#890 = DIRECTION('',(-0.,-0.,-1.));
#891 = PCURVE('',#822,#892);
#892 = DEFINITIONAL_REPRESENTATION('',(#893),#896);
#893 = B_SPLINE_CURVE_WITH_KNOTS('',1,(#894,#895),.UNSPECIFIED.,.F.,.F.,
  (2,2),(-8.0000006,6.E-07),.PIECEWISE_BEZIER_KNOTS.);
#894 = CARTESIAN_POINT('',(-3.731870447711,-8.0000006));
#895 = CARTESIAN_POINT('',(-3.731870447711,6.E-07));
#896 = ( GEOMETRIC_REPRESENTATION_CONTEXT(2)
PARAMETRIC_REPRESENTATION_CONTEXT() REPRESENTATION_CONTEXT('2D SPACE',''
  ) );
#897 = PCURVE('',#898,#903);
#898 = CYLINDRICAL_SURFACE('',#899,1.2);
#899 = AXIS2_PLACEMENT_3D('',#900,#901,#902);
#900 = CARTESIAN_POINT('',(-15.58845726812,-9.,-1.));
#901 = DIRECTION('',(-0.,-0.,-1.));
#902 = DIRECTION('',(1.,0.,0.));
#903 = DEFINITIONAL_REPRESENTATION('',(#904),#907);
#904 = B_SPLINE_CURVE_WITH_KNOTS('',1,(#905,#906),.UNSPECIFIED.,.F.,.F.,
  (2,2),(-8.,0.),.PIECEWISE_BEZIER_KNOTS.);
#905 = CARTESIAN_POINT('',(-5.269327265244,-9.));
#906 = CARTESIAN_POINT('',(-5.269327265244,-1.));
#907 = ( GEOMETRIC_REPRESENTATION_CONTEXT(2)
PARAMETRIC_REPRESENTATION_CONTEXT() REPRESENTATION_CONTEXT('2D SPACE',''
  ) );
#908 = ORIENTED_EDGE('',*,*,#909,.T.);
#909 = EDGE_CURVE('',#884,#780,#910,.T.);
#910 = SURFACE_CURVE('',#911,(#916,#923),.PCURVE_S1.);
#911 = CIRCLE('',#912,18.);
#912 = AXIS2_PLACEMENT_3D('',#913,#914,#915);
#913 = CARTESIAN_POINT('',(0.,0.,8.));
#914 = DIRECTION('',(0.,0.,1.));
#915 = DIRECTION('',(1.,0.,0.));
#916 = PCURVE('',#822,#917);
#917 = DEFINITIONAL_REPRESENTATION('',(#918),#922);
#918 = LINE('',#919,#920);
#919 = CARTESIAN_POINT('',(-0.,-8.));
#920 = VECTOR('',#921,1.);
#921 = DIRECTION('',(-1.,0.));
#922 = ( GEOMETRIC_REPRESENTATION_CONTEXT(2)
PARAMETRIC_REPRESENTATION_CONTEXT() REPRESENTATION_CONTEXT('2D SPACE',''
  ) );
#923 = PCURVE('',#100,#924);
#924 = DEFINITIONAL_REPRESENTATION('',(#925),#929);
#925 = CIRCLE('',#926,18.);
#926 = AXIS2_PLACEMENT_2D('',#927,#928);
#927 = CARTESIAN_POINT('',(6.077511700175E-16,-4.807142605466E-16));
#928 = DIRECTION('',(1.,0.));
#929 = ( GEOMETRIC_REPRESENTATION_CONTEXT(2)
PARAMETRIC_REPRESENTATION_CONTEXT() REPRESENTATION_CONTEXT('2D SPACE',''
  ) );
#930 = ORIENTED_EDGE('',*,*,#807,.T.);
#931 = ADVANCED_FACE('',(#932),#898,.F.);
#932 = FACE_BOUND('',#933,.T.);
#933 = EDGE_LOOP('',(#934,#962,#988,#1010));
#934 = ORIENTED_EDGE('',*,*,#935,.F.);
#935 = EDGE_CURVE('',#936,#884,#938,.T.);
#936 = VERTEX_POINT('',#937);
#937 = CARTESIAN_POINT('',(-16.15348282599,-7.941347026192,8.));
#938 = SURFACE_CURVE('',#939,(#944,#951),.PCURVE_S1.);
#939 = CIRCLE('',#940,1.2);
#940 = AXIS2_PLACEMENT_3D('',#941,#942,#943);
#941 = CARTESIAN_POINT('',(-15.58845726812,-9.,8.));
#942 = DIRECTION('',(0.,0.,-1.));
#943 = DIRECTION('',(-0.470854631559,0.882210811507,0.));
#944 = PCURVE('',#898,#945);
#945 = DEFINITIONAL_REPRESENTATION('',(#946),#950);
#946 = LINE('',#947,#948);
#947 = CARTESIAN_POINT('',(-8.344240900311,-9.));
#948 = VECTOR('',#949,1.);
#949 = DIRECTION('',(1.,-0.));
#950 = ( GEOMETRIC_REPRESENTATION_CONTEXT(2)
PARAMETRIC_REPRESENTATION_CONTEXT() REPRESENTATION_CONTEXT('2D SPACE',''
  ) );
#951 = PCURVE('',#100,#952);
#952 = DEFINITIONAL_REPRESENTATION('',(#953),#961);
#953 = ( BOUNDED_CURVE() B_SPLINE_CURVE(2,(#954,#955,#956,#957,#958,#959
,#960),.UNSPECIFIED.,.T.,.F.) B_SPLINE_CURVE_WITH_KNOTS((1,2,2,2,2,1),(
    -2.094395102393,0.,2.094395102393,4.188790204786,6.28318530718,
8.377580409573),.UNSPECIFIED.) CURVE() GEOMETRIC_REPRESENTATION_ITEM()
RATIONAL_B_SPLINE_CURVE((1.,0.5,1.,0.5,1.,0.5,1.)) REPRESENTATION_ITEM(
  '') );
#954 = CARTESIAN_POINT('',(-16.15348282599,-7.941347026192));
#955 = CARTESIAN_POINT('',(-14.31984208777,-6.962694052384));
#956 = CARTESIAN_POINT('',(-14.38912412007,-9.04));
#957 = CARTESIAN_POINT('',(-14.45840615237,-11.11730594761));
#958 = CARTESIAN_POINT('',(-16.22276485829,-10.0186529738));
#959 = CARTESIAN_POINT('',(-17.98712356421,-8.92));
#960 = CARTESIAN_POINT('',(-16.15348282599,-7.941347026192));
#961 = ( GEOMETRIC_REPRESENTATION_CONTEXT(2)
PARAMETRIC_REPRESENTATION_CONTEXT() REPRESENTATION_CONTEXT('2D SPACE',''
  ) );
#962 = ORIENTED_EDGE('',*,*,#963,.T.);
#963 = EDGE_CURVE('',#936,#964,#966,.T.);
#964 = VERTEX_POINT('',#965);
#965 = CARTESIAN_POINT('',(-16.15348282599,-7.941347026192,0.));
#966 = SURFACE_CURVE('',#967,(#971,#977),.PCURVE_S1.);
#967 = LINE('',#968,#969);
#968 = CARTESIAN_POINT('',(-16.15348282599,-7.941347026192,0.));
#969 = VECTOR('',#970,1.);
#970 = DIRECTION('',(-0.,-0.,-1.));
#971 = PCURVE('',#898,#972);
#972 = DEFINITIONAL_REPRESENTATION('',(#973),#976);
#973 = B_SPLINE_CURVE_WITH_KNOTS('',1,(#974,#975),.UNSPECIFIED.,.F.,.F.,
  (2,2),(-8.,0.),.PIECEWISE_BEZIER_KNOTS.);
#974 = CARTESIAN_POINT('',(-8.344240900311,-9.));
#975 = CARTESIAN_POINT('',(-8.344240900311,-1.));
#976 = ( GEOMETRIC_REPRESENTATION_CONTEXT(2)
PARAMETRIC_REPRESENTATION_CONTEXT() REPRESENTATION_CONTEXT('2D SPACE',''
  ) );
#977 = PCURVE('',#978,#983);
#978 = CYLINDRICAL_SURFACE('',#979,18.);
#979 = AXIS2_PLACEMENT_3D('',#980,#981,#982);
#980 = CARTESIAN_POINT('',(0.,0.,0.));
#981 = DIRECTION('',(-0.,-0.,-1.));
#982 = DIRECTION('',(1.,0.,0.));
#983 = DEFINITIONAL_REPRESENTATION('',(#984),#987);
#984 = B_SPLINE_CURVE_WITH_KNOTS('',1,(#985,#986),.UNSPECIFIED.,.F.,.F.,
  (2,2),(-8.0000006,6.E-07),.PIECEWISE_BEZIER_KNOTS.);
#985 = CARTESIAN_POINT('',(-3.598512410665,-8.0000006));
#986 = CARTESIAN_POINT('',(-3.598512410665,6.E-07));
#987 = ( GEOMETRIC_REPRESENTATION_CONTEXT(2)
PARAMETRIC_REPRESENTATION_CONTEXT() REPRESENTATION_CONTEXT('2D SPACE',''
  ) );
#988 = ORIENTED_EDGE('',*,*,#989,.F.);
#989 = EDGE_CURVE('',#860,#964,#990,.T.);
#990 = SURFACE_CURVE('',#991,(#996,#1003),.PCURVE_S1.);
#991 = CIRCLE('',#992,1.2);
#992 = AXIS2_PLACEMENT_3D('',#993,#994,#995);
#993 = CARTESIAN_POINT('',(-15.58845726812,-9.,0.));
#994 = DIRECTION('',(-0.,0.,1.));
#995 = DIRECTION('',(0.528589658478,-0.848877478173,0.));
#996 = PCURVE('',#898,#997);
#997 = DEFINITIONAL_REPRESENTATION('',(#998),#1002);
#998 = LINE('',#999,#1000);
#999 = CARTESIAN_POINT('',(-5.269327265244,-1.));
#1000 = VECTOR('',#1001,1.);
#1001 = DIRECTION('',(-1.,-0.));
#1002 = ( GEOMETRIC_REPRESENTATION_CONTEXT(2)
PARAMETRIC_REPRESENTATION_CONTEXT() REPRESENTATION_CONTEXT('2D SPACE',''
  ) );
#1003 = PCURVE('',#45,#1004);
#1004 = DEFINITIONAL_REPRESENTATION('',(#1005),#1009);
#1005 = CIRCLE('',#1006,1.2);
#1006 = AXIS2_PLACEMENT_2D('',#1007,#1008);
#1007 = CARTESIAN_POINT('',(-15.58845726812,-9.));
#1008 = DIRECTION('',(0.528589658478,-0.848877478173));
#1009 = ( GEOMETRIC_REPRESENTATION_CONTEXT(2)
PARAMETRIC_REPRESENTATION_CONTEXT() REPRESENTATION_CONTEXT('2D SPACE',''
  ) );
#1010 = ORIENTED_EDGE('',*,*,#883,.F.);
#1011 = ADVANCED_FACE('',(#1012),#978,.T.);
#1012 = FACE_BOUND('',#1013,.F.);
#1013 = EDGE_LOOP('',(#1014,#1038,#1064,#1086));
#1014 = ORIENTED_EDGE('',*,*,#1015,.F.);
#1015 = EDGE_CURVE('',#1016,#964,#1018,.T.);
#1016 = VERTEX_POINT('',#1017);
#1017 = CARTESIAN_POINT('',(-17.96,-1.199333148045,0.));
#1018 = SURFACE_CURVE('',#1019,(#1024,#1031),.PCURVE_S1.);
#1019 = CIRCLE('',#1020,18.);
#1020 = AXIS2_PLACEMENT_3D('',#1021,#1022,#1023);
#1021 = CARTESIAN_POINT('',(0.,0.,0.));
#1022 = DIRECTION('',(0.,0.,1.));
#1023 = DIRECTION('',(1.,0.,0.));
#1024 = PCURVE('',#978,#1025);
#1025 = DEFINITIONAL_REPRESENTATION('',(#1026),#1030);
#1026 = LINE('',#1027,#1028);
#1027 = CARTESIAN_POINT('',(-0.,0.));
#1028 = VECTOR('',#1029,1.);
#1029 = DIRECTION('',(-1.,0.));
#1030 = ( GEOMETRIC_REPRESENTATION_CONTEXT(2)
PARAMETRIC_REPRESENTATION_CONTEXT() REPRESENTATION_CONTEXT('2D SPACE',''
  ) );
#1031 = PCURVE('',#45,#1032);
#1032 = DEFINITIONAL_REPRESENTATION('',(#1033),#1037);
#1033 = CIRCLE('',#1034,18.);
#1034 = AXIS2_PLACEMENT_2D('',#1035,#1036);
#1035 = CARTESIAN_POINT('',(6.077511700175E-16,-4.807142605466E-16));
#1036 = DIRECTION('',(1.,0.));
#1037 = ( GEOMETRIC_REPRESENTATION_CONTEXT(2)
PARAMETRIC_REPRESENTATION_CONTEXT() REPRESENTATION_CONTEXT('2D SPACE',''
  ) );
#1038 = ORIENTED_EDGE('',*,*,#1039,.F.);
#1039 = EDGE_CURVE('',#1040,#1016,#1042,.T.);
#1040 = VERTEX_POINT('',#1041);
#1041 = CARTESIAN_POINT('',(-17.96,-1.199333148045,8.));
#1042 = SURFACE_CURVE('',#1043,(#1047,#1053),.PCURVE_S1.);
#1043 = LINE('',#1044,#1045);
#1044 = CARTESIAN_POINT('',(-17.96,-1.199333148045,0.));
#1045 = VECTOR('',#1046,1.);
#1046 = DIRECTION('',(-0.,-0.,-1.));
#1047 = PCURVE('',#978,#1048);
#1048 = DEFINITIONAL_REPRESENTATION('',(#1049),#1052);
#1049 = B_SPLINE_CURVE_WITH_KNOTS('',1,(#1050,#1051),.UNSPECIFIED.,.F.,
  .F.,(2,2),(-8.0000006,6.E-07),.PIECEWISE_BEZIER_KNOTS.);
#1050 = CARTESIAN_POINT('',(-3.208271672112,-8.0000006));
#1051 = CARTESIAN_POINT('',(-3.208271672112,6.E-07));
#1052 = ( GEOMETRIC_REPRESENTATION_CONTEXT(2)
PARAMETRIC_REPRESENTATION_CONTEXT() REPRESENTATION_CONTEXT('2D SPACE',''
  ) );
#1053 = PCURVE('',#1054,#1059);
#1054 = CYLINDRICAL_SURFACE('',#1055,1.2);
#1055 = AXIS2_PLACEMENT_3D('',#1056,#1057,#1058);
#1056 = CARTESIAN_POINT('',(-18.,2.204364238465E-15,-1.));
#1057 = DIRECTION('',(-0.,-0.,-1.));
#1058 = DIRECTION('',(1.,0.,0.));
#1059 = DEFINITIONAL_REPRESENTATION('',(#1060),#1063);
#1060 = B_SPLINE_CURVE_WITH_KNOTS('',1,(#1061,#1062),.UNSPECIFIED.,.F.,
  .F.,(2,2),(-8.,-0.),.PIECEWISE_BEZIER_KNOTS.);
#1061 = CARTESIAN_POINT('',(-4.745728489646,-9.));
#1062 = CARTESIAN_POINT('',(-4.745728489646,-1.));
#1063 = ( GEOMETRIC_REPRESENTATION_CONTEXT(2)
PARAMETRIC_REPRESENTATION_CONTEXT() REPRESENTATION_CONTEXT('2D SPACE',''
  ) );
#1064 = ORIENTED_EDGE('',*,*,#1065,.T.);
#1065 = EDGE_CURVE('',#1040,#936,#1066,.T.);
#1066 = SURFACE_CURVE('',#1067,(#1072,#1079),.PCURVE_S1.);
#1067 = CIRCLE('',#1068,18.);
#1068 = AXIS2_PLACEMENT_3D('',#1069,#1070,#1071);
#1069 = CARTESIAN_POINT('',(0.,0.,8.));
#1070 = DIRECTION('',(0.,0.,1.));
#1071 = DIRECTION('',(1.,0.,0.));
#1072 = PCURVE('',#978,#1073);
#1073 = DEFINITIONAL_REPRESENTATION('',(#1074),#1078);
#1074 = LINE('',#1075,#1076);
#1075 = CARTESIAN_POINT('',(-0.,-8.));
#1076 = VECTOR('',#1077,1.);
#1077 = DIRECTION('',(-1.,0.));
#1078 = ( GEOMETRIC_REPRESENTATION_CONTEXT(2)
PARAMETRIC_REPRESENTATION_CONTEXT() REPRESENTATION_CONTEXT('2D SPACE',''
  ) );
#1079 = PCURVE('',#100,#1080);
#1080 = DEFINITIONAL_REPRESENTATION('',(#1081),#1085);
#1081 = CIRCLE('',#1082,18.);
#1082 = AXIS2_PLACEMENT_2D('',#1083,#1084);
#1083 = CARTESIAN_POINT('',(6.077511700175E-16,-4.807142605466E-16));
#1084 = DIRECTION('',(1.,0.));
#1085 = ( GEOMETRIC_REPRESENTATION_CONTEXT(2)
PARAMETRIC_REPRESENTATION_CONTEXT() REPRESENTATION_CONTEXT('2D SPACE',''
  ) );
#1086 = ORIENTED_EDGE('',*,*,#963,.T.);
#1087 = ADVANCED_FACE('',(#1088),#1054,.F.);
#1088 = FACE_BOUND('',#1089,.T.);
#1089 = EDGE_LOOP('',(#1090,#1118,#1144,#1166));
#1090 = ORIENTED_EDGE('',*,*,#1091,.F.);
#1091 = EDGE_CURVE('',#1092,#1040,#1094,.T.);
#1092 = VERTEX_POINT('',#1093);
#1093 = CARTESIAN_POINT('',(-17.96,1.199333148045,8.));
#1094 = SURFACE_CURVE('',#1095,(#1100,#1107),.PCURVE_S1.);
#1095 = CIRCLE('',#1096,1.2);
#1096 = AXIS2_PLACEMENT_3D('',#1097,#1098,#1099);
#1097 = CARTESIAN_POINT('',(-18.,2.204364238465E-15,8.));
#1098 = DIRECTION('',(0.,0.,-1.));
#1099 = DIRECTION('',(3.333333333333E-02,0.999444290038,0.));
#1100 = PCURVE('',#1054,#1101);
#1101 = DEFINITIONAL_REPRESENTATION('',(#1102),#1106);
#1102 = LINE('',#1103,#1104);
#1103 = CARTESIAN_POINT('',(-7.820642124713,-9.));
#1104 = VECTOR('',#1105,1.);
#1105 = DIRECTION('',(1.,-0.));
#1106 = ( GEOMETRIC_REPRESENTATION_CONTEXT(2)
PARAMETRIC_REPRESENTATION_CONTEXT() REPRESENTATION_CONTEXT('2D SPACE',''
  ) );
#1107 = PCURVE('',#100,#1108);
#1108 = DEFINITIONAL_REPRESENTATION('',(#1109),#1117);
#1109 = ( BOUNDED_CURVE() B_SPLINE_CURVE(2,(#1110,#1111,#1112,#1113,
#1114,#1115,#1116),.UNSPECIFIED.,.T.,.F.) B_SPLINE_CURVE_WITH_KNOTS((1,2
    ,2,2,2,1),(-2.094395102393,0.,2.094395102393,4.188790204786,
6.28318530718,8.377580409573),.UNSPECIFIED.) CURVE()
GEOMETRIC_REPRESENTATION_ITEM() RATIONAL_B_SPLINE_CURVE((1.,0.5,1.,0.5,
1.,0.5,1.)) REPRESENTATION_ITEM('') );
#1110 = CARTESIAN_POINT('',(-17.96,1.199333148045));
#1111 = CARTESIAN_POINT('',(-15.88269405238,1.130051115742));
#1112 = CARTESIAN_POINT('',(-16.98134702619,-0.634307590174));
#1113 = CARTESIAN_POINT('',(-18.08,-2.39866629609));
#1114 = CARTESIAN_POINT('',(-19.0586529738,-0.565025557871));
#1115 = CARTESIAN_POINT('',(-20.03730594761,1.268615180348));
#1116 = CARTESIAN_POINT('',(-17.96,1.199333148045));
#1117 = ( GEOMETRIC_REPRESENTATION_CONTEXT(2)
PARAMETRIC_REPRESENTATION_CONTEXT() REPRESENTATION_CONTEXT('2D SPACE',''
  ) );
#1118 = ORIENTED_EDGE('',*,*,#1119,.T.);
#1119 = EDGE_CURVE('',#1092,#1120,#1122,.T.);
#1120 = VERTEX_POINT('',#1121);
#1121 = CARTESIAN_POINT('',(-17.96,1.199333148045,0.));
#1122 = SURFACE_CURVE('',#1123,(#1127,#1133),.PCURVE_S1.);
#1123 = LINE('',#1124,#1125);
#1124 = CARTESIAN_POINT('',(-17.96,1.199333148045,0.));
#1125 = VECTOR('',#1126,1.);
#1126 = DIRECTION('',(-0.,-0.,-1.));
#1127 = PCURVE('',#1054,#1128);
#1128 = DEFINITIONAL_REPRESENTATION('',(#1129),#1132);
#1129 = B_SPLINE_CURVE_WITH_KNOTS('',1,(#1130,#1131),.UNSPECIFIED.,.F.,
  .F.,(2,2),(-8.,0.),.PIECEWISE_BEZIER_KNOTS.);
#1130 = CARTESIAN_POINT('',(-7.820642124713,-9.));
#1131 = CARTESIAN_POINT('',(-7.820642124713,-1.));
#1132 = ( GEOMETRIC_REPRESENTATION_CONTEXT(2)
PARAMETRIC_REPRESENTATION_CONTEXT() REPRESENTATION_CONTEXT('2D SPACE',''
  ) );
#1133 = PCURVE('',#1134,#1139);
#1134 = CYLINDRICAL_SURFACE('',#1135,18.);
#1135 = AXIS2_PLACEMENT_3D('',#1136,#1137,#1138);
#1136 = CARTESIAN_POINT('',(0.,0.,0.));
#1137 = DIRECTION('',(-0.,-0.,-1.));
#1138 = DIRECTION('',(1.,0.,0.));
#1139 = DEFINITIONAL_REPRESENTATION('',(#1140),#1143);
#1140 = B_SPLINE_CURVE_WITH_KNOTS('',1,(#1141,#1142),.UNSPECIFIED.,.F.,
  .F.,(2,2),(-8.0000006,6.E-07),.PIECEWISE_BEZIER_KNOTS.);
#1141 = CARTESIAN_POINT('',(-3.074913635067,-8.0000006));
#1142 = CARTESIAN_POINT('',(-3.074913635067,6.E-07));
#1143 = ( GEOMETRIC_REPRESENTATION_CONTEXT(2)
PARAMETRIC_REPRESENTATION_CONTEXT() REPRESENTATION_CONTEXT('2D SPACE',''
  ) );
#1144 = ORIENTED_EDGE('',*,*,#1145,.F.);
#1145 = EDGE_CURVE('',#1016,#1120,#1146,.T.);
#1146 = SURFACE_CURVE('',#1147,(#1152,#1159),.PCURVE_S1.);
#1147 = CIRCLE('',#1148,1.2);
#1148 = AXIS2_PLACEMENT_3D('',#1149,#1150,#1151);
#1149 = CARTESIAN_POINT('',(-18.,2.204364238465E-15,0.));
#1150 = DIRECTION('',(-0.,0.,1.));
#1151 = DIRECTION('',(3.333333333333E-02,-0.999444290038,0.));
#1152 = PCURVE('',#1054,#1153);
#1153 = DEFINITIONAL_REPRESENTATION('',(#1154),#1158);
#1154 = LINE('',#1155,#1156);
#1155 = CARTESIAN_POINT('',(-4.745728489646,-1.));
#1156 = VECTOR('',#1157,1.);
#1157 = DIRECTION('',(-1.,-0.));
#1158 = ( GEOMETRIC_REPRESENTATION_CONTEXT(2)
PARAMETRIC_REPRESENTATION_CONTEXT() REPRESENTATION_CONTEXT('2D SPACE',''
  ) );
#1159 = PCURVE('',#45,#1160);
#1160 = DEFINITIONAL_REPRESENTATION('',(#1161),#1165);
#1161 = CIRCLE('',#1162,1.2);
#1162 = AXIS2_PLACEMENT_2D('',#1163,#1164);
#1163 = CARTESIAN_POINT('',(-18.,1.723649977919E-15));
#1164 = DIRECTION('',(3.333333333333E-02,-0.999444290038));
#1165 = ( GEOMETRIC_REPRESENTATION_CONTEXT(2)
PARAMETRIC_REPRESENTATION_CONTEXT() REPRESENTATION_CONTEXT('2D SPACE',''
  ) );
#1166 = ORIENTED_EDGE('',*,*,#1039,.F.);
#1167 = ADVANCED_FACE('',(#1168),#1134,.T.);
#1168 = FACE_BOUND('',#1169,.F.);
#1169 = EDGE_LOOP('',(#1170,#1194,#1220,#1242));
#1170 = ORIENTED_EDGE('',*,*,#1171,.F.);
#1171 = EDGE_CURVE('',#1172,#1120,#1174,.T.);
#1172 = VERTEX_POINT('',#1173);
#1173 = CARTESIAN_POINT('',(-16.15348282599,7.941347026192,0.));
#1174 = SURFACE_CURVE('',#1175,(#1180,#1187),.PCURVE_S1.);
#1175 = CIRCLE('',#1176,18.);
#1176 = AXIS2_PLACEMENT_3D('',#1177,#1178,#1179);
#1177 = CARTESIAN_POINT('',(0.,0.,0.));
#1178 = DIRECTION('',(0.,0.,1.));
#1179 = DIRECTION('',(1.,0.,0.));
#1180 = PCURVE('',#1134,#1181);
#1181 = DEFINITIONAL_REPRESENTATION('',(#1182),#1186);
#1182 = LINE('',#1183,#1184);
#1183 = CARTESIAN_POINT('',(-0.,0.));
#1184 = VECTOR('',#1185,1.);
#1185 = DIRECTION('',(-1.,0.));
#1186 = ( GEOMETRIC_REPRESENTATION_CONTEXT(2)
PARAMETRIC_REPRESENTATION_CONTEXT() REPRESENTATION_CONTEXT('2D SPACE',''
  ) );
#1187 = PCURVE('',#45,#1188);
#1188 = DEFINITIONAL_REPRESENTATION('',(#1189),#1193);
#1189 = CIRCLE('',#1190,18.);
#1190 = AXIS2_PLACEMENT_2D('',#1191,#1192);
#1191 = CARTESIAN_POINT('',(6.077511700175E-16,-4.807142605466E-16));
#1192 = DIRECTION('',(1.,0.));
#1193 = ( GEOMETRIC_REPRESENTATION_CONTEXT(2)
PARAMETRIC_REPRESENTATION_CONTEXT() REPRESENTATION_CONTEXT('2D SPACE',''
  ) );
#1194 = ORIENTED_EDGE('',*,*,#1195,.F.);
#1195 = EDGE_CURVE('',#1196,#1172,#1198,.T.);
#1196 = VERTEX_POINT('',#1197);
#1197 = CARTESIAN_POINT('',(-16.15348282599,7.941347026192,8.));
#1198 = SURFACE_CURVE('',#1199,(#1203,#1209),.PCURVE_S1.);
#1199 = LINE('',#1200,#1201);
#1200 = CARTESIAN_POINT('',(-16.15348282599,7.941347026192,0.));
#1201 = VECTOR('',#1202,1.);
#1202 = DIRECTION('',(-0.,-0.,-1.));
#1203 = PCURVE('',#1134,#1204);
#1204 = DEFINITIONAL_REPRESENTATION('',(#1205),#1208);
#1205 = B_SPLINE_CURVE_WITH_KNOTS('',1,(#1206,#1207),.UNSPECIFIED.,.F.,
  .F.,(2,2),(-8.0000006,6.E-07),.PIECEWISE_BEZIER_KNOTS.);
#1206 = CARTESIAN_POINT('',(-2.684672896514,-8.0000006));
#1207 = CARTESIAN_POINT('',(-2.684672896514,6.E-07));
#1208 = ( GEOMETRIC_REPRESENTATION_CONTEXT(2)
PARAMETRIC_REPRESENTATION_CONTEXT() REPRESENTATION_CONTEXT('2D SPACE',''
  ) );
#1209 = PCURVE('',#1210,#1215);
#1210 = CYLINDRICAL_SURFACE('',#1211,1.2);
#1211 = AXIS2_PLACEMENT_3D('',#1212,#1213,#1214);
#1212 = CARTESIAN_POINT('',(-15.58845726812,9.,-1.));
#1213 = DIRECTION('',(-0.,-0.,-1.));
#1214 = DIRECTION('',(1.,0.,0.));
#1215 = DEFINITIONAL_REPRESENTATION('',(#1216),#1219);
#1216 = B_SPLINE_CURVE_WITH_KNOTS('',1,(#1217,#1218),.UNSPECIFIED.,.F.,
  .F.,(2,2),(-8.,-0.),.PIECEWISE_BEZIER_KNOTS.);
#1217 = CARTESIAN_POINT('',(-4.222129714048,-9.));
#1218 = CARTESIAN_POINT('',(-4.222129714048,-1.));
#1219 = ( GEOMETRIC_REPRESENTATION_CONTEXT(2)
PARAMETRIC_REPRESENTATION_CONTEXT() REPRESENTATION_CONTEXT('2D SPACE',''
  ) );
#1220 = ORIENTED_EDGE('',*,*,#1221,.T.);
#1221 = EDGE_CURVE('',#1196,#1092,#1222,.T.);
#1222 = SURFACE_CURVE('',#1223,(#1228,#1235),.PCURVE_S1.);
#1223 = CIRCLE('',#1224,18.);
#1224 = AXIS2_PLACEMENT_3D('',#1225,#1226,#1227);
#1225 = CARTESIAN_POINT('',(0.,0.,8.));
#1226 = DIRECTION('',(0.,0.,1.));
#1227 = DIRECTION('',(1.,0.,0.));
#1228 = PCURVE('',#1134,#1229);
#1229 = DEFINITIONAL_REPRESENTATION('',(#1230),#1234);
#1230 = LINE('',#1231,#1232);
#1231 = CARTESIAN_POINT('',(-0.,-8.));
#1232 = VECTOR('',#1233,1.);
#1233 = DIRECTION('',(-1.,0.));
#1234 = ( GEOMETRIC_REPRESENTATION_CONTEXT(2)
PARAMETRIC_REPRESENTATION_CONTEXT() REPRESENTATION_CONTEXT('2D SPACE',''
  ) );
#1235 = PCURVE('',#100,#1236);
#1236 = DEFINITIONAL_REPRESENTATION('',(#1237),#1241);
#1237 = CIRCLE('',#1238,18.);
#1238 = AXIS2_PLACEMENT_2D('',#1239,#1240);
#1239 = CARTESIAN_POINT('',(6.077511700175E-16,-4.807142605466E-16));
#1240 = DIRECTION('',(1.,0.));
#1241 = ( GEOMETRIC_REPRESENTATION_CONTEXT(2)
PARAMETRIC_REPRESENTATION_CONTEXT() REPRESENTATION_CONTEXT('2D SPACE',''
  ) );
#1242 = ORIENTED_EDGE('',*,*,#1119,.T.);
#1243 = ADVANCED_FACE('',(#1244),#1210,.F.);
#1244 = FACE_BOUND('',#1245,.T.);
#1245 = EDGE_LOOP('',(#1246,#1274,#1300,#1322));
#1246 = ORIENTED_EDGE('',*,*,#1247,.F.);
#1247 = EDGE_CURVE('',#1248,#1196,#1250,.T.);
#1248 = VERTEX_POINT('',#1249);
#1249 = CARTESIAN_POINT('',(-14.95414967794,10.018652973808,8.));
#1250 = SURFACE_CURVE('',#1251,(#1256,#1263),.PCURVE_S1.);
#1251 = CIRCLE('',#1252,1.2);
#1252 = AXIS2_PLACEMENT_3D('',#1253,#1254,#1255);
#1253 = CARTESIAN_POINT('',(-15.58845726812,9.,8.));
#1254 = DIRECTION('',(0.,0.,-1.));
#1255 = DIRECTION('',(0.528589658478,0.848877478173,0.));
#1256 = PCURVE('',#1210,#1257);
#1257 = DEFINITIONAL_REPRESENTATION('',(#1258),#1262);
#1258 = LINE('',#1259,#1260);
#1259 = CARTESIAN_POINT('',(-7.297043349115,-9.));
#1260 = VECTOR('',#1261,1.);
#1261 = DIRECTION('',(1.,-0.));
#1262 = ( GEOMETRIC_REPRESENTATION_CONTEXT(2)
PARAMETRIC_REPRESENTATION_CONTEXT() REPRESENTATION_CONTEXT('2D SPACE',''
  ) );
#1263 = PCURVE('',#100,#1264);
#1264 = DEFINITIONAL_REPRESENTATION('',(#1265),#1273);
#1265 = ( BOUNDED_CURVE() B_SPLINE_CURVE(2,(#1266,#1267,#1268,#1269,
#1270,#1271,#1272),.UNSPECIFIED.,.T.,.F.) B_SPLINE_CURVE_WITH_KNOTS((1,2
    ,2,2,2,1),(-2.094395102393,0.,2.094395102393,4.188790204786,
6.28318530718,8.377580409573),.UNSPECIFIED.) CURVE()
GEOMETRIC_REPRESENTATION_ITEM() RATIONAL_B_SPLINE_CURVE((1.,0.5,1.,0.5,
1.,0.5,1.)) REPRESENTATION_ITEM('') );
#1266 = CARTESIAN_POINT('',(-14.95414967794,10.018652973808));
#1267 = CARTESIAN_POINT('',(-13.18979097203,8.92));
#1268 = CARTESIAN_POINT('',(-15.02343171024,7.941347026192));
#1269 = CARTESIAN_POINT('',(-16.85707244846,6.962694052384));
#1270 = CARTESIAN_POINT('',(-16.78779041616,9.04));
#1271 = CARTESIAN_POINT('',(-16.71850838386,11.117305947616));
#1272 = CARTESIAN_POINT('',(-14.95414967794,10.018652973808));
#1273 = ( GEOMETRIC_REPRESENTATION_CONTEXT(2)
PARAMETRIC_REPRESENTATION_CONTEXT() REPRESENTATION_CONTEXT('2D SPACE',''
  ) );
#1274 = ORIENTED_EDGE('',*,*,#1275,.T.);
#1275 = EDGE_CURVE('',#1248,#1276,#1278,.T.);
#1276 = VERTEX_POINT('',#1277);
#1277 = CARTESIAN_POINT('',(-14.95414967794,10.018652973808,0.));
#1278 = SURFACE_CURVE('',#1279,(#1283,#1289),.PCURVE_S1.);
#1279 = LINE('',#1280,#1281);
#1280 = CARTESIAN_POINT('',(-14.95414967794,10.018652973808,0.));
#1281 = VECTOR('',#1282,1.);
#1282 = DIRECTION('',(-0.,-0.,-1.));
#1283 = PCURVE('',#1210,#1284);
#1284 = DEFINITIONAL_REPRESENTATION('',(#1285),#1288);
#1285 = B_SPLINE_CURVE_WITH_KNOTS('',1,(#1286,#1287),.UNSPECIFIED.,.F.,
  .F.,(2,2),(-8.,0.),.PIECEWISE_BEZIER_KNOTS.);
#1286 = CARTESIAN_POINT('',(-7.297043349115,-9.));
#1287 = CARTESIAN_POINT('',(-7.297043349115,-1.));
#1288 = ( GEOMETRIC_REPRESENTATION_CONTEXT(2)
PARAMETRIC_REPRESENTATION_CONTEXT() REPRESENTATION_CONTEXT('2D SPACE',''
  ) );
#1289 = PCURVE('',#1290,#1295);
#1290 = CYLINDRICAL_SURFACE('',#1291,18.);
#1291 = AXIS2_PLACEMENT_3D('',#1292,#1293,#1294);
#1292 = CARTESIAN_POINT('',(0.,0.,0.));
#1293 = DIRECTION('',(-0.,-0.,-1.));
#1294 = DIRECTION('',(1.,0.,0.));
#1295 = DEFINITIONAL_REPRESENTATION('',(#1296),#1299);
#1296 = B_SPLINE_CURVE_WITH_KNOTS('',1,(#1297,#1298),.UNSPECIFIED.,.F.,
  .F.,(2,2),(-8.0000006,6.E-07),.PIECEWISE_BEZIER_KNOTS.);
#1297 = CARTESIAN_POINT('',(-2.551314859469,-8.0000006));
#1298 = CARTESIAN_POINT('',(-2.551314859469,6.E-07));
#1299 = ( GEOMETRIC_REPRESENTATION_CONTEXT(2)
PARAMETRIC_REPRESENTATION_CONTEXT() REPRESENTATION_CONTEXT('2D SPACE',''
  ) );
#1300 = ORIENTED_EDGE('',*,*,#1301,.F.);
#1301 = EDGE_CURVE('',#1172,#1276,#1302,.T.);
#1302 = SURFACE_CURVE('',#1303,(#1308,#1315),.PCURVE_S1.);
#1303 = CIRCLE('',#1304,1.2);
#1304 = AXIS2_PLACEMENT_3D('',#1305,#1306,#1307);
#1305 = CARTESIAN_POINT('',(-15.58845726812,9.,0.));
#1306 = DIRECTION('',(0.,0.,1.));
#1307 = DIRECTION('',(-0.470854631559,-0.882210811507,0.));
#1308 = PCURVE('',#1210,#1309);
#1309 = DEFINITIONAL_REPRESENTATION('',(#1310),#1314);
#1310 = LINE('',#1311,#1312);
#1311 = CARTESIAN_POINT('',(-4.222129714048,-1.));
#1312 = VECTOR('',#1313,1.);
#1313 = DIRECTION('',(-1.,-0.));
#1314 = ( GEOMETRIC_REPRESENTATION_CONTEXT(2)
PARAMETRIC_REPRESENTATION_CONTEXT() REPRESENTATION_CONTEXT('2D SPACE',''
  ) );
#1315 = PCURVE('',#45,#1316);
#1316 = DEFINITIONAL_REPRESENTATION('',(#1317),#1321);
#1317 = CIRCLE('',#1318,1.2);
#1318 = AXIS2_PLACEMENT_2D('',#1319,#1320);
#1319 = CARTESIAN_POINT('',(-15.58845726812,9.));
#1320 = DIRECTION('',(-0.470854631559,-0.882210811507));
#1321 = ( GEOMETRIC_REPRESENTATION_CONTEXT(2)
PARAMETRIC_REPRESENTATION_CONTEXT() REPRESENTATION_CONTEXT('2D SPACE',''
  ) );
#1322 = ORIENTED_EDGE('',*,*,#1195,.F.);
#1323 = ADVANCED_FACE('',(#1324),#1290,.T.);
#1324 = FACE_BOUND('',#1325,.F.);
#1325 = EDGE_LOOP('',(#1326,#1350,#1376,#1398));
#1326 = ORIENTED_EDGE('',*,*,#1327,.F.);
#1327 = EDGE_CURVE('',#1328,#1276,#1330,.T.);
#1328 = VERTEX_POINT('',#1329);
#1329 = CARTESIAN_POINT('',(-10.0186529738,14.954149677946,0.));
#1330 = SURFACE_CURVE('',#1331,(#1336,#1343),.PCURVE_S1.);
#1331 = CIRCLE('',#1332,18.);
#1332 = AXIS2_PLACEMENT_3D('',#1333,#1334,#1335);
#1333 = CARTESIAN_POINT('',(0.,0.,0.));
#1334 = DIRECTION('',(0.,0.,1.));
#1335 = DIRECTION('',(1.,0.,0.));
#1336 = PCURVE('',#1290,#1337);
#1337 = DEFINITIONAL_REPRESENTATION('',(#1338),#1342);
#1338 = LINE('',#1339,#1340);
#1339 = CARTESIAN_POINT('',(-0.,0.));
#1340 = VECTOR('',#1341,1.);
#1341 = DIRECTION('',(-1.,0.));
#1342 = ( GEOMETRIC_REPRESENTATION_CONTEXT(2)
PARAMETRIC_REPRESENTATION_CONTEXT() REPRESENTATION_CONTEXT('2D SPACE',''
  ) );
#1343 = PCURVE('',#45,#1344);
#1344 = DEFINITIONAL_REPRESENTATION('',(#1345),#1349);
#1345 = CIRCLE('',#1346,18.);
#1346 = AXIS2_PLACEMENT_2D('',#1347,#1348);
#1347 = CARTESIAN_POINT('',(6.077511700175E-16,-4.807142605466E-16));
#1348 = DIRECTION('',(1.,0.));
#1349 = ( GEOMETRIC_REPRESENTATION_CONTEXT(2)
PARAMETRIC_REPRESENTATION_CONTEXT() REPRESENTATION_CONTEXT('2D SPACE',''
  ) );
#1350 = ORIENTED_EDGE('',*,*,#1351,.F.);
#1351 = EDGE_CURVE('',#1352,#1328,#1354,.T.);
#1352 = VERTEX_POINT('',#1353);
#1353 = CARTESIAN_POINT('',(-10.0186529738,14.954149677946,8.));
#1354 = SURFACE_CURVE('',#1355,(#1359,#1365),.PCURVE_S1.);
#1355 = LINE('',#1356,#1357);
#1356 = CARTESIAN_POINT('',(-10.0186529738,14.954149677946,0.));
#1357 = VECTOR('',#1358,1.);
#1358 = DIRECTION('',(-0.,-0.,-1.));
#1359 = PCURVE('',#1290,#1360);
#1360 = DEFINITIONAL_REPRESENTATION('',(#1361),#1364);
#1361 = B_SPLINE_CURVE_WITH_KNOTS('',1,(#1362,#1363),.UNSPECIFIED.,.F.,
  .F.,(2,2),(-8.0000006,6.E-07),.PIECEWISE_BEZIER_KNOTS.);
#1362 = CARTESIAN_POINT('',(-2.161074120916,-8.0000006));
#1363 = CARTESIAN_POINT('',(-2.161074120916,6.E-07));
#1364 = ( GEOMETRIC_REPRESENTATION_CONTEXT(2)
PARAMETRIC_REPRESENTATION_CONTEXT() REPRESENTATION_CONTEXT('2D SPACE',''
  ) );
#1365 = PCURVE('',#1366,#1371);
#1366 = CYLINDRICAL_SURFACE('',#1367,1.2);
#1367 = AXIS2_PLACEMENT_3D('',#1368,#1369,#1370);
#1368 = CARTESIAN_POINT('',(-9.,15.58845726812,-1.));
#1369 = DIRECTION('',(-0.,-0.,-1.));
#1370 = DIRECTION('',(1.,0.,0.));
#1371 = DEFINITIONAL_REPRESENTATION('',(#1372),#1375);
#1372 = B_SPLINE_CURVE_WITH_KNOTS('',1,(#1373,#1374),.UNSPECIFIED.,.F.,
  .F.,(2,2),(-8.,-0.),.PIECEWISE_BEZIER_KNOTS.);
#1373 = CARTESIAN_POINT('',(-3.698530938449,-9.));
#1374 = CARTESIAN_POINT('',(-3.698530938449,-1.));
#1375 = ( GEOMETRIC_REPRESENTATION_CONTEXT(2)
PARAMETRIC_REPRESENTATION_CONTEXT() REPRESENTATION_CONTEXT('2D SPACE',''
  ) );
#1376 = ORIENTED_EDGE('',*,*,#1377,.T.);
#1377 = EDGE_CURVE('',#1352,#1248,#1378,.T.);
#1378 = SURFACE_CURVE('',#1379,(#1384,#1391),.PCURVE_S1.);
#1379 = CIRCLE('',#1380,18.);
#1380 = AXIS2_PLACEMENT_3D('',#1381,#1382,#1383);
#1381 = CARTESIAN_POINT('',(0.,0.,8.));
#1382 = DIRECTION('',(0.,0.,1.));
#1383 = DIRECTION('',(1.,0.,0.));
#1384 = PCURVE('',#1290,#1385);
#1385 = DEFINITIONAL_REPRESENTATION('',(#1386),#1390);
#1386 = LINE('',#1387,#1388);
#1387 = CARTESIAN_POINT('',(-0.,-8.));
#1388 = VECTOR('',#1389,1.);
#1389 = DIRECTION('',(-1.,0.));
#1390 = ( GEOMETRIC_REPRESENTATION_CONTEXT(2)
PARAMETRIC_REPRESENTATION_CONTEXT() REPRESENTATION_CONTEXT('2D SPACE',''
  ) );
#1391 = PCURVE('',#100,#1392);
#1392 = DEFINITIONAL_REPRESENTATION('',(#1393),#1397);
#1393 = CIRCLE('',#1394,18.);
#1394 = AXIS2_PLACEMENT_2D('',#1395,#1396);
#1395 = CARTESIAN_POINT('',(6.077511700175E-16,-4.807142605466E-16));
#1396 = DIRECTION('',(1.,0.));
#1397 = ( GEOMETRIC_REPRESENTATION_CONTEXT(2)
PARAMETRIC_REPRESENTATION_CONTEXT() REPRESENTATION_CONTEXT('2D SPACE',''
  ) );
#1398 = ORIENTED_EDGE('',*,*,#1275,.T.);
#1399 = ADVANCED_FACE('',(#1400),#1366,.F.);
#1400 = FACE_BOUND('',#1401,.T.);
#1401 = EDGE_LOOP('',(#1402,#1430,#1456,#1478));
#1402 = ORIENTED_EDGE('',*,*,#1403,.F.);
#1403 = EDGE_CURVE('',#1404,#1352,#1406,.T.);
#1404 = VERTEX_POINT('',#1405);
#1405 = CARTESIAN_POINT('',(-7.941347026192,16.153482825991,8.));
#1406 = SURFACE_CURVE('',#1407,(#1412,#1419),.PCURVE_S1.);
#1407 = CIRCLE('',#1408,1.2);
#1408 = AXIS2_PLACEMENT_3D('',#1409,#1410,#1411);
#1409 = CARTESIAN_POINT('',(-9.,15.58845726812,8.));
#1410 = DIRECTION('',(0.,0.,-1.));
#1411 = DIRECTION('',(0.882210811507,0.470854631559,0.));
#1412 = PCURVE('',#1366,#1413);
#1413 = DEFINITIONAL_REPRESENTATION('',(#1414),#1418);
#1414 = LINE('',#1415,#1416);
#1415 = CARTESIAN_POINT('',(-6.773444573517,-9.));
#1416 = VECTOR('',#1417,1.);
#1417 = DIRECTION('',(1.,-0.));
#1418 = ( GEOMETRIC_REPRESENTATION_CONTEXT(2)
PARAMETRIC_REPRESENTATION_CONTEXT() REPRESENTATION_CONTEXT('2D SPACE',''
  ) );
#1419 = PCURVE('',#100,#1420);
#1420 = DEFINITIONAL_REPRESENTATION('',(#1421),#1429);
#1421 = ( BOUNDED_CURVE() B_SPLINE_CURVE(2,(#1422,#1423,#1424,#1425,
#1426,#1427,#1428),.UNSPECIFIED.,.T.,.F.) B_SPLINE_CURVE_WITH_KNOTS((1,2
    ,2,2,2,1),(-2.094395102393,0.,2.094395102393,4.188790204786,
6.28318530718,8.377580409573),.UNSPECIFIED.) CURVE()
GEOMETRIC_REPRESENTATION_ITEM() RATIONAL_B_SPLINE_CURVE((1.,0.5,1.,0.5,
1.,0.5,1.)) REPRESENTATION_ITEM('') );
#1422 = CARTESIAN_POINT('',(-7.941347026192,16.153482825991));
#1423 = CARTESIAN_POINT('',(-6.962694052384,14.319842087772));
#1424 = CARTESIAN_POINT('',(-9.04,14.389124120075));
#1425 = CARTESIAN_POINT('',(-11.11730594761,14.458406152377));
#1426 = CARTESIAN_POINT('',(-10.0186529738,16.222764858294));
#1427 = CARTESIAN_POINT('',(-8.92,17.98712356421));
#1428 = CARTESIAN_POINT('',(-7.941347026192,16.153482825991));
#1429 = ( GEOMETRIC_REPRESENTATION_CONTEXT(2)
PARAMETRIC_REPRESENTATION_CONTEXT() REPRESENTATION_CONTEXT('2D SPACE',''
  ) );
#1430 = ORIENTED_EDGE('',*,*,#1431,.T.);
#1431 = EDGE_CURVE('',#1404,#1432,#1434,.T.);
#1432 = VERTEX_POINT('',#1433);
#1433 = CARTESIAN_POINT('',(-7.941347026192,16.153482825991,0.));
#1434 = SURFACE_CURVE('',#1435,(#1439,#1445),.PCURVE_S1.);
#1435 = LINE('',#1436,#1437);
#1436 = CARTESIAN_POINT('',(-7.941347026192,16.153482825991,0.));
#1437 = VECTOR('',#1438,1.);
#1438 = DIRECTION('',(-0.,-0.,-1.));
#1439 = PCURVE('',#1366,#1440);
#1440 = DEFINITIONAL_REPRESENTATION('',(#1441),#1444);
#1441 = B_SPLINE_CURVE_WITH_KNOTS('',1,(#1442,#1443),.UNSPECIFIED.,.F.,
  .F.,(2,2),(-8.,0.),.PIECEWISE_BEZIER_KNOTS.);
#1442 = CARTESIAN_POINT('',(-6.773444573517,-9.));
#1443 = CARTESIAN_POINT('',(-6.773444573517,-1.));
#1444 = ( GEOMETRIC_REPRESENTATION_CONTEXT(2)
PARAMETRIC_REPRESENTATION_CONTEXT() REPRESENTATION_CONTEXT('2D SPACE',''
  ) );
#1445 = PCURVE('',#1446,#1451);
#1446 = CYLINDRICAL_SURFACE('',#1447,18.);
#1447 = AXIS2_PLACEMENT_3D('',#1448,#1449,#1450);
#1448 = CARTESIAN_POINT('',(0.,0.,0.));
#1449 = DIRECTION('',(-0.,-0.,-1.));
#1450 = DIRECTION('',(1.,0.,0.));
#1451 = DEFINITIONAL_REPRESENTATION('',(#1452),#1455);
#1452 = B_SPLINE_CURVE_WITH_KNOTS('',1,(#1453,#1454),.UNSPECIFIED.,.F.,
  .F.,(2,2),(-8.0000006,6.E-07),.PIECEWISE_BEZIER_KNOTS.);
#1453 = CARTESIAN_POINT('',(-2.027716083871,-8.0000006));
#1454 = CARTESIAN_POINT('',(-2.027716083871,6.E-07));
#1455 = ( GEOMETRIC_REPRESENTATION_CONTEXT(2)
PARAMETRIC_REPRESENTATION_CONTEXT() REPRESENTATION_CONTEXT('2D SPACE',''
  ) );
#1456 = ORIENTED_EDGE('',*,*,#1457,.F.);
#1457 = EDGE_CURVE('',#1328,#1432,#1458,.T.);
#1458 = SURFACE_CURVE('',#1459,(#1464,#1471),.PCURVE_S1.);
#1459 = CIRCLE('',#1460,1.2);
#1460 = AXIS2_PLACEMENT_3D('',#1461,#1462,#1463);
#1461 = CARTESIAN_POINT('',(-9.,15.58845726812,0.));
#1462 = DIRECTION('',(0.,0.,1.));
#1463 = DIRECTION('',(-0.848877478173,-0.528589658478,0.));
#1464 = PCURVE('',#1366,#1465);
#1465 = DEFINITIONAL_REPRESENTATION('',(#1466),#1470);
#1466 = LINE('',#1467,#1468);
#1467 = CARTESIAN_POINT('',(-3.698530938449,-1.));
#1468 = VECTOR('',#1469,1.);
#1469 = DIRECTION('',(-1.,-0.));
#1470 = ( GEOMETRIC_REPRESENTATION_CONTEXT(2)
PARAMETRIC_REPRESENTATION_CONTEXT() REPRESENTATION_CONTEXT('2D SPACE',''
  ) );
#1471 = PCURVE('',#45,#1472);
#1472 = DEFINITIONAL_REPRESENTATION('',(#1473),#1477);
#1473 = CIRCLE('',#1474,1.2);
#1474 = AXIS2_PLACEMENT_2D('',#1475,#1476);
#1475 = CARTESIAN_POINT('',(-9.,15.58845726812));
#1476 = DIRECTION('',(-0.848877478173,-0.528589658478));
#1477 = ( GEOMETRIC_REPRESENTATION_CONTEXT(2)
PARAMETRIC_REPRESENTATION_CONTEXT() REPRESENTATION_CONTEXT('2D SPACE',''
  ) );
#1478 = ORIENTED_EDGE('',*,*,#1351,.F.);
#1479 = ADVANCED_FACE('',(#1480),#1446,.T.);
#1480 = FACE_BOUND('',#1481,.F.);
#1481 = EDGE_LOOP('',(#1482,#1506,#1532,#1554));
#1482 = ORIENTED_EDGE('',*,*,#1483,.F.);
#1483 = EDGE_CURVE('',#1484,#1432,#1486,.T.);
#1484 = VERTEX_POINT('',#1485);
#1485 = CARTESIAN_POINT('',(-1.199333148045,17.96,0.));
#1486 = SURFACE_CURVE('',#1487,(#1492,#1499),.PCURVE_S1.);
#1487 = CIRCLE('',#1488,18.);
#1488 = AXIS2_PLACEMENT_3D('',#1489,#1490,#1491);
#1489 = CARTESIAN_POINT('',(0.,0.,0.));
#1490 = DIRECTION('',(0.,0.,1.));
#1491 = DIRECTION('',(1.,0.,0.));
#1492 = PCURVE('',#1446,#1493);
#1493 = DEFINITIONAL_REPRESENTATION('',(#1494),#1498);
#1494 = LINE('',#1495,#1496);
#1495 = CARTESIAN_POINT('',(-0.,0.));
#1496 = VECTOR('',#1497,1.);
#1497 = DIRECTION('',(-1.,0.));
#1498 = ( GEOMETRIC_REPRESENTATION_CONTEXT(2)
PARAMETRIC_REPRESENTATION_CONTEXT() REPRESENTATION_CONTEXT('2D SPACE',''
  ) );
#1499 = PCURVE('',#45,#1500);
#1500 = DEFINITIONAL_REPRESENTATION('',(#1501),#1505);
#1501 = CIRCLE('',#1502,18.);
#1502 = AXIS2_PLACEMENT_2D('',#1503,#1504);
#1503 = CARTESIAN_POINT('',(6.077511700175E-16,-4.807142605466E-16));
#1504 = DIRECTION('',(1.,0.));
#1505 = ( GEOMETRIC_REPRESENTATION_CONTEXT(2)
PARAMETRIC_REPRESENTATION_CONTEXT() REPRESENTATION_CONTEXT('2D SPACE',''
  ) );
#1506 = ORIENTED_EDGE('',*,*,#1507,.F.);
#1507 = EDGE_CURVE('',#1508,#1484,#1510,.T.);
#1508 = VERTEX_POINT('',#1509);
#1509 = CARTESIAN_POINT('',(-1.199333148045,17.96,8.));
#1510 = SURFACE_CURVE('',#1511,(#1515,#1521),.PCURVE_S1.);
#1511 = LINE('',#1512,#1513);
#1512 = CARTESIAN_POINT('',(-1.199333148045,17.96,0.));
#1513 = VECTOR('',#1514,1.);
#1514 = DIRECTION('',(-0.,-0.,-1.));
#1515 = PCURVE('',#1446,#1516);
#1516 = DEFINITIONAL_REPRESENTATION('',(#1517),#1520);
#1517 = B_SPLINE_CURVE_WITH_KNOTS('',1,(#1518,#1519),.UNSPECIFIED.,.F.,
  .F.,(2,2),(-8.0000006,6.E-07),.PIECEWISE_BEZIER_KNOTS.);
#1518 = CARTESIAN_POINT('',(-1.637475345318,-8.0000006));
#1519 = CARTESIAN_POINT('',(-1.637475345318,6.E-07));
#1520 = ( GEOMETRIC_REPRESENTATION_CONTEXT(2)
PARAMETRIC_REPRESENTATION_CONTEXT() REPRESENTATION_CONTEXT('2D SPACE',''
  ) );
#1521 = PCURVE('',#1522,#1527);
#1522 = CYLINDRICAL_SURFACE('',#1523,1.2);
#1523 = AXIS2_PLACEMENT_3D('',#1524,#1525,#1526);
#1524 = CARTESIAN_POINT('',(1.102182119233E-15,18.,-1.));
#1525 = DIRECTION('',(-0.,-0.,-1.));
#1526 = DIRECTION('',(1.,0.,0.));
#1527 = DEFINITIONAL_REPRESENTATION('',(#1528),#1531);
#1528 = B_SPLINE_CURVE_WITH_KNOTS('',1,(#1529,#1530),.UNSPECIFIED.,.F.,
  .F.,(2,2),(-8.0000006,6.E-07),.PIECEWISE_BEZIER_KNOTS.);
#1529 = CARTESIAN_POINT('',(-3.174932162851,-9.0000006));
#1530 = CARTESIAN_POINT('',(-3.174932162851,-0.9999994));
#1531 = ( GEOMETRIC_REPRESENTATION_CONTEXT(2)
PARAMETRIC_REPRESENTATION_CONTEXT() REPRESENTATION_CONTEXT('2D SPACE',''
  ) );
#1532 = ORIENTED_EDGE('',*,*,#1533,.T.);
#1533 = EDGE_CURVE('',#1508,#1404,#1534,.T.);
#1534 = SURFACE_CURVE('',#1535,(#1540,#1547),.PCURVE_S1.);
#1535 = CIRCLE('',#1536,18.);
#1536 = AXIS2_PLACEMENT_3D('',#1537,#1538,#1539);
#1537 = CARTESIAN_POINT('',(0.,0.,8.));
#1538 = DIRECTION('',(0.,0.,1.));
#1539 = DIRECTION('',(1.,0.,0.));
#1540 = PCURVE('',#1446,#1541);
#1541 = DEFINITIONAL_REPRESENTATION('',(#1542),#1546);
#1542 = LINE('',#1543,#1544);
#1543 = CARTESIAN_POINT('',(-0.,-8.));
#1544 = VECTOR('',#1545,1.);
#1545 = DIRECTION('',(-1.,0.));
#1546 = ( GEOMETRIC_REPRESENTATION_CONTEXT(2)
PARAMETRIC_REPRESENTATION_CONTEXT() REPRESENTATION_CONTEXT('2D SPACE',''
  ) );
#1547 = PCURVE('',#100,#1548);
#1548 = DEFINITIONAL_REPRESENTATION('',(#1549),#1553);
#1549 = CIRCLE('',#1550,18.);
#1550 = AXIS2_PLACEMENT_2D('',#1551,#1552);
#1551 = CARTESIAN_POINT('',(6.077511700175E-16,-4.807142605466E-16));
#1552 = DIRECTION('',(1.,0.));
#1553 = ( GEOMETRIC_REPRESENTATION_CONTEXT(2)
PARAMETRIC_REPRESENTATION_CONTEXT() REPRESENTATION_CONTEXT('2D SPACE',''
  ) );
#1554 = ORIENTED_EDGE('',*,*,#1431,.T.);
#1555 = ADVANCED_FACE('',(#1556),#1522,.F.);
#1556 = FACE_BOUND('',#1557,.T.);
#1557 = EDGE_LOOP('',(#1558,#1586,#1612,#1613));
#1558 = ORIENTED_EDGE('',*,*,#1559,.T.);
#1559 = EDGE_CURVE('',#1560,#1562,#1564,.T.);
#1560 = VERTEX_POINT('',#1561);
#1561 = CARTESIAN_POINT('',(1.199333148045,17.96,8.));
#1562 = VERTEX_POINT('',#1563);
#1563 = CARTESIAN_POINT('',(1.199333148045,17.96,0.));
#1564 = SURFACE_CURVE('',#1565,(#1569,#1575),.PCURVE_S1.);
#1565 = LINE('',#1566,#1567);
#1566 = CARTESIAN_POINT('',(1.199333148045,17.96,0.));
#1567 = VECTOR('',#1568,1.);
#1568 = DIRECTION('',(-0.,-0.,-1.));
#1569 = PCURVE('',#1522,#1570);
#1570 = DEFINITIONAL_REPRESENTATION('',(#1571),#1574);
#1571 = B_SPLINE_CURVE_WITH_KNOTS('',1,(#1572,#1573),.UNSPECIFIED.,.F.,
  .F.,(2,2),(-8.0000006,6.E-07),.PIECEWISE_BEZIER_KNOTS.);
#1572 = CARTESIAN_POINT('',(-6.249845797918,-9.0000006));
#1573 = CARTESIAN_POINT('',(-6.249845797918,-0.9999994));
#1574 = ( GEOMETRIC_REPRESENTATION_CONTEXT(2)
PARAMETRIC_REPRESENTATION_CONTEXT() REPRESENTATION_CONTEXT('2D SPACE',''
  ) );
#1575 = PCURVE('',#1576,#1581);
#1576 = CYLINDRICAL_SURFACE('',#1577,18.);
#1577 = AXIS2_PLACEMENT_3D('',#1578,#1579,#1580);
#1578 = CARTESIAN_POINT('',(0.,0.,0.));
#1579 = DIRECTION('',(-0.,-0.,-1.));
#1580 = DIRECTION('',(1.,0.,0.));
#1581 = DEFINITIONAL_REPRESENTATION('',(#1582),#1585);
#1582 = B_SPLINE_CURVE_WITH_KNOTS('',1,(#1583,#1584),.UNSPECIFIED.,.F.,
  .F.,(2,2),(-8.0000006,6.E-07),.PIECEWISE_BEZIER_KNOTS.);
#1583 = CARTESIAN_POINT('',(-1.504117308272,-8.0000006));
#1584 = CARTESIAN_POINT('',(-1.504117308272,6.E-07));
#1585 = ( GEOMETRIC_REPRESENTATION_CONTEXT(2)
PARAMETRIC_REPRESENTATION_CONTEXT() REPRESENTATION_CONTEXT('2D SPACE',''
  ) );
#1586 = ORIENTED_EDGE('',*,*,#1587,.T.);
#1587 = EDGE_CURVE('',#1562,#1484,#1588,.T.);
#1588 = SURFACE_CURVE('',#1589,(#1594,#1601),.PCURVE_S1.);
#1589 = CIRCLE('',#1590,1.2);
#1590 = AXIS2_PLACEMENT_3D('',#1591,#1592,#1593);
#1591 = CARTESIAN_POINT('',(1.102182119233E-15,18.,0.));
#1592 = DIRECTION('',(0.,0.,-1.));
#1593 = DIRECTION('',(1.,0.,0.));
#1594 = PCURVE('',#1522,#1595);
#1595 = DEFINITIONAL_REPRESENTATION('',(#1596),#1600);
#1596 = LINE('',#1597,#1598);
#1597 = CARTESIAN_POINT('',(-6.28318530718,-1.));
#1598 = VECTOR('',#1599,1.);
#1599 = DIRECTION('',(1.,-0.));
#1600 = ( GEOMETRIC_REPRESENTATION_CONTEXT(2)
PARAMETRIC_REPRESENTATION_CONTEXT() REPRESENTATION_CONTEXT('2D SPACE',''
  ) );
#1601 = PCURVE('',#45,#1602);
#1602 = DEFINITIONAL_REPRESENTATION('',(#1603),#1611);
#1603 = ( BOUNDED_CURVE() B_SPLINE_CURVE(2,(#1604,#1605,#1606,#1607,
#1608,#1609,#1610),.UNSPECIFIED.,.T.,.F.) B_SPLINE_CURVE_WITH_KNOTS((1,2
    ,2,2,2,1),(-2.094395102393,0.,2.094395102393,4.188790204786,
6.28318530718,8.377580409573),.UNSPECIFIED.) CURVE()
GEOMETRIC_REPRESENTATION_ITEM() RATIONAL_B_SPLINE_CURVE((1.,0.5,1.,0.5,
1.,0.5,1.)) REPRESENTATION_ITEM('') );
#1604 = CARTESIAN_POINT('',(1.2,18.));
#1605 = CARTESIAN_POINT('',(1.2,15.921539030917));
#1606 = CARTESIAN_POINT('',(-0.6,16.960769515459));
#1607 = CARTESIAN_POINT('',(-2.4,18.));
#1608 = CARTESIAN_POINT('',(-0.6,19.039230484541));
#1609 = CARTESIAN_POINT('',(1.2,20.078460969083));
#1610 = CARTESIAN_POINT('',(1.2,18.));
#1611 = ( GEOMETRIC_REPRESENTATION_CONTEXT(2)
PARAMETRIC_REPRESENTATION_CONTEXT() REPRESENTATION_CONTEXT('2D SPACE',''
  ) );
#1612 = ORIENTED_EDGE('',*,*,#1507,.F.);
#1613 = ORIENTED_EDGE('',*,*,#1614,.F.);
#1614 = EDGE_CURVE('',#1560,#1508,#1615,.T.);
#1615 = SURFACE_CURVE('',#1616,(#1621,#1628),.PCURVE_S1.);
#1616 = CIRCLE('',#1617,1.2);
#1617 = AXIS2_PLACEMENT_3D('',#1618,#1619,#1620);
#1618 = CARTESIAN_POINT('',(1.102182119233E-15,18.,8.));
#1619 = DIRECTION('',(0.,0.,-1.));
#1620 = DIRECTION('',(1.,0.,0.));
#1621 = PCURVE('',#1522,#1622);
#1622 = DEFINITIONAL_REPRESENTATION('',(#1623),#1627);
#1623 = LINE('',#1624,#1625);
#1624 = CARTESIAN_POINT('',(-6.28318530718,-9.));
#1625 = VECTOR('',#1626,1.);
#1626 = DIRECTION('',(1.,-0.));
#1627 = ( GEOMETRIC_REPRESENTATION_CONTEXT(2)
PARAMETRIC_REPRESENTATION_CONTEXT() REPRESENTATION_CONTEXT('2D SPACE',''
  ) );
#1628 = PCURVE('',#100,#1629);
#1629 = DEFINITIONAL_REPRESENTATION('',(#1630),#1638);
#1630 = ( BOUNDED_CURVE() B_SPLINE_CURVE(2,(#1631,#1632,#1633,#1634,
#1635,#1636,#1637),.UNSPECIFIED.,.T.,.F.) B_SPLINE_CURVE_WITH_KNOTS((1,2
    ,2,2,2,1),(-2.094395102393,0.,2.094395102393,4.188790204786,
6.28318530718,8.377580409573),.UNSPECIFIED.) CURVE()
GEOMETRIC_REPRESENTATION_ITEM() RATIONAL_B_SPLINE_CURVE((1.,0.5,1.,0.5,
1.,0.5,1.)) REPRESENTATION_ITEM('') );
#1631 = CARTESIAN_POINT('',(1.2,18.));
#1632 = CARTESIAN_POINT('',(1.2,15.921539030917));
#1633 = CARTESIAN_POINT('',(-0.6,16.960769515459));
#1634 = CARTESIAN_POINT('',(-2.4,18.));
#1635 = CARTESIAN_POINT('',(-0.6,19.039230484541));
#1636 = CARTESIAN_POINT('',(1.2,20.078460969083));
#1637 = CARTESIAN_POINT('',(1.2,18.));
#1638 = ( GEOMETRIC_REPRESENTATION_CONTEXT(2)
PARAMETRIC_REPRESENTATION_CONTEXT() REPRESENTATION_CONTEXT('2D SPACE',''
  ) );
#1639 = ADVANCED_FACE('',(#1640),#1576,.T.);
#1640 = FACE_BOUND('',#1641,.F.);
#1641 = EDGE_LOOP('',(#1642,#1666,#1692,#1714));
#1642 = ORIENTED_EDGE('',*,*,#1643,.F.);
#1643 = EDGE_CURVE('',#1644,#1562,#1646,.T.);
#1644 = VERTEX_POINT('',#1645);
#1645 = CARTESIAN_POINT('',(7.941347026192,16.153482825991,0.));
#1646 = SURFACE_CURVE('',#1647,(#1652,#1659),.PCURVE_S1.);
#1647 = CIRCLE('',#1648,18.);
#1648 = AXIS2_PLACEMENT_3D('',#1649,#1650,#1651);
#1649 = CARTESIAN_POINT('',(0.,0.,0.));
#1650 = DIRECTION('',(0.,0.,1.));
#1651 = DIRECTION('',(1.,0.,0.));
#1652 = PCURVE('',#1576,#1653);
#1653 = DEFINITIONAL_REPRESENTATION('',(#1654),#1658);
#1654 = LINE('',#1655,#1656);
#1655 = CARTESIAN_POINT('',(-0.,0.));
#1656 = VECTOR('',#1657,1.);
#1657 = DIRECTION('',(-1.,0.));
#1658 = ( GEOMETRIC_REPRESENTATION_CONTEXT(2)
PARAMETRIC_REPRESENTATION_CONTEXT() REPRESENTATION_CONTEXT('2D SPACE',''
  ) );
#1659 = PCURVE('',#45,#1660);
#1660 = DEFINITIONAL_REPRESENTATION('',(#1661),#1665);
#1661 = CIRCLE('',#1662,18.);
#1662 = AXIS2_PLACEMENT_2D('',#1663,#1664);
#1663 = CARTESIAN_POINT('',(6.077511700175E-16,-4.807142605466E-16));
#1664 = DIRECTION('',(1.,0.));
#1665 = ( GEOMETRIC_REPRESENTATION_CONTEXT(2)
PARAMETRIC_REPRESENTATION_CONTEXT() REPRESENTATION_CONTEXT('2D SPACE',''
  ) );
#1666 = ORIENTED_EDGE('',*,*,#1667,.F.);
#1667 = EDGE_CURVE('',#1668,#1644,#1670,.T.);
#1668 = VERTEX_POINT('',#1669);
#1669 = CARTESIAN_POINT('',(7.941347026192,16.153482825991,8.));
#1670 = SURFACE_CURVE('',#1671,(#1675,#1681),.PCURVE_S1.);
#1671 = LINE('',#1672,#1673);
#1672 = CARTESIAN_POINT('',(7.941347026192,16.153482825991,0.));
#1673 = VECTOR('',#1674,1.);
#1674 = DIRECTION('',(-0.,-0.,-1.));
#1675 = PCURVE('',#1576,#1676);
#1676 = DEFINITIONAL_REPRESENTATION('',(#1677),#1680);
#1677 = B_SPLINE_CURVE_WITH_KNOTS('',1,(#1678,#1679),.UNSPECIFIED.,.F.,
  .F.,(2,2),(-8.0000006,6.E-07),.PIECEWISE_BEZIER_KNOTS.);
#1678 = CARTESIAN_POINT('',(-1.113876569719,-8.0000006));
#1679 = CARTESIAN_POINT('',(-1.113876569719,6.E-07));
#1680 = ( GEOMETRIC_REPRESENTATION_CONTEXT(2)
PARAMETRIC_REPRESENTATION_CONTEXT() REPRESENTATION_CONTEXT('2D SPACE',''
  ) );
#1681 = PCURVE('',#1682,#1687);
#1682 = CYLINDRICAL_SURFACE('',#1683,1.2);
#1683 = AXIS2_PLACEMENT_3D('',#1684,#1685,#1686);
#1684 = CARTESIAN_POINT('',(9.,15.58845726812,-1.));
#1685 = DIRECTION('',(-0.,-0.,-1.));
#1686 = DIRECTION('',(1.,0.,0.));
#1687 = DEFINITIONAL_REPRESENTATION('',(#1688),#1691);
#1688 = B_SPLINE_CURVE_WITH_KNOTS('',1,(#1689,#1690),.UNSPECIFIED.,.F.,
  .F.,(2,2),(-8.0000006,6.E-07),.PIECEWISE_BEZIER_KNOTS.);
#1689 = CARTESIAN_POINT('',(-2.651333387253,-9.0000006));
#1690 = CARTESIAN_POINT('',(-2.651333387253,-0.9999994));
#1691 = ( GEOMETRIC_REPRESENTATION_CONTEXT(2)
PARAMETRIC_REPRESENTATION_CONTEXT() REPRESENTATION_CONTEXT('2D SPACE',''
  ) );
#1692 = ORIENTED_EDGE('',*,*,#1693,.T.);
#1693 = EDGE_CURVE('',#1668,#1560,#1694,.T.);
#1694 = SURFACE_CURVE('',#1695,(#1700,#1707),.PCURVE_S1.);
#1695 = CIRCLE('',#1696,18.);
#1696 = AXIS2_PLACEMENT_3D('',#1697,#1698,#1699);
#1697 = CARTESIAN_POINT('',(0.,0.,8.));
#1698 = DIRECTION('',(0.,0.,1.));
#1699 = DIRECTION('',(1.,0.,0.));
#1700 = PCURVE('',#1576,#1701);
#1701 = DEFINITIONAL_REPRESENTATION('',(#1702),#1706);
#1702 = LINE('',#1703,#1704);
#1703 = CARTESIAN_POINT('',(-0.,-8.));
#1704 = VECTOR('',#1705,1.);
#1705 = DIRECTION('',(-1.,0.));
#1706 = ( GEOMETRIC_REPRESENTATION_CONTEXT(2)
PARAMETRIC_REPRESENTATION_CONTEXT() REPRESENTATION_CONTEXT('2D SPACE',''
  ) );
#1707 = PCURVE('',#100,#1708);
#1708 = DEFINITIONAL_REPRESENTATION('',(#1709),#1713);
#1709 = CIRCLE('',#1710,18.);
#1710 = AXIS2_PLACEMENT_2D('',#1711,#1712);
#1711 = CARTESIAN_POINT('',(6.077511700175E-16,-4.807142605466E-16));
#1712 = DIRECTION('',(1.,0.));
#1713 = ( GEOMETRIC_REPRESENTATION_CONTEXT(2)
PARAMETRIC_REPRESENTATION_CONTEXT() REPRESENTATION_CONTEXT('2D SPACE',''
  ) );
#1714 = ORIENTED_EDGE('',*,*,#1559,.T.);
#1715 = ADVANCED_FACE('',(#1716),#1682,.F.);
#1716 = FACE_BOUND('',#1717,.T.);
#1717 = EDGE_LOOP('',(#1718,#1746,#1772,#1773));
#1718 = ORIENTED_EDGE('',*,*,#1719,.T.);
#1719 = EDGE_CURVE('',#1720,#1722,#1724,.T.);
#1720 = VERTEX_POINT('',#1721);
#1721 = CARTESIAN_POINT('',(10.018652973808,14.954149677946,8.));
#1722 = VERTEX_POINT('',#1723);
#1723 = CARTESIAN_POINT('',(10.018652973808,14.954149677946,0.));
#1724 = SURFACE_CURVE('',#1725,(#1729,#1735),.PCURVE_S1.);
#1725 = LINE('',#1726,#1727);
#1726 = CARTESIAN_POINT('',(10.018652973808,14.954149677946,0.));
#1727 = VECTOR('',#1728,1.);
#1728 = DIRECTION('',(-0.,-0.,-1.));
#1729 = PCURVE('',#1682,#1730);
#1730 = DEFINITIONAL_REPRESENTATION('',(#1731),#1734);
#1731 = B_SPLINE_CURVE_WITH_KNOTS('',1,(#1732,#1733),.UNSPECIFIED.,.F.,
  .F.,(2,2),(-8.0000006,6.E-07),.PIECEWISE_BEZIER_KNOTS.);
#1732 = CARTESIAN_POINT('',(-5.72624702232,-9.0000006));
#1733 = CARTESIAN_POINT('',(-5.72624702232,-0.9999994));
#1734 = ( GEOMETRIC_REPRESENTATION_CONTEXT(2)
PARAMETRIC_REPRESENTATION_CONTEXT() REPRESENTATION_CONTEXT('2D SPACE',''
  ) );
#1735 = PCURVE('',#1736,#1741);
#1736 = CYLINDRICAL_SURFACE('',#1737,18.);
#1737 = AXIS2_PLACEMENT_3D('',#1738,#1739,#1740);
#1738 = CARTESIAN_POINT('',(0.,0.,0.));
#1739 = DIRECTION('',(-0.,-0.,-1.));
#1740 = DIRECTION('',(1.,0.,0.));
#1741 = DEFINITIONAL_REPRESENTATION('',(#1742),#1745);
#1742 = B_SPLINE_CURVE_WITH_KNOTS('',1,(#1743,#1744),.UNSPECIFIED.,.F.,
  .F.,(2,2),(-8.0000006,6.E-07),.PIECEWISE_BEZIER_KNOTS.);
#1743 = CARTESIAN_POINT('',(-0.980518532674,-8.0000006));
#1744 = CARTESIAN_POINT('',(-0.980518532674,6.E-07));
#1745 = ( GEOMETRIC_REPRESENTATION_CONTEXT(2)
PARAMETRIC_REPRESENTATION_CONTEXT() REPRESENTATION_CONTEXT('2D SPACE',''
  ) );
#1746 = ORIENTED_EDGE('',*,*,#1747,.T.);
#1747 = EDGE_CURVE('',#1722,#1644,#1748,.T.);
#1748 = SURFACE_CURVE('',#1749,(#1754,#1761),.PCURVE_S1.);
#1749 = CIRCLE('',#1750,1.2);
#1750 = AXIS2_PLACEMENT_3D('',#1751,#1752,#1753);
#1751 = CARTESIAN_POINT('',(9.,15.58845726812,0.));
#1752 = DIRECTION('',(0.,0.,-1.));
#1753 = DIRECTION('',(1.,0.,0.));
#1754 = PCURVE('',#1682,#1755);
#1755 = DEFINITIONAL_REPRESENTATION('',(#1756),#1760);
#1756 = LINE('',#1757,#1758);
#1757 = CARTESIAN_POINT('',(-6.28318530718,-1.));
#1758 = VECTOR('',#1759,1.);
#1759 = DIRECTION('',(1.,-0.));
#1760 = ( GEOMETRIC_REPRESENTATION_CONTEXT(2)
PARAMETRIC_REPRESENTATION_CONTEXT() REPRESENTATION_CONTEXT('2D SPACE',''
  ) );
#1761 = PCURVE('',#45,#1762);
#1762 = DEFINITIONAL_REPRESENTATION('',(#1763),#1771);
#1763 = ( BOUNDED_CURVE() B_SPLINE_CURVE(2,(#1764,#1765,#1766,#1767,
#1768,#1769,#1770),.UNSPECIFIED.,.T.,.F.) B_SPLINE_CURVE_WITH_KNOTS((1,2
    ,2,2,2,1),(-2.094395102393,0.,2.094395102393,4.188790204786,
6.28318530718,8.377580409573),.UNSPECIFIED.) CURVE()
GEOMETRIC_REPRESENTATION_ITEM() RATIONAL_B_SPLINE_CURVE((1.,0.5,1.,0.5,
1.,0.5,1.)) REPRESENTATION_ITEM('') );
#1764 = CARTESIAN_POINT('',(10.2,15.58845726812));
#1765 = CARTESIAN_POINT('',(10.2,13.509996299037));
#1766 = CARTESIAN_POINT('',(8.4,14.549226783579));
#1767 = CARTESIAN_POINT('',(6.6,15.58845726812));
#1768 = CARTESIAN_POINT('',(8.4,16.627687752661));
#1769 = CARTESIAN_POINT('',(10.2,17.666918237203));
#1770 = CARTESIAN_POINT('',(10.2,15.58845726812));
#1771 = ( GEOMETRIC_REPRESENTATION_CONTEXT(2)
PARAMETRIC_REPRESENTATION_CONTEXT() REPRESENTATION_CONTEXT('2D SPACE',''
  ) );
#1772 = ORIENTED_EDGE('',*,*,#1667,.F.);
#1773 = ORIENTED_EDGE('',*,*,#1774,.F.);
#1774 = EDGE_CURVE('',#1720,#1668,#1775,.T.);
#1775 = SURFACE_CURVE('',#1776,(#1781,#1788),.PCURVE_S1.);
#1776 = CIRCLE('',#1777,1.2);
#1777 = AXIS2_PLACEMENT_3D('',#1778,#1779,#1780);
#1778 = CARTESIAN_POINT('',(9.,15.58845726812,8.));
#1779 = DIRECTION('',(0.,0.,-1.));
#1780 = DIRECTION('',(1.,0.,0.));
#1781 = PCURVE('',#1682,#1782);
#1782 = DEFINITIONAL_REPRESENTATION('',(#1783),#1787);
#1783 = LINE('',#1784,#1785);
#1784 = CARTESIAN_POINT('',(-6.28318530718,-9.));
#1785 = VECTOR('',#1786,1.);
#1786 = DIRECTION('',(1.,-0.));
#1787 = ( GEOMETRIC_REPRESENTATION_CONTEXT(2)
PARAMETRIC_REPRESENTATION_CONTEXT() REPRESENTATION_CONTEXT('2D SPACE',''
  ) );
#1788 = PCURVE('',#100,#1789);
#1789 = DEFINITIONAL_REPRESENTATION('',(#1790),#1798);
#1790 = ( BOUNDED_CURVE() B_SPLINE_CURVE(2,(#1791,#1792,#1793,#1794,
#1795,#1796,#1797),.UNSPECIFIED.,.T.,.F.) B_SPLINE_CURVE_WITH_KNOTS((1,2
    ,2,2,2,1),(-2.094395102393,0.,2.094395102393,4.188790204786,
6.28318530718,8.377580409573),.UNSPECIFIED.) CURVE()
GEOMETRIC_REPRESENTATION_ITEM() RATIONAL_B_SPLINE_CURVE((1.,0.5,1.,0.5,
1.,0.5,1.)) REPRESENTATION_ITEM('') );
#1791 = CARTESIAN_POINT('',(10.2,15.58845726812));
#1792 = CARTESIAN_POINT('',(10.2,13.509996299037));
#1793 = CARTESIAN_POINT('',(8.4,14.549226783579));
#1794 = CARTESIAN_POINT('',(6.6,15.58845726812));
#1795 = CARTESIAN_POINT('',(8.4,16.627687752661));
#1796 = CARTESIAN_POINT('',(10.2,17.666918237203));
#1797 = CARTESIAN_POINT('',(10.2,15.58845726812));
#1798 = ( GEOMETRIC_REPRESENTATION_CONTEXT(2)
PARAMETRIC_REPRESENTATION_CONTEXT() REPRESENTATION_CONTEXT('2D SPACE',''
  ) );
#1799 = ADVANCED_FACE('',(#1800),#1736,.T.);
#1800 = FACE_BOUND('',#1801,.F.);
#1801 = EDGE_LOOP('',(#1802,#1826,#1847,#1869));
#1802 = ORIENTED_EDGE('',*,*,#1803,.F.);
#1803 = EDGE_CURVE('',#1804,#1722,#1806,.T.);
#1804 = VERTEX_POINT('',#1805);
#1805 = CARTESIAN_POINT('',(14.954149677946,10.018652973808,0.));
#1806 = SURFACE_CURVE('',#1807,(#1812,#1819),.PCURVE_S1.);
#1807 = CIRCLE('',#1808,18.);
#1808 = AXIS2_PLACEMENT_3D('',#1809,#1810,#1811);
#1809 = CARTESIAN_POINT('',(0.,0.,0.));
#1810 = DIRECTION('',(0.,0.,1.));
#1811 = DIRECTION('',(1.,0.,0.));
#1812 = PCURVE('',#1736,#1813);
#1813 = DEFINITIONAL_REPRESENTATION('',(#1814),#1818);
#1814 = LINE('',#1815,#1816);
#1815 = CARTESIAN_POINT('',(-0.,0.));
#1816 = VECTOR('',#1817,1.);
#1817 = DIRECTION('',(-1.,0.));
#1818 = ( GEOMETRIC_REPRESENTATION_CONTEXT(2)
PARAMETRIC_REPRESENTATION_CONTEXT() REPRESENTATION_CONTEXT('2D SPACE',''
  ) );
#1819 = PCURVE('',#45,#1820);
#1820 = DEFINITIONAL_REPRESENTATION('',(#1821),#1825);
#1821 = CIRCLE('',#1822,18.);
#1822 = AXIS2_PLACEMENT_2D('',#1823,#1824);
#1823 = CARTESIAN_POINT('',(6.077511700175E-16,-4.807142605466E-16));
#1824 = DIRECTION('',(1.,0.));
#1825 = ( GEOMETRIC_REPRESENTATION_CONTEXT(2)
PARAMETRIC_REPRESENTATION_CONTEXT() REPRESENTATION_CONTEXT('2D SPACE',''
  ) );
#1826 = ORIENTED_EDGE('',*,*,#1827,.F.);
#1827 = EDGE_CURVE('',#1828,#1804,#1830,.T.);
#1828 = VERTEX_POINT('',#1829);
#1829 = CARTESIAN_POINT('',(14.954149677946,10.018652973808,8.));
#1830 = SURFACE_CURVE('',#1831,(#1835,#1841),.PCURVE_S1.);
#1831 = LINE('',#1832,#1833);
#1832 = CARTESIAN_POINT('',(14.954149677946,10.018652973808,0.));
#1833 = VECTOR('',#1834,1.);
#1834 = DIRECTION('',(-0.,-0.,-1.));
#1835 = PCURVE('',#1736,#1836);
#1836 = DEFINITIONAL_REPRESENTATION('',(#1837),#1840);
#1837 = B_SPLINE_CURVE_WITH_KNOTS('',1,(#1838,#1839),.UNSPECIFIED.,.F.,
  .F.,(2,2),(-8.0000006,6.E-07),.PIECEWISE_BEZIER_KNOTS.);
#1838 = CARTESIAN_POINT('',(-0.590277794121,-8.0000006));
#1839 = CARTESIAN_POINT('',(-0.590277794121,6.E-07));
#1840 = ( GEOMETRIC_REPRESENTATION_CONTEXT(2)
PARAMETRIC_REPRESENTATION_CONTEXT() REPRESENTATION_CONTEXT('2D SPACE',''
  ) );
#1841 = PCURVE('',#125,#1842);
#1842 = DEFINITIONAL_REPRESENTATION('',(#1843),#1846);
#1843 = B_SPLINE_CURVE_WITH_KNOTS('',1,(#1844,#1845),.UNSPECIFIED.,.F.,
  .F.,(2,2),(-8.0000006,6.E-07),.PIECEWISE_BEZIER_KNOTS.);
#1844 = CARTESIAN_POINT('',(-2.127734611654,-9.0000006));
#1845 = CARTESIAN_POINT('',(-2.127734611654,-0.9999994));
#1846 = ( GEOMETRIC_REPRESENTATION_CONTEXT(2)
PARAMETRIC_REPRESENTATION_CONTEXT() REPRESENTATION_CONTEXT('2D SPACE',''
  ) );
#1847 = ORIENTED_EDGE('',*,*,#1848,.T.);
#1848 = EDGE_CURVE('',#1828,#1720,#1849,.T.);
#1849 = SURFACE_CURVE('',#1850,(#1855,#1862),.PCURVE_S1.);
#1850 = CIRCLE('',#1851,18.);
#1851 = AXIS2_PLACEMENT_3D('',#1852,#1853,#1854);
#1852 = CARTESIAN_POINT('',(0.,0.,8.));
#1853 = DIRECTION('',(0.,0.,1.));
#1854 = DIRECTION('',(1.,0.,0.));
#1855 = PCURVE('',#1736,#1856);
#1856 = DEFINITIONAL_REPRESENTATION('',(#1857),#1861);
#1857 = LINE('',#1858,#1859);
#1858 = CARTESIAN_POINT('',(-0.,-8.));
#1859 = VECTOR('',#1860,1.);
#1860 = DIRECTION('',(-1.,0.));
#1861 = ( GEOMETRIC_REPRESENTATION_CONTEXT(2)
PARAMETRIC_REPRESENTATION_CONTEXT() REPRESENTATION_CONTEXT('2D SPACE',''
  ) );
#1862 = PCURVE('',#100,#1863);
#1863 = DEFINITIONAL_REPRESENTATION('',(#1864),#1868);
#1864 = CIRCLE('',#1865,18.);
#1865 = AXIS2_PLACEMENT_2D('',#1866,#1867);
#1866 = CARTESIAN_POINT('',(6.077511700175E-16,-4.807142605466E-16));
#1867 = DIRECTION('',(1.,0.));
#1868 = ( GEOMETRIC_REPRESENTATION_CONTEXT(2)
PARAMETRIC_REPRESENTATION_CONTEXT() REPRESENTATION_CONTEXT('2D SPACE',''
  ) );
#1869 = ORIENTED_EDGE('',*,*,#1719,.T.);
#1870 = ADVANCED_FACE('',(#1871,#1922),#100,.T.);
#1871 = FACE_BOUND('',#1872,.T.);
#1872 = EDGE_LOOP('',(#1873,#1874,#1875,#1876,#1877,#1878,#1879,#1880,
    #1881,#1882,#1883,#1884,#1885,#1886,#1887,#1888,#1889,#1890,#1891,
    #1892,#1893,#1894,#1920,#1921));
#1873 = ORIENTED_EDGE('',*,*,#1693,.T.);
#1874 = ORIENTED_EDGE('',*,*,#1614,.T.);
#1875 = ORIENTED_EDGE('',*,*,#1533,.T.);
#1876 = ORIENTED_EDGE('',*,*,#1403,.T.);
#1877 = ORIENTED_EDGE('',*,*,#1377,.T.);
#1878 = ORIENTED_EDGE('',*,*,#1247,.T.);
#1879 = ORIENTED_EDGE('',*,*,#1221,.T.);
#1880 = ORIENTED_EDGE('',*,*,#1091,.T.);
#1881 = ORIENTED_EDGE('',*,*,#1065,.T.);
#1882 = ORIENTED_EDGE('',*,*,#935,.T.);
#1883 = ORIENTED_EDGE('',*,*,#909,.T.);
#1884 = ORIENTED_EDGE('',*,*,#779,.T.);
#1885 = ORIENTED_EDGE('',*,*,#753,.T.);
#1886 = ORIENTED_EDGE('',*,*,#620,.T.);
#1887 = ORIENTED_EDGE('',*,*,#593,.T.);
#1888 = ORIENTED_EDGE('',*,*,#514,.T.);
#1889 = ORIENTED_EDGE('',*,*,#433,.T.);
#1890 = ORIENTED_EDGE('',*,*,#354,.T.);
#1891 = ORIENTED_EDGE('',*,*,#273,.T.);
#1892 = ORIENTED_EDGE('',*,*,#140,.T.);
#1893 = ORIENTED_EDGE('',*,*,#83,.T.);
#1894 = ORIENTED_EDGE('',*,*,#1895,.T.);
#1895 = EDGE_CURVE('',#84,#1828,#1896,.T.);
#1896 = SURFACE_CURVE('',#1897,(#1902,#1913),.PCURVE_S1.);
#1897 = CIRCLE('',#1898,1.2);
#1898 = AXIS2_PLACEMENT_3D('',#1899,#1900,#1901);
#1899 = CARTESIAN_POINT('',(15.58845726812,9.,8.));
#1900 = DIRECTION('',(0.,0.,-1.));
#1901 = DIRECTION('',(1.,0.,0.));
#1902 = PCURVE('',#100,#1903);
#1903 = DEFINITIONAL_REPRESENTATION('',(#1904),#1912);
#1904 = ( BOUNDED_CURVE() B_SPLINE_CURVE(2,(#1905,#1906,#1907,#1908,
#1909,#1910,#1911),.UNSPECIFIED.,.T.,.F.) B_SPLINE_CURVE_WITH_KNOTS((1,2
    ,2,2,2,1),(-2.094395102393,0.,2.094395102393,4.188790204786,
6.28318530718,8.377580409573),.UNSPECIFIED.) CURVE()
GEOMETRIC_REPRESENTATION_ITEM() RATIONAL_B_SPLINE_CURVE((1.,0.5,1.,0.5,
1.,0.5,1.)) REPRESENTATION_ITEM('') );
#1905 = CARTESIAN_POINT('',(16.78845726812,9.));
#1906 = CARTESIAN_POINT('',(16.78845726812,6.921539030917));
#1907 = CARTESIAN_POINT('',(14.98845726812,7.960769515459));
#1908 = CARTESIAN_POINT('',(13.18845726812,9.));
#1909 = CARTESIAN_POINT('',(14.98845726812,10.039230484541));
#1910 = CARTESIAN_POINT('',(16.78845726812,11.078460969083));
#1911 = CARTESIAN_POINT('',(16.78845726812,9.));
#1912 = ( GEOMETRIC_REPRESENTATION_CONTEXT(2)
PARAMETRIC_REPRESENTATION_CONTEXT() REPRESENTATION_CONTEXT('2D SPACE',''
  ) );
#1913 = PCURVE('',#125,#1914);
#1914 = DEFINITIONAL_REPRESENTATION('',(#1915),#1919);
#1915 = LINE('',#1916,#1917);
#1916 = CARTESIAN_POINT('',(-6.28318530718,-9.));
#1917 = VECTOR('',#1918,1.);
#1918 = DIRECTION('',(1.,-0.));
#1919 = ( GEOMETRIC_REPRESENTATION_CONTEXT(2)
PARAMETRIC_REPRESENTATION_CONTEXT() REPRESENTATION_CONTEXT('2D SPACE',''
  ) );
#1920 = ORIENTED_EDGE('',*,*,#1848,.T.);
#1921 = ORIENTED_EDGE('',*,*,#1774,.T.);
#1922 = FACE_BOUND('',#1923,.T.);
#1923 = EDGE_LOOP('',(#1924));
#1924 = ORIENTED_EDGE('',*,*,#1925,.F.);
#1925 = EDGE_CURVE('',#1926,#1926,#1928,.T.);
#1926 = VERTEX_POINT('',#1927);
#1927 = CARTESIAN_POINT('',(14.4,0.,8.));
#1928 = SURFACE_CURVE('',#1929,(#1934,#1941),.PCURVE_S1.);
#1929 = CIRCLE('',#1930,14.4);
#1930 = AXIS2_PLACEMENT_3D('',#1931,#1932,#1933);
#1931 = CARTESIAN_POINT('',(0.,0.,8.));
#1932 = DIRECTION('',(0.,0.,1.));
#1933 = DIRECTION('',(1.,0.,0.));
#1934 = PCURVE('',#100,#1935);
#1935 = DEFINITIONAL_REPRESENTATION('',(#1936),#1940);
#1936 = CIRCLE('',#1937,14.4);
#1937 = AXIS2_PLACEMENT_2D('',#1938,#1939);
#1938 = CARTESIAN_POINT('',(6.077511700175E-16,-4.807142605466E-16));
#1939 = DIRECTION('',(1.,0.));
#1940 = ( GEOMETRIC_REPRESENTATION_CONTEXT(2)
PARAMETRIC_REPRESENTATION_CONTEXT() REPRESENTATION_CONTEXT('2D SPACE',''
  ) );
#1941 = PCURVE('',#1942,#1947);
#1942 = CONICAL_SURFACE('',#1943,13.1,1.076854957875);
#1943 = AXIS2_PLACEMENT_3D('',#1944,#1945,#1946);
#1944 = CARTESIAN_POINT('',(0.,0.,7.3));
#1945 = DIRECTION('',(0.,0.,1.));
#1946 = DIRECTION('',(1.,0.,0.));
#1947 = DEFINITIONAL_REPRESENTATION('',(#1948),#1952);
#1948 = LINE('',#1949,#1950);
#1949 = CARTESIAN_POINT('',(0.,0.7));
#1950 = VECTOR('',#1951,1.);
#1951 = DIRECTION('',(1.,0.));
#1952 = ( GEOMETRIC_REPRESENTATION_CONTEXT(2)
PARAMETRIC_REPRESENTATION_CONTEXT() REPRESENTATION_CONTEXT('2D SPACE',''
  ) );
#1953 = ADVANCED_FACE('',(#1954),#1942,.F.);
#1954 = FACE_BOUND('',#1955,.F.);
#1955 = EDGE_LOOP('',(#1956,#3071,#3466,#4684,#5029,#5047,#5048,#5049));
#1956 = ORIENTED_EDGE('',*,*,#1957,.F.);
#1957 = EDGE_CURVE('',#1958,#1960,#1962,.T.);
#1958 = VERTEX_POINT('',#1959);
#1959 = CARTESIAN_POINT('',(1.027820448472,13.059614835906,
    7.299999999993));
#1960 = VERTEX_POINT('',#1961);
#1961 = CARTESIAN_POINT('',(12.237632307342,7.398010649754,
    7.946157725779));
#1962 = SURFACE_CURVE('',#1963,(#2120,#2280),.PCURVE_S1.);
#1963 = B_SPLINE_CURVE_WITH_KNOTS('',8,(#1964,#1965,#1966,#1967,#1968,
    #1969,#1970,#1971,#1972,#1973,#1974,#1975,#1976,#1977,#1978,#1979,
    #1980,#1981,#1982,#1983,#1984,#1985,#1986,#1987,#1988,#1989,#1990,
    #1991,#1992,#1993,#1994,#1995,#1996,#1997,#1998,#1999,#2000,#2001,
    #2002,#2003,#2004,#2005,#2006,#2007,#2008,#2009,#2010,#2011,#2012,
    #2013,#2014,#2015,#2016,#2017,#2018,#2019,#2020,#2021,#2022,#2023,
    #2024,#2025,#2026,#2027,#2028,#2029,#2030,#2031,#2032,#2033,#2034,
    #2035,#2036,#2037,#2038,#2039,#2040,#2041,#2042,#2043,#2044,#2045,
    #2046,#2047,#2048,#2049,#2050,#2051,#2052,#2053,#2054,#2055,#2056,
    #2057,#2058,#2059,#2060,#2061,#2062,#2063,#2064,#2065,#2066,#2067,
    #2068,#2069,#2070,#2071,#2072,#2073,#2074,#2075,#2076,#2077,#2078,
    #2079,#2080,#2081,#2082,#2083,#2084,#2085,#2086,#2087,#2088,#2089,
    #2090,#2091,#2092,#2093,#2094,#2095,#2096,#2097,#2098,#2099,#2100,
    #2101,#2102,#2103,#2104,#2105,#2106,#2107,#2108,#2109,#2110,#2111,
    #2112,#2113,#2114,#2115,#2116,#2117,#2118,#2119),.UNSPECIFIED.,.F.,
  .F.,(9,7,7,7,7,7,7,7,7,7,7,7,7,7,7,7,7,7,7,7,7,7,9),(0.,
    6.1987310606E-02,9.303255312713E-02,0.124044344795,0.161031538388,
    0.212039308333,0.242043125847,0.288052988179,0.324050910007,
    0.372057414222,0.406055017177,0.454059797709,0.489055469081,
    0.538058172123,0.573052389022,0.621053079726,0.657046166447,
    0.742037273043,0.783032249886,0.827026245038,0.872042783412,
    0.917007451933,1.),.UNSPECIFIED.);
#1964 = CARTESIAN_POINT('',(1.027893130115,13.059610856111,7.3));
#1965 = CARTESIAN_POINT('',(1.127087007058,13.061816982977,
    7.305375238142));
#1966 = CARTESIAN_POINT('',(1.227089315083,13.062989718334,
    7.310687649652));
#1967 = CARTESIAN_POINT('',(1.327724395071,13.063141367655,
    7.315949486842));
#1968 = CARTESIAN_POINT('',(1.428830666326,13.062289304038,
    7.321171951675));
#1969 = CARTESIAN_POINT('',(1.530261131071,13.060454851106,
    7.326365179673));
#1970 = CARTESIAN_POINT('',(1.631883878944,13.057662165904,
    7.331538223817));
#1971 = CARTESIAN_POINT('',(1.73358259149,13.053937121805,7.336699038456
    ));
#1972 = CARTESIAN_POINT('',(1.886178889977,13.046986872238,
    7.344436466036));
#1973 = CARTESIAN_POINT('',(1.937095309492,13.044440093167,7.34701705311
    ));
#1974 = CARTESIAN_POINT('',(1.987988472802,13.041670703446,7.34959746753
    ));
#1975 = CARTESIAN_POINT('',(2.038861975558,13.038677554831,7.35217734955
    ));
#1976 = CARTESIAN_POINT('',(2.089681461355,13.035470836844,
    7.354759180004));
#1977 = CARTESIAN_POINT('',(2.140452752101,13.032049583215,
    7.357342432764));
#1978 = CARTESIAN_POINT('',(2.191174450173,13.028414430521,
    7.359927129029));
#1979 = CARTESIAN_POINT('',(2.292455936769,13.02072393002,7.365097059521
    ));
#1980 = CARTESIAN_POINT('',(2.343016266987,13.016668857265,
    7.367682258036));
#1981 = CARTESIAN_POINT('',(2.393521463235,13.012403034513,
    7.370269150355));
#1982 = CARTESIAN_POINT('',(2.443970640161,13.007927195703,
    7.372857720212));
#1983 = CARTESIAN_POINT('',(2.494364045036,13.003241663488,7.37544786792
    ));
#1984 = CARTESIAN_POINT('',(2.544703057752,12.998346349237,
    7.378039410372));
#1985 = CARTESIAN_POINT('',(2.594990190824,12.993240753029,
    7.380632081046));
#1986 = CARTESIAN_POINT('',(2.705148099781,12.981582726758,
    7.386318688868));
#1987 = CARTESIAN_POINT('',(2.764998522613,12.974940990164,
    7.389412950856));
#1988 = CARTESIAN_POINT('',(2.82478645548,12.967997089595,7.392507730304
    ));
#1989 = CARTESIAN_POINT('',(2.884520397993,12.960748292536,
    7.395602261718));
#1990 = CARTESIAN_POINT('',(2.944211131312,12.953190730713,
    7.398695607796));
#1991 = CARTESIAN_POINT('',(3.003871597667,12.945319332555,
    7.401786667472));
#1992 = CARTESIAN_POINT('',(3.063516779886,12.937127755663,7.40487418395
    ));
#1993 = CARTESIAN_POINT('',(3.205420438218,12.916859456792,
    7.412207817616));
#1994 = CARTESIAN_POINT('',(3.287676578734,12.904488513781,
    7.416449748021));
#1995 = CARTESIAN_POINT('',(3.369892121693,12.891507840284,
    7.420685170093));
#1996 = CARTESIAN_POINT('',(3.452034693861,12.877928488908,7.42491615432
    ));
#1997 = CARTESIAN_POINT('',(3.534079500393,12.863759666431,
    7.429144207471));
#1998 = CARTESIAN_POINT('',(3.616009395678,12.849008185416,
    7.433370264536));
#1999 = CARTESIAN_POINT('',(3.697814954183,12.833677915821,
    7.437594680659));
#2000 = CARTESIAN_POINT('',(3.827540151395,12.808411424871,
    7.444301009216));
#2001 = CARTESIAN_POINT('',(3.875542148108,12.79885344971,7.446784147199
    ));
#2002 = CARTESIAN_POINT('',(3.923500208225,12.789095457724,
    7.449266589238));
#2003 = CARTESIAN_POINT('',(3.971414908506,12.779137108692,
    7.451748217633));
#2004 = CARTESIAN_POINT('',(4.019287725681,12.768977575571,
    7.454228844778));
#2005 = CARTESIAN_POINT('',(4.067121036454,12.758615544496,
    7.456708213154));
#2006 = CARTESIAN_POINT('',(4.114918117502,12.748049214777,
    7.459185995333));
#2007 = CARTESIAN_POINT('',(4.235929236916,12.720756388529,
    7.465458349361));
#2008 = CARTESIAN_POINT('',(4.309098951146,12.703751070241,7.46925031404
    ));
#2009 = CARTESIAN_POINT('',(4.382168535718,12.686270383247,
    7.473039256819));
#2010 = CARTESIAN_POINT('',(4.455119024994,12.66832297693,7.476826387275
    ));
#2011 = CARTESIAN_POINT('',(4.527936254008,12.649915789447,
    7.480612551108));
#2012 = CARTESIAN_POINT('',(4.600610872325,12.631053726312,
    7.484398225485));
#2013 = CARTESIAN_POINT('',(4.673138357902,12.611739338993,
    7.488183514391));
#2014 = CARTESIAN_POINT('',(4.802149363628,12.576507014953,
    7.494929222158));
#2015 = CARTESIAN_POINT('',(4.858689759609,12.560764496372,
    7.497889898424));
#2016 = CARTESIAN_POINT('',(4.915140446916,12.544745039736,
    7.500850039247));
#2017 = CARTESIAN_POINT('',(4.971503373274,12.528447580898,
    7.503809371544));
#2018 = CARTESIAN_POINT('',(5.027782206118,12.511869899586,
    7.506767482668));
#2019 = CARTESIAN_POINT('',(5.083982332588,12.495008619404,
    7.509723820413));
#2020 = CARTESIAN_POINT('',(5.140110859533,12.477859207833,
    7.512677693009));
#2021 = CARTESIAN_POINT('',(5.270945397867,12.437153839716,
    7.519563130845));
#2022 = CARTESIAN_POINT('',(5.345600271688,12.413370284369,
    7.523492303423));
#2023 = CARTESIAN_POINT('',(5.420114125911,12.389079150228,
    7.527417640761));
#2024 = CARTESIAN_POINT('',(5.494465331362,12.364292261666,
    7.531340578706));
#2025 = CARTESIAN_POINT('',(5.568637723657,12.339019037706,
    7.535262129509));
#2026 = CARTESIAN_POINT('',(5.642620588113,12.313266102335,7.53918287629
    ));
#2027 = CARTESIAN_POINT('',(5.716408644649,12.287036894818,
    7.543102967504));
#2028 = CARTESIAN_POINT('',(5.842119945223,12.241418699236,
    7.549797599859));
#2029 = CARTESIAN_POINT('',(5.894140182342,12.222267133154,
    7.552572613392));
#2030 = CARTESIAN_POINT('',(5.946062836583,12.202876653617,
    7.555347048098));
#2031 = CARTESIAN_POINT('',(5.997889291788,12.183246320223,
    7.558120690108));
#2032 = CARTESIAN_POINT('',(6.049622223119,12.16337418032,7.560893215586
    ));
#2033 = CARTESIAN_POINT('',(6.101265597057,12.143257269004,
    7.563664190732));
#2034 = CARTESIAN_POINT('',(6.152824671401,12.122891609122,
    7.566433071778));
#2035 = CARTESIAN_POINT('',(6.276997874665,12.07315752133,7.573104998533
    ));
#2036 = CARTESIAN_POINT('',(6.349534884163,12.043536680203,
    7.577005293822));
#2037 = CARTESIAN_POINT('',(6.421891452632,12.013425400793,
    7.580901906312));
#2038 = CARTESIAN_POINT('',(6.494047227078,11.982836996949,
    7.584796243354));
#2039 = CARTESIAN_POINT('',(6.565987028772,11.951782004848,
    7.588689298755));
#2040 = CARTESIAN_POINT('',(6.637700809391,11.920267804377,
    7.592581647332));
#2041 = CARTESIAN_POINT('',(6.709183607145,11.888298240523,
    7.596473439461));
#2042 = CARTESIAN_POINT('',(6.832378411549,11.832235296953,
    7.603200917795));
#2043 = CARTESIAN_POINT('',(6.884198555291,11.808355255388,
    7.606036995925));
#2044 = CARTESIAN_POINT('',(6.935896025727,11.784233224064,
    7.608872521424));
#2045 = CARTESIAN_POINT('',(6.987472248314,11.759868080593,
    7.611707265134));
#2046 = CARTESIAN_POINT('',(7.038929982379,11.735257476185,
    7.614540877336));
#2047 = CARTESIAN_POINT('',(7.090273321121,11.710397835654,
    7.617372887752));
#2048 = CARTESIAN_POINT('',(7.141507691609,11.685284357411,
    7.620202705548));
#2049 = CARTESIAN_POINT('',(7.264237687019,11.624381978323,
    7.626988006497));
#2050 = CARTESIAN_POINT('',(7.335635403215,11.588343009274,
    7.630940665514));
#2051 = CARTESIAN_POINT('',(7.406807251399,11.551812833108,
    7.634889512239));
#2052 = CARTESIAN_POINT('',(7.477732848328,11.51480718911,7.638836029151
    ));
#2053 = CARTESIAN_POINT('',(7.54839709968,11.477338423331,7.642781259448
    ));
#2054 = CARTESIAN_POINT('',(7.618790120245,11.439415082867,
    7.646725801126));
#2055 = CARTESIAN_POINT('',(7.688907154115,11.401041510133,
    7.650669801074));
#2056 = CARTESIAN_POINT('',(7.808624172655,11.334492067975,7.65742886279
    ));
#2057 = CARTESIAN_POINT('',(7.858359188208,11.306536910396,
    7.660244342975));
#2058 = CARTESIAN_POINT('',(7.907953727245,11.27835197968,7.6630592755)
  );
#2059 = CARTESIAN_POINT('',(7.957409184084,11.249935987371,
    7.665873428738));
#2060 = CARTESIAN_POINT('',(8.00672816166,11.221286341264,7.668686453649
    ));
#2061 = CARTESIAN_POINT('',(8.05591447152,11.192399145412,7.67149788378)
  );
#2062 = CARTESIAN_POINT('',(8.104973133823,11.163269200124,
    7.674307135264));
#2063 = CARTESIAN_POINT('',(8.221036368385,11.093591291805,
    7.680962936386));
#2064 = CARTESIAN_POINT('',(8.287932470004,11.05282479122,7.684807071646
    ));
#2065 = CARTESIAN_POINT('',(8.354576482201,11.011609502701,
    7.688647654299));
#2066 = CARTESIAN_POINT('',(8.420950861692,10.96996130889,7.692486033823
    ));
#2067 = CARTESIAN_POINT('',(8.487042620738,10.927892622563,
    7.696323162474));
#2068 = CARTESIAN_POINT('',(8.552843225981,10.885412036624,
    7.700159590293));
#2069 = CARTESIAN_POINT('',(8.618348497272,10.842523974089,
    7.703995460111));
#2070 = CARTESIAN_POINT('',(8.732455917836,10.766763313962,
    7.710706190654));
#2071 = CARTESIAN_POINT('',(8.781187245887,10.734069072608,7.71358141384
    ));
#2072 = CARTESIAN_POINT('',(8.829752612077,10.701145702917,
    7.716456058064));
#2073 = CARTESIAN_POINT('',(8.878153362714,10.667991748796,
    7.719329879904));
#2074 = CARTESIAN_POINT('',(8.926392068992,10.634604209151,
    7.722202506562));
#2075 = CARTESIAN_POINT('',(8.974472526996,10.600978537897,
    7.725073435866));
#2076 = CARTESIAN_POINT('',(9.022399757697,10.567108643951,
    7.727942036269));
#2077 = CARTESIAN_POINT('',(9.183004347071,10.452414598425,
    7.737573927208));
#2078 = CARTESIAN_POINT('',(9.295007815299,10.370438684311,
    7.744323134761));
#2079 = CARTESIAN_POINT('',(9.406072583531,10.28717706999,7.751065150996
    ));
#2080 = CARTESIAN_POINT('',(9.516122490875,10.202715563832,
    7.757806272846));
#2081 = CARTESIAN_POINT('',(9.625122147013,10.117100929688,
    7.764548928008));
#2082 = CARTESIAN_POINT('',(9.733074739649,10.030335082647,
    7.771291585996));
#2083 = CARTESIAN_POINT('',(9.840018546051,9.942370412315,7.778028764926
    ));
#2084 = CARTESIAN_POINT('',(9.997152383472,9.810050164775,7.787993630538
    ));
#2085 = CARTESIAN_POINT('',(10.048063333424,9.766692448231,
    7.791232734627));
#2086 = CARTESIAN_POINT('',(10.098744684771,9.723045167011,7.79446936059
    ));
#2087 = CARTESIAN_POINT('',(10.149188246482,9.679118340366,
    7.797704219237));
#2088 = CARTESIAN_POINT('',(10.199387879784,9.634919781797,
    7.800937815974));
#2089 = CARTESIAN_POINT('',(10.249339427699,9.590454957056,
    7.804170448879));
#2090 = CARTESIAN_POINT('',(10.299040644565,9.545726842154,
    7.807402206769));
#2091 = CARTESIAN_POINT('',(10.40155919363,9.452453365741,7.8141000765)
  );
#2092 = CARTESIAN_POINT('',(10.454338482539,9.403868135676,
    7.817566035311));
#2093 = CARTESIAN_POINT('',(10.506828471815,9.354980543705,
    7.821030696021));
#2094 = CARTESIAN_POINT('',(10.559031075147,9.305787539395,
    7.824493627091));
#2095 = CARTESIAN_POINT('',(10.610950470308,9.256282447354,
    7.827954116182));
#2096 = CARTESIAN_POINT('',(10.662592929081,9.20645484526,7.831411173188
    ));
#2097 = CARTESIAN_POINT('',(10.713966647182,9.156290441876,
    7.834863533281));
#2098 = CARTESIAN_POINT('',(10.81738455472,9.054077254413,7.841835884219
    ));
#2099 = CARTESIAN_POINT('',(10.869417594313,9.002010195876,
    7.845355451517));
#2100 = CARTESIAN_POINT('',(10.921159776725,8.949598475672,
    7.848870551197));
#2101 = CARTESIAN_POINT('',(10.972593115375,8.896868292487,
    7.852383107528));
#2102 = CARTESIAN_POINT('',(11.023702475043,8.843843087139,
    7.855894772628));
#2103 = CARTESIAN_POINT('',(11.074475493584,8.790543282235,
    7.859406919392));
#2104 = CARTESIAN_POINT('',(11.124902503628,8.73698602183,7.862920634419
    ));
#2105 = CARTESIAN_POINT('',(11.22499270777,8.629445792128,7.869948736105
    ));
#2106 = CARTESIAN_POINT('',(11.274656952747,8.575462928089,
    7.873463082178));
#2107 = CARTESIAN_POINT('',(11.323960257132,8.521253368186,
    7.876980795934));
#2108 = CARTESIAN_POINT('',(11.372904281225,8.466815817515,
    7.880501535947));
#2109 = CARTESIAN_POINT('',(11.421474453419,8.412179802443,
    7.884027217171));
#2110 = CARTESIAN_POINT('',(11.469688033497,8.357316346385,
    7.887555423479));
#2111 = CARTESIAN_POINT('',(11.517531124499,8.302253907382,7.89108798684
    ));
#2112 = CARTESIAN_POINT('',(11.652669248303,8.144919826351,
    7.901146821883));
#2113 = CARTESIAN_POINT('',(11.739108649596,8.042107007634,
    7.907678149551));
#2114 = CARTESIAN_POINT('',(11.82441675056,7.93839420227,7.914205548538)
  );
#2115 = CARTESIAN_POINT('',(11.908689858105,7.833595589727,
    7.920714307783));
#2116 = CARTESIAN_POINT('',(11.992036251733,7.727471213098,
    7.927186269728));
#2117 = CARTESIAN_POINT('',(12.074569751992,7.619729354476,
    7.933600206423));
#2118 = CARTESIAN_POINT('',(12.156401837042,7.510033036459,
    7.939932442607));
#2119 = CARTESIAN_POINT('',(12.23763230734,7.398010649759,7.946157725779
    ));
#2120 = PCURVE('',#1942,#2121);
#2121 = DEFINITIONAL_REPRESENTATION('',(#2122),#2279);
#2122 = B_SPLINE_CURVE_WITH_KNOTS('',8,(#2123,#2124,#2125,#2126,#2127,
    #2128,#2129,#2130,#2131,#2132,#2133,#2134,#2135,#2136,#2137,#2138,
    #2139,#2140,#2141,#2142,#2143,#2144,#2145,#2146,#2147,#2148,#2149,
    #2150,#2151,#2152,#2153,#2154,#2155,#2156,#2157,#2158,#2159,#2160,
    #2161,#2162,#2163,#2164,#2165,#2166,#2167,#2168,#2169,#2170,#2171,
    #2172,#2173,#2174,#2175,#2176,#2177,#2178,#2179,#2180,#2181,#2182,
    #2183,#2184,#2185,#2186,#2187,#2188,#2189,#2190,#2191,#2192,#2193,
    #2194,#2195,#2196,#2197,#2198,#2199,#2200,#2201,#2202,#2203,#2204,
    #2205,#2206,#2207,#2208,#2209,#2210,#2211,#2212,#2213,#2214,#2215,
    #2216,#2217,#2218,#2219,#2220,#2221,#2222,#2223,#2224,#2225,#2226,
    #2227,#2228,#2229,#2230,#2231,#2232,#2233,#2234,#2235,#2236,#2237,
    #2238,#2239,#2240,#2241,#2242,#2243,#2244,#2245,#2246,#2247,#2248,
    #2249,#2250,#2251,#2252,#2253,#2254,#2255,#2256,#2257,#2258,#2259,
    #2260,#2261,#2262,#2263,#2264,#2265,#2266,#2267,#2268,#2269,#2270,
    #2271,#2272,#2273,#2274,#2275,#2276,#2277,#2278),.UNSPECIFIED.,.F.,
  .F.,(9,7,7,7,7,7,7,7,7,7,7,7,7,7,7,7,7,7,7,7,7,7,9),(0.,
    6.1987310606E-02,9.303255312713E-02,0.124044344795,0.161031538388,
    0.212039308333,0.242043125847,0.288052988179,0.324050910007,
    0.372057414222,0.406055017177,0.454059797709,0.489055469081,
    0.538058172123,0.573052389022,0.621053079726,0.657046166447,
    0.742037273043,0.783032249886,0.827026245038,0.872042783412,
    0.917007451933,1.),.UNSPECIFIED.);
#2123 = CARTESIAN_POINT('',(1.492250463103,0.));
#2124 = CARTESIAN_POINT('',(1.484714971177,5.375238076482E-03));
#2125 = CARTESIAN_POINT('',(1.477124894213,1.068764965246E-02));
#2126 = CARTESIAN_POINT('',(1.469492914714,1.59494868843E-02));
#2127 = CARTESIAN_POINT('',(1.461830656296,2.117195170146E-02));
#2128 = CARTESIAN_POINT('',(1.454148653362,2.636517965891E-02));
#2129 = CARTESIAN_POINT('',(1.446456320764,3.153822378938E-02));
#2130 = CARTESIAN_POINT('',(1.438761923471,3.669903845579E-02));
#2131 = CARTESIAN_POINT('',(1.427221458353,4.44364660365E-02));
#2132 = CARTESIAN_POINT('',(1.423371577152,4.70170531099E-02));
#2133 = CARTESIAN_POINT('',(1.419524202352,4.959746753043E-02));
#2134 = CARTESIAN_POINT('',(1.41567896011,5.217734955045E-02));
#2135 = CARTESIAN_POINT('',(1.411838450681,5.475918000404E-02));
#2136 = CARTESIAN_POINT('',(1.40800213894,5.734243276437E-02));
#2137 = CARTESIAN_POINT('',(1.404170047854,5.992712902925E-02));
#2138 = CARTESIAN_POINT('',(1.396518905193,6.509705952065E-02));
#2139 = CARTESIAN_POINT('',(1.392699809693,6.76822580357E-02));
#2140 = CARTESIAN_POINT('',(1.388885205397,7.026915035549E-02));
#2141 = CARTESIAN_POINT('',(1.385075080378,7.285772021234E-02));
#2142 = CARTESIAN_POINT('',(1.381269333296,7.544786791977E-02));
#2143 = CARTESIAN_POINT('',(1.377467773401,7.803941037246E-02));
#2144 = CARTESIAN_POINT('',(1.373670120528,8.063208104632E-02));
#2145 = CARTESIAN_POINT('',(1.365350833405,8.631868886805E-02));
#2146 = CARTESIAN_POINT('',(1.360830690444,8.941295085571E-02));
#2147 = CARTESIAN_POINT('',(1.356314953062,9.250773030435E-02));
#2148 = CARTESIAN_POINT('',(1.351802805058,9.560226171751E-02));
#2149 = CARTESIAN_POINT('',(1.347293243979,9.869560779559E-02));
#2150 = CARTESIAN_POINT('',(1.342785087923,0.101786667472));
#2151 = CARTESIAN_POINT('',(1.338276982344,0.10487418395));
#2152 = CARTESIAN_POINT('',(1.327548405973,0.112207817616));
#2153 = CARTESIAN_POINT('',(1.321326912869,0.116449748021));
#2154 = CARTESIAN_POINT('',(1.315105666484,0.120685170093));
#2155 = CARTESIAN_POINT('',(1.308886838143,0.12491615432));
#2156 = CARTESIAN_POINT('',(1.302672015979,0.129144207471));
#2157 = CARTESIAN_POINT('',(1.296462189367,0.133370264536));
#2158 = CARTESIAN_POINT('',(1.290257733355,0.137594680659));
#2159 = CARTESIAN_POINT('',(1.280411813868,0.144301009216));
#2160 = CARTESIAN_POINT('',(1.276767005612,0.146784147199));
#2161 = CARTESIAN_POINT('',(1.27312391738,0.149266589238));
#2162 = CARTESIAN_POINT('',(1.269482423067,0.151748217633));
#2163 = CARTESIAN_POINT('',(1.265842321404,0.154228844778));
#2164 = CARTESIAN_POINT('',(1.262203335961,0.156708213154));
#2165 = CARTESIAN_POINT('',(1.258565115142,0.159185995333));
#2166 = CARTESIAN_POINT('',(1.249348658938,0.165458349361));
#2167 = CARTESIAN_POINT('',(1.243770960099,0.16925031404));
#2168 = CARTESIAN_POINT('',(1.238195771966,0.173039256819));
#2169 = CARTESIAN_POINT('',(1.232624362023,0.176826387275));
#2170 = CARTESIAN_POINT('',(1.227057619922,0.180612551108));
#2171 = CARTESIAN_POINT('',(1.221496048469,0.184398225485));
#2172 = CARTESIAN_POINT('',(1.215939754598,0.188183514391));
#2173 = CARTESIAN_POINT('',(1.20604511556,0.194929222158));
#2174 = CARTESIAN_POINT('',(1.201704841159,0.197889898424));
#2175 = CARTESIAN_POINT('',(1.197367474012,0.200850039247));
#2176 = CARTESIAN_POINT('',(1.193032720388,0.203809371544));
#2177 = CARTESIAN_POINT('',(1.188700135963,0.206767482668));
#2178 = CARTESIAN_POINT('',(1.184369125821,0.209723820413));
#2179 = CARTESIAN_POINT('',(1.180038944456,0.212677693009));
#2180 = CARTESIAN_POINT('',(1.169933915138,0.219563130845));
#2181 = CARTESIAN_POINT('',(1.164159201698,0.223492303423));
#2182 = CARTESIAN_POINT('',(1.158386490791,0.227417640761));
#2183 = CARTESIAN_POINT('',(1.152617288943,0.231340578706));
#2184 = CARTESIAN_POINT('',(1.146852663135,0.235262129509));
#2185 = CARTESIAN_POINT('',(1.141093230069,0.23918287629));
#2186 = CARTESIAN_POINT('',(1.135339145441,0.243102967504));
#2187 = CARTESIAN_POINT('',(1.125518686662,0.249797599859));
#2188 = CARTESIAN_POINT('',(1.121449804693,0.252572613392));
#2189 = CARTESIAN_POINT('',(1.117383336434,0.255347048098));
#2190 = CARTESIAN_POINT('',(1.113319052514,0.258120690108));
#2191 = CARTESIAN_POINT('',(1.109256605054,0.260893215586));
#2192 = CARTESIAN_POINT('',(1.105195527667,0.263664190732));
#2193 = CARTESIAN_POINT('',(1.101135235456,0.266433071778));
#2194 = CARTESIAN_POINT('',(1.091341988153,0.273104998533));
#2195 = CARTESIAN_POINT('',(1.085609095707,0.277005293822));
#2196 = CARTESIAN_POINT('',(1.079878242434,0.280901906312));
#2197 = CARTESIAN_POINT('',(1.074150904387,0.284796243354));
#2198 = CARTESIAN_POINT('',(1.068428128454,0.288689298755));
#2199 = CARTESIAN_POINT('',(1.062710521911,0.292581647332));
#2200 = CARTESIAN_POINT('',(1.056998241961,0.296473439461));
#2201 = CARTESIAN_POINT('',(1.047130373008,0.303200917795));
#2202 = CARTESIAN_POINT('',(1.042972431054,0.306036995925));
#2203 = CARTESIAN_POINT('',(1.038817043389,0.308872521424));
#2204 = CARTESIAN_POINT('',(1.034663964058,0.311707265134));
#2205 = CARTESIAN_POINT('',(1.030512817184,0.314540877336));
#2206 = CARTESIAN_POINT('',(1.026363096972,0.317372887752));
#2207 = CARTESIAN_POINT('',(1.022214167705,0.320202705548));
#2208 = CARTESIAN_POINT('',(1.012255759293,0.326988006497));
#2209 = CARTESIAN_POINT('',(1.006446270611,0.330940665514));
#2210 = CARTESIAN_POINT('',(1.000638797397,0.334889512239));
#2211 = CARTESIAN_POINT('',(0.994834894731,0.338836029151));
#2212 = CARTESIAN_POINT('',(0.989035661815,0.342781259448));
#2213 = CARTESIAN_POINT('',(0.983241730703,0.346725801126));
#2214 = CARTESIAN_POINT('',(0.977453255035,0.350669801074));
#2215 = CARTESIAN_POINT('',(0.967539840414,0.35742886279));
#2216 = CARTESIAN_POINT('',(0.963412394375,0.360244342975));
#2217 = CARTESIAN_POINT('',(0.959287438702,0.3630592755));
#2218 = CARTESIAN_POINT('',(0.955164724906,0.365873428738));
#2219 = CARTESIAN_POINT('',(0.951043877955,0.368686453649));
#2220 = CARTESIAN_POINT('',(0.94692439628,0.37149788378));
#2221 = CARTESIAN_POINT('',(0.942805651775,0.374307135264));
#2222 = CARTESIAN_POINT('',(0.93303728716,0.380962936386));
#2223 = CARTESIAN_POINT('',(0.927387785843,0.384807071646));
#2224 = CARTESIAN_POINT('',(0.921740205376,0.388647654299));
#2225 = CARTESIAN_POINT('',(0.916095962446,0.392486033823));
#2226 = CARTESIAN_POINT('',(0.910456061245,0.396323162474));
#2227 = CARTESIAN_POINT('',(0.904821083816,0.400159590293));
#2228 = CARTESIAN_POINT('',(0.8991911804,0.403995460111));
#2229 = CARTESIAN_POINT('',(0.889348090179,0.410706190654));
#2230 = CARTESIAN_POINT('',(0.885132810573,0.41358141384));
#2231 = CARTESIAN_POINT('',(0.880920099563,0.416456058064));
#2232 = CARTESIAN_POINT('',(0.876709696371,0.419329879904));
#2233 = CARTESIAN_POINT('',(0.872501200843,0.422202506562));
#2234 = CARTESIAN_POINT('',(0.868294073446,0.425073435866));
#2235 = CARTESIAN_POINT('',(0.86408763527,0.427942036269));
#2236 = CARTESIAN_POINT('',(0.849948027061,0.437573927208));
#2237 = CARTESIAN_POINT('',(0.840014369501,0.444323134761));
#2238 = CARTESIAN_POINT('',(0.830090472055,0.451065150996));
#2239 = CARTESIAN_POINT('',(0.820182947953,0.457806272846));
#2240 = CARTESIAN_POINT('',(0.810294389208,0.464548928008));
#2241 = CARTESIAN_POINT('',(0.800423200801,0.471291585996));
#2242 = CARTESIAN_POINT('',(0.79056352678,0.478028764926));
#2243 = CARTESIAN_POINT('',(0.775950193363,0.487993630538));
#2244 = CARTESIAN_POINT('',(0.77119551009,0.491232734627));
#2245 = CARTESIAN_POINT('',(0.766442176701,0.49446936059));
#2246 = CARTESIAN_POINT('',(0.761690941233,0.497704219237));
#2247 = CARTESIAN_POINT('',(0.756942337606,0.500937815974));
#2248 = CARTESIAN_POINT('',(0.752196681712,0.504170448879));
#2249 = CARTESIAN_POINT('',(0.747454067501,0.507402206769));
#2250 = CARTESIAN_POINT('',(0.737627922007,0.5141000765));
#2251 = CARTESIAN_POINT('',(0.732544833391,0.517566035311));
#2252 = CARTESIAN_POINT('',(0.727464935807,0.521030696021));
#2253 = CARTESIAN_POINT('',(0.722387768109,0.524493627091));
#2254 = CARTESIAN_POINT('',(0.71731256968,0.527954116182));
#2255 = CARTESIAN_POINT('',(0.712238280685,0.531411173188));
#2256 = CARTESIAN_POINT('',(0.707163542332,0.534863533281));
#2257 = CARTESIAN_POINT('',(0.696891851869,0.541835884219));
#2258 = CARTESIAN_POINT('',(0.691694668613,0.545355451517));
#2259 = CARTESIAN_POINT('',(0.686497431288,0.548870551197));
#2260 = CARTESIAN_POINT('',(0.681302156603,0.552383107528));
#2261 = CARTESIAN_POINT('',(0.676110584018,0.555894772628));
#2262 = CARTESIAN_POINT('',(0.670924165718,0.559406919392));
#2263 = CARTESIAN_POINT('',(0.66574405659,0.562920634419));
#2264 = CARTESIAN_POINT('',(0.655404112293,0.569948736105));
#2265 = CARTESIAN_POINT('',(0.650244224633,0.573463082178));
#2266 = CARTESIAN_POINT('',(0.645092563448,0.576980795934));
#2267 = CARTESIAN_POINT('',(0.639948768101,0.580501535948));
#2268 = CARTESIAN_POINT('',(0.634814910798,0.584027217171));
#2269 = CARTESIAN_POINT('',(0.629688411524,0.587555423479));
#2270 = CARTESIAN_POINT('',(0.624571258477,0.59108798684));
#2271 = CARTESIAN_POINT('',(0.610029127322,0.601146821883));
#2272 = CARTESIAN_POINT('',(0.600621094054,0.607678149551));
#2273 = CARTESIAN_POINT('',(0.591224780125,0.614205548538));
#2274 = CARTESIAN_POINT('',(0.581824271349,0.620714307783));
#2275 = CARTESIAN_POINT('',(0.572400015013,0.627186269728));
#2276 = CARTESIAN_POINT('',(0.562929147496,0.633600206423));
#2277 = CARTESIAN_POINT('',(0.553386090378,0.639932442607));
#2278 = CARTESIAN_POINT('',(0.54374341506,0.646157725779));
#2279 = ( GEOMETRIC_REPRESENTATION_CONTEXT(2)
PARAMETRIC_REPRESENTATION_CONTEXT() REPRESENTATION_CONTEXT('2D SPACE',''
  ) );
#2280 = PCURVE('',#2281,#2912);
#2281 = B_SPLINE_SURFACE_WITH_KNOTS('',3,11,(
    (#2282,#2283,#2284,#2285,#2286,#2287,#2288,#2289,#2290,#2291,#2292
      ,#2293,#2294,#2295,#2296,#2297,#2298,#2299,#2300,#2301,#2302,#2303
      ,#2304,#2305,#2306,#2307,#2308,#2309,#2310,#2311,#2312,#2313,#2314
      ,#2315,#2316,#2317,#2318,#2319,#2320,#2321,#2322,#2323)
    ,(#2324,#2325,#2326,#2327,#2328,#2329,#2330,#2331,#2332,#2333,#2334
      ,#2335,#2336,#2337,#2338,#2339,#2340,#2341,#2342,#2343,#2344,#2345
      ,#2346,#2347,#2348,#2349,#2350,#2351,#2352,#2353,#2354,#2355,#2356
      ,#2357,#2358,#2359,#2360,#2361,#2362,#2363,#2364,#2365)
    ,(#2366,#2367,#2368,#2369,#2370,#2371,#2372,#2373,#2374,#2375,#2376
      ,#2377,#2378,#2379,#2380,#2381,#2382,#2383,#2384,#2385,#2386,#2387
      ,#2388,#2389,#2390,#2391,#2392,#2393,#2394,#2395,#2396,#2397,#2398
      ,#2399,#2400,#2401,#2402,#2403,#2404,#2405,#2406,#2407)
    ,(#2408,#2409,#2410,#2411,#2412,#2413,#2414,#2415,#2416,#2417,#2418
      ,#2419,#2420,#2421,#2422,#2423,#2424,#2425,#2426,#2427,#2428,#2429
      ,#2430,#2431,#2432,#2433,#2434,#2435,#2436,#2437,#2438,#2439,#2440
      ,#2441,#2442,#2443,#2444,#2445,#2446,#2447,#2448,#2449)
    ,(#2450,#2451,#2452,#2453,#2454,#2455,#2456,#2457,#2458,#2459,#2460
      ,#2461,#2462,#2463,#2464,#2465,#2466,#2467,#2468,#2469,#2470,#2471
      ,#2472,#2473,#2474,#2475,#2476,#2477,#2478,#2479,#2480,#2481,#2482
      ,#2483,#2484,#2485,#2486,#2487,#2488,#2489,#2490,#2491)
    ,(#2492,#2493,#2494,#2495,#2496,#2497,#2498,#2499,#2500,#2501,#2502
      ,#2503,#2504,#2505,#2506,#2507,#2508,#2509,#2510,#2511,#2512,#2513
      ,#2514,#2515,#2516,#2517,#2518,#2519,#2520,#2521,#2522,#2523,#2524
      ,#2525,#2526,#2527,#2528,#2529,#2530,#2531,#2532,#2533)
    ,(#2534,#2535,#2536,#2537,#2538,#2539,#2540,#2541,#2542,#2543,#2544
      ,#2545,#2546,#2547,#2548,#2549,#2550,#2551,#2552,#2553,#2554,#2555
      ,#2556,#2557,#2558,#2559,#2560,#2561,#2562,#2563,#2564,#2565,#2566
      ,#2567,#2568,#2569,#2570,#2571,#2572,#2573,#2574,#2575)
    ,(#2576,#2577,#2578,#2579,#2580,#2581,#2582,#2583,#2584,#2585,#2586
      ,#2587,#2588,#2589,#2590,#2591,#2592,#2593,#2594,#2595,#2596,#2597
      ,#2598,#2599,#2600,#2601,#2602,#2603,#2604,#2605,#2606,#2607,#2608
      ,#2609,#2610,#2611,#2612,#2613,#2614,#2615,#2616,#2617)
    ,(#2618,#2619,#2620,#2621,#2622,#2623,#2624,#2625,#2626,#2627,#2628
      ,#2629,#2630,#2631,#2632,#2633,#2634,#2635,#2636,#2637,#2638,#2639
      ,#2640,#2641,#2642,#2643,#2644,#2645,#2646,#2647,#2648,#2649,#2650
      ,#2651,#2652,#2653,#2654,#2655,#2656,#2657,#2658,#2659)
    ,(#2660,#2661,#2662,#2663,#2664,#2665,#2666,#2667,#2668,#2669,#2670
      ,#2671,#2672,#2673,#2674,#2675,#2676,#2677,#2678,#2679,#2680,#2681
      ,#2682,#2683,#2684,#2685,#2686,#2687,#2688,#2689,#2690,#2691,#2692
      ,#2693,#2694,#2695,#2696,#2697,#2698,#2699,#2700,#2701)
    ,(#2702,#2703,#2704,#2705,#2706,#2707,#2708,#2709,#2710,#2711,#2712
      ,#2713,#2714,#2715,#2716,#2717,#2718,#2719,#2720,#2721,#2722,#2723
      ,#2724,#2725,#2726,#2727,#2728,#2729,#2730,#2731,#2732,#2733,#2734
      ,#2735,#2736,#2737,#2738,#2739,#2740,#2741,#2742,#2743)
    ,(#2744,#2745,#2746,#2747,#2748,#2749,#2750,#2751,#2752,#2753,#2754
      ,#2755,#2756,#2757,#2758,#2759,#2760,#2761,#2762,#2763,#2764,#2765
      ,#2766,#2767,#2768,#2769,#2770,#2771,#2772,#2773,#2774,#2775,#2776
      ,#2777,#2778,#2779,#2780,#2781,#2782,#2783,#2784,#2785)
    ,(#2786,#2787,#2788,#2789,#2790,#2791,#2792,#2793,#2794,#2795,#2796
      ,#2797,#2798,#2799,#2800,#2801,#2802,#2803,#2804,#2805,#2806,#2807
      ,#2808,#2809,#2810,#2811,#2812,#2813,#2814,#2815,#2816,#2817,#2818
      ,#2819,#2820,#2821,#2822,#2823,#2824,#2825,#2826,#2827)
    ,(#2828,#2829,#2830,#2831,#2832,#2833,#2834,#2835,#2836,#2837,#2838
      ,#2839,#2840,#2841,#2842,#2843,#2844,#2845,#2846,#2847,#2848,#2849
      ,#2850,#2851,#2852,#2853,#2854,#2855,#2856,#2857,#2858,#2859,#2860
      ,#2861,#2862,#2863,#2864,#2865,#2866,#2867,#2868,#2869)
    ,(#2870,#2871,#2872,#2873,#2874,#2875,#2876,#2877,#2878,#2879,#2880
      ,#2881,#2882,#2883,#2884,#2885,#2886,#2887,#2888,#2889,#2890,#2891
      ,#2892,#2893,#2894,#2895,#2896,#2897,#2898,#2899,#2900,#2901,#2902
      ,#2903,#2904,#2905,#2906,#2907,#2908,#2909,#2910,#2911
  )),.UNSPECIFIED.,.F.,.F.,.F.,(4,1,1,1,1,1,1,1,1,1,1,1,4),(12,10,10,10,
    12),(0.,2.331182097926,4.646035030604,6.944559011965,9.226754260528,
    11.492620999539,13.742159457105,15.975369866334,18.192252465488,
    20.392807498131,22.57703521329,24.744935865616,26.896509715561),(0.,
    4.,8.,12.,16.),.UNSPECIFIED.);
#2282 = CARTESIAN_POINT('',(11.568943019562,8.405329107782,-4.));
#2283 = CARTESIAN_POINT('',(6.767830260287,15.013493907791,
    -3.636363636364));
#2284 = CARTESIAN_POINT('',(-2.18430233932,18.605517608634,
    -3.272727272728));
#2285 = CARTESIAN_POINT('',(-13.19138574103,16.278265295723,
    -2.90909090909));
#2286 = CARTESIAN_POINT('',(-21.82225099964,6.80667214869,
    -2.545454545456));
#2287 = CARTESIAN_POINT('',(-23.0607378258,-7.408710603746,
    -2.181818181817));
#2288 = CARTESIAN_POINT('',(-14.17226238799,-19.64264749684,
    -1.818181818183));
#2289 = CARTESIAN_POINT('',(-0.269916513165,-22.85757138248,
    -1.454545454545));
#2290 = CARTESIAN_POINT('',(11.405187910187,-17.57601398333,
    -1.09090909091));
#2291 = CARTESIAN_POINT('',(17.019912217013,-7.826816103558,
    -0.727272727273));
#2292 = CARTESIAN_POINT('',(16.370055778842,1.797164307767,
    -0.363636363636));
#2293 = CARTESIAN_POINT('',(6.767830260281,15.0134939078,0.363636363636)
  );
#2294 = CARTESIAN_POINT('',(-2.184302339296,18.605517608599,
    0.727272727273));
#2295 = CARTESIAN_POINT('',(-13.19138574107,16.278265295794,
    1.090909090909));
#2296 = CARTESIAN_POINT('',(-21.82225099961,6.80667214862,1.454545454546
    ));
#2297 = CARTESIAN_POINT('',(-23.06073782578,-7.408710603739,
    1.818181818182));
#2298 = CARTESIAN_POINT('',(-14.17226238807,-19.64264749675,
    2.181818181818));
#2299 = CARTESIAN_POINT('',(-0.269916513066,-22.85757138261,
    2.545454545455));
#2300 = CARTESIAN_POINT('',(11.405187910117,-17.57601398322,
    2.90909090909));
#2301 = CARTESIAN_POINT('',(17.019912217041,-7.826816103605,
    3.272727272728));
#2302 = CARTESIAN_POINT('',(16.370055778838,1.797164307775,
    3.636363636364));
#2303 = CARTESIAN_POINT('',(6.767830260281,15.013493907796,
    4.363636363636));
#2304 = CARTESIAN_POINT('',(-2.184302339282,18.605517608596,
    4.727272727272));
#2305 = CARTESIAN_POINT('',(-13.19138574111,16.278265295813,
    5.090909090911));
#2306 = CARTESIAN_POINT('',(-21.82225099954,6.806672148575,
    5.454545454541));
#2307 = CARTESIAN_POINT('',(-23.06073782587,-7.408710603673,
    5.818181818188));
#2308 = CARTESIAN_POINT('',(-14.17226238798,-19.64264749682,
    6.181818181813));
#2309 = CARTESIAN_POINT('',(-0.269916513129,-22.85757138256,
    6.545454545458));
#2310 = CARTESIAN_POINT('',(11.405187910149,-17.57601398325,
    6.909090909089));
#2311 = CARTESIAN_POINT('',(17.019912217029,-7.826816103595,
    7.272727272728));
#2312 = CARTESIAN_POINT('',(16.370055778841,1.797164307773,
    7.636363636363));
#2313 = CARTESIAN_POINT('',(6.767830260276,15.013493907801,
    8.363636363636));
#2314 = CARTESIAN_POINT('',(-2.184302339269,18.605517608574,
    8.727272727273));
#2315 = CARTESIAN_POINT('',(-13.19138574111,16.278265295849,
    9.090909090908));
#2316 = CARTESIAN_POINT('',(-21.82225099962,6.806672148576,
    9.454545454548));
#2317 = CARTESIAN_POINT('',(-23.06073782564,-7.40871060379,
    9.818181818178));
#2318 = CARTESIAN_POINT('',(-14.17226238832,-19.64264749657,
    10.181818181822));
#2319 = CARTESIAN_POINT('',(-0.269916512793,-22.85757138286,
    10.545454545452));
#2320 = CARTESIAN_POINT('',(11.405187909925,-17.57601398303,
    10.909090909092));
#2321 = CARTESIAN_POINT('',(17.01991221713,-7.826816103705,
    11.272727272727));
#2322 = CARTESIAN_POINT('',(16.370055778813,1.797164307806,
    11.636363636364));
#2323 = CARTESIAN_POINT('',(11.568943019562,8.405329107782,12.));
#2324 = CARTESIAN_POINT('',(11.085866359476,9.015169430087,-4.));
#2325 = CARTESIAN_POINT('',(5.936413622672,15.347401487105,
    -3.636363636364));
#2326 = CARTESIAN_POINT('',(-3.190714063408,18.44467792033,
    -3.272727272727));
#2327 = CARTESIAN_POINT('',(-14.04638321448,15.524371547819,
    -2.909090909091));
#2328 = CARTESIAN_POINT('',(-22.14286115942,5.605058561418,
    -2.545454545455));
#2329 = CARTESIAN_POINT('',(-22.60582827387,-8.645475024508,
    -2.181818181818));
#2330 = CARTESIAN_POINT('',(-13.07245831069,-20.36856755057,
    -1.818181818182));
#2331 = CARTESIAN_POINT('',(0.973181593706,-22.82051487995,
    -1.454545454545));
#2332 = CARTESIAN_POINT('',(12.334770458605,-16.91627710516,
    -1.090909090909));
#2333 = CARTESIAN_POINT('',(17.406843245418,-6.883938411082,
    -0.727272727273));
#2334 = CARTESIAN_POINT('',(16.235319096286,2.682937373061,
    -0.363636363636));
#2335 = CARTESIAN_POINT('',(5.936413622665,15.347401487113,
    0.363636363636));
#2336 = CARTESIAN_POINT('',(-3.19071406338,18.444677920294,
    0.727272727273));
#2337 = CARTESIAN_POINT('',(-14.04638321453,15.52437154789,
    1.090909090909));
#2338 = CARTESIAN_POINT('',(-22.14286115937,5.605058561342,
    1.454545454546));
#2339 = CARTESIAN_POINT('',(-22.60582827387,-8.645475024491,
    1.818181818181));
#2340 = CARTESIAN_POINT('',(-13.07245831075,-20.36856755049,
    2.181818181818));
#2341 = CARTESIAN_POINT('',(0.973181593798,-22.82051488007,
    2.545454545455));
#2342 = CARTESIAN_POINT('',(12.334770458537,-16.91627710506,
    2.909090909091));
#2343 = CARTESIAN_POINT('',(17.406843245446,-6.883938411126,
    3.272727272727));
#2344 = CARTESIAN_POINT('',(16.235319096282,2.68293737307,3.636363636364
    ));
#2345 = CARTESIAN_POINT('',(5.936413622665,15.34740148711,4.363636363636
    ));
#2346 = CARTESIAN_POINT('',(-3.190714063367,18.444677920293,
    4.727272727272));
#2347 = CARTESIAN_POINT('',(-14.04638321457,15.524371547907,
    5.09090909091));
#2348 = CARTESIAN_POINT('',(-22.1428611593,5.605058561302,5.454545454543
    ));
#2349 = CARTESIAN_POINT('',(-22.60582827396,-8.645475024431,
    5.818181818184));
#2350 = CARTESIAN_POINT('',(-13.07245831067,-20.36856755056,
    6.181818181816));
#2351 = CARTESIAN_POINT('',(0.973181593738,-22.82051488002,
    6.545454545455));
#2352 = CARTESIAN_POINT('',(12.334770458568,-16.91627710509,
    6.909090909091));
#2353 = CARTESIAN_POINT('',(17.406843245435,-6.883938411117,
    7.272727272727));
#2354 = CARTESIAN_POINT('',(16.235319096285,2.682937373067,
    7.636363636364));
#2355 = CARTESIAN_POINT('',(5.93641362266,15.347401487115,8.363636363636
    ));
#2356 = CARTESIAN_POINT('',(-3.190714063353,18.444677920272,
    8.727272727273));
#2357 = CARTESIAN_POINT('',(-14.04638321457,15.52437154794,
    9.090909090908));
#2358 = CARTESIAN_POINT('',(-22.14286115939,5.605058561305,
    9.454545454548));
#2359 = CARTESIAN_POINT('',(-22.60582827373,-8.645475024544,
    9.818181818178));
#2360 = CARTESIAN_POINT('',(-13.07245831102,-20.36856755032,
    10.181818181822));
#2361 = CARTESIAN_POINT('',(0.973181594089,-22.82051488031,
    10.545454545452));
#2362 = CARTESIAN_POINT('',(12.334770458332,-16.91627710487,
    10.909090909092));
#2363 = CARTESIAN_POINT('',(17.406843245542,-6.883938411223,
    11.272727272727));
#2364 = CARTESIAN_POINT('',(16.235319096255,2.682937373099,
    11.636363636364));
#2365 = CARTESIAN_POINT('',(11.085866359476,9.015169430086,12.));
#2366 = CARTESIAN_POINT('',(10.021486980638,10.149683945643,-4.));
#2367 = CARTESIAN_POINT('',(4.224001067931,15.873943923173,
    -3.636363636364));
#2368 = CARTESIAN_POINT('',(-5.169225990792,17.956179698609,
    -3.272727272727));
#2369 = CARTESIAN_POINT('',(-15.62418418801,13.879438901319,
    -2.909090909091));
#2370 = CARTESIAN_POINT('',(-22.58110635293,3.157216363079,
    -2.545454545455));
#2371 = CARTESIAN_POINT('',(-21.49291507996,-11.0338924131,
    -2.181818181818));
#2372 = CARTESIAN_POINT('',(-10.75981762531,-21.63142401896,
    -1.818181818182));
#2373 = CARTESIAN_POINT('',(3.443976130283,-22.53915277241,
    -1.454545454545));
#2374 = CARTESIAN_POINT('',(14.076907286725,-15.44650889359,
    -1.090909090909));
#2375 = CARTESIAN_POINT('',(18.020432102505,-4.940578260756,
    -0.727272727273));
#2376 = CARTESIAN_POINT('',(15.818972893351,4.425423968107,
    -0.363636363636));
#2377 = CARTESIAN_POINT('',(4.224001067923,15.87394392318,0.363636363636
    ));
#2378 = CARTESIAN_POINT('',(-5.169225990762,17.956179698579,
    0.727272727273));
#2379 = CARTESIAN_POINT('',(-15.62418418807,13.879438901378,
    1.090909090909));
#2380 = CARTESIAN_POINT('',(-22.58110635288,3.15721636302,1.454545454546
    ));
#2381 = CARTESIAN_POINT('',(-21.49291507995,-11.03389241309,
    1.818181818181));
#2382 = CARTESIAN_POINT('',(-10.7598176254,-21.63142401888,
    2.181818181818));
#2383 = CARTESIAN_POINT('',(3.443976130395,-22.53915277253,
    2.545454545455));
#2384 = CARTESIAN_POINT('',(14.076907286643,-15.44650889349,
    2.909090909091));
#2385 = CARTESIAN_POINT('',(18.020432102539,-4.940578260798,
    3.272727272727));
#2386 = CARTESIAN_POINT('',(15.818972893345,4.425423968115,
    3.636363636364));
#2387 = CARTESIAN_POINT('',(4.224001067924,15.873943923177,
    4.363636363636));
#2388 = CARTESIAN_POINT('',(-5.169225990748,17.956179698577,
    4.727272727272));
#2389 = CARTESIAN_POINT('',(-15.62418418811,13.879438901396,
    5.09090909091));
#2390 = CARTESIAN_POINT('',(-22.58110635281,3.157216362977,
    5.454545454543));
#2391 = CARTESIAN_POINT('',(-21.49291508005,-11.03389241303,
    5.818181818185));
#2392 = CARTESIAN_POINT('',(-10.7598176253,-21.63142401895,
    6.181818181816));
#2393 = CARTESIAN_POINT('',(3.443976130325,-22.53915277247,
    6.545454545456));
#2394 = CARTESIAN_POINT('',(14.076907286679,-15.44650889352,
    6.90909090909));
#2395 = CARTESIAN_POINT('',(18.020432102526,-4.940578260789,
    7.272727272727));
#2396 = CARTESIAN_POINT('',(15.818972893349,4.425423968113,
    7.636363636364));
#2397 = CARTESIAN_POINT('',(4.224001067918,15.873943923181,
    8.363636363636));
#2398 = CARTESIAN_POINT('',(-5.169225990732,17.956179698558,
    8.727272727273));
#2399 = CARTESIAN_POINT('',(-15.62418418811,13.879438901429,
    9.090909090907));
#2400 = CARTESIAN_POINT('',(-22.58110635289,3.157216362972,
    9.454545454549));
#2401 = CARTESIAN_POINT('',(-21.49291507981,-11.03389241312,
    9.818181818177));
#2402 = CARTESIAN_POINT('',(-10.75981762568,-21.63142401874,
    10.181818181822));
#2403 = CARTESIAN_POINT('',(3.443976130704,-22.53915277272,
    10.545454545452));
#2404 = CARTESIAN_POINT('',(14.076907286422,-15.44650889333,
    10.909090909092));
#2405 = CARTESIAN_POINT('',(18.020432102643,-4.940578260882,
    11.272727272727));
#2406 = CARTESIAN_POINT('',(15.818972893316,4.425423968141,
    11.636363636364));
#2407 = CARTESIAN_POINT('',(10.021486980638,10.149683945643,12.));
#2408 = CARTESIAN_POINT('',(8.176646704741,11.564928879624,-4.));
#2409 = CARTESIAN_POINT('',(1.570774776103,16.235418555735,
    -3.636363636364));
#2410 = CARTESIAN_POINT('',(-7.968857594557,16.756095470979,
    -3.272727272727));
#2411 = CARTESIAN_POINT('',(-17.55248686305,11.070900331857,
    -2.90909090909));
#2412 = CARTESIAN_POINT('',(-22.6340779151,-0.559269197788,
    -2.545454545455));
#2413 = CARTESIAN_POINT('',(-19.27253413895,-14.28671656115,
    -2.181818181817));
#2414 = CARTESIAN_POINT('',(-7.042842122371,-22.93336471333,
    -1.818181818183));
#2415 = CARTESIAN_POINT('',(7.019872849951,-21.52523287379,
    -1.454545454545));
#2416 = CARTESIAN_POINT('',(16.290045810089,-12.85647839585,
    -1.090909090909));
#2417 = CARTESIAN_POINT('',(18.454304745089,-1.925633186599,
    -0.727272727273));
#2418 = CARTESIAN_POINT('',(14.782518633387,6.894439203509,
    -0.363636363636));
#2419 = CARTESIAN_POINT('',(1.570774776094,16.235418555741,
    0.363636363636));
#2420 = CARTESIAN_POINT('',(-7.96885759452,16.756095470955,
    0.727272727273));
#2421 = CARTESIAN_POINT('',(-17.55248686312,11.070900331907,
    1.090909090909));
#2422 = CARTESIAN_POINT('',(-22.63407791503,-0.559269197841,
    1.454545454546));
#2423 = CARTESIAN_POINT('',(-19.27253413895,-14.28671656114,
    1.818181818181));
#2424 = CARTESIAN_POINT('',(-7.042842122456,-22.93336471327,
    2.181818181819));
#2425 = CARTESIAN_POINT('',(7.019872850073,-21.52523287389,
    2.545454545454));
#2426 = CARTESIAN_POINT('',(16.290045809998,-12.85647839578,
    2.909090909091));
#2427 = CARTESIAN_POINT('',(18.454304745127,-1.925633186635,
    3.272727272727));
#2428 = CARTESIAN_POINT('',(14.782518633381,6.894439203516,
    3.636363636364));
#2429 = CARTESIAN_POINT('',(1.570774776095,16.235418555738,
    4.363636363636));
#2430 = CARTESIAN_POINT('',(-7.968857594507,16.756095470955,
    4.727272727272));
#2431 = CARTESIAN_POINT('',(-17.55248686316,11.070900331916,
    5.09090909091));
#2432 = CARTESIAN_POINT('',(-22.63407791495,-0.559269197865,
    5.454545454544));
#2433 = CARTESIAN_POINT('',(-19.27253413906,-14.2867165611,
    5.818181818184));
#2434 = CARTESIAN_POINT('',(-7.042842122355,-22.93336471332,
    6.181818181816));
#2435 = CARTESIAN_POINT('',(7.01987285,-21.52523287385,6.545454545456));
#2436 = CARTESIAN_POINT('',(16.290045810036,-12.8564783958,6.90909090909
    ));
#2437 = CARTESIAN_POINT('',(18.454304745113,-1.925633186627,
    7.272727272728));
#2438 = CARTESIAN_POINT('',(14.782518633384,6.894439203514,
    7.636363636364));
#2439 = CARTESIAN_POINT('',(1.570774776088,16.235418555741,
    8.363636363636));
#2440 = CARTESIAN_POINT('',(-7.968857594487,16.756095470938,
    8.727272727273));
#2441 = CARTESIAN_POINT('',(-17.55248686317,11.070900331952,
    9.090909090908));
#2442 = CARTESIAN_POINT('',(-22.63407791503,-0.559269197892,
    9.454545454548));
#2443 = CARTESIAN_POINT('',(-19.27253413881,-14.28671656113,
    9.818181818179));
#2444 = CARTESIAN_POINT('',(-7.042842122749,-22.93336471319,
    10.181818181821));
#2445 = CARTESIAN_POINT('',(7.019872850405,-21.52523287402,
    10.545454545453));
#2446 = CARTESIAN_POINT('',(16.290045809756,-12.85647839566,
    10.909090909092));
#2447 = CARTESIAN_POINT('',(18.454304745242,-1.925633186699,
    11.272727272727));
#2448 = CARTESIAN_POINT('',(14.782518633348,6.894439203536,
    11.636363636364));
#2449 = CARTESIAN_POINT('',(8.176646704741,11.564928879624,12.));
#2450 = CARTESIAN_POINT('',(6.139638749456,12.651922239151,-4.));
#2451 = CARTESIAN_POINT('',(-1.087122334235,16.158875692057,
    -3.636363636364));
#2452 = CARTESIAN_POINT('',(-10.51671466605,15.126012905823,
    -3.272727272727));
#2453 = CARTESIAN_POINT('',(-18.98567213852,8.006531302082,
    -2.909090909091));
#2454 = CARTESIAN_POINT('',(-22.08272740634,-4.208709743124,
    -2.545454545455));
#2455 = CARTESIAN_POINT('',(-16.56936111074,-17.11293200074,
    -2.181818181818));
#2456 = CARTESIAN_POINT('',(-3.190194320073,-23.60548303847,
    -1.818181818182));
#2457 = CARTESIAN_POINT('',(10.358412791588,-19.95152555174,
    -1.454545454545));
#2458 = CARTESIAN_POINT('',(18.037736843349,-9.95993672746,
    -1.090909090909));
#2459 = CARTESIAN_POINT('',(18.389973711649,1.098371830615,
    -0.727272727273));
#2460 = CARTESIAN_POINT('',(13.366399833155,9.144968786241,
    -0.363636363636));
#2461 = CARTESIAN_POINT('',(-1.087122334244,16.158875692061,
    0.363636363636));
#2462 = CARTESIAN_POINT('',(-10.51671466601,15.126012905803,
    0.727272727273));
#2463 = CARTESIAN_POINT('',(-18.98567213859,8.006531302126,
    1.090909090909));
#2464 = CARTESIAN_POINT('',(-22.08272740627,-4.208709743175,
    1.454545454546));
#2465 = CARTESIAN_POINT('',(-16.56936111074,-17.11293200072,
    1.818181818181));
#2466 = CARTESIAN_POINT('',(-3.190194320167,-23.60548303844,
    2.181818181819));
#2467 = CARTESIAN_POINT('',(10.358412791722,-19.95152555181,
    2.545454545454));
#2468 = CARTESIAN_POINT('',(18.037736843248,-9.959936727405,
    2.909090909091));
#2469 = CARTESIAN_POINT('',(18.389973711693,1.098371830589,
    3.272727272727));
#2470 = CARTESIAN_POINT('',(13.366399833148,9.144968786246,
    3.636363636364));
#2471 = CARTESIAN_POINT('',(-1.087122334243,16.158875692058,
    4.363636363636));
#2472 = CARTESIAN_POINT('',(-10.516714666,15.126012905809,4.727272727273
    ));
#2473 = CARTESIAN_POINT('',(-18.98567213864,8.006531302118,5.09090909091
    ));
#2474 = CARTESIAN_POINT('',(-22.08272740619,-4.20870974317,
    5.454545454544));
#2475 = CARTESIAN_POINT('',(-16.56936111084,-17.11293200072,
    5.818181818183));
#2476 = CARTESIAN_POINT('',(-3.190194320064,-23.60548303844,
    6.181818181817));
#2477 = CARTESIAN_POINT('',(10.358412791649,-19.9515255518,
    6.545454545455));
#2478 = CARTESIAN_POINT('',(18.037736843285,-9.959936727407,
    6.909090909091));
#2479 = CARTESIAN_POINT('',(18.389973711679,1.098371830589,
    7.272727272727));
#2480 = CARTESIAN_POINT('',(13.366399833151,9.144968786246,
    7.636363636364));
#2481 = CARTESIAN_POINT('',(-1.087122334249,16.15887569206,
    8.363636363636));
#2482 = CARTESIAN_POINT('',(-10.51671466598,15.126012905794,
    8.727272727273));
#2483 = CARTESIAN_POINT('',(-18.98567213865,8.006531302155,
    9.090909090909));
#2484 = CARTESIAN_POINT('',(-22.08272740627,-4.208709743216,
    9.454545454547));
#2485 = CARTESIAN_POINT('',(-16.56936111059,-17.1129320007,9.81818181818
    ));
#2486 = CARTESIAN_POINT('',(-3.190194320478,-23.60548303839,
    10.18181818182));
#2487 = CARTESIAN_POINT('',(10.358412792078,-19.95152555189,
    10.545454545453));
#2488 = CARTESIAN_POINT('',(18.037736842987,-9.959936727322,
    10.909090909092));
#2489 = CARTESIAN_POINT('',(18.389973711818,1.098371830542,
    11.272727272727));
#2490 = CARTESIAN_POINT('',(13.366399833112,9.144968786261,
    11.636363636364));
#2491 = CARTESIAN_POINT('',(6.139638749456,12.65192223915,12.));
#2492 = CARTESIAN_POINT('',(3.968187354597,13.386772789348,-4.));
#2493 = CARTESIAN_POINT('',(-3.678319381819,15.653396105942,
    -3.636363636364));
#2494 = CARTESIAN_POINT('',(-12.74849248044,13.116556564435,
    -3.272727272727));
#2495 = CARTESIAN_POINT('',(-19.89323966426,4.772635591184,
    -2.909090909091));
#2496 = CARTESIAN_POINT('',(-20.95154013034,-7.694287652391,
    -2.545454545455));
#2497 = CARTESIAN_POINT('',(-13.46365236662,-19.44357231648,
    -2.181818181818));
#2498 = CARTESIAN_POINT('',(0.692604884413,-23.63985486311,
    -1.818181818182));
#2499 = CARTESIAN_POINT('',(13.373850482095,-17.86922548942,
    -1.454545454545));
#2500 = CARTESIAN_POINT('',(19.280567648098,-6.839498957919,
    -1.090909090909));
#2501 = CARTESIAN_POINT('',(17.837157833416,4.05017494151,
    -0.727272727273));
#2502 = CARTESIAN_POINT('',(11.614694091021,11.120149472752,
    -0.363636363636));
#2503 = CARTESIAN_POINT('',(-3.678319381829,15.653396105944,
    0.363636363636));
#2504 = CARTESIAN_POINT('',(-12.7484924804,13.116556564423,
    0.727272727273));
#2505 = CARTESIAN_POINT('',(-19.89323966434,4.772635591211,
    1.090909090909));
#2506 = CARTESIAN_POINT('',(-20.95154013027,-7.694287652424,
    1.454545454546));
#2507 = CARTESIAN_POINT('',(-13.46365236661,-19.44357231646,
    1.81818181818));
#2508 = CARTESIAN_POINT('',(0.692604884304,-23.63985486308,
    2.181818181819));
#2509 = CARTESIAN_POINT('',(13.373850482246,-17.86922548947,
    2.545454545454));
#2510 = CARTESIAN_POINT('',(19.280567647985,-6.839498957879,
    2.909090909091));
#2511 = CARTESIAN_POINT('',(17.837157833465,4.05017494149,3.272727272727
    ));
#2512 = CARTESIAN_POINT('',(11.614694091012,11.120149472756,
    3.636363636364));
#2513 = CARTESIAN_POINT('',(-3.678319381827,15.653396105942,
    4.363636363636));
#2514 = CARTESIAN_POINT('',(-12.74849248039,13.116556564429,
    4.727272727272));
#2515 = CARTESIAN_POINT('',(-19.89323966438,4.772635591202,5.09090909091
    ));
#2516 = CARTESIAN_POINT('',(-20.95154013018,-7.694287652415,
    5.454545454543));
#2517 = CARTESIAN_POINT('',(-13.46365236673,-19.44357231647,
    5.818181818185));
#2518 = CARTESIAN_POINT('',(0.692604884418,-23.63985486308,
    6.181818181815));
#2519 = CARTESIAN_POINT('',(13.373850482163,-17.86922548946,
    6.545454545457));
#2520 = CARTESIAN_POINT('',(19.280567648028,-6.839498957881,
    6.90909090909));
#2521 = CARTESIAN_POINT('',(17.837157833449,4.050174941491,
    7.272727272728));
#2522 = CARTESIAN_POINT('',(11.614694091017,11.120149472756,
    7.636363636364));
#2523 = CARTESIAN_POINT('',(-3.678319381834,15.653396105943,
    8.363636363636));
#2524 = CARTESIAN_POINT('',(-12.74849248036,13.116556564418,
    8.727272727273));
#2525 = CARTESIAN_POINT('',(-19.8932396644,4.772635591237,9.090909090909
    ));
#2526 = CARTESIAN_POINT('',(-20.95154013025,-7.694287652474,
    9.454545454545));
#2527 = CARTESIAN_POINT('',(-13.46365236648,-19.44357231641,
    9.818181818182));
#2528 = CARTESIAN_POINT('',(0.692604883998,-23.6398548631,
    10.181818181818));
#2529 = CARTESIAN_POINT('',(13.373850482604,-17.86922548949,
    10.545454545455));
#2530 = CARTESIAN_POINT('',(19.280567647718,-6.839498957846,
    10.90909090909));
#2531 = CARTESIAN_POINT('',(17.837157833594,4.050174941468,
    11.272727272728));
#2532 = CARTESIAN_POINT('',(11.614694090975,11.120149472764,
    11.636363636364));
#2533 = CARTESIAN_POINT('',(3.968187354597,13.386772789348,12.));
#2534 = CARTESIAN_POINT('',(1.722076207827,13.754693643258,-4.));
#2535 = CARTESIAN_POINT('',(-6.134586428906,14.738341272972,
    -3.636363636364));
#2536 = CARTESIAN_POINT('',(-14.60896648541,10.786541236308,
    -3.272727272728));
#2537 = CARTESIAN_POINT('',(-20.25816913397,1.457827429537,
    -2.90909090909));
#2538 = CARTESIAN_POINT('',(-19.27864011559,-10.92523783796,
    -2.545454545455));
#2539 = CARTESIAN_POINT('',(-10.0437921354,-21.22323270496,
    -2.181818181817));
#2540 = CARTESIAN_POINT('',(4.501534410954,-23.04429549484,
    -1.818181818183));
#2541 = CARTESIAN_POINT('',(15.990146431305,-15.34086058951,
    -1.454545454545));
#2542 = CARTESIAN_POINT('',(19.992287559383,-3.581496282304,
    -1.090909090909));
#2543 = CARTESIAN_POINT('',(16.817297078405,6.851999167408,
    -0.727272727273));
#2544 = CARTESIAN_POINT('',(9.578738844568,12.771046013543,
    -0.363636363636));
#2545 = CARTESIAN_POINT('',(-6.134586428916,14.738341272973,
    0.363636363636));
#2546 = CARTESIAN_POINT('',(-14.60896648537,10.786541236302,
    0.727272727273));
#2547 = CARTESIAN_POINT('',(-20.25816913405,1.457827429553,
    1.090909090909));
#2548 = CARTESIAN_POINT('',(-19.27864011551,-10.92523783798,
    1.454545454546));
#2549 = CARTESIAN_POINT('',(-10.0437921354,-21.22323270494,
    1.818181818182));
#2550 = CARTESIAN_POINT('',(4.501534410849,-23.04429549484,
    2.181818181818));
#2551 = CARTESIAN_POINT('',(15.990146431456,-15.34086058953,
    2.545454545455));
#2552 = CARTESIAN_POINT('',(19.992287559267,-3.581496282283,
    2.909090909091));
#2553 = CARTESIAN_POINT('',(16.817297078456,6.851999167397,
    3.272727272727));
#2554 = CARTESIAN_POINT('',(9.57873884456,12.771046013546,3.636363636364
    ));
#2555 = CARTESIAN_POINT('',(-6.134586428914,14.738341272971,
    4.363636363636));
#2556 = CARTESIAN_POINT('',(-14.60896648536,10.786541236308,
    4.727272727272));
#2557 = CARTESIAN_POINT('',(-20.25816913409,1.457827429543,5.09090909091
    ));
#2558 = CARTESIAN_POINT('',(-19.27864011544,-10.92523783797,
    5.454545454543));
#2559 = CARTESIAN_POINT('',(-10.04379213551,-21.22323270495,
    5.818181818185));
#2560 = CARTESIAN_POINT('',(4.501534410955,-23.04429549484,
    6.181818181815));
#2561 = CARTESIAN_POINT('',(15.990146431379,-15.34086058952,
    6.545454545457));
#2562 = CARTESIAN_POINT('',(19.992287559308,-3.581496282285,
    6.90909090909));
#2563 = CARTESIAN_POINT('',(16.817297078441,6.851999167397,
    7.272727272728));
#2564 = CARTESIAN_POINT('',(9.578738844564,12.771046013546,
    7.636363636363));
#2565 = CARTESIAN_POINT('',(-6.134586428921,14.738341272971,
    8.363636363637));
#2566 = CARTESIAN_POINT('',(-14.60896648533,10.786541236302,
    8.727272727272));
#2567 = CARTESIAN_POINT('',(-20.25816913412,1.45782742957,9.090909090912
    ));
#2568 = CARTESIAN_POINT('',(-19.27864011549,-10.92523783803,
    9.454545454541));
#2569 = CARTESIAN_POINT('',(-10.04379213528,-21.22323270486,
    9.818181818188));
#2570 = CARTESIAN_POINT('',(4.501534410555,-23.04429549491,
    10.181818181812));
#2571 = CARTESIAN_POINT('',(15.990146431808,-15.34086058948,
    10.54545454546));
#2572 = CARTESIAN_POINT('',(19.992287559003,-3.581496282296,
    10.909090909088));
#2573 = CARTESIAN_POINT('',(16.817297078585,6.851999167396,
    11.272727272729));
#2574 = CARTESIAN_POINT('',(9.578738844522,12.771046013548,
    11.636363636363));
#2575 = CARTESIAN_POINT('',(1.722076207827,13.754693643258,12.));
#2576 = CARTESIAN_POINT('',(-0.537557999893,13.7511304186,-4.));
#2577 = CARTESIAN_POINT('',(-8.392185327461,13.444078007084,
    -3.636363636364));
#2578 = CARTESIAN_POINT('',(-16.05373404854,8.202888263176,
    -3.272727272728));
#2579 = CARTESIAN_POINT('',(-20.07851641565,-1.848089229526,
    -2.90909090909));
#2580 = CARTESIAN_POINT('',(-17.11656196749,-13.81883062169,
    -2.545454545456));
#2581 = CARTESIAN_POINT('',(-6.405752209779,-22.41225890672,
    -2.181818181817));
#2582 = CARTESIAN_POINT('',(8.135806294359,-21.84380156053,
    -1.818181818183));
#2583 = CARTESIAN_POINT('',(18.143088017516,-12.44046343689,
    -1.454545454545));
#2584 = CARTESIAN_POINT('',(20.161513188338,-0.275029475812,
    -1.09090909091));
#2585 = CARTESIAN_POINT('',(15.364388378862,9.431082785251,
    -0.727272727273));
#2586 = CARTESIAN_POINT('',(7.317069327683,14.058182830118,
    -0.363636363636));
#2587 = CARTESIAN_POINT('',(-8.392185327471,13.444078007083,
    0.363636363636));
#2588 = CARTESIAN_POINT('',(-16.0537340485,8.202888263179,0.727272727273
    ));
#2589 = CARTESIAN_POINT('',(-20.07851641573,-1.848089229529,
    1.090909090909));
#2590 = CARTESIAN_POINT('',(-17.11656196741,-13.81883062169,
    1.454545454545));
#2591 = CARTESIAN_POINT('',(-6.405752209786,-22.41225890671,
    1.818181818182));
#2592 = CARTESIAN_POINT('',(8.135806294259,-21.84380156053,
    2.181818181818));
#2593 = CARTESIAN_POINT('',(18.143088017665,-12.4404634369,
    2.545454545455));
#2594 = CARTESIAN_POINT('',(20.161513188223,-0.275029475805,
    2.909090909091));
#2595 = CARTESIAN_POINT('',(15.364388378913,9.431082785246,
    3.272727272727));
#2596 = CARTESIAN_POINT('',(7.317069327675,14.058182830119,
    3.636363636364));
#2597 = CARTESIAN_POINT('',(-8.392185327469,13.444078007081,
    4.363636363636));
#2598 = CARTESIAN_POINT('',(-16.05373404849,8.202888263186,
    4.727272727273));
#2599 = CARTESIAN_POINT('',(-20.07851641577,-1.848089229546,
    5.090909090909));
#2600 = CARTESIAN_POINT('',(-17.11656196733,-13.81883062166,
    5.454545454545));
#2601 = CARTESIAN_POINT('',(-6.40575220989,-22.41225890674,
    5.818181818182));
#2602 = CARTESIAN_POINT('',(8.135806294364,-21.8438015605,6.181818181818
    ));
#2603 = CARTESIAN_POINT('',(18.143088017588,-12.44046343691,
    6.545454545455));
#2604 = CARTESIAN_POINT('',(20.161513188263,-0.275029475799,
    6.909090909091));
#2605 = CARTESIAN_POINT('',(15.364388378899,9.431082785243,
    7.272727272727));
#2606 = CARTESIAN_POINT('',(7.317069327678,14.05818283012,7.636363636364
    ));
#2607 = CARTESIAN_POINT('',(-8.392185327475,13.44407800708,
    8.363636363636));
#2608 = CARTESIAN_POINT('',(-16.05373404847,8.202888263185,
    8.727272727274));
#2609 = CARTESIAN_POINT('',(-20.07851641579,-1.848089229526,
    9.090909090907));
#2610 = CARTESIAN_POINT('',(-17.11656196739,-13.81883062173,
    9.45454545455));
#2611 = CARTESIAN_POINT('',(-6.40575220967,-22.41225890663,
    9.818181818175));
#2612 = CARTESIAN_POINT('',(8.135806293977,-21.84380156064,
    10.181818181825));
#2613 = CARTESIAN_POINT('',(18.143088018007,-12.4404634368,
    10.545454545449));
#2614 = CARTESIAN_POINT('',(20.161513187963,-0.275029475857,
    10.909090909094));
#2615 = CARTESIAN_POINT('',(15.364388379041,9.431082785265,
    11.272727272726));
#2616 = CARTESIAN_POINT('',(7.317069327637,14.058182830115,
    11.636363636364));
#2617 = CARTESIAN_POINT('',(-0.537557999893,13.7511304186,12.));
#2618 = CARTESIAN_POINT('',(-2.750133715612,13.381508832859,-4.));
#2619 = CARTESIAN_POINT('',(-10.39363368711,11.810636127885,
    -3.636363636364));
#2620 = CARTESIAN_POINT('',(-17.05014958118,5.438283872711,
    -3.272727272727));
#2621 = CARTESIAN_POINT('',(-19.36689693981,-5.056893128282,
    -2.909090909091));
#2622 = CARTESIAN_POINT('',(-14.53010536644,-16.30257709604,
    -2.545454545455));
#2623 = CARTESIAN_POINT('',(-2.649887948727,-22.98734995324,
    -2.181818181818));
#2624 = CARTESIAN_POINT('',(11.500802768564,-20.0791359299,
    -1.818181818181));
#2625 = CARTESIAN_POINT('',(19.781787791056,-9.250883942655,
    -1.454545454546));
#2626 = CARTESIAN_POINT('',(19.791506419668,2.990842495081,
    -1.090909090909));
#2627 = CARTESIAN_POINT('',(13.523473821117,11.721697318628,
    -0.727272727273));
#2628 = CARTESIAN_POINT('',(4.893366255896,14.952381537834,
    -0.363636363636));
#2629 = CARTESIAN_POINT('',(-10.39363368712,11.810636127883,
    0.363636363636));
#2630 = CARTESIAN_POINT('',(-17.05014958114,5.438283872719,
    0.727272727273));
#2631 = CARTESIAN_POINT('',(-19.36689693988,-5.056893128293,
    1.090909090908));
#2632 = CARTESIAN_POINT('',(-14.53010536636,-16.30257709603,
    1.454545454547));
#2633 = CARTESIAN_POINT('',(-2.649887948728,-22.98734995323,
    1.81818181818));
#2634 = CARTESIAN_POINT('',(11.500802768462,-20.07913592993,
    2.18181818182));
#2635 = CARTESIAN_POINT('',(19.781787791206,-9.250883942627,
    2.545454545453));
#2636 = CARTESIAN_POINT('',(19.791506419552,2.990842495065,
    2.909090909092));
#2637 = CARTESIAN_POINT('',(13.523473821169,11.721697318633,
    3.272727272727));
#2638 = CARTESIAN_POINT('',(4.893366255887,14.952381537834,
    3.636363636364));
#2639 = CARTESIAN_POINT('',(-10.39363368711,11.810636127881,
    4.363636363636));
#2640 = CARTESIAN_POINT('',(-17.05014958113,5.43828387273,4.727272727273
    ));
#2641 = CARTESIAN_POINT('',(-19.36689693992,-5.056893128321,
    5.090909090909));
#2642 = CARTESIAN_POINT('',(-14.5301053663,-16.30257709599,
    5.454545454546));
#2643 = CARTESIAN_POINT('',(-2.649887948825,-22.98734995328,
    5.818181818181));
#2644 = CARTESIAN_POINT('',(11.500802768559,-20.07913592988,
    6.181818181819));
#2645 = CARTESIAN_POINT('',(19.781787791134,-9.250883942659,
    6.545454545454));
#2646 = CARTESIAN_POINT('',(19.79150641959,2.990842495081,6.909090909091
    ));
#2647 = CARTESIAN_POINT('',(13.523473821155,11.721697318627,
    7.272727272727));
#2648 = CARTESIAN_POINT('',(4.893366255891,14.952381537836,
    7.636363636364));
#2649 = CARTESIAN_POINT('',(-10.39363368712,11.810636127879,
    8.363636363636));
#2650 = CARTESIAN_POINT('',(-17.05014958111,5.438283872732,
    8.727272727273));
#2651 = CARTESIAN_POINT('',(-19.36689693995,-5.056893128303,
    9.090909090909));
#2652 = CARTESIAN_POINT('',(-14.53010536633,-16.30257709606,
    9.454545454546));
#2653 = CARTESIAN_POINT('',(-2.64988794863,-22.98734995313,
    9.818181818182));
#2654 = CARTESIAN_POINT('',(11.500802768203,-20.07913593008,
    10.181818181818));
#2655 = CARTESIAN_POINT('',(19.781787791525,-9.250883942485,
    10.545454545455));
#2656 = CARTESIAN_POINT('',(19.791506419306,2.990842494975,
    10.909090909091));
#2657 = CARTESIAN_POINT('',(13.523473821291,11.721697318671,
    11.272727272727));
#2658 = CARTESIAN_POINT('',(4.893366255851,14.952381537825,
    11.636363636364));
#2659 = CARTESIAN_POINT('',(-2.750133715612,13.381508832859,12.));
#2660 = CARTESIAN_POINT('',(-4.857198762352,12.661025870037,-4.));
#2661 = CARTESIAN_POINT('',(-12.08915982784,9.886600424796,
    -3.636363636364));
#2662 = CARTESIAN_POINT('',(-17.57809534478,2.569246895155,
    -3.272727272727));
#2663 = CARTESIAN_POINT('',(-18.15005861639,-8.084232934846,
    -2.909090909091));
#2664 = CARTESIAN_POINT('',(-11.5945642402,-18.31604800255,
    -2.545454545455));
#2665 = CARTESIAN_POINT('',(1.121705371769,-22.94205448002,
    -2.181818181818));
#2666 = CARTESIAN_POINT('',(14.510499078685,-17.80565930238,
    -1.818181818182));
#2667 = CARTESIAN_POINT('',(20.869918826935,-5.861571675555,
    -1.454545454545));
#2668 = CARTESIAN_POINT('',(18.899990384524,6.129421945864,
    -1.090909090909));
#2669 = CARTESIAN_POINT('',(11.349392704003,13.666812020664,
    -0.727272727273));
#2670 = CARTESIAN_POINT('',(2.37476230315,15.435451315282,
    -0.363636363636));
#2671 = CARTESIAN_POINT('',(-12.08915982785,9.886600424792,
    0.363636363636));
#2672 = CARTESIAN_POINT('',(-17.57809534475,2.56924689517,0.727272727273
    ));
#2673 = CARTESIAN_POINT('',(-18.15005861647,-8.084232934872,
    1.090909090909));
#2674 = CARTESIAN_POINT('',(-11.59456424013,-18.31604800253,
    1.454545454545));
#2675 = CARTESIAN_POINT('',(1.121705371766,-22.94205448001,
    1.818181818182));
#2676 = CARTESIAN_POINT('',(14.51049907859,-17.80565930242,
    2.181818181818));
#2677 = CARTESIAN_POINT('',(20.869918827076,-5.861571675507,
    2.545454545455));
#2678 = CARTESIAN_POINT('',(18.899990384414,6.129421945831,
    2.909090909091));
#2679 = CARTESIAN_POINT('',(11.349392704052,13.666812020676,
    3.272727272727));
#2680 = CARTESIAN_POINT('',(2.374762303141,15.435451315281,
    3.636363636364));
#2681 = CARTESIAN_POINT('',(-12.08915982785,9.886600424791,
    4.363636363636));
#2682 = CARTESIAN_POINT('',(-17.57809534474,2.569246895182,
    4.727272727272));
#2683 = CARTESIAN_POINT('',(-18.1500586165,-8.084232934905,5.09090909091
    ));
#2684 = CARTESIAN_POINT('',(-11.59456424006,-18.31604800247,
    5.454545454544));
#2685 = CARTESIAN_POINT('',(1.121705371669,-22.94205448008,
    5.818181818183));
#2686 = CARTESIAN_POINT('',(14.510499078689,-17.80565930235,
    6.181818181816));
#2687 = CARTESIAN_POINT('',(20.869918827002,-5.861571675549,
    6.545454545456));
#2688 = CARTESIAN_POINT('',(18.899990384453,6.129421945853,6.90909090909
    ));
#2689 = CARTESIAN_POINT('',(11.349392704038,13.666812020668,
    7.272727272728));
#2690 = CARTESIAN_POINT('',(2.374762303144,15.435451315283,
    7.636363636364));
#2691 = CARTESIAN_POINT('',(-12.08915982785,9.886600424788,
    8.363636363636));
#2692 = CARTESIAN_POINT('',(-17.57809534471,2.569246895186,
    8.727272727273));
#2693 = CARTESIAN_POINT('',(-18.15005861653,-8.084232934885,
    9.090909090908));
#2694 = CARTESIAN_POINT('',(-11.59456424009,-18.31604800256,
    9.454545454547));
#2695 = CARTESIAN_POINT('',(1.121705371838,-22.94205447989,
    9.818181818179));
#2696 = CARTESIAN_POINT('',(14.510499078369,-17.80565930262,
    10.181818181821));
#2697 = CARTESIAN_POINT('',(20.86991882736,-5.861571675304,
    10.545454545452));
#2698 = CARTESIAN_POINT('',(18.89999038419,6.129421945696,
    10.909090909093));
#2699 = CARTESIAN_POINT('',(11.349392704165,13.666812020736,
    11.272727272727));
#2700 = CARTESIAN_POINT('',(2.374762303107,15.435451315265,
    11.636363636364));
#2701 = CARTESIAN_POINT('',(-4.857198762351,12.661025870037,12.));
#2702 = CARTESIAN_POINT('',(-6.803932592986,11.614019205706,-4.));
#2703 = CARTESIAN_POINT('',(-13.43784485031,7.727621996679,
    -3.636363636364));
#2704 = CARTESIAN_POINT('',(-17.63022431173,-0.325991700033,
    -3.272727272727));
#2705 = CARTESIAN_POINT('',(-16.46784323591,-10.85177659217,
    -2.909090909091));
#2706 = CARTESIAN_POINT('',(-8.393483967214,-19.81219764078,
    -2.545454545455));
#2707 = CARTESIAN_POINT('',(4.807943364568,-22.2865503212,
    -2.181818181818));
#2708 = CARTESIAN_POINT('',(17.089547465953,-15.09152119647,
    -1.818181818182));
#2709 = CARTESIAN_POINT('',(21.386340646959,-2.366047800958,
    -1.454545454546));
#2710 = CARTESIAN_POINT('',(17.518342803504,9.058619181195,
    -1.090909090909));
#2711 = CARTESIAN_POINT('',(8.905097961525,15.21940570999,
    -0.727272727273));
#2712 = CARTESIAN_POINT('',(-0.170020335654,15.500416414736,
    -0.363636363636));
#2713 = CARTESIAN_POINT('',(-13.43784485032,7.727621996674,
    0.363636363636));
#2714 = CARTESIAN_POINT('',(-17.63022431169,-0.325991700013,
    0.727272727273));
#2715 = CARTESIAN_POINT('',(-16.46784323598,-10.85177659221,
    1.090909090909));
#2716 = CARTESIAN_POINT('',(-8.393483967139,-19.81219764075,
    1.454545454545));
#2717 = CARTESIAN_POINT('',(4.807943364555,-22.28655032118,
    1.818181818183));
#2718 = CARTESIAN_POINT('',(17.089547465875,-15.09152119653,
    2.181818181817));
#2719 = CARTESIAN_POINT('',(21.386340647083,-2.366047800884,
    2.545454545455));
#2720 = CARTESIAN_POINT('',(17.518342803406,9.058619181144,
    2.909090909091));
#2721 = CARTESIAN_POINT('',(8.90509796157,15.21940571001,3.272727272727)
  );
#2722 = CARTESIAN_POINT('',(-0.170020335662,15.500416414734,
    3.636363636364));
#2723 = CARTESIAN_POINT('',(-13.43784485031,7.727621996674,
    4.363636363637));
#2724 = CARTESIAN_POINT('',(-17.63022431169,-0.325991700002,
    4.727272727272));
#2725 = CARTESIAN_POINT('',(-16.467843236,-10.85177659224,5.090909090911
    ));
#2726 = CARTESIAN_POINT('',(-8.393483967089,-19.81219764069,
    5.454545454542));
#2727 = CARTESIAN_POINT('',(4.807943364482,-22.28655032126,
    5.818181818186));
#2728 = CARTESIAN_POINT('',(17.089547465951,-15.09152119647,
    6.181818181814));
#2729 = CARTESIAN_POINT('',(21.386340647026,-2.36604780093,
    6.545454545458));
#2730 = CARTESIAN_POINT('',(17.518342803436,9.058619181167,
    6.909090909089));
#2731 = CARTESIAN_POINT('',(8.905097961559,15.219405710002,
    7.272727272728));
#2732 = CARTESIAN_POINT('',(-0.170020335659,15.500416414736,
    7.636363636363));
#2733 = CARTESIAN_POINT('',(-13.43784485032,7.72762199667,8.363636363637
    ));
#2734 = CARTESIAN_POINT('',(-17.63022431167,-0.325991699992,
    8.727272727272));
#2735 = CARTESIAN_POINT('',(-16.46784323604,-10.85177659223,
    9.090909090911));
#2736 = CARTESIAN_POINT('',(-8.393483967097,-19.81219764077,
    9.454545454542));
#2737 = CARTESIAN_POINT('',(4.80794336461,-22.28655032106,9.818181818187
    ));
#2738 = CARTESIAN_POINT('',(17.089547465687,-15.09152119676,
    10.181818181813));
#2739 = CARTESIAN_POINT('',(21.386340647331,-2.366047800646,
    10.545454545459));
#2740 = CARTESIAN_POINT('',(17.518342803208,9.058619180979,
    10.909090909089));
#2741 = CARTESIAN_POINT('',(8.905097961671,15.219405710086,
    11.272727272728));
#2742 = CARTESIAN_POINT('',(-0.170020335692,15.500416414713,
    11.636363636363));
#2743 = CARTESIAN_POINT('',(-6.803932592986,11.614019205706,12.));
#2744 = CARTESIAN_POINT('',(-8.540785594961,10.273430284222,-4.));
#2745 = CARTESIAN_POINT('',(-14.40895525097,5.394944960401,
    -3.636363636364));
#2746 = CARTESIAN_POINT('',(-17.21239788735,-3.169705784008,
    -3.272727272727));
#2747 = CARTESIAN_POINT('',(-14.37227431795,-13.28956842312,
    -2.909090909091));
#2748 = CARTESIAN_POINT('',(-5.01640779116,-20.75895290496,
    -2.545454545455));
#2749 = CARTESIAN_POINT('',(8.311674358907,-21.04764727131,
    -2.181818181818));
#2750 = CARTESIAN_POINT('',(19.175631209618,-12.01592917832,
    -1.818181818182));
#2751 = CARTESIAN_POINT('',(21.32597606676,1.140709268835,
    -1.454545454545));
#2752 = CARTESIAN_POINT('',(15.690936937206,11.703392498675,
    -1.090909090909));
#2753 = CARTESIAN_POINT('',(6.259991697613,16.343995219494,
    -0.727272727273));
#2754 = CARTESIAN_POINT('',(-2.672615938942,15.151915608047,
    -0.363636363636));
#2755 = CARTESIAN_POINT('',(-14.40895525098,5.394944960395,
    0.363636363636));
#2756 = CARTESIAN_POINT('',(-17.21239788732,-3.16970578398,
    0.727272727273));
#2757 = CARTESIAN_POINT('',(-14.37227431801,-13.28956842317,
    1.09090909091));
#2758 = CARTESIAN_POINT('',(-5.016407791099,-20.75895290491,
    1.454545454544));
#2759 = CARTESIAN_POINT('',(8.311674358903,-21.04764727131,
    1.818181818183));
#2760 = CARTESIAN_POINT('',(19.175631209541,-12.01592917839,
    2.181818181817));
#2761 = CARTESIAN_POINT('',(21.325976066878,1.140709268922,
    2.545454545455));
#2762 = CARTESIAN_POINT('',(15.690936937113,11.703392498611,
    2.90909090909));
#2763 = CARTESIAN_POINT('',(6.259991697656,16.343995219521,
    3.272727272727));
#2764 = CARTESIAN_POINT('',(-2.67261593895,15.151915608044,
    3.636363636364));
#2765 = CARTESIAN_POINT('',(-14.40895525097,5.394944960394,
    4.363636363637));
#2766 = CARTESIAN_POINT('',(-17.21239788732,-3.169705783969,
    4.727272727272));
#2767 = CARTESIAN_POINT('',(-14.37227431803,-13.28956842321,
    5.090909090911));
#2768 = CARTESIAN_POINT('',(-5.016407791058,-20.75895290485,
    5.454545454542));
#2769 = CARTESIAN_POINT('',(8.311674358842,-21.04764727139,
    5.818181818187));
#2770 = CARTESIAN_POINT('',(19.175631209605,-12.01592917831,
    6.181818181813));
#2771 = CARTESIAN_POINT('',(21.325976066829,1.140709268867,
    6.545454545459));
#2772 = CARTESIAN_POINT('',(15.690936937139,11.70339249864,
    6.909090909088));
#2773 = CARTESIAN_POINT('',(6.259991697646,16.34399521951,7.272727272728
    ));
#2774 = CARTESIAN_POINT('',(-2.672615938947,15.151915608047,
    7.636363636363));
#2775 = CARTESIAN_POINT('',(-14.40895525098,5.39494496039,8.363636363637
    ));
#2776 = CARTESIAN_POINT('',(-17.2123978873,-3.169705783954,
    8.727272727272));
#2777 = CARTESIAN_POINT('',(-14.37227431806,-13.28956842321,
    9.090909090911));
#2778 = CARTESIAN_POINT('',(-5.016407791047,-20.75895290492,
    9.454545454542));
#2779 = CARTESIAN_POINT('',(8.311674358927,-21.04764727118,
    9.818181818186));
#2780 = CARTESIAN_POINT('',(19.175631209402,-12.01592917863,
    10.181818181814));
#2781 = CARTESIAN_POINT('',(21.325976067075,1.140709269193,
    10.545454545458));
#2782 = CARTESIAN_POINT('',(15.69093693695,11.703392498419,
    10.909090909089));
#2783 = CARTESIAN_POINT('',(6.25999169774,16.343995219611,
    11.272727272728));
#2784 = CARTESIAN_POINT('',(-2.672615938976,15.151915608018,
    11.636363636364));
#2785 = CARTESIAN_POINT('',(-8.540785594961,10.273430284222,12.));
#2786 = CARTESIAN_POINT('',(-10.02393138659,8.678886321199,-4.));
#2787 = CARTESIAN_POINT('',(-14.98129966078,2.953230102252,
    -3.636363636364));
#2788 = CARTESIAN_POINT('',(-16.34178482621,-5.886420550873,
    -3.272727272727));
#2789 = CARTESIAN_POINT('',(-11.92471587,-15.33654284393,-2.909090909091
    ));
#2790 = CARTESIAN_POINT('',(-1.555985971315,-21.13796184306,
    -2.545454545454));
#2791 = CARTESIAN_POINT('',(11.541421349089,-19.26593983148,
    -2.181818181819));
#2792 = CARTESIAN_POINT('',(20.719178329677,-8.665823312846,
    -1.818181818181));
#2793 = CARTESIAN_POINT('',(20.697784055578,4.564675060638,
    -1.454545454546));
#2794 = CARTESIAN_POINT('',(13.472370177721,13.99655803333,
    -1.090909090909));
#2795 = CARTESIAN_POINT('',(3.487444093339,17.015922305386,
    -0.727272727273));
#2796 = CARTESIAN_POINT('',(-5.066563112406,14.404542540154,
    -0.363636363636));
#2797 = CARTESIAN_POINT('',(-14.98129966078,2.953230102244,
    0.363636363636));
#2798 = CARTESIAN_POINT('',(-16.34178482618,-5.886420550843,
    0.727272727273));
#2799 = CARTESIAN_POINT('',(-11.92471587005,-15.33654284398,
    1.090909090909));
#2800 = CARTESIAN_POINT('',(-1.555985971262,-21.13796184301,
    1.454545454546));
#2801 = CARTESIAN_POINT('',(11.541421349083,-19.26593983147,
    1.818181818181));
#2802 = CARTESIAN_POINT('',(20.719178329612,-8.665823312928,
    2.181818181819));
#2803 = CARTESIAN_POINT('',(20.697784055678,4.564675060749,
    2.545454545454));
#2804 = CARTESIAN_POINT('',(13.472370177642,13.996558033249,
    2.909090909091));
#2805 = CARTESIAN_POINT('',(3.487444093375,17.015922305421,
    3.272727272727));
#2806 = CARTESIAN_POINT('',(-5.066563112413,14.404542540148,
    3.636363636364));
#2807 = CARTESIAN_POINT('',(-14.98129966078,2.953230102244,
    4.363636363636));
#2808 = CARTESIAN_POINT('',(-16.34178482618,-5.886420550832,
    4.727272727272));
#2809 = CARTESIAN_POINT('',(-11.92471587006,-15.33654284402,
    5.09090909091));
#2810 = CARTESIAN_POINT('',(-1.55598597123,-21.13796184294,
    5.454545454544));
#2811 = CARTESIAN_POINT('',(11.541421349034,-19.26593983156,
    5.818181818183));
#2812 = CARTESIAN_POINT('',(20.719178329667,-8.665823312842,
    6.181818181817));
#2813 = CARTESIAN_POINT('',(20.697784055636,4.564675060688,
    6.545454545456));
#2814 = CARTESIAN_POINT('',(13.472370177664,13.99655803328,6.90909090909
    ));
#2815 = CARTESIAN_POINT('',(3.487444093367,17.015922305409,
    7.272727272727));
#2816 = CARTESIAN_POINT('',(-5.066563112411,14.404542540151,
    7.636363636364));
#2817 = CARTESIAN_POINT('',(-14.98129966078,2.953230102239,
    8.363636363636));
#2818 = CARTESIAN_POINT('',(-16.34178482616,-5.886420550815,
    8.727272727273));
#2819 = CARTESIAN_POINT('',(-11.9247158701,-15.33654284402,
    9.090909090909));
#2820 = CARTESIAN_POINT('',(-1.555985971213,-21.13796184302,
    9.454545454545));
#2821 = CARTESIAN_POINT('',(11.541421349091,-19.26593983133,
    9.818181818182));
#2822 = CARTESIAN_POINT('',(20.719178329511,-8.665823313202,
    10.181818181818));
#2823 = CARTESIAN_POINT('',(20.697784055833,4.564675061052,
    10.545454545455));
#2824 = CARTESIAN_POINT('',(13.472370177509,13.99655803303,
    10.909090909091));
#2825 = CARTESIAN_POINT('',(3.487444093446,17.015922305524,
    11.272727272727));
#2826 = CARTESIAN_POINT('',(-5.066563112435,14.404542540119,
    11.636363636364));
#2827 = CARTESIAN_POINT('',(-10.02393138659,8.678886321199,12.));
#2828 = CARTESIAN_POINT('',(-10.82389856756,7.474326690086,-4.));
#2829 = CARTESIAN_POINT('',(-15.0932239894,1.291730285892,
    -3.636363636364));
#2830 = CARTESIAN_POINT('',(-15.47864110166,-7.572632341439,
    -3.272727272728));
#2831 = CARTESIAN_POINT('',(-10.10050436978,-16.41402807815,
    -2.90909090909));
#2832 = CARTESIAN_POINT('',(0.752148796127,-21.01345125158,
    -2.545454545455));
#2833 = CARTESIAN_POINT('',(13.465611167286,-17.75056280286,
    -2.181818181818));
#2834 = CARTESIAN_POINT('',(21.369569280854,-6.304496227095,
    -1.818181818182));
#2835 = CARTESIAN_POINT('',(19.917274494423,6.740403402369,
    -1.454545454545));
#2836 = CARTESIAN_POINT('',(11.771670362275,15.26002238394,
    -1.090909090909));
#2837 = CARTESIAN_POINT('',(1.598450298323,17.157448749033,
    -0.727272727273));
#2838 = CARTESIAN_POINT('',(-6.554573145726,13.656923094287,
    -0.363636363636));
#2839 = CARTESIAN_POINT('',(-15.0932239894,1.291730285884,0.363636363636
    ));
#2840 = CARTESIAN_POINT('',(-15.47864110164,-7.572632341406,
    0.727272727273));
#2841 = CARTESIAN_POINT('',(-10.10050436982,-16.41402807821,
    1.090909090909));
#2842 = CARTESIAN_POINT('',(0.752148796175,-21.01345125153,
    1.454545454545));
#2843 = CARTESIAN_POINT('',(13.465611167279,-17.75056280286,
    1.818181818182));
#2844 = CARTESIAN_POINT('',(21.369569280799,-6.304496227178,
    2.181818181818));
#2845 = CARTESIAN_POINT('',(19.91727449451,6.740403402485,2.545454545454
    ));
#2846 = CARTESIAN_POINT('',(11.771670362205,15.260022383854,
    2.909090909091));
#2847 = CARTESIAN_POINT('',(1.598450298355,17.15744874907,3.272727272727
    ));
#2848 = CARTESIAN_POINT('',(-6.554573145733,13.656923094281,
    3.636363636364));
#2849 = CARTESIAN_POINT('',(-15.0932239894,1.291730285885,4.363636363636
    ));
#2850 = CARTESIAN_POINT('',(-15.47864110164,-7.572632341394,
    4.727272727272));
#2851 = CARTESIAN_POINT('',(-10.10050436983,-16.41402807825,
    5.09090909091));
#2852 = CARTESIAN_POINT('',(0.752148796197,-21.01345125146,
    5.454545454544));
#2853 = CARTESIAN_POINT('',(13.465611167242,-17.75056280295,
    5.818181818184));
#2854 = CARTESIAN_POINT('',(21.369569280841,-6.304496227087,
    6.181818181815));
#2855 = CARTESIAN_POINT('',(19.917274494478,6.740403402421,
    6.545454545457));
#2856 = CARTESIAN_POINT('',(11.771670362222,15.260022383887,
    6.90909090909));
#2857 = CARTESIAN_POINT('',(1.59845029835,17.157448749058,7.272727272728
    ));
#2858 = CARTESIAN_POINT('',(-6.554573145731,13.656923094284,
    7.636363636364));
#2859 = CARTESIAN_POINT('',(-15.0932239894,1.291730285879,8.363636363636
    ));
#2860 = CARTESIAN_POINT('',(-15.47864110162,-7.572632341377,
    8.727272727273));
#2861 = CARTESIAN_POINT('',(-10.10050436986,-16.41402807826,
    9.09090909091));
#2862 = CARTESIAN_POINT('',(0.752148796211,-21.01345125154,
    9.454545454543));
#2863 = CARTESIAN_POINT('',(13.46561116729,-17.75056280272,
    9.818181818185));
#2864 = CARTESIAN_POINT('',(21.36956928071,-6.304496227463,
    10.181818181815));
#2865 = CARTESIAN_POINT('',(19.917274494645,6.740403402804,
    10.545454545457));
#2866 = CARTESIAN_POINT('',(11.771670362089,15.260022383623,
    10.90909090909));
#2867 = CARTESIAN_POINT('',(1.598450298417,17.15744874918,
    11.272727272728));
#2868 = CARTESIAN_POINT('',(-6.554573145752,13.656923094249,
    11.636363636364));
#2869 = CARTESIAN_POINT('',(-10.82389856756,7.474326690086,12.));
#2870 = CARTESIAN_POINT('',(-11.16958615303,6.844731197779,-4.));
#2871 = CARTESIAN_POINT('',(-15.07928747062,0.464678506503,
    -3.636363636364));
#2872 = CARTESIAN_POINT('',(-14.98105061395,-8.371225726018,
    -3.272727272727));
#2873 = CARTESIAN_POINT('',(-9.152623132592,-16.87121858991,
    -2.909090909091));
#2874 = CARTESIAN_POINT('',(1.889394524227,-20.8555038767,
    -2.545454545455));
#2875 = CARTESIAN_POINT('',(14.354776989525,-16.92020997971,
    -2.181818181818));
#2876 = CARTESIAN_POINT('',(21.592949861688,-5.108585366514,
    -1.818181818181));
#2877 = CARTESIAN_POINT('',(19.440157183624,7.784737779399,
    -1.454545454546));
#2878 = CARTESIAN_POINT('',(10.877161884745,15.814419883472,
    -1.090909090909));
#2879 = CARTESIAN_POINT('',(0.65756208247,17.148670786995,
    -0.727272727273));
#2880 = CARTESIAN_POINT('',(-7.259884835446,13.224783889062,
    -0.363636363636));
#2881 = CARTESIAN_POINT('',(-15.07928747063,0.464678506494,
    0.363636363636));
#2882 = CARTESIAN_POINT('',(-14.98105061393,-8.371225725984,
    0.727272727273));
#2883 = CARTESIAN_POINT('',(-9.152623132633,-16.87121858997,
    1.090909090909));
#2884 = CARTESIAN_POINT('',(1.889394524268,-20.85550387664,
    1.454545454545));
#2885 = CARTESIAN_POINT('',(14.354776989523,-16.92020997971,
    1.818181818182));
#2886 = CARTESIAN_POINT('',(21.592949861632,-5.108585366601,
    2.181818181818));
#2887 = CARTESIAN_POINT('',(19.440157183709,7.78473777952,2.545454545454
    ));
#2888 = CARTESIAN_POINT('',(10.877161884678,15.814419883382,
    2.909090909091));
#2889 = CARTESIAN_POINT('',(0.657562082502,17.148670787034,
    3.272727272727));
#2890 = CARTESIAN_POINT('',(-7.259884835452,13.224783889056,
    3.636363636364));
#2891 = CARTESIAN_POINT('',(-15.07928747062,0.464678506495,
    4.363636363636));
#2892 = CARTESIAN_POINT('',(-14.98105061393,-8.371225725973,
    4.727272727272));
#2893 = CARTESIAN_POINT('',(-9.152623132639,-16.87121859001,
    5.09090909091));
#2894 = CARTESIAN_POINT('',(1.889394524287,-20.85550387657,
    5.454545454544));
#2895 = CARTESIAN_POINT('',(14.35477698949,-16.9202099798,5.818181818184
    ));
#2896 = CARTESIAN_POINT('',(21.59294986167,-5.108585366511,
    6.181818181815));
#2897 = CARTESIAN_POINT('',(19.440157183679,7.784737779456,
    6.545454545457));
#2898 = CARTESIAN_POINT('',(10.877161884694,15.814419883415,
    6.90909090909));
#2899 = CARTESIAN_POINT('',(0.657562082496,17.148670787022,
    7.272727272728));
#2900 = CARTESIAN_POINT('',(-7.259884835451,13.224783889059,
    7.636363636364));
#2901 = CARTESIAN_POINT('',(-15.07928747063,0.464678506489,
    8.363636363636));
#2902 = CARTESIAN_POINT('',(-14.98105061392,-8.371225725954,
    8.727272727273));
#2903 = CARTESIAN_POINT('',(-9.152623132671,-16.87121859002,
    9.09090909091));
#2904 = CARTESIAN_POINT('',(1.889394524317,-20.85550387665,
    9.454545454543));
#2905 = CARTESIAN_POINT('',(14.354776989509,-16.92020997957,
    9.818181818185));
#2906 = CARTESIAN_POINT('',(21.592949861576,-5.108585366884,
    10.181818181815));
#2907 = CARTESIAN_POINT('',(19.440157183812,7.784737779841,
    10.545454545457));
#2908 = CARTESIAN_POINT('',(10.877161884583,15.814419883149,
    10.90909090909));
#2909 = CARTESIAN_POINT('',(0.657562082554,17.148670787145,
    11.272727272728));
#2910 = CARTESIAN_POINT('',(-7.259884835469,13.224783889024,
    11.636363636364));
#2911 = CARTESIAN_POINT('',(-11.16958615303,6.844731197779,12.));
#2912 = DEFINITIONAL_REPRESENTATION('',(#2913),#3070);
#2913 = B_SPLINE_CURVE_WITH_KNOTS('',8,(#2914,#2915,#2916,#2917,#2918,
    #2919,#2920,#2921,#2922,#2923,#2924,#2925,#2926,#2927,#2928,#2929,
    #2930,#2931,#2932,#2933,#2934,#2935,#2936,#2937,#2938,#2939,#2940,
    #2941,#2942,#2943,#2944,#2945,#2946,#2947,#2948,#2949,#2950,#2951,
    #2952,#2953,#2954,#2955,#2956,#2957,#2958,#2959,#2960,#2961,#2962,
    #2963,#2964,#2965,#2966,#2967,#2968,#2969,#2970,#2971,#2972,#2973,
    #2974,#2975,#2976,#2977,#2978,#2979,#2980,#2981,#2982,#2983,#2984,
    #2985,#2986,#2987,#2988,#2989,#2990,#2991,#2992,#2993,#2994,#2995,
    #2996,#2997,#2998,#2999,#3000,#3001,#3002,#3003,#3004,#3005,#3006,
    #3007,#3008,#3009,#3010,#3011,#3012,#3013,#3014,#3015,#3016,#3017,
    #3018,#3019,#3020,#3021,#3022,#3023,#3024,#3025,#3026,#3027,#3028,
    #3029,#3030,#3031,#3032,#3033,#3034,#3035,#3036,#3037,#3038,#3039,
    #3040,#3041,#3042,#3043,#3044,#3045,#3046,#3047,#3048,#3049,#3050,
    #3051,#3052,#3053,#3054,#3055,#3056,#3057,#3058,#3059,#3060,#3061,
    #3062,#3063,#3064,#3065,#3066,#3067,#3068,#3069),.UNSPECIFIED.,.F.,
  .F.,(9,7,7,7,7,7,7,7,7,7,7,7,7,7,7,7,7,7,7,7,7,7,9),(0.,
    6.1987310606E-02,9.303255312713E-02,0.124044344795,0.161031538388,
    0.212039308333,0.242043125847,0.288052988179,0.324050910007,
    0.372057414222,0.406055017177,0.454059797709,0.489055469081,
    0.538058172123,0.573052389022,0.621053079726,0.657046166447,
    0.742037273043,0.783032249886,0.827026245038,0.872042783412,
    0.917007451933,1.),.UNSPECIFIED.);
#2914 = CARTESIAN_POINT('',(26.896436927606,11.300000000069));
#2915 = CARTESIAN_POINT('',(26.687186339275,11.305375238211));
#2916 = CARTESIAN_POINT('',(26.478301111958,11.310687649634));
#2917 = CARTESIAN_POINT('',(26.269708000415,11.315949486786));
#2918 = CARTESIAN_POINT('',(26.061338772592,11.321171951648));
#2919 = CARTESIAN_POINT('',(25.853130464709,11.326365179695));
#2920 = CARTESIAN_POINT('',(25.645025636351,11.331538223853));
#2921 = CARTESIAN_POINT('',(25.436972625557,11.336699038456));
#2922 = CARTESIAN_POINT('',(25.1247292519,11.344436466037));
#2923 = CARTESIAN_POINT('',(25.020534864305,11.34701705311));
#2924 = CARTESIAN_POINT('',(24.916334501529,11.34959746753));
#2925 = CARTESIAN_POINT('',(24.812130510029,11.35217734955));
#2926 = CARTESIAN_POINT('',(24.707906622344,11.354759180004));
#2927 = CARTESIAN_POINT('',(24.603666250999,11.357342432764));
#2928 = CARTESIAN_POINT('',(24.499409202067,11.359927129029));
#2929 = CARTESIAN_POINT('',(24.290971173368,11.365097059521));
#2930 = CARTESIAN_POINT('',(24.186790447046,11.367682258036));
#2931 = CARTESIAN_POINT('',(24.082591350809,11.370269150355));
#2932 = CARTESIAN_POINT('',(23.978373957488,11.372857720212));
#2933 = CARTESIAN_POINT('',(23.8741388931,11.37544786792));
#2934 = CARTESIAN_POINT('',(23.769887336844,11.378039410372));
#2935 = CARTESIAN_POINT('',(23.665621021102,11.380632081046));
#2936 = CARTESIAN_POINT('',(23.436970836772,11.386318688868));
#2937 = CARTESIAN_POINT('',(23.312581752085,11.389412950856));
#2938 = CARTESIAN_POINT('',(23.188178772577,11.392507730304));
#2939 = CARTESIAN_POINT('',(23.06376692278,11.395602261718));
#2940 = CARTESIAN_POINT('',(22.939352403089,11.398695607796));
#2941 = CARTESIAN_POINT('',(22.814942536297,11.401786667472));
#2942 = CARTESIAN_POINT('',(22.690545714129,11.40487418395));
#2943 = CARTESIAN_POINT('',(22.394650915919,11.412207817616));
#2944 = CARTESIAN_POINT('',(22.223171496833,11.416449748021));
#2945 = CARTESIAN_POINT('',(22.051715925925,11.420685170093));
#2946 = CARTESIAN_POINT('',(21.880270610744,11.42491615432));
#2947 = CARTESIAN_POINT('',(21.708825604698,11.429144207471));
#2948 = CARTESIAN_POINT('',(21.537374684771,11.433370264536));
#2949 = CARTESIAN_POINT('',(21.36591542924,11.437594680659));
#2950 = CARTESIAN_POINT('',(21.093589395113,11.444301009216));
#2951 = CARTESIAN_POINT('',(20.992727131849,11.446784147199));
#2952 = CARTESIAN_POINT('',(20.891862806881,11.449266589238));
#2953 = CARTESIAN_POINT('',(20.790997195451,11.451748217633));
#2954 = CARTESIAN_POINT('',(20.690131546756,11.454228844778));
#2955 = CARTESIAN_POINT('',(20.589267583951,11.456708213154));
#2956 = CARTESIAN_POINT('',(20.488407504145,11.459185995333));
#2957 = CARTESIAN_POINT('',(20.232898430565,11.465458349361));
#2958 = CARTESIAN_POINT('',(20.078257849322,11.46925031404));
#2959 = CARTESIAN_POINT('',(19.923621860415,11.473039256819));
#2960 = CARTESIAN_POINT('',(19.76898243731,11.476826387275));
#2961 = CARTESIAN_POINT('',(19.614333945159,11.480612551108));
#2962 = CARTESIAN_POINT('',(19.45967318476,11.484398225485));
#2963 = CARTESIAN_POINT('',(19.304999436514,11.488183514391));
#2964 = CARTESIAN_POINT('',(19.02928966726,11.494929222158));
#2965 = CARTESIAN_POINT('',(18.908257996888,11.497889898424));
#2966 = CARTESIAN_POINT('',(18.787220362199,11.500850039247));
#2967 = CARTESIAN_POINT('',(18.666178589128,11.503809371544));
#2968 = CARTESIAN_POINT('',(18.545135460605,11.506767482668));
#2969 = CARTESIAN_POINT('',(18.424094716559,11.509723820413));
#2970 = CARTESIAN_POINT('',(18.303061053917,11.512677693009));
#2971 = CARTESIAN_POINT('',(18.020647708316,11.519563130845));
#2972 = CARTESIAN_POINT('',(17.859276838365,11.523492303423));
#2973 = CARTESIAN_POINT('',(17.697915161775,11.527417640761));
#2974 = CARTESIAN_POINT('',(17.536553072137,11.531340578706));
#2975 = CARTESIAN_POINT('',(17.375183764694,11.535262129509));
#2976 = CARTESIAN_POINT('',(17.213803289438,11.53918287629));
#2977 = CARTESIAN_POINT('',(17.05241060419,11.543102967504));
#2978 = CARTESIAN_POINT('',(16.776704068201,11.549797599859));
#2979 = CARTESIAN_POINT('',(16.662395366828,11.552572613392));
#2980 = CARTESIAN_POINT('',(16.548082201411,11.555347048098));
#2981 = CARTESIAN_POINT('',(16.433766008832,11.558120690108));
#2982 = CARTESIAN_POINT('',(16.319448985022,11.560893215586));
#2983 = CARTESIAN_POINT('',(16.205134084958,11.563664190732));
#2984 = CARTESIAN_POINT('',(16.090825022666,11.566433071778));
#2985 = CARTESIAN_POINT('',(15.815135878917,11.573104998533));
#2986 = CARTESIAN_POINT('',(15.653766237945,11.577005293822));
#2987 = CARTESIAN_POINT('',(15.492405158009,11.580901906312));
#2988 = CARTESIAN_POINT('',(15.331043153538,11.584796243354));
#2989 = CARTESIAN_POINT('',(15.169673496003,11.588689298755));
#2990 = CARTESIAN_POINT('',(15.008292266243,11.592581647332));
#2991 = CARTESIAN_POINT('',(14.846898406781,11.596473439461));
#2992 = CARTESIAN_POINT('',(14.567829170355,11.603200917795));
#2993 = CARTESIAN_POINT('',(14.45015886185,11.606036995925));
#2994 = CARTESIAN_POINT('',(14.3324835629,11.608872521424));
#2995 = CARTESIAN_POINT('',(14.214804826306,11.611707265134));
#2996 = CARTESIAN_POINT('',(14.097125043402,11.614540877336));
#2997 = CARTESIAN_POINT('',(13.979447444055,11.617372887752));
#2998 = CARTESIAN_POINT('',(13.861776096666,11.620202705548));
#2999 = CARTESIAN_POINT('',(13.579362181475,11.626988006497));
#3000 = CARTESIAN_POINT('',(13.41463063374,11.630940665514));
#3001 = CARTESIAN_POINT('',(13.249908300231,11.634889512239));
#3002 = CARTESIAN_POINT('',(13.085185110946,11.638836029151));
#3003 = CARTESIAN_POINT('',(12.92045394758,11.642781259448));
#3004 = CARTESIAN_POINT('',(12.755710700477,11.646725801126));
#3005 = CARTESIAN_POINT('',(12.590954325596,11.650669801074));
#3006 = CARTESIAN_POINT('',(12.308521821381,11.65742886279));
#3007 = CARTESIAN_POINT('',(12.190851121629,11.660244342975));
#3008 = CARTESIAN_POINT('',(12.073175561366,11.6630592755));
#3009 = CARTESIAN_POINT('',(11.95549672279,11.665873428738));
#3010 = CARTESIAN_POINT('',(11.837817011144,11.668686453649));
#3011 = CARTESIAN_POINT('',(11.720139654719,11.67149788378));
#3012 = CARTESIAN_POINT('',(11.602468704851,11.674307135264));
#3013 = CARTESIAN_POINT('',(11.323418215456,11.680962936386));
#3014 = CARTESIAN_POINT('',(11.162047823856,11.684807071646));
#3015 = CARTESIAN_POINT('',(11.000685975381,11.688647654299));
#3016 = CARTESIAN_POINT('',(10.839323426043,11.692486033823));
#3017 = CARTESIAN_POINT('',(10.677953622511,11.696323162474));
#3018 = CARTESIAN_POINT('',(10.516572751014,11.700159590293));
#3019 = CARTESIAN_POINT('',(10.355179786249,11.703995460111));
#3020 = CARTESIAN_POINT('',(10.072749093725,11.710706190654));
#3021 = CARTESIAN_POINT('',(9.951715888134,11.71358141384));
#3022 = CARTESIAN_POINT('',(9.830677682193,11.716456058064));
#3023 = CARTESIAN_POINT('',(9.709636148346,11.719329879904));
#3024 = CARTESIAN_POINT('',(9.588593872796,11.722202506562));
#3025 = CARTESIAN_POINT('',(9.467554355507,11.725073435866));
#3026 = CARTESIAN_POINT('',(9.346522010206,11.727942036269));
#3027 = CARTESIAN_POINT('',(8.939735881067,11.737573927208));
#3028 = CARTESIAN_POINT('',(8.654039619419,11.744323134761));
#3029 = CARTESIAN_POINT('',(8.368344378973,11.751065150996));
#3030 = CARTESIAN_POINT('',(8.082606269916,11.757806272846));
#3031 = CARTESIAN_POINT('',(7.796808222782,11.764548928008));
#3032 = CARTESIAN_POINT('',(7.510960870341,11.771291585996));
#3033 = CARTESIAN_POINT('',(7.225102601717,11.778028764926));
#3034 = CARTESIAN_POINT('',(6.801442945113,11.787993630538));
#3035 = CARTESIAN_POINT('',(6.663599478423,11.791232734627));
#3036 = CARTESIAN_POINT('',(6.52576204023,11.79446936059));
#3037 = CARTESIAN_POINT('',(6.387925677673,11.797704219237));
#3038 = CARTESIAN_POINT('',(6.250086852947,11.800937815974));
#3039 = CARTESIAN_POINT('',(6.112243462825,11.804170448879));
#3040 = CARTESIAN_POINT('',(5.974394858181,11.807402206769));
#3041 = CARTESIAN_POINT('',(5.688604129528,11.8141000765));
#3042 = CARTESIAN_POINT('',(5.540661397892,11.817566035311));
#3043 = CARTESIAN_POINT('',(5.392714631392,11.821030696021));
#3044 = CARTESIAN_POINT('',(5.244766828173,11.824493627091));
#3045 = CARTESIAN_POINT('',(5.096823002914,11.827954116182));
#3046 = CARTESIAN_POINT('',(4.948890168011,11.831411173188));
#3047 = CARTESIAN_POINT('',(4.800977314749,11.834863533281));
#3048 = CARTESIAN_POINT('',(4.501776285688,11.841835884219));
#3049 = CARTESIAN_POINT('',(4.350490565981,11.845355451517));
#3050 = CARTESIAN_POINT('',(4.199223001753,11.848870551197));
#3051 = CARTESIAN_POINT('',(4.047960138501,11.852383107528));
#3052 = CARTESIAN_POINT('',(3.896690364413,11.855894772628));
#3053 = CARTESIAN_POINT('',(3.745403973966,11.859406919392));
#3054 = CARTESIAN_POINT('',(3.594093231511,11.862920634419));
#3055 = CARTESIAN_POINT('',(3.291586019135,11.869948736105));
#3056 = CARTESIAN_POINT('',(3.140389894262,11.873463082178));
#3057 = CARTESIAN_POINT('',(2.98915658088,11.876980795934));
#3058 = CARTESIAN_POINT('',(2.837888459041,11.880501535948));
#3059 = CARTESIAN_POINT('',(2.686571804353,11.884027217171));
#3060 = CARTESIAN_POINT('',(2.53522374121,11.887555423479));
#3061 = CARTESIAN_POINT('',(2.383831113173,11.89108798684));
#3062 = CARTESIAN_POINT('',(1.952926479524,11.901146821883));
#3063 = CARTESIAN_POINT('',(1.673349180863,11.907678149551));
#3064 = CARTESIAN_POINT('',(1.393751596334,11.914205548538));
#3065 = CARTESIAN_POINT('',(1.114237019907,11.920714307783));
#3066 = CARTESIAN_POINT('',(0.834937255026,11.927186269728));
#3067 = CARTESIAN_POINT('',(0.556009818978,11.933600206423));
#3068 = CARTESIAN_POINT('',(0.277633176126,11.939932442607));
#3069 = CARTESIAN_POINT('',(0.,11.946157725779));
#3070 = ( GEOMETRIC_REPRESENTATION_CONTEXT(2)
PARAMETRIC_REPRESENTATION_CONTEXT() REPRESENTATION_CONTEXT('2D SPACE',''
  ) );
#3071 = ORIENTED_EDGE('',*,*,#3072,.T.);
#3072 = EDGE_CURVE('',#1958,#3073,#3075,.T.);
#3073 = VERTEX_POINT('',#3074);
#3074 = CARTESIAN_POINT('',(-11.16962080495,6.844674650672,7.3));
#3075 = SURFACE_CURVE('',#3076,(#3081,#3088),.PCURVE_S1.);
#3076 = CIRCLE('',#3077,13.1);
#3077 = AXIS2_PLACEMENT_3D('',#3078,#3079,#3080);
#3078 = CARTESIAN_POINT('',(0.,0.,7.3));
#3079 = DIRECTION('',(0.,0.,1.));
#3080 = DIRECTION('',(1.,0.,0.));
#3081 = PCURVE('',#1942,#3082);
#3082 = DEFINITIONAL_REPRESENTATION('',(#3083),#3087);
#3083 = LINE('',#3084,#3085);
#3084 = CARTESIAN_POINT('',(0.,0.));
#3085 = VECTOR('',#3086,1.);
#3086 = DIRECTION('',(1.,0.));
#3087 = ( GEOMETRIC_REPRESENTATION_CONTEXT(2)
PARAMETRIC_REPRESENTATION_CONTEXT() REPRESENTATION_CONTEXT('2D SPACE',''
  ) );
#3088 = PCURVE('',#3089,#3384);
#3089 = ( BOUNDED_SURFACE() B_SPLINE_SURFACE(6,11,(
    (#3090,#3091,#3092,#3093,#3094,#3095,#3096,#3097,#3098,#3099,#3100
      ,#3101,#3102,#3103,#3104,#3105,#3106,#3107,#3108,#3109,#3110,#3111
      ,#3112,#3113,#3114,#3115,#3116,#3117,#3118,#3119,#3120,#3121,#3122
      ,#3123,#3124,#3125,#3126,#3127,#3128,#3129,#3130,#3131)
    ,(#3132,#3133,#3134,#3135,#3136,#3137,#3138,#3139,#3140,#3141,#3142
      ,#3143,#3144,#3145,#3146,#3147,#3148,#3149,#3150,#3151,#3152,#3153
      ,#3154,#3155,#3156,#3157,#3158,#3159,#3160,#3161,#3162,#3163,#3164
      ,#3165,#3166,#3167,#3168,#3169,#3170,#3171,#3172,#3173)
    ,(#3174,#3175,#3176,#3177,#3178,#3179,#3180,#3181,#3182,#3183,#3184
      ,#3185,#3186,#3187,#3188,#3189,#3190,#3191,#3192,#3193,#3194,#3195
      ,#3196,#3197,#3198,#3199,#3200,#3201,#3202,#3203,#3204,#3205,#3206
      ,#3207,#3208,#3209,#3210,#3211,#3212,#3213,#3214,#3215)
    ,(#3216,#3217,#3218,#3219,#3220,#3221,#3222,#3223,#3224,#3225,#3226
      ,#3227,#3228,#3229,#3230,#3231,#3232,#3233,#3234,#3235,#3236,#3237
      ,#3238,#3239,#3240,#3241,#3242,#3243,#3244,#3245,#3246,#3247,#3248
      ,#3249,#3250,#3251,#3252,#3253,#3254,#3255,#3256,#3257)
    ,(#3258,#3259,#3260,#3261,#3262,#3263,#3264,#3265,#3266,#3267,#3268
      ,#3269,#3270,#3271,#3272,#3273,#3274,#3275,#3276,#3277,#3278,#3279
      ,#3280,#3281,#3282,#3283,#3284,#3285,#3286,#3287,#3288,#3289,#3290
      ,#3291,#3292,#3293,#3294,#3295,#3296,#3297,#3298,#3299)
    ,(#3300,#3301,#3302,#3303,#3304,#3305,#3306,#3307,#3308,#3309,#3310
      ,#3311,#3312,#3313,#3314,#3315,#3316,#3317,#3318,#3319,#3320,#3321
      ,#3322,#3323,#3324,#3325,#3326,#3327,#3328,#3329,#3330,#3331,#3332
      ,#3333,#3334,#3335,#3336,#3337,#3338,#3339,#3340,#3341)
    ,(#3342,#3343,#3344,#3345,#3346,#3347,#3348,#3349,#3350,#3351,#3352
      ,#3353,#3354,#3355,#3356,#3357,#3358,#3359,#3360,#3361,#3362,#3363
      ,#3364,#3365,#3366,#3367,#3368,#3369,#3370,#3371,#3372,#3373,#3374
      ,#3375,#3376,#3377,#3378,#3379,#3380,#3381,#3382,#3383
)),.UNSPECIFIED.,.F.,.F.,.F.) B_SPLINE_SURFACE_WITH_KNOTS((7,7),(12,10,
    10,10,12),(0.,1.099557428756),(0.,4.,8.,12.,16.),.UNSPECIFIED.)
GEOMETRIC_REPRESENTATION_ITEM() RATIONAL_B_SPLINE_SURFACE((
    (1.015244207915,1.015244207915,1.015244207915,1.015244207915
      ,1.015244207915,1.015244207915,1.015244207915,1.015244207915
      ,1.015244207915,1.015244207915,1.015244207915,1.015244207915
      ,1.015244207915,1.015244207915,1.015244207915,1.015244207915
      ,1.015244207915,1.015244207915,1.015244207915,1.015244207915
      ,1.015244207915,1.015244207915,1.015244207915,1.015244207915
      ,1.015244207916,1.015244207914,1.015244207916,1.015244207914
      ,1.015244207915,1.015244207915,1.015244207915,1.015244207915
      ,1.015244207915,1.015244207915,1.015244207914,1.015244207916
      ,1.015244207914,1.015244207916,1.015244207915,1.015244207915
      ,1.015244207915,1.015244207915)
    ,(1.004977984236,1.004977984236,1.004977984236,1.004977984236
      ,1.004977984236,1.004977984236,1.004977984236,1.004977984236
      ,1.004977984236,1.004977984236,1.004977984236,1.004977984236
      ,1.004977984236,1.004977984236,1.004977984236,1.004977984236
      ,1.004977984237,1.004977984236,1.004977984236,1.004977984236
      ,1.004977984236,1.004977984236,1.004977984236,1.004977984236
      ,1.004977984237,1.004977984236,1.004977984237,1.004977984236
      ,1.004977984236,1.004977984236,1.004977984236,1.004977984236
      ,1.004977984236,1.004977984236,1.004977984236,1.004977984237
      ,1.004977984236,1.004977984237,1.004977984236,1.004977984236
      ,1.004977984236,1.004977984236)
    ,(0.998985773817,0.998985773817,0.998985773817,0.998985773817
      ,0.998985773817,0.998985773817,0.998985773817,0.998985773817
      ,0.998985773817,0.998985773817,0.998985773817,0.998985773817
      ,0.998985773817,0.998985773817,0.998985773817,0.998985773817
      ,0.998985773817,0.998985773817,0.998985773817,0.998985773817
      ,0.998985773817,0.998985773817,0.998985773817,0.998985773817
      ,0.998985773817,0.998985773817,0.998985773817,0.998985773817
      ,0.998985773817,0.998985773817,0.998985773817,0.998985773817
      ,0.998985773817,0.998985773817,0.998985773817,0.998985773816
      ,0.998985773818,0.998985773817,0.998985773817,0.998985773817
      ,0.998985773817,0.998985773817)
    ,(0.997010127941,0.997010127941,0.997010127941,0.997010127941
      ,0.997010127941,0.997010127941,0.997010127941,0.997010127941
      ,0.997010127941,0.997010127941,0.997010127941,0.997010127941
      ,0.997010127941,0.997010127941,0.997010127941,0.997010127942
      ,0.997010127941,0.997010127941,0.997010127941,0.997010127941
      ,0.997010127941,0.997010127941,0.997010127941,0.997010127941
      ,0.997010127941,0.997010127941,0.997010127941,0.997010127941
      ,0.997010127941,0.997010127941,0.997010127941,0.997010127941
      ,0.997010127941,0.997010127941,0.997010127941,0.997010127941
      ,0.997010127942,0.997010127941,0.997010127941,0.997010127941
      ,0.997010127941,0.997010127941)
    ,(0.998985773817,0.998985773817,0.998985773817,0.998985773817
      ,0.998985773817,0.998985773817,0.998985773817,0.998985773817
      ,0.998985773817,0.998985773817,0.998985773817,0.998985773817
      ,0.998985773817,0.998985773817,0.998985773817,0.998985773817
      ,0.998985773817,0.998985773817,0.998985773817,0.998985773817
      ,0.998985773817,0.998985773817,0.998985773817,0.998985773817
      ,0.998985773817,0.998985773817,0.998985773817,0.998985773817
      ,0.998985773817,0.998985773817,0.998985773817,0.998985773817
      ,0.998985773817,0.998985773817,0.998985773817,0.998985773816
      ,0.998985773818,0.998985773817,0.998985773817,0.998985773817
      ,0.998985773817,0.998985773817)
    ,(1.004977984236,1.004977984236,1.004977984236,1.004977984236
      ,1.004977984236,1.004977984236,1.004977984236,1.004977984236
      ,1.004977984236,1.004977984236,1.004977984236,1.004977984236
      ,1.004977984236,1.004977984236,1.004977984237,1.004977984236
      ,1.004977984237,1.004977984236,1.004977984237,1.004977984236
      ,1.004977984236,1.004977984236,1.004977984236,1.004977984236
      ,1.004977984236,1.004977984237,1.004977984236,1.004977984237
      ,1.004977984236,1.004977984236,1.004977984236,1.004977984236
      ,1.004977984236,1.004977984236,1.004977984236,1.004977984236
      ,1.004977984236,1.004977984236,1.004977984236,1.004977984236
      ,1.004977984236,1.004977984236)
    ,(1.015244207915,1.015244207915,1.015244207915,1.015244207915
      ,1.015244207915,1.015244207915,1.015244207915,1.015244207915
      ,1.015244207915,1.015244207915,1.015244207915,1.015244207915
      ,1.015244207915,1.015244207915,1.015244207915,1.015244207915
      ,1.015244207915,1.015244207915,1.015244207915,1.015244207915
      ,1.015244207915,1.015244207915,1.015244207915,1.015244207915
      ,1.015244207916,1.015244207914,1.015244207916,1.015244207914
      ,1.015244207915,1.015244207915,1.015244207915,1.015244207915
      ,1.015244207915,1.015244207915,1.015244207914,1.015244207916
      ,1.015244207914,1.015244207916,1.015244207915,1.015244207915
,1.015244207915,1.015244207915))) REPRESENTATION_ITEM('') SURFACE() );
#3090 = CARTESIAN_POINT('',(-11.16958615303,6.844731197779,-4.));
#3091 = CARTESIAN_POINT('',(-15.07928747062,0.464678506503,
    -3.636363636364));
#3092 = CARTESIAN_POINT('',(-14.98105061395,-8.371225726017,
    -3.272727272727));
#3093 = CARTESIAN_POINT('',(-9.152623132593,-16.87121858991,
    -2.909090909091));
#3094 = CARTESIAN_POINT('',(1.889394524226,-20.8555038767,
    -2.545454545455));
#3095 = CARTESIAN_POINT('',(14.354776989529,-16.92020997972,
    -2.181818181818));
#3096 = CARTESIAN_POINT('',(21.592949861682,-5.108585366514,
    -1.818181818182));
#3097 = CARTESIAN_POINT('',(19.440157183628,7.784737779401,
    -1.454545454545));
#3098 = CARTESIAN_POINT('',(10.877161884745,15.814419883471,
    -1.090909090909));
#3099 = CARTESIAN_POINT('',(0.65756208247,17.148670786996,
    -0.727272727273));
#3100 = CARTESIAN_POINT('',(-7.259884835446,13.224783889062,
    -0.363636363636));
#3101 = CARTESIAN_POINT('',(-15.07928747063,0.464678506494,
    0.363636363636));
#3102 = CARTESIAN_POINT('',(-14.98105061393,-8.371225725983,
    0.727272727273));
#3103 = CARTESIAN_POINT('',(-9.152623132637,-16.87121858997,
    1.090909090909));
#3104 = CARTESIAN_POINT('',(1.889394524273,-20.85550387664,
    1.454545454545));
#3105 = CARTESIAN_POINT('',(14.354776989521,-16.92020997972,
    1.818181818182));
#3106 = CARTESIAN_POINT('',(21.59294986163,-5.108585366599,
    2.181818181818));
#3107 = CARTESIAN_POINT('',(19.440157183711,7.784737779523,
    2.545454545455));
#3108 = CARTESIAN_POINT('',(10.877161884678,15.814419883379,
    2.909090909091));
#3109 = CARTESIAN_POINT('',(0.657562082501,17.148670787035,
    3.272727272727));
#3110 = CARTESIAN_POINT('',(-7.259884835452,13.224783889056,
    3.636363636364));
#3111 = CARTESIAN_POINT('',(-15.07928747063,0.464678506495,
    4.363636363636));
#3112 = CARTESIAN_POINT('',(-14.98105061393,-8.37122572597,
    4.727272727272));
#3113 = CARTESIAN_POINT('',(-9.152623132642,-16.87121859002,
    5.09090909091));
#3114 = CARTESIAN_POINT('',(1.889394524287,-20.85550387655,
    5.454545454543));
#3115 = CARTESIAN_POINT('',(14.354776989501,-16.92020997982,
    5.818181818186));
#3116 = CARTESIAN_POINT('',(21.592949861652,-5.108585366498,
    6.181818181813));
#3117 = CARTESIAN_POINT('',(19.440157183691,7.784737779455,
    6.545454545459));
#3118 = CARTESIAN_POINT('',(10.877161884691,15.814419883413,
    6.909090909089));
#3119 = CARTESIAN_POINT('',(0.657562082496,17.148670787023,
    7.272727272728));
#3120 = CARTESIAN_POINT('',(-7.259884835451,13.224783889059,
    7.636363636364));
#3121 = CARTESIAN_POINT('',(-15.07928747063,0.464678506489,
    8.363636363636));
#3122 = CARTESIAN_POINT('',(-14.98105061392,-8.371225725953,
    8.727272727273));
#3123 = CARTESIAN_POINT('',(-9.152623132671,-16.87121859002,
    9.090909090907));
#3124 = CARTESIAN_POINT('',(1.889394524322,-20.85550387665,
    9.454545454549));
#3125 = CARTESIAN_POINT('',(14.354776989494,-16.92020997956,
    9.818181818177));
#3126 = CARTESIAN_POINT('',(21.592949861598,-5.108585366882,
    10.181818181824));
#3127 = CARTESIAN_POINT('',(19.440157183795,7.784737779831,
    10.545454545449));
#3128 = CARTESIAN_POINT('',(10.87716188459,15.814419883158,
    10.909090909095));
#3129 = CARTESIAN_POINT('',(0.657562082552,17.148670787141,
    11.272727272725));
#3130 = CARTESIAN_POINT('',(-7.259884835469,13.224783889025,
    11.636363636364));
#3131 = CARTESIAN_POINT('',(-11.16958615303,6.844731197779,12.));
#3132 = CARTESIAN_POINT('',(-12.43676174989,4.776888562159,-4.));
#3133 = CARTESIAN_POINT('',(-15.16531411605,-2.326973137462,
    -3.636363636364));
#3134 = CARTESIAN_POINT('',(-13.43127274112,-11.14469062986,
    -3.272727272727));
#3135 = CARTESIAN_POINT('',(-6.029228528971,-18.56565776447,
    -2.909090909091));
#3136 = CARTESIAN_POINT('',(5.750405980936,-20.50571736723,
    -2.545454545454));
#3137 = CARTESIAN_POINT('',(17.487241444369,-14.26268807361,
    -2.181818181819));
#3138 = CARTESIAN_POINT('',(22.538710114918,-1.111049402244,
    -1.818181818181));
#3139 = CARTESIAN_POINT('',(17.998956724914,11.383723929528,
    -1.454545454546));
#3140 = CARTESIAN_POINT('',(7.949414048381,17.828125565282,
    -1.090909090909));
#3141 = CARTESIAN_POINT('',(-2.51719767243,17.270406265021,
    -0.727272727273));
#3142 = CARTESIAN_POINT('',(-9.708209383731,11.880750261788,
    -0.363636363636));
#3143 = CARTESIAN_POINT('',(-15.16531411606,-2.326973137471,
    0.363636363636));
#3144 = CARTESIAN_POINT('',(-13.43127274111,-11.14469062982,
    0.727272727273));
#3145 = CARTESIAN_POINT('',(-6.029228529002,-18.56565776454,
    1.09090909091));
#3146 = CARTESIAN_POINT('',(5.750405980971,-20.50571736716,
    1.454545454544));
#3147 = CARTESIAN_POINT('',(17.487241444364,-14.26268807362,
    1.818181818183));
#3148 = CARTESIAN_POINT('',(22.538710114878,-1.111049402335,
    2.181818181817));
#3149 = CARTESIAN_POINT('',(17.998956724976,11.383723929663,
    2.545454545455));
#3150 = CARTESIAN_POINT('',(7.949414048332,17.828125565177,
    2.909090909091));
#3151 = CARTESIAN_POINT('',(-2.517197672407,17.270406265066,
    3.272727272727));
#3152 = CARTESIAN_POINT('',(-9.708209383736,11.88075026178,
    3.636363636364));
#3153 = CARTESIAN_POINT('',(-15.16531411605,-2.32697313747,
    4.363636363636));
#3154 = CARTESIAN_POINT('',(-13.43127274111,-11.14469062981,
    4.727272727273));
#3155 = CARTESIAN_POINT('',(-6.029228528998,-18.56565776458,
    5.090909090908));
#3156 = CARTESIAN_POINT('',(5.750405980968,-20.50571736708,
    5.454545454547));
#3157 = CARTESIAN_POINT('',(17.487241444362,-14.26268807372,
    5.81818181818));
#3158 = CARTESIAN_POINT('',(22.538710114885,-1.111049402236,
    6.181818181819));
#3159 = CARTESIAN_POINT('',(17.998956724968,11.383723929595,
    6.545454545454));
#3160 = CARTESIAN_POINT('',(7.949414048337,17.828125565212,
    6.909090909091));
#3161 = CARTESIAN_POINT('',(-2.517197672409,17.270406265054,
    7.272727272727));
#3162 = CARTESIAN_POINT('',(-9.708209383735,11.880750261784,
    7.636363636364));
#3163 = CARTESIAN_POINT('',(-15.16531411606,-2.326973137476,
    8.363636363636));
#3164 = CARTESIAN_POINT('',(-13.4312727411,-11.14469062979,
    8.727272727273));
#3165 = CARTESIAN_POINT('',(-6.029228529031,-18.56565776459,
    9.090909090909));
#3166 = CARTESIAN_POINT('',(5.750405981024,-20.50571736716,
    9.454545454546));
#3167 = CARTESIAN_POINT('',(17.487241444313,-14.26268807347,
    9.818181818182));
#3168 = CARTESIAN_POINT('',(22.538710114891,-1.111049402631,
    10.181818181818));
#3169 = CARTESIAN_POINT('',(17.998956725008,11.383723929999,
    10.545454545454));
#3170 = CARTESIAN_POINT('',(7.949414048285,17.828125564931,
    10.909090909092));
#3171 = CARTESIAN_POINT('',(-2.517197672376,17.270406265185,
    11.272727272727));
#3172 = CARTESIAN_POINT('',(-9.708209383746,11.880750261745,
    11.636363636364));
#3173 = CARTESIAN_POINT('',(-12.43676174989,4.776888562159,12.));
#3174 = CARTESIAN_POINT('',(-13.23073486936,2.45438152243,-4.));
#3175 = CARTESIAN_POINT('',(-14.63267431663,-5.102996562513,
    -3.636363636364));
#3176 = CARTESIAN_POINT('',(-11.28716132207,-13.54086332853,
    -3.272727272727));
#3177 = CARTESIAN_POINT('',(-2.569751078051,-19.5480694961,
    -2.909090909091));
#3178 = CARTESIAN_POINT('',(9.486097367747,-19.30610031703,
    -2.545454545454));
#3179 = CARTESIAN_POINT('',(19.992889790412,-10.94516425408,
    -2.181818181819));
#3180 = CARTESIAN_POINT('',(22.588351502509,3.046085868567,
    -1.818181818181));
#3181 = CARTESIAN_POINT('',(15.779444225527,14.619189192768,
    -1.454545454546));
#3182 = CARTESIAN_POINT('',(4.612522823468,19.169122954182,
    -1.090909090909));
#3183 = CARTESIAN_POINT('',(-5.679472586096,16.688276769501,
    -0.727272727273));
#3184 = CARTESIAN_POINT('',(-11.82879542209,10.01175960738,
    -0.363636363636));
#3185 = CARTESIAN_POINT('',(-14.63267431663,-5.102996562523,
    0.363636363636));
#3186 = CARTESIAN_POINT('',(-11.28716132206,-13.54086332849,
    0.727272727273));
#3187 = CARTESIAN_POINT('',(-2.56975107807,-19.54806949617,1.09090909091
    ));
#3188 = CARTESIAN_POINT('',(9.486097367768,-19.30610031696,
    1.454545454544));
#3189 = CARTESIAN_POINT('',(19.992889790407,-10.94516425408,
    1.818181818183));
#3190 = CARTESIAN_POINT('',(22.588351502487,3.046085868461,
    2.181818181817));
#3191 = CARTESIAN_POINT('',(15.779444225562,14.61918919292,
    2.545454545455));
#3192 = CARTESIAN_POINT('',(4.612522823439,19.169122954066,
    2.909090909091));
#3193 = CARTESIAN_POINT('',(-5.679472586082,16.688276769551,
    3.272727272727));
#3194 = CARTESIAN_POINT('',(-11.8287954221,10.011759607372,
    3.636363636364));
#3195 = CARTESIAN_POINT('',(-14.63267431663,-5.102996562521,
    4.363636363636));
#3196 = CARTESIAN_POINT('',(-11.28716132207,-13.54086332848,
    4.727272727273));
#3197 = CARTESIAN_POINT('',(-2.569751078059,-19.54806949621,
    5.090909090908));
#3198 = CARTESIAN_POINT('',(9.486097367763,-19.30610031689,
    5.454545454548));
#3199 = CARTESIAN_POINT('',(19.992889790399,-10.94516425418,
    5.818181818179));
#3200 = CARTESIAN_POINT('',(22.588351502503,3.046085868573,6.18181818182
    ));
#3201 = CARTESIAN_POINT('',(15.779444225551,14.619189192832,
    6.545454545453));
#3202 = CARTESIAN_POINT('',(4.612522823443,19.169122954114,
    6.909090909091));
#3203 = CARTESIAN_POINT('',(-5.679472586082,16.688276769533,
    7.272727272727));
#3204 = CARTESIAN_POINT('',(-11.8287954221,10.011759607376,
    7.636363636364));
#3205 = CARTESIAN_POINT('',(-14.63267431663,-5.102996562527,
    8.363636363636));
#3206 = CARTESIAN_POINT('',(-11.28716132206,-13.54086332846,
    8.727272727272));
#3207 = CARTESIAN_POINT('',(-2.569751078086,-19.54806949624,
    9.090909090912));
#3208 = CARTESIAN_POINT('',(9.486097367809,-19.30610031694,
    9.454545454538));
#3209 = CARTESIAN_POINT('',(19.992889790354,-10.94516425396,
    9.818181818192));
#3210 = CARTESIAN_POINT('',(22.588351502527,3.04608586817,
    10.181818181807));
#3211 = CARTESIAN_POINT('',(15.779444225549,14.619189193267,
    10.545454545463));
#3212 = CARTESIAN_POINT('',(4.612522823433,19.169122953806,
    10.909090909086));
#3213 = CARTESIAN_POINT('',(-5.679472586073,16.688276769677,
    11.272727272729));
#3214 = CARTESIAN_POINT('',(-11.8287954221,10.011759607335,
    11.636363636363));
#3215 = CARTESIAN_POINT('',(-13.23073486936,2.45438152243,12.));
#3216 = CARTESIAN_POINT('',(-13.50120418873,3.531515002865E-14,-4.));
#3217 = CARTESIAN_POINT('',(-13.50120418873,-7.711869798898,
    -3.636363636364));
#3218 = CARTESIAN_POINT('',(-8.656737174896,-15.42354967216,
    -3.272727272727));
#3219 = CARTESIAN_POINT('',(1.042265555094,-19.75433436034,
    -2.909090909091));
#3220 = CARTESIAN_POINT('',(12.891016234461,-17.30940364828,
    -2.545454545455));
#3221 = CARTESIAN_POINT('',(21.725854194119,-7.138633138154,
    -2.181818181818));
#3222 = CARTESIAN_POINT('',(21.725854194096,7.138633138179,
    -1.818181818182));
#3223 = CARTESIAN_POINT('',(12.891016234478,17.309403648231,
    -1.454545454546));
#3224 = CARTESIAN_POINT('',(1.042265555086,19.754334360398,
    -1.090909090909));
#3225 = CARTESIAN_POINT('',(-8.656737174893,15.423549672139,
    -0.727272727273));
#3226 = CARTESIAN_POINT('',(-13.50120418873,7.711869798906,
    -0.363636363636));
#3227 = CARTESIAN_POINT('',(-13.50120418873,-7.711869798907,
    0.363636363636));
#3228 = CARTESIAN_POINT('',(-8.656737174897,-15.42354967212,
    0.727272727273));
#3229 = CARTESIAN_POINT('',(1.042265555091,-19.75433436042,1.09090909091
    ));
#3230 = CARTESIAN_POINT('',(12.891016234472,-17.30940364821,
    1.454545454545));
#3231 = CARTESIAN_POINT('',(21.725854194102,-7.138633138154,
    1.818181818183));
#3232 = CARTESIAN_POINT('',(21.725854194107,7.138633138081,
    2.181818181818));
#3233 = CARTESIAN_POINT('',(12.891016234479,17.309403648373,
    2.545454545454));
#3234 = CARTESIAN_POINT('',(1.042265555078,19.754334360288,
    2.909090909091));
#3235 = CARTESIAN_POINT('',(-8.656737174887,15.423549672188,
    3.272727272727));
#3236 = CARTESIAN_POINT('',(-13.50120418873,7.711869798897,
    3.636363636364));
#3237 = CARTESIAN_POINT('',(-13.50120418873,-7.711869798905,
    4.363636363636));
#3238 = CARTESIAN_POINT('',(-8.656737174905,-15.42354967211,
    4.727272727273));
#3239 = CARTESIAN_POINT('',(1.042265555111,-19.75433436046,
    5.090909090909));
#3240 = CARTESIAN_POINT('',(12.89101623444,-17.30940364813,
    5.454545454546));
#3241 = CARTESIAN_POINT('',(21.725854194141,-7.138633138257,
    5.818181818181));
#3242 = CARTESIAN_POINT('',(21.725854194072,7.13863313818,6.181818181818
    ));
#3243 = CARTESIAN_POINT('',(12.891016234501,17.309403648304,
    6.545454545455));
#3244 = CARTESIAN_POINT('',(1.042265555068,19.754334360323,6.90909090909
    ));
#3245 = CARTESIAN_POINT('',(-8.656737174884,15.423549672176,
    7.272727272728));
#3246 = CARTESIAN_POINT('',(-13.50120418873,7.711869798901,
    7.636363636364));
#3247 = CARTESIAN_POINT('',(-13.50120418873,-7.711869798912,
    8.363636363637));
#3248 = CARTESIAN_POINT('',(-8.656737174901,-15.42354967209,
    8.727272727272));
#3249 = CARTESIAN_POINT('',(1.042265555086,-19.75433436049,
    9.090909090912));
#3250 = CARTESIAN_POINT('',(12.891016234506,-17.30940364818,
    9.454545454539));
#3251 = CARTESIAN_POINT('',(21.725854194034,-7.138633138041,
    9.81818181819));
#3252 = CARTESIAN_POINT('',(21.725854194192,7.138633137795,
    10.18181818181));
#3253 = CARTESIAN_POINT('',(12.891016234407,17.309403648722,
    10.54545454546));
#3254 = CARTESIAN_POINT('',(1.042265555118,19.754334360025,
    10.909090909088));
#3255 = CARTESIAN_POINT('',(-8.656737174902,15.423549672317,
    11.272727272728));
#3256 = CARTESIAN_POINT('',(-13.50120418873,7.71186979886,
    11.636363636363));
#3257 = CARTESIAN_POINT('',(-13.50120418873,1.836655319104E-13,12.));
#3258 = CARTESIAN_POINT('',(-13.23073486936,-2.45438152243,-4.));
#3259 = CARTESIAN_POINT('',(-11.82879542209,-10.01175960737,
    -3.636363636364));
#3260 = CARTESIAN_POINT('',(-5.679472586095,-16.68827676952,
    -3.272727272727));
#3261 = CARTESIAN_POINT('',(4.61252282347,-19.16912295412,
    -2.909090909091));
#3262 = CARTESIAN_POINT('',(15.779444225519,-14.61918919282,
    -2.545454545455));
#3263 = CARTESIAN_POINT('',(22.588351502527,-3.046085868536,
    -2.181818181818));
#3264 = CARTESIAN_POINT('',(19.992889790384,10.945164254107,
    -1.818181818181));
#3265 = CARTESIAN_POINT('',(9.486097367777,19.306100316982,
    -1.454545454546));
#3266 = CARTESIAN_POINT('',(-2.569751078071,19.548069496151,
    -1.090909090909));
#3267 = CARTESIAN_POINT('',(-11.28716132206,13.540863328511,
    -0.727272727273));
#3268 = CARTESIAN_POINT('',(-14.63267431663,5.102996562521,
    -0.363636363636));
#3269 = CARTESIAN_POINT('',(-11.82879542209,-10.01175960738,
    0.363636363636));
#3270 = CARTESIAN_POINT('',(-5.6794725861,-16.68827676948,0.727272727273
    ));
#3271 = CARTESIAN_POINT('',(4.612522823477,-19.1691229542,1.090909090909
    ));
#3272 = CARTESIAN_POINT('',(15.779444225518,-14.61918919274,
    1.454545454545));
#3273 = CARTESIAN_POINT('',(22.588351502515,-3.046085868542,
    1.818181818182));
#3274 = CARTESIAN_POINT('',(19.992889790409,10.945164254005,
    2.181818181818));
#3275 = CARTESIAN_POINT('',(9.486097367749,19.306100317133,
    2.545454545454));
#3276 = CARTESIAN_POINT('',(-2.569751078054,19.548069496036,
    2.909090909091));
#3277 = CARTESIAN_POINT('',(-11.28716132206,13.540863328561,
    3.272727272727));
#3278 = CARTESIAN_POINT('',(-14.63267431663,5.102996562512,
    3.636363636364));
#3279 = CARTESIAN_POINT('',(-11.82879542209,-10.01175960737,
    4.363636363636));
#3280 = CARTESIAN_POINT('',(-5.679472586112,-16.68827676948,
    4.727272727273));
#3281 = CARTESIAN_POINT('',(4.612522823505,-19.16912295424,
    5.090909090908));
#3282 = CARTESIAN_POINT('',(15.779444225473,-14.61918919268,
    5.454545454548));
#3283 = CARTESIAN_POINT('',(22.588351502566,-3.046085868633,
    5.818181818178));
#3284 = CARTESIAN_POINT('',(19.992889790363,10.9451642541,6.181818181821
    ));
#3285 = CARTESIAN_POINT('',(9.486097367782,19.306100317062,
    6.545454545453));
#3286 = CARTESIAN_POINT('',(-2.569751078071,19.548069496072,
    6.909090909092));
#3287 = CARTESIAN_POINT('',(-11.28716132206,13.540863328548,
    7.272727272727));
#3288 = CARTESIAN_POINT('',(-14.63267431663,5.102996562515,
    7.636363636364));
#3289 = CARTESIAN_POINT('',(-11.82879542209,-10.01175960738,
    8.363636363636));
#3290 = CARTESIAN_POINT('',(-5.679472586112,-16.68827676945,
    8.727272727272));
#3291 = CARTESIAN_POINT('',(4.612522823485,-19.16912295427,
    9.090909090911));
#3292 = CARTESIAN_POINT('',(15.779444225545,-14.61918919271,
    9.454545454541));
#3293 = CARTESIAN_POINT('',(22.588351502427,-3.046085868438,
    9.818181818189));
#3294 = CARTESIAN_POINT('',(19.992889790545,10.945164253738,
    10.18181818181));
#3295 = CARTESIAN_POINT('',(9.486097367617,19.30610031746,
    10.545454545461));
#3296 = CARTESIAN_POINT('',(-2.569751077969,19.548069495785,
    10.909090909087));
#3297 = CARTESIAN_POINT('',(-11.2871613221,13.540863328684,
    11.272727272729));
#3298 = CARTESIAN_POINT('',(-14.63267431662,5.102996562476,
    11.636363636363));
#3299 = CARTESIAN_POINT('',(-13.23073486936,-2.454381522429,12.));
#3300 = CARTESIAN_POINT('',(-12.43676174989,-4.776888562159,-4.));
#3301 = CARTESIAN_POINT('',(-9.708209383734,-11.88075026178,
    -3.636363636364));
#3302 = CARTESIAN_POINT('',(-2.517197672423,-17.27040626504,
    -3.272727272727));
#3303 = CARTESIAN_POINT('',(7.94941404837,-17.82812556523,
    -2.909090909091));
#3304 = CARTESIAN_POINT('',(17.99895672492,-11.38372392958,
    -2.545454545454));
#3305 = CARTESIAN_POINT('',(22.538710114929,1.111049402274,
    -2.181818181819));
#3306 = CARTESIAN_POINT('',(17.48724144434,14.262688073634,
    -1.818181818181));
#3307 = CARTESIAN_POINT('',(5.750405980972,20.505717367191,
    -1.454545454546));
#3308 = CARTESIAN_POINT('',(-6.029228528997,18.565657764515,
    -1.090909090909));
#3309 = CARTESIAN_POINT('',(-13.43127274111,11.144690629839,
    -0.727272727273));
#3310 = CARTESIAN_POINT('',(-15.16531411606,2.326973137469,
    -0.363636363636));
#3311 = CARTESIAN_POINT('',(-9.70820938373,-11.88075026178,
    0.363636363636));
#3312 = CARTESIAN_POINT('',(-2.517197672437,-17.270406265,0.727272727273
    ));
#3313 = CARTESIAN_POINT('',(7.949414048396,-17.8281255653,1.09090909091)
  );
#3314 = CARTESIAN_POINT('',(17.998956724896,-11.3837239295,
    1.454545454544));
#3315 = CARTESIAN_POINT('',(22.538710114929,1.11104940227,1.818181818184
    ));
#3316 = CARTESIAN_POINT('',(17.487241444374,14.262688073534,
    2.181818181816));
#3317 = CARTESIAN_POINT('',(5.750405980923,20.505717367337,
    2.545454545456));
#3318 = CARTESIAN_POINT('',(-6.029228528961,18.565657764403,
    2.90909090909));
#3319 = CARTESIAN_POINT('',(-13.43127274112,11.144690629888,
    3.272727272728));
#3320 = CARTESIAN_POINT('',(-15.16531411606,2.326973137461,
    3.636363636364));
#3321 = CARTESIAN_POINT('',(-9.708209383729,-11.88075026178,
    4.363636363636));
#3322 = CARTESIAN_POINT('',(-2.517197672449,-17.270406265,4.727272727274
    ));
#3323 = CARTESIAN_POINT('',(7.949414048424,-17.82812556533,
    5.090909090906));
#3324 = CARTESIAN_POINT('',(17.998956724855,-11.38372392945,
    5.454545454552));
#3325 = CARTESIAN_POINT('',(22.538710114974,1.111049402183,
    5.818181818174));
#3326 = CARTESIAN_POINT('',(17.487241444328,14.262688073637,
    6.181818181826));
#3327 = CARTESIAN_POINT('',(5.750405980962,20.505717367258,
    6.545454545449));
#3328 = CARTESIAN_POINT('',(-6.029228528985,18.565657764445,
    6.909090909094));
#3329 = CARTESIAN_POINT('',(-13.43127274111,11.144690629874,
    7.272727272726));
#3330 = CARTESIAN_POINT('',(-15.16531411606,2.326973137464,
    7.636363636364));
#3331 = CARTESIAN_POINT('',(-9.708209383726,-11.88075026179,
    8.363636363636));
#3332 = CARTESIAN_POINT('',(-2.517197672454,-17.27040626498,
    8.727272727273));
#3333 = CARTESIAN_POINT('',(7.949414048411,-17.82812556536,9.09090909091
    ));
#3334 = CARTESIAN_POINT('',(17.998956724932,-11.38372392947,
    9.454545454544));
#3335 = CARTESIAN_POINT('',(22.5387101148,1.111049402347,9.818181818184)
  );
#3336 = CARTESIAN_POINT('',(17.487241444573,14.262688073321,
    10.181818181816));
#3337 = CARTESIAN_POINT('',(5.75040598073,20.505717367611,
    10.545454545455));
#3338 = CARTESIAN_POINT('',(-6.029228528835,18.565657764187,
    10.909090909091));
#3339 = CARTESIAN_POINT('',(-13.43127274118,11.144690629998,
    11.272727272727));
#3340 = CARTESIAN_POINT('',(-15.16531411604,2.326973137427,
    11.636363636364));
#3341 = CARTESIAN_POINT('',(-12.43676174989,-4.776888562159,12.));
#3342 = CARTESIAN_POINT('',(-11.16958615303,-6.844731197779,-4.));
#3343 = CARTESIAN_POINT('',(-7.259884835451,-13.22478388905,
    -3.636363636364));
#3344 = CARTESIAN_POINT('',(0.657562082483,-17.14867078701,
    -3.272727272727));
#3345 = CARTESIAN_POINT('',(10.877161884725,-15.81441988342,
    -2.909090909091));
#3346 = CARTESIAN_POINT('',(19.440157183641,-7.784737779454,
    -2.545454545455));
#3347 = CARTESIAN_POINT('',(21.592949861691,5.108585366549,
    -2.181818181818));
#3348 = CARTESIAN_POINT('',(14.354776989497,16.920209979724,
    -1.818181818182));
#3349 = CARTESIAN_POINT('',(1.889394524266,20.855503876672,
    -1.454545454545));
#3350 = CARTESIAN_POINT('',(-9.152623132623,16.871218589948,
    -1.090909090909));
#3351 = CARTESIAN_POINT('',(-14.98105061394,8.371225725997,
    -0.727272727273));
#3352 = CARTESIAN_POINT('',(-15.07928747063,-0.464678506496,
    -0.363636363636));
#3353 = CARTESIAN_POINT('',(-7.259884835445,-13.22478388906,
    0.363636363636));
#3354 = CARTESIAN_POINT('',(0.657562082461,-17.14867078698,
    0.727272727273));
#3355 = CARTESIAN_POINT('',(10.877161884765,-15.81441988349,
    1.090909090909));
#3356 = CARTESIAN_POINT('',(19.440157183603,-7.784737779383,
    1.454545454545));
#3357 = CARTESIAN_POINT('',(21.592949861693,5.10858536654,1.818181818182
    ));
#3358 = CARTESIAN_POINT('',(14.354776989542,16.920209979643,
    2.181818181818));
#3359 = CARTESIAN_POINT('',(1.8893945242,20.855503876798,2.545454545455)
  );
#3360 = CARTESIAN_POINT('',(-9.152623132573,16.871218589849,
    2.909090909091));
#3361 = CARTESIAN_POINT('',(-14.98105061396,8.371225726042,
    3.272727272727));
#3362 = CARTESIAN_POINT('',(-15.07928747062,-0.464678506504,
    3.636363636364));
#3363 = CARTESIAN_POINT('',(-7.259884835444,-13.22478388906,
    4.363636363636));
#3364 = CARTESIAN_POINT('',(0.657562082449,-17.14867078697,
    4.727272727272));
#3365 = CARTESIAN_POINT('',(10.877161884802,-15.81441988352,
    5.09090909091));
#3366 = CARTESIAN_POINT('',(19.440157183535,-7.784737779334,
    5.454545454543));
#3367 = CARTESIAN_POINT('',(21.59294986178,5.108585366474,5.818181818186
    ));
#3368 = CARTESIAN_POINT('',(14.354776989464,16.920209979706,
    6.181818181813));
#3369 = CARTESIAN_POINT('',(1.889394524251,20.855503876752,
    6.545454545459));
#3370 = CARTESIAN_POINT('',(-9.152623132598,16.871218589874,
    6.909090909089));
#3371 = CARTESIAN_POINT('',(-14.98105061395,8.371225726032,
    7.272727272728));
#3372 = CARTESIAN_POINT('',(-15.07928747063,-0.464678506501,
    7.636363636364));
#3373 = CARTESIAN_POINT('',(-7.25988483544,-13.22478388906,
    8.363636363636));
#3374 = CARTESIAN_POINT('',(0.657562082439,-17.14867078696,
    8.727272727273));
#3375 = CARTESIAN_POINT('',(10.877161884788,-15.81441988354,
    9.090909090907));
#3376 = CARTESIAN_POINT('',(19.440157183639,-7.784737779353,
    9.454545454549));
#3377 = CARTESIAN_POINT('',(21.592949861543,5.108585366594,
    9.818181818177));
#3378 = CARTESIAN_POINT('',(14.354776989785,16.920209979475,
    10.181818181824));
#3379 = CARTESIAN_POINT('',(1.889394523959,20.855503877022,
    10.545454545449));
#3380 = CARTESIAN_POINT('',(-9.152623132413,16.871218589665,
    10.909090909095));
#3381 = CARTESIAN_POINT('',(-14.98105061403,8.371225726138,
    11.272727272725));
#3382 = CARTESIAN_POINT('',(-15.0792874706,-0.464678506534,
    11.636363636364));
#3383 = CARTESIAN_POINT('',(-11.16958615303,-6.844731197779,12.));
#3384 = DEFINITIONAL_REPRESENTATION('',(#3385),#3465);
#3385 = B_SPLINE_CURVE_WITH_KNOTS('',8,(#3386,#3387,#3388,#3389,#3390,
    #3391,#3392,#3393,#3394,#3395,#3396,#3397,#3398,#3399,#3400,#3401,
    #3402,#3403,#3404,#3405,#3406,#3407,#3408,#3409,#3410,#3411,#3412,
    #3413,#3414,#3415,#3416,#3417,#3418,#3419,#3420,#3421,#3422,#3423,
    #3424,#3425,#3426,#3427,#3428,#3429,#3430,#3431,#3432,#3433,#3434,
    #3435,#3436,#3437,#3438,#3439,#3440,#3441,#3442,#3443,#3444,#3445,
    #3446,#3447,#3448,#3449,#3450,#3451,#3452,#3453,#3454,#3455,#3456,
    #3457,#3458,#3459,#3460,#3461,#3462,#3463,#3464),.UNSPECIFIED.,.F.,
  .F.,(9,7,7,7,7,7,7,7,7,7,7,9),(1.492256018053,2.042037509927,
    2.316928255863,2.454373628832,2.523096315316,2.557457658558,
    2.574638330179,2.58322866599,2.587523833895,2.589671417848,
    2.590745209824,2.5918190018),.UNSPECIFIED.);
#3386 = CARTESIAN_POINT('',(2.512174188902E-10,11.299999999827));
#3387 = CARTESIAN_POINT('',(6.872269131997E-02,11.299999999827));
#3388 = CARTESIAN_POINT('',(0.137445381079,11.299999999827));
#3389 = CARTESIAN_POINT('',(0.206168069528,11.299999999827));
#3390 = CARTESIAN_POINT('',(0.274890756667,11.299999999827));
#3391 = CARTESIAN_POINT('',(0.343613442496,11.299999999827));
#3392 = CARTESIAN_POINT('',(0.412336127016,11.299999999827));
#3393 = CARTESIAN_POINT('',(0.481058810225,11.299999999827));
#3394 = CARTESIAN_POINT('',(0.58414283577,11.299999999827));
#3395 = CARTESIAN_POINT('',(0.618504179174,11.299999999827));
#3396 = CARTESIAN_POINT('',(0.652865522337,11.299999999827));
#3397 = CARTESIAN_POINT('',(0.687226865258,11.299999999827));
#3398 = CARTESIAN_POINT('',(0.721588207938,11.299999999827));
#3399 = CARTESIAN_POINT('',(0.755949550377,11.299999999827));
#3400 = CARTESIAN_POINT('',(0.790310892574,11.299999999827));
#3401 = CARTESIAN_POINT('',(0.841852905033,11.299999999827));
#3402 = CARTESIAN_POINT('',(0.859033575425,11.299999999827));
#3403 = CARTESIAN_POINT('',(0.876214245706,11.299999999827));
#3404 = CARTESIAN_POINT('',(0.893394915876,11.299999999827));
#3405 = CARTESIAN_POINT('',(0.910575585934,11.299999999827));
#3406 = CARTESIAN_POINT('',(0.927756255882,11.299999999827));
#3407 = CARTESIAN_POINT('',(0.944936925718,11.299999999827));
#3408 = CARTESIAN_POINT('',(0.970707930324,11.299999999827));
#3409 = CARTESIAN_POINT('',(0.979298265384,11.299999999827));
#3410 = CARTESIAN_POINT('',(0.987888600623,11.299999999827));
#3411 = CARTESIAN_POINT('',(0.996478936042,11.299999999827));
#3412 = CARTESIAN_POINT('',(1.00506927164,11.299999999827));
#3413 = CARTESIAN_POINT('',(1.013659607417,11.299999999827));
#3414 = CARTESIAN_POINT('',(1.022249943374,11.299999999827));
#3415 = CARTESIAN_POINT('',(1.035135447632,11.299999999827));
#3416 = CARTESIAN_POINT('',(1.039430615866,11.299999999827));
#3417 = CARTESIAN_POINT('',(1.043725784213,11.299999999827));
#3418 = CARTESIAN_POINT('',(1.048020952673,11.299999999827));
#3419 = CARTESIAN_POINT('',(1.052316121245,11.299999999827));
#3420 = CARTESIAN_POINT('',(1.056611289931,11.299999999827));
#3421 = CARTESIAN_POINT('',(1.06090645873,11.299999999827));
#3422 = CARTESIAN_POINT('',(1.06734921211,11.299999999827));
#3423 = CARTESIAN_POINT('',(1.069496796619,11.299999999827));
#3424 = CARTESIAN_POINT('',(1.071644381169,11.299999999827));
#3425 = CARTESIAN_POINT('',(1.073791965761,11.299999999827));
#3426 = CARTESIAN_POINT('',(1.075939550393,11.299999999827));
#3427 = CARTESIAN_POINT('',(1.078087135065,11.299999999827));
#3428 = CARTESIAN_POINT('',(1.080234719779,11.299999999827));
#3429 = CARTESIAN_POINT('',(1.083456096913,11.299999999827));
#3430 = CARTESIAN_POINT('',(1.084529889305,11.299999999827));
#3431 = CARTESIAN_POINT('',(1.085603681709,11.299999999827));
#3432 = CARTESIAN_POINT('',(1.086677474124,11.299999999827));
#3433 = CARTESIAN_POINT('',(1.087751266552,11.299999999827));
#3434 = CARTESIAN_POINT('',(1.088825058992,11.299999999827));
#3435 = CARTESIAN_POINT('',(1.089898851444,11.299999999827));
#3436 = CARTESIAN_POINT('',(1.091509540141,11.299999999827));
#3437 = CARTESIAN_POINT('',(1.092046436377,11.299999999827));
#3438 = CARTESIAN_POINT('',(1.092583332616,11.299999999827));
#3439 = CARTESIAN_POINT('',(1.093120228858,11.299999999827));
#3440 = CARTESIAN_POINT('',(1.093657125104,11.299999999827));
#3441 = CARTESIAN_POINT('',(1.094194021353,11.299999999827));
#3442 = CARTESIAN_POINT('',(1.094730917605,11.299999999827));
#3443 = CARTESIAN_POINT('',(1.095536261988,11.299999999827));
#3444 = CARTESIAN_POINT('',(1.095804710117,11.299999999827));
#3445 = CARTESIAN_POINT('',(1.096073158246,11.299999999827));
#3446 = CARTESIAN_POINT('',(1.096341606377,11.299999999827));
#3447 = CARTESIAN_POINT('',(1.096610054508,11.299999999827));
#3448 = CARTESIAN_POINT('',(1.09687850264,11.299999999827));
#3449 = CARTESIAN_POINT('',(1.097146950773,11.299999999827));
#3450 = CARTESIAN_POINT('',(1.097549622974,11.299999999827));
#3451 = CARTESIAN_POINT('',(1.097683847041,11.299999999827));
#3452 = CARTESIAN_POINT('',(1.097818071108,11.299999999827));
#3453 = CARTESIAN_POINT('',(1.097952295176,11.299999999827));
#3454 = CARTESIAN_POINT('',(1.098086519243,11.299999999827));
#3455 = CARTESIAN_POINT('',(1.098220743311,11.299999999827));
#3456 = CARTESIAN_POINT('',(1.098354967379,11.299999999827));
#3457 = CARTESIAN_POINT('',(1.098628759753,11.299996603333));
#3458 = CARTESIAN_POINT('',(1.098720672216,11.300023494323));
#3459 = CARTESIAN_POINT('',(1.09900193001,11.29993004624));
#3460 = CARTESIAN_POINT('',(1.098843325218,11.300116152558));
#3461 = CARTESIAN_POINT('',(1.099343127252,11.299883810243));
#3462 = CARTESIAN_POINT('',(1.099184254015,11.300070089585));
#3463 = CARTESIAN_POINT('',(1.099466046683,11.299976302111));
#3464 = CARTESIAN_POINT('',(1.099557428756,11.300003530484));
#3465 = ( GEOMETRIC_REPRESENTATION_CONTEXT(2)
PARAMETRIC_REPRESENTATION_CONTEXT() REPRESENTATION_CONTEXT('2D SPACE',''
  ) );
#3466 = ORIENTED_EDGE('',*,*,#3467,.F.);
#3467 = EDGE_CURVE('',#3468,#3073,#3470,.T.);
#3468 = VERTEX_POINT('',#3469);
#3469 = CARTESIAN_POINT('',(10.817562589955,-9.352568934577,
    7.946157725779));
#3470 = SURFACE_CURVE('',#3471,(#3663,#3858),.PCURVE_S1.);
#3471 = B_SPLINE_CURVE_WITH_KNOTS('',8,(#3472,#3473,#3474,#3475,#3476,
    #3477,#3478,#3479,#3480,#3481,#3482,#3483,#3484,#3485,#3486,#3487,
    #3488,#3489,#3490,#3491,#3492,#3493,#3494,#3495,#3496,#3497,#3498,
    #3499,#3500,#3501,#3502,#3503,#3504,#3505,#3506,#3507,#3508,#3509,
    #3510,#3511,#3512,#3513,#3514,#3515,#3516,#3517,#3518,#3519,#3520,
    #3521,#3522,#3523,#3524,#3525,#3526,#3527,#3528,#3529,#3530,#3531,
    #3532,#3533,#3534,#3535,#3536,#3537,#3538,#3539,#3540,#3541,#3542,
    #3543,#3544,#3545,#3546,#3547,#3548,#3549,#3550,#3551,#3552,#3553,
    #3554,#3555,#3556,#3557,#3558,#3559,#3560,#3561,#3562,#3563,#3564,
    #3565,#3566,#3567,#3568,#3569,#3570,#3571,#3572,#3573,#3574,#3575,
    #3576,#3577,#3578,#3579,#3580,#3581,#3582,#3583,#3584,#3585,#3586,
    #3587,#3588,#3589,#3590,#3591,#3592,#3593,#3594,#3595,#3596,#3597,
    #3598,#3599,#3600,#3601,#3602,#3603,#3604,#3605,#3606,#3607,#3608,
    #3609,#3610,#3611,#3612,#3613,#3614,#3615,#3616,#3617,#3618,#3619,
    #3620,#3621,#3622,#3623,#3624,#3625,#3626,#3627,#3628,#3629,#3630,
    #3631,#3632,#3633,#3634,#3635,#3636,#3637,#3638,#3639,#3640,#3641,
    #3642,#3643,#3644,#3645,#3646,#3647,#3648,#3649,#3650,#3651,#3652,
    #3653,#3654,#3655,#3656,#3657,#3658,#3659,#3660,#3661,#3662),
  .UNSPECIFIED.,.F.,.F.,(9,7,7,7,7,7,7,7,7,7,7,7,7,7,7,7,7,7,7,7,7,7,7,7
    ,7,7,7,9),(0.,8.297889639488E-02,0.121008238904,0.149990892308,
    0.171972460183,0.237965207045,0.255963534849,0.2869674115,
    0.333960025278,0.357959552129,0.381962197042,0.412958244157,
    0.43695736795,0.508956837742,0.543962376621,0.569961918986,
    0.58995930287,0.619964022876,0.650965388279,0.6819644653,
    0.727973095899,0.750970344846,0.774971217279,0.811973422554,
    0.838977954397,0.881008131824,0.922984271521,1.),.UNSPECIFIED.);
#3472 = CARTESIAN_POINT('',(10.817562589954,-9.352568934577,
    7.946157725779));
#3473 = CARTESIAN_POINT('',(10.532562668758,-9.664336228358,
    7.939862647438));
#3474 = CARTESIAN_POINT('',(10.236561407807,-9.966836199133,
    7.933495244807));
#3475 = CARTESIAN_POINT('',(9.930014443479,-10.25948987827,
    7.927073617788));
#3476 = CARTESIAN_POINT('',(9.613400899232,-10.54177015921,
    7.920613436321));
#3477 = CARTESIAN_POINT('',(9.287219608337,-10.81319827851,
    7.914128068485));
#3478 = CARTESIAN_POINT('',(8.951985336615,-11.07334029688,
    7.907628708588));
#3479 = CARTESIAN_POINT('',(8.608225005172,-11.32180358027,
    7.901124505264));
#3480 = CARTESIAN_POINT('',(8.095265903171,-11.6665893383,7.891642898474
    ));
#3481 = CARTESIAN_POINT('',(7.932378893082,-11.77241833674,
    7.888663605534));
#3482 = CARTESIAN_POINT('',(7.767864692505,-11.87568619079,
    7.885685570301));
#3483 = CARTESIAN_POINT('',(7.601767800824,-11.97636356924,
    7.882708556336));
#3484 = CARTESIAN_POINT('',(7.434136555957,-12.07442083913,
    7.879732711781));
#3485 = CARTESIAN_POINT('',(7.26502020279,-12.1698292445,7.876758217175)
  );
#3486 = CARTESIAN_POINT('',(7.094464291327,-12.26256282339,
    7.873784726862));
#3487 = CARTESIAN_POINT('',(6.791473420438,-12.42121068355,
    7.868546676092));
#3488 = CARTESIAN_POINT('',(6.659621673079,-12.48825713084,
    7.866281730016));
#3489 = CARTESIAN_POINT('',(6.526982442209,-12.5537236235,7.864017196038
    ));
#3490 = CARTESIAN_POINT('',(6.3935764861,-12.61759921367,7.861752946284)
  );
#3491 = CARTESIAN_POINT('',(6.25942445163,-12.67987329054,7.859488821062
    ));
#3492 = CARTESIAN_POINT('',(6.124546874288,-12.74053558031,
    7.857224628865));
#3493 = CARTESIAN_POINT('',(5.98896417817,-12.79957614623,7.854960146369
    ));
#3494 = CARTESIAN_POINT('',(5.749346119813,-12.90052678343,
    7.850977233449));
#3495 = CARTESIAN_POINT('',(5.645601638651,-12.94312977136,
    7.849259035164));
#3496 = CARTESIAN_POINT('',(5.541472084851,-12.98479015551,
    7.847540412183));
#3497 = CARTESIAN_POINT('',(5.436966271053,-13.02550381895,7.84582124333
    ));
#3498 = CARTESIAN_POINT('',(5.332092970185,-13.06526672464,
    7.844101397659));
#3499 = CARTESIAN_POINT('',(5.226860915461,-13.10407491542,
    7.842380734452));
#3500 = CARTESIAN_POINT('',(5.121278800379,-13.14192451404,
    7.840659103217));
#3501 = CARTESIAN_POINT('',(4.697353205754,-13.28955397163,
    7.833764299828));
#3502 = CARTESIAN_POINT('',(4.376269778976,-13.39162273012,
    7.828581628203));
#3503 = CARTESIAN_POINT('',(4.052407129428,-13.48490368006,
    7.823391611176));
#3504 = CARTESIAN_POINT('',(3.726065926953,-13.56929843379,
    7.818196760781));
#3505 = CARTESIAN_POINT('',(3.397543380582,-13.64472296486,
    7.812998690915));
#3506 = CARTESIAN_POINT('',(3.067132105478,-13.71110598223,
    7.807798068882));
#3507 = CARTESIAN_POINT('',(2.735119856445,-13.7683872484,7.802594646297
    ));
#3508 = CARTESIAN_POINT('',(2.310880474976,-13.82964204447,
    7.795967178759));
#3509 = CARTESIAN_POINT('',(2.219872764834,-13.84208745307,
    7.794546700004));
#3510 = CARTESIAN_POINT('',(2.128772726751,-13.85385104112,
    7.793125910681));
#3511 = CARTESIAN_POINT('',(2.037586060244,-13.86493182911,
    7.791704783583));
#3512 = CARTESIAN_POINT('',(1.946318435175,-13.87532888409,
    7.790283286686));
#3513 = CARTESIAN_POINT('',(1.854975491748,-13.88504131974,
    7.788861383158));
#3514 = CARTESIAN_POINT('',(1.76356284051,-13.89406829631,7.787439031352
    ));
#3515 = CARTESIAN_POINT('',(1.514508381946,-13.91677673257,
    7.783565192736));
#3516 = CARTESIAN_POINT('',(1.356739938129,-13.92910805648,
    7.781112678716));
#3517 = CARTESIAN_POINT('',(1.198810447016,-13.93939894116,
    7.778658540315));
#3518 = CARTESIAN_POINT('',(1.040756064272,-13.94764663464,
    7.776203392016));
#3519 = CARTESIAN_POINT('',(0.882608808042,-13.95384871507,
    7.773747372587));
#3520 = CARTESIAN_POINT('',(0.72439945042,-13.95800330264,7.771290471894
    ));
#3521 = CARTESIAN_POINT('',(0.566161879587,-13.9601094022,7.768833024051
    ));
#3522 = CARTESIAN_POINT('',(0.168090035317,-13.9602526055,7.76264940478)
  );
#3523 = CARTESIAN_POINT('',(-7.1740499279E-02,-13.955631239,
    7.758922544578));
#3524 = CARTESIAN_POINT('',(-0.311454274888,-13.94630010414,
    7.75519472061));
#3525 = CARTESIAN_POINT('',(-0.550942831157,-13.93225992344,
    7.751465985109));
#3526 = CARTESIAN_POINT('',(-0.79009961188,-13.91351394529,
    7.747736158005));
#3527 = CARTESIAN_POINT('',(-1.028819935375,-13.89006762503,
    7.744004829771));
#3528 = CARTESIAN_POINT('',(-1.267000964863,-13.86192830589,
    7.740271364258));
#3529 = CARTESIAN_POINT('',(-1.625855738336,-13.81234170794,
    7.734626658292));
#3530 = CARTESIAN_POINT('',(-1.74700315006,-13.79435666597,
    7.732717593059));
#3531 = CARTESIAN_POINT('',(-1.867968301417,-13.77515177491,
    7.730807848785));
#3532 = CARTESIAN_POINT('',(-1.988743148507,-13.75472637241,
    7.728896658972));
#3533 = CARTESIAN_POINT('',(-2.10931046202,-13.73308324026,
    7.726984361944));
#3534 = CARTESIAN_POINT('',(-2.229651261192,-13.7102261044,7.72507150969
    ));
#3535 = CARTESIAN_POINT('',(-2.349753814044,-13.68615646382,
    7.72315778756));
#3536 = CARTESIAN_POINT('',(-2.589464921004,-13.63559562058,
    7.719328885895));
#3537 = CARTESIAN_POINT('',(-2.709073664448,-13.60910400989,
    7.717413677287));
#3538 = CARTESIAN_POINT('',(-2.828412727924,-13.5814057603,7.71549792745
    ));
#3539 = CARTESIAN_POINT('',(-2.94746719896,-13.55250394844,
    7.713581712324));
#3540 = CARTESIAN_POINT('',(-3.066222337124,-13.52240181956,
    7.711665091596));
#3541 = CARTESIAN_POINT('',(-3.184663574022,-13.49110278751,
    7.709748108704));
#3542 = CARTESIAN_POINT('',(-3.302776513299,-13.45861043477,
    7.707830790835));
#3543 = CARTESIAN_POINT('',(-3.572630895471,-13.38143303697,
    7.703436783542));
#3544 = CARTESIAN_POINT('',(-3.724143654078,-13.33595376422,
    7.70095987813));
#3545 = CARTESIAN_POINT('',(-3.875054604243,-13.28849879741,
    7.698482455548));
#3546 = CARTESIAN_POINT('',(-4.025333600811,-13.2390765597,
    7.696004493991));
#3547 = CARTESIAN_POINT('',(-4.174950955695,-13.18769579413,
    7.693525926993));
#3548 = CARTESIAN_POINT('',(-4.32387743787,-13.13436556368,
    7.691046643424));
#3549 = CARTESIAN_POINT('',(-4.472084273379,-13.07909525119,
    7.688566487494));
#3550 = CARTESIAN_POINT('',(-4.733715243111,-12.97760612239,
    7.684164132625));
#3551 = CARTESIAN_POINT('',(-4.847438849531,-12.93216050834,
    7.682242379318));
#3552 = CARTESIAN_POINT('',(-4.960701603457,-12.88556158409,
    7.680319793452));
#3553 = CARTESIAN_POINT('',(-5.073488170846,-12.83781560377,
    7.678396590747));
#3554 = CARTESIAN_POINT('',(-5.185788591401,-12.78892515663,
    7.676472245291));
#3555 = CARTESIAN_POINT('',(-5.2975909239,-12.7388943256,7.674546509388)
  );
#3556 = CARTESIAN_POINT('',(-5.408875910223,-12.68773257614,
    7.672620158814));
#3557 = CARTESIAN_POINT('',(-5.851907466048,-12.47857727999,
    7.664911380191));
#3558 = CARTESIAN_POINT('',(-6.179414309476,-12.31157782525,
    7.659122990512));
#3559 = CARTESIAN_POINT('',(-6.501764825548,-12.13462037263,
    7.653330799409));
#3560 = CARTESIAN_POINT('',(-6.818590617461,-11.94789083139,
    7.647536400139));
#3561 = CARTESIAN_POINT('',(-7.129540536636,-11.75158475541,
    7.641740037457));
#3562 = CARTESIAN_POINT('',(-7.434279244852,-11.54590492015,
    7.63594062802));
#3563 = CARTESIAN_POINT('',(-7.732485776393,-11.33105889975,
    7.630135780785));
#3564 = CARTESIAN_POINT('',(-8.165511965251,-10.99844586273,
    7.621495117141));
#3565 = CARTESIAN_POINT('',(-8.305555712064,-10.88751718676,
    7.618666151503));
#3566 = CARTESIAN_POINT('',(-8.443945264184,-10.77449756008,
    7.615834948907));
#3567 = CARTESIAN_POINT('',(-8.580638776869,-10.65942000798,
    7.613002311082));
#3568 = CARTESIAN_POINT('',(-8.715598484439,-10.54231481313,
    7.610168467073));
#3569 = CARTESIAN_POINT('',(-8.848788419929,-10.42321192475,
    7.60733345417));
#3570 = CARTESIAN_POINT('',(-8.980171075632,-10.30214454589,
    7.604497680153));
#3571 = CARTESIAN_POINT('',(-9.205925608506,-10.08778795972,
    7.599554333622));
#3572 = CARTESIAN_POINT('',(-9.30112313729,-9.99536562364,7.597447124622
    ));
#3573 = CARTESIAN_POINT('',(-9.395290333098,-9.901889927095,
    7.595339530772));
#3574 = CARTESIAN_POINT('',(-9.488413168025,-9.807374011799,
    7.593231565449));
#3575 = CARTESIAN_POINT('',(-9.580477912656,-9.711831069821,
    7.59112321884));
#3576 = CARTESIAN_POINT('',(-9.67147113607,-9.615274343592,
    7.589014457942));
#3577 = CARTESIAN_POINT('',(-9.761379705841,-9.517717125905,
    7.586905226563));
#3578 = CARTESIAN_POINT('',(-9.918499271272,-9.343377982888,
    7.583172720394));
#3579 = CARTESIAN_POINT('',(-9.986158490787,-9.266999214903,
    7.581549670295));
#3580 = CARTESIAN_POINT('',(-10.05316260494,-9.190042518893,
    7.579926258829));
#3581 = CARTESIAN_POINT('',(-10.11950586029,-9.112513960858,
    7.578302441919));
#3582 = CARTESIAN_POINT('',(-10.18518259161,-9.034419609859,
    7.57667816761));
#3583 = CARTESIAN_POINT('',(-10.25018722182,-8.955765538025,
    7.575053376069));
#3584 = CARTESIAN_POINT('',(-10.31451426208,-8.876557820548,
    7.573427999581));
#3585 = CARTESIAN_POINT('',(-10.47365189734,-8.677135132929,
    7.569362204128));
#3586 = CARTESIAN_POINT('',(-10.5676077249,-8.556235279356,7.56692099543
    ));
#3587 = CARTESIAN_POINT('',(-10.66000903108,-8.434120422827,
    7.564477686948));
#3588 = CARTESIAN_POINT('',(-10.75083300874,-8.310820653192,
    7.562033231203));
#3589 = CARTESIAN_POINT('',(-10.84006072488,-8.186360342807,
    7.559587768898));
#3590 = CARTESIAN_POINT('',(-10.92767493628,-8.060762058401,
    7.557141148978));
#3591 = CARTESIAN_POINT('',(-11.0136562191,-7.934053601735,
    7.554693860146));
#3592 = CARTESIAN_POINT('',(-11.18512062136,-7.674219610394,
    7.549716528802));
#3593 = CARTESIAN_POINT('',(-11.27049218306,-7.541020900551,
    7.547186466586));
#3594 = CARTESIAN_POINT('',(-11.35408343102,-7.406690756172,
    7.544655775813));
#3595 = CARTESIAN_POINT('',(-11.43587592042,-7.271256993016,
    7.542124519512));
#3596 = CARTESIAN_POINT('',(-11.5158518445,-7.134747393452,
    7.539592712635));
#3597 = CARTESIAN_POINT('',(-11.59399403454,-6.997189706461,
    7.537060322062));
#3598 = CARTESIAN_POINT('',(-11.67028595985,-6.858611647632,
    7.534527266596));
#3599 = CARTESIAN_POINT('',(-11.81913200197,-6.57948045318,
    7.529459754369));
#3600 = CARTESIAN_POINT('',(-11.89168642132,-6.438927210337,
    7.526925272559));
#3601 = CARTESIAN_POINT('',(-11.96235870156,-6.297410099913,
    7.524390005474));
#3602 = CARTESIAN_POINT('',(-12.03113439299,-6.154952944141,
    7.521853313586));
#3603 = CARTESIAN_POINT('',(-12.09799709022,-6.011588802536,
    7.519315679012));
#3604 = CARTESIAN_POINT('',(-12.16293364303,-5.867341446083,
    7.516776365967));
#3605 = CARTESIAN_POINT('',(-12.22593035668,-5.722234764014,
    7.514234708662));
#3606 = CARTESIAN_POINT('',(-12.37756901144,-5.359720503863,
    7.507917111139));
#3607 = CARTESIAN_POINT('',(-12.46385943975,-5.141322768268,
    7.50413919926));
#3608 = CARTESIAN_POINT('',(-12.54579587565,-4.921219867381,
    7.500358804945));
#3609 = CARTESIAN_POINT('',(-12.6233351491,-4.6995180016,7.49657663824)
  );
#3610 = CARTESIAN_POINT('',(-12.69643778511,-4.476322781432,
    7.492793170274));
#3611 = CARTESIAN_POINT('',(-12.76506770222,-4.251739094263,
    7.489008634281));
#3612 = CARTESIAN_POINT('',(-12.82919191087,-4.025870971125,
    7.485223026622));
#3613 = CARTESIAN_POINT('',(-12.91856521045,-3.685331566602,
    7.479543230015));
#3614 = CARTESIAN_POINT('',(-12.94721692643,-3.571546484521,
    7.47765002433));
#3615 = CARTESIAN_POINT('',(-12.97473161181,-3.457479064046,
    7.47575646036));
#3616 = CARTESIAN_POINT('',(-13.00110567392,-3.343142092949,
    7.473862493182));
#3617 = CARTESIAN_POINT('',(-13.02633567549,-3.22854828995,
    7.471968063346));
#3618 = CARTESIAN_POINT('',(-13.05041833461,-3.113710304714,
    7.470073096866));
#3619 = CARTESIAN_POINT('',(-13.07335052481,-2.998640717851,
    7.468177505226));
#3620 = CARTESIAN_POINT('',(-13.11785847208,-2.763032048107,
    7.464302108186));
#3621 = CARTESIAN_POINT('',(-13.13933134322,-2.642473521232,
    7.46232225155));
#3622 = CARTESIAN_POINT('',(-13.1595445395,-2.521690666251,7.46034149131
    ));
#3623 = CARTESIAN_POINT('',(-13.17849465478,-2.400695583963,
    7.458359462019));
#3624 = CARTESIAN_POINT('',(-13.19617874272,-2.279506696317,
    7.456376523545));
#3625 = CARTESIAN_POINT('',(-13.21259418464,-2.158142529918,
    7.454393038877));
#3626 = CARTESIAN_POINT('',(-13.227738467,-2.036616079336,7.45240872265)
  );
#3627 = CARTESIAN_POINT('',(-13.26299432171,-1.727364322581,
    7.447363690205));
#3628 = CARTESIAN_POINT('',(-13.28135260423,-1.539439102124,
    7.444302085926));
#3629 = CARTESIAN_POINT('',(-13.29667646775,-1.351228166048,
    7.44123924188));
#3630 = CARTESIAN_POINT('',(-13.30895926696,-1.162789701233,
    7.438175290572));
#3631 = CARTESIAN_POINT('',(-13.31819551842,-0.974181226875,
    7.435110262137));
#3632 = CARTESIAN_POINT('',(-13.32438090052,-0.785459594487,
    7.432044084344));
#3633 = CARTESIAN_POINT('',(-13.32751225352,-0.596680987896,
    7.428976582589));
#3634 = CARTESIAN_POINT('',(-13.32764255308,-0.270127587053,
    7.423667622021));
#3635 = CARTESIAN_POINT('',(-13.32606974297,-0.13235345726,7.4214269121)
  );
#3636 = CARTESIAN_POINT('',(-13.32286832858,5.399920832965E-03,
    7.4191852419));
#3637 = CARTESIAN_POINT('',(-13.31803771225,0.143111189224,
    7.416942475544));
#3638 = CARTESIAN_POINT('',(-13.31157751931,0.280759177213,
    7.414698449516));
#3639 = CARTESIAN_POINT('',(-13.30348759802,0.418322901402,
    7.412452972666));
#3640 = CARTESIAN_POINT('',(-13.29376801964,0.555781565692,
    7.410205826208));
#3641 = CARTESIAN_POINT('',(-13.26475545001,0.906861283688,
    7.404456295866));
#3642 = CARTESIAN_POINT('',(-13.24314449016,1.120304625382,
    7.400951065988));
#3643 = CARTESIAN_POINT('',(-13.21759220439,1.333348543925,
    7.397442387122));
#3644 = CARTESIAN_POINT('',(-13.18810752138,1.545898636848,
    7.393931404789));
#3645 = CARTESIAN_POINT('',(-13.15470206042,1.757862175071,7.39041909402
    ));
#3646 = CARTESIAN_POINT('',(-13.11738989884,1.96914813632,7.386906256388
    ));
#3647 = CARTESIAN_POINT('',(-13.07618733948,2.179667238543,
    7.383393517038));
#3648 = CARTESIAN_POINT('',(-12.9860959688,2.598727144494,7.376373641991
    ));
#3649 = CARTESIAN_POINT('',(-12.93721717739,2.807270107418,
    7.372866525635));
#3650 = CARTESIAN_POINT('',(-12.88449402086,3.014874561945,
    7.369360304133));
#3651 = CARTESIAN_POINT('',(-12.82794772935,3.221453513955,
    7.365855492127));
#3652 = CARTESIAN_POINT('',(-12.76759926464,3.426925153935,
    7.362351968751));
#3653 = CARTESIAN_POINT('',(-12.70347161906,3.631208580666,
    7.358849560034));
#3654 = CARTESIAN_POINT('',(-12.63559126926,3.834220960317,
    7.355348424735));
#3655 = CARTESIAN_POINT('',(-12.43259648486,4.40589581208,7.345424591516
    ));
#3656 = CARTESIAN_POINT('',(-12.28865777441,4.771373507788,
    7.339002563208));
#3657 = CARTESIAN_POINT('',(-12.13230586654,5.131870491831,
    7.332574900995));
#3658 = CARTESIAN_POINT('',(-11.96368806221,5.486950242932,
    7.326133097415));
#3659 = CARTESIAN_POINT('',(-11.78295558522,5.836187237804,
    7.319666921508));
#3660 = CARTESIAN_POINT('',(-11.59026204389,6.179163512503,
    7.313164664172));
#3661 = CARTESIAN_POINT('',(-11.38576359427,6.515464572386,
    7.306613504912));
#3662 = CARTESIAN_POINT('',(-11.16962080495,6.844674650672,7.3));
#3663 = PCURVE('',#1942,#3664);
#3664 = DEFINITIONAL_REPRESENTATION('',(#3665),#3857);
#3665 = B_SPLINE_CURVE_WITH_KNOTS('',8,(#3666,#3667,#3668,#3669,#3670,
    #3671,#3672,#3673,#3674,#3675,#3676,#3677,#3678,#3679,#3680,#3681,
    #3682,#3683,#3684,#3685,#3686,#3687,#3688,#3689,#3690,#3691,#3692,
    #3693,#3694,#3695,#3696,#3697,#3698,#3699,#3700,#3701,#3702,#3703,
    #3704,#3705,#3706,#3707,#3708,#3709,#3710,#3711,#3712,#3713,#3714,
    #3715,#3716,#3717,#3718,#3719,#3720,#3721,#3722,#3723,#3724,#3725,
    #3726,#3727,#3728,#3729,#3730,#3731,#3732,#3733,#3734,#3735,#3736,
    #3737,#3738,#3739,#3740,#3741,#3742,#3743,#3744,#3745,#3746,#3747,
    #3748,#3749,#3750,#3751,#3752,#3753,#3754,#3755,#3756,#3757,#3758,
    #3759,#3760,#3761,#3762,#3763,#3764,#3765,#3766,#3767,#3768,#3769,
    #3770,#3771,#3772,#3773,#3774,#3775,#3776,#3777,#3778,#3779,#3780,
    #3781,#3782,#3783,#3784,#3785,#3786,#3787,#3788,#3789,#3790,#3791,
    #3792,#3793,#3794,#3795,#3796,#3797,#3798,#3799,#3800,#3801,#3802,
    #3803,#3804,#3805,#3806,#3807,#3808,#3809,#3810,#3811,#3812,#3813,
    #3814,#3815,#3816,#3817,#3818,#3819,#3820,#3821,#3822,#3823,#3824,
    #3825,#3826,#3827,#3828,#3829,#3830,#3831,#3832,#3833,#3834,#3835,
    #3836,#3837,#3838,#3839,#3840,#3841,#3842,#3843,#3844,#3845,#3846,
    #3847,#3848,#3849,#3850,#3851,#3852,#3853,#3854,#3855,#3856),
  .UNSPECIFIED.,.F.,.F.,(9,7,7,7,7,7,7,7,7,7,7,7,7,7,7,7,7,7,7,7,7,7,7,7
    ,7,7,7,9),(0.,8.297889639488E-02,0.121008238904,0.149990892308,
    0.171972460183,0.237965207045,0.255963534849,0.2869674115,
    0.333960025278,0.357959552129,0.381962197042,0.412958244157,
    0.43695736795,0.508956837742,0.543962376621,0.569961918986,
    0.58995930287,0.619964022876,0.650965388279,0.6819644653,
    0.727973095899,0.750970344846,0.774971217279,0.811973422554,
    0.838977954397,0.881008131824,0.922984271521,1.),.UNSPECIFIED.);
#3666 = CARTESIAN_POINT('',(5.570291660803,0.646157725779));
#3667 = CARTESIAN_POINT('',(5.54076436099,0.639862647438));
#3668 = CARTESIAN_POINT('',(5.511168986738,0.633495244807));
#3669 = CARTESIAN_POINT('',(5.481516388245,0.627073617788));
#3670 = CARTESIAN_POINT('',(5.451815788959,0.620613436321));
#3671 = CARTESIAN_POINT('',(5.422074991315,0.614128068485));
#3672 = CARTESIAN_POINT('',(5.392300582478,0.607628708588));
#3673 = CARTESIAN_POINT('',(5.362498140077,0.601124505264));
#3674 = CARTESIAN_POINT('',(5.319003277583,0.591642898474));
#3675 = CARTESIAN_POINT('',(5.305329172567,0.588663605534));
#3676 = CARTESIAN_POINT('',(5.291650591087,0.585685570301));
#3677 = CARTESIAN_POINT('',(5.277967390516,0.582708556336));
#3678 = CARTESIAN_POINT('',(5.264279662998,0.579732711781));
#3679 = CARTESIAN_POINT('',(5.250587520166,0.576758217175));
#3680 = CARTESIAN_POINT('',(5.236890751284,0.573784726862));
#3681 = CARTESIAN_POINT('',(5.212747227644,0.568546676092));
#3682 = CARTESIAN_POINT('',(5.202302432671,0.566281730016));
#3683 = CARTESIAN_POINT('',(5.191854844623,0.564017196038));
#3684 = CARTESIAN_POINT('',(5.181404383524,0.561752946284));
#3685 = CARTESIAN_POINT('',(5.170950948941,0.559488821062));
#3686 = CARTESIAN_POINT('',(5.160494419988,0.557224628865));
#3687 = CARTESIAN_POINT('',(5.150034655326,0.554960146369));
#3688 = CARTESIAN_POINT('',(5.131635825366,0.550977233449));
#3689 = CARTESIAN_POINT('',(5.123698203304,0.549259035164));
#3690 = CARTESIAN_POINT('',(5.115758556088,0.547540412183));
#3691 = CARTESIAN_POINT('',(5.107816806345,0.54582124333));
#3692 = CARTESIAN_POINT('',(5.099872870217,0.544101397659));
#3693 = CARTESIAN_POINT('',(5.091926657362,0.542380734452));
#3694 = CARTESIAN_POINT('',(5.083978070955,0.540659103217));
#3695 = CARTESIAN_POINT('',(5.052156439916,0.533764299828));
#3696 = CARTESIAN_POINT('',(5.028263251349,0.528581628203));
#3697 = CARTESIAN_POINT('',(5.004349428324,0.523391611176));
#3698 = CARTESIAN_POINT('',(4.980416461088,0.518196760781));
#3699 = CARTESIAN_POINT('',(4.956465293493,0.512998690915));
#3700 = CARTESIAN_POINT('',(4.93249630815,0.507798068882));
#3701 = CARTESIAN_POINT('',(4.908509347009,0.502594646297));
#3702 = CARTESIAN_POINT('',(4.877956679848,0.495967178759));
#3703 = CARTESIAN_POINT('',(4.871408203156,0.494546700004));
#3704 = CARTESIAN_POINT('',(4.864858322705,0.493125910681));
#3705 = CARTESIAN_POINT('',(4.858307020806,0.491704783583));
#3706 = CARTESIAN_POINT('',(4.851754276696,0.490283286686));
#3707 = CARTESIAN_POINT('',(4.845200066536,0.488861383158));
#3708 = CARTESIAN_POINT('',(4.838644363412,0.487439031352));
#3709 = CARTESIAN_POINT('',(4.820791675291,0.483565192736));
#3710 = CARTESIAN_POINT('',(4.809491660772,0.481112678716));
#3711 = CARTESIAN_POINT('',(4.798187023249,0.478658540315));
#3712 = CARTESIAN_POINT('',(4.78687813756,0.476203392016));
#3713 = CARTESIAN_POINT('',(4.775565083714,0.473747372587));
#3714 = CARTESIAN_POINT('',(4.76424785057,0.471290471894));
#3715 = CARTESIAN_POINT('',(4.75292664234,0.468833024051));
#3716 = CARTESIAN_POINT('',(4.72443583423,0.46264940478));
#3717 = CARTESIAN_POINT('',(4.707261085435,0.458922544547));
#3718 = CARTESIAN_POINT('',(4.690077366733,0.455194720573));
#3719 = CARTESIAN_POINT('',(4.672884698806,0.451465985092));
#3720 = CARTESIAN_POINT('',(4.65568295763,0.447736158015));
#3721 = CARTESIAN_POINT('',(4.638471875333,0.444004829788));
#3722 = CARTESIAN_POINT('',(4.621251041065,0.440271364258));
#3723 = CARTESIAN_POINT('',(4.595219812753,0.434626658292));
#3724 = CARTESIAN_POINT('',(4.586417008523,0.432717593059));
#3725 = CARTESIAN_POINT('',(4.577611577377,0.430807848785));
#3726 = CARTESIAN_POINT('',(4.568803038769,0.428896658972));
#3727 = CARTESIAN_POINT('',(4.559991597366,0.426984361944));
#3728 = CARTESIAN_POINT('',(4.551177592507,0.42507150969));
#3729 = CARTESIAN_POINT('',(4.542360827916,0.42315778756));
#3730 = CARTESIAN_POINT('',(4.524720959119,0.419328885895));
#3731 = CARTESIAN_POINT('',(4.51589783532,0.417413677287));
#3732 = CARTESIAN_POINT('',(4.507072149953,0.41549792745));
#3733 = CARTESIAN_POINT('',(4.498243948061,0.413581712324));
#3734 = CARTESIAN_POINT('',(4.489413264817,0.411665091596));
#3735 = CARTESIAN_POINT('',(4.480580125518,0.409748108704));
#3736 = CARTESIAN_POINT('',(4.471744545587,0.407830790835));
#3737 = CARTESIAN_POINT('',(4.451493474609,0.403436783542));
#3738 = CARTESIAN_POINT('',(4.440076357856,0.40095987813));
#3739 = CARTESIAN_POINT('',(4.428655191408,0.398482455548));
#3740 = CARTESIAN_POINT('',(4.417229958351,0.396004493991));
#3741 = CARTESIAN_POINT('',(4.405800613764,0.393525926993));
#3742 = CARTESIAN_POINT('',(4.394367084717,0.391046643424));
#3743 = CARTESIAN_POINT('',(4.382929270272,0.388566487494));
#3744 = CARTESIAN_POINT('',(4.362627735517,0.384164132625));
#3745 = CARTESIAN_POINT('',(4.353765791615,0.382242379318));
#3746 = CARTESIAN_POINT('',(4.344901079295,0.380319793452));
#3747 = CARTESIAN_POINT('',(4.336033733112,0.378396590747));
#3748 = CARTESIAN_POINT('',(4.327163422059,0.376472245291));
#3749 = CARTESIAN_POINT('',(4.318289985965,0.374546509388));
#3750 = CARTESIAN_POINT('',(4.309413903627,0.372620158814));
#3751 = CARTESIAN_POINT('',(4.27389774228,0.364911380191));
#3752 = CARTESIAN_POINT('',(4.247235838974,0.359122990512));
#3753 = CARTESIAN_POINT('',(4.220551114144,0.353330799409));
#3754 = CARTESIAN_POINT('',(4.193844496349,0.347536400139));
#3755 = CARTESIAN_POINT('',(4.167116086073,0.341740037457));
#3756 = CARTESIAN_POINT('',(4.140365165764,0.33594062802));
#3757 = CARTESIAN_POINT('',(4.113590209884,0.330135780785));
#3758 = CARTESIAN_POINT('',(4.073758320216,0.321495117141));
#3759 = CARTESIAN_POINT('',(4.060721431794,0.318666151503));
#3760 = CARTESIAN_POINT('',(4.047678235252,0.315834948907));
#3761 = CARTESIAN_POINT('',(4.034629218956,0.313002311082));
#3762 = CARTESIAN_POINT('',(4.021574515157,0.310168467073));
#3763 = CARTESIAN_POINT('',(4.008514138952,0.30733345417));
#3764 = CARTESIAN_POINT('',(3.995448339577,0.304497680153));
#3765 = CARTESIAN_POINT('',(3.972668740933,0.299554333622));
#3766 = CARTESIAN_POINT('',(3.962957387666,0.297447124622));
#3767 = CARTESIAN_POINT('',(3.953243059239,0.295339530772));
#3768 = CARTESIAN_POINT('',(3.94352576179,0.293231565449));
#3769 = CARTESIAN_POINT('',(3.933805487027,0.29112321884));
#3770 = CARTESIAN_POINT('',(3.924082212221,0.289014457942));
#3771 = CARTESIAN_POINT('',(3.914355900212,0.286905226563));
#3772 = CARTESIAN_POINT('',(3.897143192191,0.283172720394));
#3773 = CARTESIAN_POINT('',(3.889658057565,0.281549670295));
#3774 = CARTESIAN_POINT('',(3.882171071839,0.279926258829));
#3775 = CARTESIAN_POINT('',(3.874682206268,0.278302441919));
#3776 = CARTESIAN_POINT('',(3.867191427047,0.27667816761));
#3777 = CARTESIAN_POINT('',(3.859698695312,0.275053376069));
#3778 = CARTESIAN_POINT('',(3.85220396714,0.273427999581));
#3779 = CARTESIAN_POINT('',(3.833458792571,0.269362204128));
#3780 = CARTESIAN_POINT('',(3.822205809839,0.26692099543));
#3781 = CARTESIAN_POINT('',(3.810947834611,0.264477686948));
#3782 = CARTESIAN_POINT('',(3.799685449933,0.262033231203));
#3783 = CARTESIAN_POINT('',(3.78841873675,0.259587768898));
#3784 = CARTESIAN_POINT('',(3.77714759655,0.257141148978));
#3785 = CARTESIAN_POINT('',(3.765872328821,0.254693860146));
#3786 = CARTESIAN_POINT('',(3.742938809584,0.249716528802));
#3787 = CARTESIAN_POINT('',(3.731280293516,0.247186466586));
#3788 = CARTESIAN_POINT('',(3.71961741628,0.244655775813));
#3789 = CARTESIAN_POINT('',(3.707950213053,0.242124519512));
#3790 = CARTESIAN_POINT('',(3.696278689292,0.239592712635));
#3791 = CARTESIAN_POINT('',(3.684602820732,0.237060322062));
#3792 = CARTESIAN_POINT('',(3.672922553384,0.234527266596));
#3793 = CARTESIAN_POINT('',(3.649553916208,0.229459754369));
#3794 = CARTESIAN_POINT('',(3.637865529793,0.226925272559));
#3795 = CARTESIAN_POINT('',(3.626172657204,0.224390005474));
#3796 = CARTESIAN_POINT('',(3.614474908143,0.221853313586));
#3797 = CARTESIAN_POINT('',(3.602772557679,0.219315679012));
#3798 = CARTESIAN_POINT('',(3.59106516449,0.216776365967));
#3799 = CARTESIAN_POINT('',(3.579352285175,0.214234708662));
#3800 = CARTESIAN_POINT('',(3.550242956553,0.207917111139));
#3801 = CARTESIAN_POINT('',(3.532840431533,0.20413919926));
#3802 = CARTESIAN_POINT('',(3.515427460514,0.200358804945));
#3803 = CARTESIAN_POINT('',(3.498004463696,0.19657663824));
#3804 = CARTESIAN_POINT('',(3.480571714915,0.192793170274));
#3805 = CARTESIAN_POINT('',(3.463129343708,0.189008634281));
#3806 = CARTESIAN_POINT('',(3.445677337378,0.185223026622));
#3807 = CARTESIAN_POINT('',(3.419487327803,0.179543230015));
#3808 = CARTESIAN_POINT('',(3.41075666484,0.17765002433));
#3809 = CARTESIAN_POINT('',(3.402023533564,0.17575646036));
#3810 = CARTESIAN_POINT('',(3.393287904125,0.173862493182));
#3811 = CARTESIAN_POINT('',(3.384549737425,0.171968063346));
#3812 = CARTESIAN_POINT('',(3.375808985114,0.170073096866));
#3813 = CARTESIAN_POINT('',(3.367065589596,0.168177505226));
#3814 = CARTESIAN_POINT('',(3.349191689451,0.164302108186));
#3815 = CARTESIAN_POINT('',(3.340060950129,0.16232225155));
#3816 = CARTESIAN_POINT('',(3.330927189548,0.16034149131));
#3817 = CARTESIAN_POINT('',(3.321790171989,0.158359462019));
#3818 = CARTESIAN_POINT('',(3.312650118185,0.156376523545));
#3819 = CARTESIAN_POINT('',(3.303507252872,0.154393038877));
#3820 = CARTESIAN_POINT('',(3.294361394162,0.15240872265));
#3821 = CARTESIAN_POINT('',(3.27110812168,0.147363690205));
#3822 = CARTESIAN_POINT('',(3.256996743515,0.144302085926));
#3823 = CARTESIAN_POINT('',(3.242878697917,0.14123924188));
#3824 = CARTESIAN_POINT('',(3.228754059511,0.138175290572));
#3825 = CARTESIAN_POINT('',(3.214622839798,0.135110262137));
#3826 = CARTESIAN_POINT('',(3.20048498715,0.132044084344));
#3827 = CARTESIAN_POINT('',(3.186340386817,0.128976582589));
#3828 = CARTESIAN_POINT('',(3.161860954009,0.123667622021));
#3829 = CARTESIAN_POINT('',(3.151529357358,0.1214269121));
#3830 = CARTESIAN_POINT('',(3.141194000298,0.1191852419));
#3831 = CARTESIAN_POINT('',(3.130854794306,0.116942475544));
#3832 = CARTESIAN_POINT('',(3.120511633014,0.114698449516));
#3833 = CARTESIAN_POINT('',(3.110164392205,0.112452972666));
#3834 = CARTESIAN_POINT('',(3.099812929815,0.110205826208));
#3835 = CARTESIAN_POINT('',(3.073339126234,0.104456295866));
#3836 = CARTESIAN_POINT('',(3.05721047319,0.100951065988));
#3837 = CARTESIAN_POINT('',(3.041071915493,9.744238712178E-02));
#3838 = CARTESIAN_POINT('',(3.024924138766,9.393140478872E-02));
#3839 = CARTESIAN_POINT('',(3.008767726577,9.041909401968E-02));
#3840 = CARTESIAN_POINT('',(2.99260316145,8.690625638752E-02));
#3841 = CARTESIAN_POINT('',(2.976430825882,8.339351703771E-02));
#3842 = CARTESIAN_POINT('',(2.944091983051,7.637364199123E-02));
#3843 = CARTESIAN_POINT('',(2.927925498733,7.286652563467E-02));
#3844 = CARTESIAN_POINT('',(2.911751756405,6.936030413324E-02));
#3845 = CARTESIAN_POINT('',(2.895571073781,6.585549212749E-02));
#3846 = CARTESIAN_POINT('',(2.879383373381,6.235196875073E-02));
#3847 = CARTESIAN_POINT('',(2.863188547925,5.884956003443E-02));
#3848 = CARTESIAN_POINT('',(2.846986700164,5.534842473517E-02));
#3849 = CARTESIAN_POINT('',(2.801036985252,4.542459151573E-02));
#3850 = CARTESIAN_POINT('',(2.771271190391,3.900256333249E-02));
#3851 = CARTESIAN_POINT('',(2.741475447056,3.257490089567E-02));
#3852 = CARTESIAN_POINT('',(2.711644252491,2.613309725581E-02));
#3853 = CARTESIAN_POINT('',(2.681771029635,1.966692162241E-02));
#3854 = CARTESIAN_POINT('',(2.651848187885,1.316466440302E-02));
#3855 = CARTESIAN_POINT('',(2.621867243806,6.613504662121E-03));
#3856 = CARTESIAN_POINT('',(2.5918190018,0.));
#3857 = ( GEOMETRIC_REPRESENTATION_CONTEXT(2)
PARAMETRIC_REPRESENTATION_CONTEXT() REPRESENTATION_CONTEXT('2D SPACE',''
  ) );
#3858 = PCURVE('',#3859,#4490);
#3859 = B_SPLINE_SURFACE_WITH_KNOTS('',3,11,(
    (#3860,#3861,#3862,#3863,#3864,#3865,#3866,#3867,#3868,#3869,#3870
      ,#3871,#3872,#3873,#3874,#3875,#3876,#3877,#3878,#3879,#3880,#3881
      ,#3882,#3883,#3884,#3885,#3886,#3887,#3888,#3889,#3890,#3891,#3892
      ,#3893,#3894,#3895,#3896,#3897,#3898,#3899,#3900,#3901)
    ,(#3902,#3903,#3904,#3905,#3906,#3907,#3908,#3909,#3910,#3911,#3912
      ,#3913,#3914,#3915,#3916,#3917,#3918,#3919,#3920,#3921,#3922,#3923
      ,#3924,#3925,#3926,#3927,#3928,#3929,#3930,#3931,#3932,#3933,#3934
      ,#3935,#3936,#3937,#3938,#3939,#3940,#3941,#3942,#3943)
    ,(#3944,#3945,#3946,#3947,#3948,#3949,#3950,#3951,#3952,#3953,#3954
      ,#3955,#3956,#3957,#3958,#3959,#3960,#3961,#3962,#3963,#3964,#3965
      ,#3966,#3967,#3968,#3969,#3970,#3971,#3972,#3973,#3974,#3975,#3976
      ,#3977,#3978,#3979,#3980,#3981,#3982,#3983,#3984,#3985)
    ,(#3986,#3987,#3988,#3989,#3990,#3991,#3992,#3993,#3994,#3995,#3996
      ,#3997,#3998,#3999,#4000,#4001,#4002,#4003,#4004,#4005,#4006,#4007
      ,#4008,#4009,#4010,#4011,#4012,#4013,#4014,#4015,#4016,#4017,#4018
      ,#4019,#4020,#4021,#4022,#4023,#4024,#4025,#4026,#4027)
    ,(#4028,#4029,#4030,#4031,#4032,#4033,#4034,#4035,#4036,#4037,#4038
      ,#4039,#4040,#4041,#4042,#4043,#4044,#4045,#4046,#4047,#4048,#4049
      ,#4050,#4051,#4052,#4053,#4054,#4055,#4056,#4057,#4058,#4059,#4060
      ,#4061,#4062,#4063,#4064,#4065,#4066,#4067,#4068,#4069)
    ,(#4070,#4071,#4072,#4073,#4074,#4075,#4076,#4077,#4078,#4079,#4080
      ,#4081,#4082,#4083,#4084,#4085,#4086,#4087,#4088,#4089,#4090,#4091
      ,#4092,#4093,#4094,#4095,#4096,#4097,#4098,#4099,#4100,#4101,#4102
      ,#4103,#4104,#4105,#4106,#4107,#4108,#4109,#4110,#4111)
    ,(#4112,#4113,#4114,#4115,#4116,#4117,#4118,#4119,#4120,#4121,#4122
      ,#4123,#4124,#4125,#4126,#4127,#4128,#4129,#4130,#4131,#4132,#4133
      ,#4134,#4135,#4136,#4137,#4138,#4139,#4140,#4141,#4142,#4143,#4144
      ,#4145,#4146,#4147,#4148,#4149,#4150,#4151,#4152,#4153)
    ,(#4154,#4155,#4156,#4157,#4158,#4159,#4160,#4161,#4162,#4163,#4164
      ,#4165,#4166,#4167,#4168,#4169,#4170,#4171,#4172,#4173,#4174,#4175
      ,#4176,#4177,#4178,#4179,#4180,#4181,#4182,#4183,#4184,#4185,#4186
      ,#4187,#4188,#4189,#4190,#4191,#4192,#4193,#4194,#4195)
    ,(#4196,#4197,#4198,#4199,#4200,#4201,#4202,#4203,#4204,#4205,#4206
      ,#4207,#4208,#4209,#4210,#4211,#4212,#4213,#4214,#4215,#4216,#4217
      ,#4218,#4219,#4220,#4221,#4222,#4223,#4224,#4225,#4226,#4227,#4228
      ,#4229,#4230,#4231,#4232,#4233,#4234,#4235,#4236,#4237)
    ,(#4238,#4239,#4240,#4241,#4242,#4243,#4244,#4245,#4246,#4247,#4248
      ,#4249,#4250,#4251,#4252,#4253,#4254,#4255,#4256,#4257,#4258,#4259
      ,#4260,#4261,#4262,#4263,#4264,#4265,#4266,#4267,#4268,#4269,#4270
      ,#4271,#4272,#4273,#4274,#4275,#4276,#4277,#4278,#4279)
    ,(#4280,#4281,#4282,#4283,#4284,#4285,#4286,#4287,#4288,#4289,#4290
      ,#4291,#4292,#4293,#4294,#4295,#4296,#4297,#4298,#4299,#4300,#4301
      ,#4302,#4303,#4304,#4305,#4306,#4307,#4308,#4309,#4310,#4311,#4312
      ,#4313,#4314,#4315,#4316,#4317,#4318,#4319,#4320,#4321)
    ,(#4322,#4323,#4324,#4325,#4326,#4327,#4328,#4329,#4330,#4331,#4332
      ,#4333,#4334,#4335,#4336,#4337,#4338,#4339,#4340,#4341,#4342,#4343
      ,#4344,#4345,#4346,#4347,#4348,#4349,#4350,#4351,#4352,#4353,#4354
      ,#4355,#4356,#4357,#4358,#4359,#4360,#4361,#4362,#4363)
    ,(#4364,#4365,#4366,#4367,#4368,#4369,#4370,#4371,#4372,#4373,#4374
      ,#4375,#4376,#4377,#4378,#4379,#4380,#4381,#4382,#4383,#4384,#4385
      ,#4386,#4387,#4388,#4389,#4390,#4391,#4392,#4393,#4394,#4395,#4396
      ,#4397,#4398,#4399,#4400,#4401,#4402,#4403,#4404,#4405)
    ,(#4406,#4407,#4408,#4409,#4410,#4411,#4412,#4413,#4414,#4415,#4416
      ,#4417,#4418,#4419,#4420,#4421,#4422,#4423,#4424,#4425,#4426,#4427
      ,#4428,#4429,#4430,#4431,#4432,#4433,#4434,#4435,#4436,#4437,#4438
      ,#4439,#4440,#4441,#4442,#4443,#4444,#4445,#4446,#4447)
    ,(#4448,#4449,#4450,#4451,#4452,#4453,#4454,#4455,#4456,#4457,#4458
      ,#4459,#4460,#4461,#4462,#4463,#4464,#4465,#4466,#4467,#4468,#4469
      ,#4470,#4471,#4472,#4473,#4474,#4475,#4476,#4477,#4478,#4479,#4480
      ,#4481,#4482,#4483,#4484,#4485,#4486,#4487,#4488,#4489
  )),.UNSPECIFIED.,.F.,.F.,.F.,(4,1,1,1,1,1,1,1,1,1,1,1,4),(12,10,10,10,
    12),(0.,2.151573849945,4.319474502271,6.503702217429,8.704257250072,
    10.921139849227,13.154350258456,15.403888716021,17.669755455033,
    19.951950703596,22.250474684956,24.565327617635,26.896509715561),(0.
    ,4.,8.,12.,16.),.UNSPECIFIED.);
#3860 = CARTESIAN_POINT('',(-11.16958615303,-6.844731197779,-4.));
#3861 = CARTESIAN_POINT('',(-7.25988483545,-13.22478388905,
    -3.636363636364));
#3862 = CARTESIAN_POINT('',(0.657562082481,-17.14867078701,
    -3.272727272727));
#3863 = CARTESIAN_POINT('',(10.877161884728,-15.81441988342,
    -2.909090909091));
#3864 = CARTESIAN_POINT('',(19.440157183638,-7.784737779454,
    -2.545454545455));
#3865 = CARTESIAN_POINT('',(21.592949861694,5.108585366545,
    -2.181818181818));
#3866 = CARTESIAN_POINT('',(14.354776989491,16.92020997973,
    -1.818181818181));
#3867 = CARTESIAN_POINT('',(1.889394524272,20.855503876668,
    -1.454545454546));
#3868 = CARTESIAN_POINT('',(-9.152623132627,16.87121858995,
    -1.090909090909));
#3869 = CARTESIAN_POINT('',(-14.98105061394,8.371225725997,
    -0.727272727273));
#3870 = CARTESIAN_POINT('',(-15.07928747063,-0.464678506496,
    -0.363636363636));
#3871 = CARTESIAN_POINT('',(-7.259884835445,-13.22478388906,
    0.363636363636));
#3872 = CARTESIAN_POINT('',(0.657562082461,-17.14867078698,
    0.727272727273));
#3873 = CARTESIAN_POINT('',(10.877161884763,-15.81441988349,
    1.090909090909));
#3874 = CARTESIAN_POINT('',(19.440157183609,-7.784737779387,
    1.454545454545));
#3875 = CARTESIAN_POINT('',(21.592949861683,5.108585366539,
    1.818181818182));
#3876 = CARTESIAN_POINT('',(14.354776989549,16.920209979648,
    2.181818181818));
#3877 = CARTESIAN_POINT('',(1.889394524198,20.855503876792,
    2.545454545454));
#3878 = CARTESIAN_POINT('',(-9.152623132574,16.871218589852,
    2.909090909091));
#3879 = CARTESIAN_POINT('',(-14.98105061396,8.371225726041,
    3.272727272727));
#3880 = CARTESIAN_POINT('',(-15.07928747062,-0.464678506504,
    3.636363636364));
#3881 = CARTESIAN_POINT('',(-7.259884835445,-13.22478388906,
    4.363636363636));
#3882 = CARTESIAN_POINT('',(0.65756208245,-17.14867078698,4.727272727272
    ));
#3883 = CARTESIAN_POINT('',(10.877161884794,-15.81441988351,
    5.09090909091));
#3884 = CARTESIAN_POINT('',(19.440157183555,-7.784737779343,
    5.454545454544));
#3885 = CARTESIAN_POINT('',(21.592949861751,5.108585366474,
    5.818181818184));
#3886 = CARTESIAN_POINT('',(14.354776989486,16.920209979716,
    6.181818181815));
#3887 = CARTESIAN_POINT('',(1.889394524242,20.855503876741,
    6.545454545457));
#3888 = CARTESIAN_POINT('',(-9.152623132596,16.871218589878,
    6.90909090909));
#3889 = CARTESIAN_POINT('',(-14.98105061395,8.371225726031,
    7.272727272728));
#3890 = CARTESIAN_POINT('',(-15.07928747063,-0.464678506502,
    7.636363636364));
#3891 = CARTESIAN_POINT('',(-7.259884835441,-13.22478388906,
    8.363636363636));
#3892 = CARTESIAN_POINT('',(0.65756208244,-17.14867078696,8.727272727273
    ));
#3893 = CARTESIAN_POINT('',(10.877161884789,-15.81441988354,
    9.09090909091));
#3894 = CARTESIAN_POINT('',(19.440157183631,-7.784737779347,
    9.454545454543));
#3895 = CARTESIAN_POINT('',(21.592949861556,5.108585366594,
    9.818181818185));
#3896 = CARTESIAN_POINT('',(14.354776989774,16.920209979465,
    10.181818181815));
#3897 = CARTESIAN_POINT('',(1.889394523961,20.855503877033,
    10.545454545457));
#3898 = CARTESIAN_POINT('',(-9.15262313241,16.871218589659,
    10.90909090909));
#3899 = CARTESIAN_POINT('',(-14.98105061403,8.371225726139,
    11.272727272728));
#3900 = CARTESIAN_POINT('',(-15.0792874706,-0.464678506534,
    11.636363636364));
#3901 = CARTESIAN_POINT('',(-11.16958615303,-6.844731197779,12.));
#3902 = CARTESIAN_POINT('',(-10.82389856756,-7.474326690086,-4.));
#3903 = CARTESIAN_POINT('',(-6.554573145731,-13.65692309428,
    -3.636363636364));
#3904 = CARTESIAN_POINT('',(1.598450298336,-17.15744874905,
    -3.272727272728));
#3905 = CARTESIAN_POINT('',(11.771670362252,-15.26002238389,
    -2.90909090909));
#3906 = CARTESIAN_POINT('',(19.917274494445,-6.74040340242,
    -2.545454545455));
#3907 = CARTESIAN_POINT('',(21.369569280854,6.304496227122,
    -2.181818181818));
#3908 = CARTESIAN_POINT('',(13.465611167257,17.750562802882,
    -1.818181818182));
#3909 = CARTESIAN_POINT('',(0.75214879617,21.013451251548,
    -1.454545454545));
#3910 = CARTESIAN_POINT('',(-10.10050436981,16.414028078195,
    -1.090909090909));
#3911 = CARTESIAN_POINT('',(-15.47864110164,7.572632341418,
    -0.727272727273));
#3912 = CARTESIAN_POINT('',(-15.0932239894,-1.291730285886,
    -0.363636363636));
#3913 = CARTESIAN_POINT('',(-6.554573145725,-13.65692309428,
    0.363636363636));
#3914 = CARTESIAN_POINT('',(1.598450298313,-17.15744874902,
    0.727272727273));
#3915 = CARTESIAN_POINT('',(11.771670362293,-15.26002238395,
    1.090909090909));
#3916 = CARTESIAN_POINT('',(19.917274494409,-6.740403402359,
    1.454545454545));
#3917 = CARTESIAN_POINT('',(21.369569280847,6.304496227122,
    1.818181818182));
#3918 = CARTESIAN_POINT('',(13.465611167317,17.750562802797,
    2.181818181818));
#3919 = CARTESIAN_POINT('',(0.752148796091,21.013451251673,
    2.545454545454));
#3920 = CARTESIAN_POINT('',(-10.10050436975,16.414028078097,
    2.909090909091));
#3921 = CARTESIAN_POINT('',(-15.47864110167,7.572632341462,
    3.272727272727));
#3922 = CARTESIAN_POINT('',(-15.0932239894,-1.291730285894,
    3.636363636364));
#3923 = CARTESIAN_POINT('',(-6.554573145725,-13.65692309428,
    4.363636363636));
#3924 = CARTESIAN_POINT('',(1.598450298302,-17.15744874902,
    4.727272727272));
#3925 = CARTESIAN_POINT('',(11.771670362328,-15.26002238397,
    5.09090909091));
#3926 = CARTESIAN_POINT('',(19.917274494347,-6.740403402319,
    5.454545454544));
#3927 = CARTESIAN_POINT('',(21.369569280926,6.304496227062,
    5.818181818184));
#3928 = CARTESIAN_POINT('',(13.465611167242,17.750562802859,
    6.181818181815));
#3929 = CARTESIAN_POINT('',(0.752148796144,21.013451251628,
    6.545454545457));
#3930 = CARTESIAN_POINT('',(-10.10050436978,16.414028078121,
    6.90909090909));
#3931 = CARTESIAN_POINT('',(-15.47864110166,7.572632341454,
    7.272727272728));
#3932 = CARTESIAN_POINT('',(-15.0932239894,-1.291730285892,
    7.636363636364));
#3933 = CARTESIAN_POINT('',(-6.55457314572,-13.65692309428,
    8.363636363636));
#3934 = CARTESIAN_POINT('',(1.598450298291,-17.15744874899,
    8.727272727273));
#3935 = CARTESIAN_POINT('',(11.771670362322,-15.26002238401,
    9.09090909091));
#3936 = CARTESIAN_POINT('',(19.917274494429,-6.740403402317,
    9.454545454543));
#3937 = CARTESIAN_POINT('',(21.369569280715,6.304496227168,
    9.818181818185));
#3938 = CARTESIAN_POINT('',(13.465611167555,17.750562802629,
    10.181818181815));
#3939 = CARTESIAN_POINT('',(0.752148795838,21.0134512519,10.545454545457
    ));
#3940 = CARTESIAN_POINT('',(-10.10050436958,16.414028077915,
    10.90909090909));
#3941 = CARTESIAN_POINT('',(-15.47864110175,7.572632341556,
    11.272727272728));
#3942 = CARTESIAN_POINT('',(-15.09322398938,-1.291730285922,
    11.636363636364));
#3943 = CARTESIAN_POINT('',(-10.82389856756,-7.474326690086,12.));
#3944 = CARTESIAN_POINT('',(-10.02393138659,-8.678886321199,-4.));
#3945 = CARTESIAN_POINT('',(-5.06656311241,-14.40454254014,
    -3.636363636364));
#3946 = CARTESIAN_POINT('',(3.487444093352,-17.0159223054,
    -3.272727272727));
#3947 = CARTESIAN_POINT('',(13.472370177699,-13.99655803328,
    -2.90909090909));
#3948 = CARTESIAN_POINT('',(20.697784055597,-4.564675060693,
    -2.545454545455));
#3949 = CARTESIAN_POINT('',(20.719178329684,8.66582331288,
    -2.181818181818));
#3950 = CARTESIAN_POINT('',(11.54142134905,19.265939831489,
    -1.818181818182));
#3951 = CARTESIAN_POINT('',(-1.555985971262,21.137961843032,
    -1.454545454545));
#3952 = CARTESIAN_POINT('',(-11.92471587004,15.336542843965,
    -1.090909090909));
#3953 = CARTESIAN_POINT('',(-16.34178482619,5.886420550855,
    -0.727272727273));
#3954 = CARTESIAN_POINT('',(-14.98129966078,-2.953230102246,
    -0.363636363636));
#3955 = CARTESIAN_POINT('',(-5.066563112404,-14.40454254015,
    0.363636363636));
#3956 = CARTESIAN_POINT('',(3.487444093326,-17.01592230537,
    0.727272727273));
#3957 = CARTESIAN_POINT('',(13.472370177746,-13.99655803334,
    1.090909090909));
#3958 = CARTESIAN_POINT('',(20.697784055555,-4.564675060631,
    1.454545454545));
#3959 = CARTESIAN_POINT('',(20.719178329676,8.665823312875,
    1.818181818183));
#3960 = CARTESIAN_POINT('',(11.541421349119,19.265939831413,
    2.181818181818));
#3961 = CARTESIAN_POINT('',(-1.555985971354,21.137961843147,
    2.545454545455));
#3962 = CARTESIAN_POINT('',(-11.92471586997,15.336542843873,
    2.909090909091));
#3963 = CARTESIAN_POINT('',(-16.34178482622,5.886420550897,
    3.272727272727));
#3964 = CARTESIAN_POINT('',(-14.98129966078,-2.953230102253,
    3.636363636364));
#3965 = CARTESIAN_POINT('',(-5.066563112404,-14.40454254015,
    4.363636363636));
#3966 = CARTESIAN_POINT('',(3.487444093314,-17.01592230537,
    4.727272727272));
#3967 = CARTESIAN_POINT('',(13.472370177783,-13.99655803336,
    5.09090909091));
#3968 = CARTESIAN_POINT('',(20.697784055489,-4.564675060593,
    5.454545454544));
#3969 = CARTESIAN_POINT('',(20.71917832976,8.665823312817,5.818181818183
    ));
#3970 = CARTESIAN_POINT('',(11.54142134904,19.265939831475,
    6.181818181816));
#3971 = CARTESIAN_POINT('',(-1.555985971299,21.137961843101,
    6.545454545457));
#3972 = CARTESIAN_POINT('',(-11.92471587,15.336542843897,6.90909090909)
  );
#3973 = CARTESIAN_POINT('',(-16.34178482621,5.886420550888,
    7.272727272728));
#3974 = CARTESIAN_POINT('',(-14.98129966078,-2.953230102251,
    7.636363636364));
#3975 = CARTESIAN_POINT('',(-5.066563112399,-14.40454254015,
    8.363636363636));
#3976 = CARTESIAN_POINT('',(3.487444093302,-17.01592230535,
    8.727272727273));
#3977 = CARTESIAN_POINT('',(13.472370177779,-13.99655803339,
    9.090909090908));
#3978 = CARTESIAN_POINT('',(20.697784055573,-4.564675060589,
    9.454545454547));
#3979 = CARTESIAN_POINT('',(20.719178329537,8.665823312909,
    9.818181818179));
#3980 = CARTESIAN_POINT('',(11.541421349376,19.265939831268,
    10.181818181821));
#3981 = CARTESIAN_POINT('',(-1.555985971633,21.137961843348,
    10.545454545452));
#3982 = CARTESIAN_POINT('',(-11.92471586977,15.336542843709,
    10.909090909093));
#3983 = CARTESIAN_POINT('',(-16.34178482631,5.886420550981,
    11.272727272726));
#3984 = CARTESIAN_POINT('',(-14.98129966075,-2.953230102279,
    11.636363636364));
#3985 = CARTESIAN_POINT('',(-10.02393138659,-8.678886321199,12.));
#3986 = CARTESIAN_POINT('',(-8.540785594961,-10.27343028422,-4.));
#3987 = CARTESIAN_POINT('',(-2.672615938948,-15.15191560804,
    -3.636363636364));
#3988 = CARTESIAN_POINT('',(6.259991697633,-16.34399521951,
    -3.272727272727));
#3989 = CARTESIAN_POINT('',(15.69093693717,-11.70339249863,
    -2.909090909091));
#3990 = CARTESIAN_POINT('',(21.325976066797,-1.140709268883,
    -2.545454545455));
#3991 = CARTESIAN_POINT('',(19.175631209607,12.015929178359,
    -2.181818181818));
#3992 = CARTESIAN_POINT('',(8.311674358879,21.047647271315,
    -1.818181818182));
#3993 = CARTESIAN_POINT('',(-5.01640779111,20.758952904938,
    -1.454545454545));
#3994 = CARTESIAN_POINT('',(-14.37227431799,13.289568423154,
    -1.090909090909));
#3995 = CARTESIAN_POINT('',(-17.21239788733,3.169705783992,
    -0.727272727273));
#3996 = CARTESIAN_POINT('',(-14.40895525098,-5.394944960396,
    -0.363636363636));
#3997 = CARTESIAN_POINT('',(-2.67261593894,-15.15191560804,
    0.363636363636));
#3998 = CARTESIAN_POINT('',(6.259991697601,-16.34399521948,
    0.727272727273));
#3999 = CARTESIAN_POINT('',(15.690936937231,-11.70339249868,
    1.09090909091));
#4000 = CARTESIAN_POINT('',(21.32597606674,-1.140709268828,
    1.454545454544));
#4001 = CARTESIAN_POINT('',(19.175631209608,12.01592917835,
    1.818181818183));
#4002 = CARTESIAN_POINT('',(8.311674358953,21.047647271255,
    2.181818181817));
#4003 = CARTESIAN_POINT('',(-5.016407791216,20.758952905034,
    2.545454545455));
#4004 = CARTESIAN_POINT('',(-14.37227431791,13.289568423076,
    2.90909090909));
#4005 = CARTESIAN_POINT('',(-17.21239788737,3.169705784028,
    3.272727272727));
#4006 = CARTESIAN_POINT('',(-14.40895525097,-5.394944960403,
    3.636363636364));
#4007 = CARTESIAN_POINT('',(-2.672615938941,-15.15191560804,
    4.363636363637));
#4008 = CARTESIAN_POINT('',(6.259991697588,-16.34399521948,
    4.727272727272));
#4009 = CARTESIAN_POINT('',(15.690936937269,-11.70339249869,
    5.090909090911));
#4010 = CARTESIAN_POINT('',(21.325976066668,-1.140709268803,
    5.454545454542));
#4011 = CARTESIAN_POINT('',(19.175631209701,12.01592917831,
    5.818181818187));
#4012 = CARTESIAN_POINT('',(8.311674358864,21.047647271298,
    6.181818181813));
#4013 = CARTESIAN_POINT('',(-5.016407791153,20.758952905001,
    6.545454545459));
#4014 = CARTESIAN_POINT('',(-14.37227431794,13.289568423094,
    6.909090909088));
#4015 = CARTESIAN_POINT('',(-17.21239788735,3.169705784022,
    7.272727272728));
#4016 = CARTESIAN_POINT('',(-14.40895525097,-5.394944960402,
    7.636363636363));
#4017 = CARTESIAN_POINT('',(-2.672615938935,-15.15191560804,
    8.363636363637));
#4018 = CARTESIAN_POINT('',(6.259991697572,-16.34399521947,
    8.727272727272));
#4019 = CARTESIAN_POINT('',(15.690936937274,-11.70339249873,
    9.090909090911));
#4020 = CARTESIAN_POINT('',(21.325976066748,-1.140709268782,
    9.454545454542));
#4021 = CARTESIAN_POINT('',(19.175631209466,12.015929178361,
    9.818181818186));
#4022 = CARTESIAN_POINT('',(8.31167435923,21.047647271153,
    10.181818181814));
#4023 = CARTESIAN_POINT('',(-5.016407791524,20.758952905187,
    10.545454545458));
#4024 = CARTESIAN_POINT('',(-14.37227431769,13.289568422946,
    10.909090909089));
#4025 = CARTESIAN_POINT('',(-17.21239788747,3.169705784097,
    11.272727272728));
#4026 = CARTESIAN_POINT('',(-14.40895525094,-5.394944960425,
    11.636363636364));
#4027 = CARTESIAN_POINT('',(-8.540785594962,-10.27343028422,12.));
#4028 = CARTESIAN_POINT('',(-6.803932592986,-11.6140192057,-4.));
#4029 = CARTESIAN_POINT('',(-0.17002033566,-15.50041641473,
    -3.636363636364));
#4030 = CARTESIAN_POINT('',(8.905097961545,-15.21940571,-3.272727272727)
  );
#4031 = CARTESIAN_POINT('',(17.518342803469,-9.058619181155,
    -2.909090909091));
#4032 = CARTESIAN_POINT('',(21.386340646994,2.366047800903,
    -2.545454545455));
#4033 = CARTESIAN_POINT('',(17.08954746595,15.091521196525,
    -2.181818181818));
#4034 = CARTESIAN_POINT('',(4.807943364527,22.286550321179,
    -1.818181818182));
#4035 = CARTESIAN_POINT('',(-8.39348396715,19.81219764078,
    -1.454545454545));
#4036 = CARTESIAN_POINT('',(-16.46784323596,10.851776592186,
    -1.090909090909));
#4037 = CARTESIAN_POINT('',(-17.6302243117,0.325991700025,
    -0.727272727273));
#4038 = CARTESIAN_POINT('',(-13.43784485031,-7.727621996676,
    -0.363636363636));
#4039 = CARTESIAN_POINT('',(-0.170020335652,-15.50041641473,
    0.363636363636));
#4040 = CARTESIAN_POINT('',(8.905097961509,-15.21940570998,
    0.727272727272));
#4041 = CARTESIAN_POINT('',(17.518342803537,-9.058619181201,
    1.09090909091));
#4042 = CARTESIAN_POINT('',(21.386340646929,2.366047800954,
    1.454545454544));
#4043 = CARTESIAN_POINT('',(17.08954746595,15.091521196509,
    1.818181818183));
#4044 = CARTESIAN_POINT('',(4.807943364612,22.286550321139,
    2.181818181817));
#4045 = CARTESIAN_POINT('',(-8.393483967272,19.812197640852,
    2.545454545456));
#4046 = CARTESIAN_POINT('',(-16.46784323587,10.851776592125,
    2.90909090909));
#4047 = CARTESIAN_POINT('',(-17.63022431174,0.325991700054,
    3.272727272727));
#4048 = CARTESIAN_POINT('',(-13.43784485031,-7.727621996682,
    3.636363636364));
#4049 = CARTESIAN_POINT('',(-0.170020335652,-15.50041641473,
    4.363636363636));
#4050 = CARTESIAN_POINT('',(8.905097961497,-15.21940570998,
    4.727272727273));
#4051 = CARTESIAN_POINT('',(17.518342803578,-9.058619181202,
    5.090909090909));
#4052 = CARTESIAN_POINT('',(21.386340646852,2.366047800964,
    5.454545454547));
#4053 = CARTESIAN_POINT('',(17.089547466051,15.091521196488,
    5.81818181818));
#4054 = CARTESIAN_POINT('',(4.807943364515,22.286550321164,
    6.181818181819));
#4055 = CARTESIAN_POINT('',(-8.393483967203,19.812197640832,
    6.545454545454));
#4056 = CARTESIAN_POINT('',(-16.4678432359,10.851776592136,
    6.909090909091));
#4057 = CARTESIAN_POINT('',(-17.63022431173,0.32599170005,7.272727272727
    ));
#4058 = CARTESIAN_POINT('',(-13.43784485031,-7.727621996681,
    7.636363636364));
#4059 = CARTESIAN_POINT('',(-0.170020335647,-15.50041641473,
    8.363636363636));
#4060 = CARTESIAN_POINT('',(8.905097961479,-15.21940570997,
    8.727272727272));
#4061 = CARTESIAN_POINT('',(17.518342803584,-9.058619181236,
    9.09090909091));
#4062 = CARTESIAN_POINT('',(21.386340646933,2.366047800998,
    9.454545454543));
#4063 = CARTESIAN_POINT('',(17.089547465803,15.091521196499,
    9.818181818186));
#4064 = CARTESIAN_POINT('',(4.807943364911,22.28655032108,
    10.181818181815));
#4065 = CARTESIAN_POINT('',(-8.39348396761,19.812197640957,
    10.545454545457));
#4066 = CARTESIAN_POINT('',(-16.46784323562,10.85177659203,
    10.90909090909));
#4067 = CARTESIAN_POINT('',(-17.63022431186,0.325991700106,
    11.272727272728));
#4068 = CARTESIAN_POINT('',(-13.43784485027,-7.727621996699,
    11.636363636364));
#4069 = CARTESIAN_POINT('',(-6.803932592986,-11.6140192057,12.));
#4070 = CARTESIAN_POINT('',(-4.857198762352,-12.66102587003,-4.));
#4071 = CARTESIAN_POINT('',(2.374762303142,-15.43545131527,
    -3.636363636364));
#4072 = CARTESIAN_POINT('',(11.349392704026,-13.66681202067,
    -3.272727272728));
#4073 = CARTESIAN_POINT('',(18.899990384482,-6.129421945838,
    -2.90909090909));
#4074 = CARTESIAN_POINT('',(20.869918826977,5.861571675521,
    -2.545454545455));
#4075 = CARTESIAN_POINT('',(14.510499078676,17.805659302408,
    -2.181818181817));
#4076 = CARTESIAN_POINT('',(1.12170537173,22.942054480019,
    -1.818181818183));
#4077 = CARTESIAN_POINT('',(-11.59456424014,18.316048002544,
    -1.454545454545));
#4078 = CARTESIAN_POINT('',(-18.15005861645,8.084232934859,
    -1.090909090909));
#4079 = CARTESIAN_POINT('',(-17.57809534476,-2.569246895163,
    -0.727272727273));
#4080 = CARTESIAN_POINT('',(-12.08915982785,-9.886600424793,
    -0.363636363636));
#4081 = CARTESIAN_POINT('',(2.374762303152,-15.43545131528,
    0.363636363636));
#4082 = CARTESIAN_POINT('',(11.349392703989,-13.66681202066,
    0.727272727273));
#4083 = CARTESIAN_POINT('',(18.899990384552,-6.129421945873,
    1.09090909091));
#4084 = CARTESIAN_POINT('',(20.869918826914,5.861571675562,
    1.454545454545));
#4085 = CARTESIAN_POINT('',(14.510499078667,17.805659302391,
    1.818181818183));
#4086 = CARTESIAN_POINT('',(1.121705371834,22.942054479993,
    2.181818181817));
#4087 = CARTESIAN_POINT('',(-11.59456424028,18.316048002597,
    2.545454545455));
#4088 = CARTESIAN_POINT('',(-18.15005861634,8.084232934813,
    2.909090909091));
#4089 = CARTESIAN_POINT('',(-17.5780953448,-2.56924689514,3.272727272727
    ));
#4090 = CARTESIAN_POINT('',(-12.08915982784,-9.886600424798,
    3.636363636364));
#4091 = CARTESIAN_POINT('',(2.37476230315,-15.43545131528,4.363636363637
    ));
#4092 = CARTESIAN_POINT('',(11.349392703976,-13.66681202066,
    4.727272727272));
#4093 = CARTESIAN_POINT('',(18.899990384596,-6.129421945866,
    5.090909090911));
#4094 = CARTESIAN_POINT('',(20.869918826831,5.861571675556,
    5.454545454542));
#4095 = CARTESIAN_POINT('',(14.510499078778,17.805659302391,
    5.818181818186));
#4096 = CARTESIAN_POINT('',(1.121705371725,22.942054479998,
    6.181818181814));
#4097 = CARTESIAN_POINT('',(-11.5945642402,18.316048002591,
    6.545454545458));
#4098 = CARTESIAN_POINT('',(-18.15005861638,8.084232934816,
    6.909090909089));
#4099 = CARTESIAN_POINT('',(-17.57809534479,-2.569246895141,
    7.272727272728));
#4100 = CARTESIAN_POINT('',(-12.08915982784,-9.886600424798,
    7.636363636363));
#4101 = CARTESIAN_POINT('',(2.374762303156,-15.43545131528,
    8.363636363636));
#4102 = CARTESIAN_POINT('',(11.349392703956,-13.66681202065,
    8.727272727272));
#4103 = CARTESIAN_POINT('',(18.899990384607,-6.129421945897,
    9.09090909091));
#4104 = CARTESIAN_POINT('',(20.869918826908,5.861571675602,
    9.454545454544));
#4105 = CARTESIAN_POINT('',(14.510499078525,17.805659302363,
    9.818181818185));
#4106 = CARTESIAN_POINT('',(1.121705372136,22.942054479977,
    10.181818181815));
#4107 = CARTESIAN_POINT('',(-11.59456424063,18.31604800265,
    10.545454545457));
#4108 = CARTESIAN_POINT('',(-18.15005861608,8.084232934755,
    10.90909090909));
#4109 = CARTESIAN_POINT('',(-17.57809534493,-2.569246895106,
    11.272727272728));
#4110 = CARTESIAN_POINT('',(-12.08915982781,-9.88660042481,
    11.636363636364));
#4111 = CARTESIAN_POINT('',(-4.857198762352,-12.66102587003,12.));
#4112 = CARTESIAN_POINT('',(-2.750133715612,-13.38150883285,-4.));
#4113 = CARTESIAN_POINT('',(4.893366255888,-14.95238153783,
    -3.636363636364));
#4114 = CARTESIAN_POINT('',(13.523473821143,-11.72169731863,
    -3.272727272727));
#4115 = CARTESIAN_POINT('',(19.791506419619,-2.990842495059,
    -2.909090909091));
#4116 = CARTESIAN_POINT('',(19.781787791108,9.250883942621,
    -2.545454545455));
#4117 = CARTESIAN_POINT('',(11.500802768545,20.07913592994,
    -2.181818181818));
#4118 = CARTESIAN_POINT('',(-2.649887948761,22.987349953219,
    -1.818181818182));
#4119 = CARTESIAN_POINT('',(-14.53010536638,16.302577096054,
    -1.454545454545));
#4120 = CARTESIAN_POINT('',(-19.36689693986,5.056893128281,
    -1.090909090909));
#4121 = CARTESIAN_POINT('',(-17.05014958115,-5.438283872713,
    -0.727272727273));
#4122 = CARTESIAN_POINT('',(-10.39363368712,-11.81063612788,
    -0.363636363636));
#4123 = CARTESIAN_POINT('',(4.893366255898,-14.95238153783,
    0.363636363636));
#4124 = CARTESIAN_POINT('',(13.523473821103,-11.72169731862,
    0.727272727273));
#4125 = CARTESIAN_POINT('',(19.791506419697,-2.990842495084,
    1.090909090909));
#4126 = CARTESIAN_POINT('',(19.781787791034,9.250883942654,
    1.454545454545));
#4127 = CARTESIAN_POINT('',(11.500802768544,20.079135929918,
    1.818181818182));
#4128 = CARTESIAN_POINT('',(-2.649887948658,22.987349953214,
    2.181818181818));
#4129 = CARTESIAN_POINT('',(-14.53010536652,16.30257709608,
    2.545454545454));
#4130 = CARTESIAN_POINT('',(-19.36689693975,5.056893128254,
    2.909090909091));
#4131 = CARTESIAN_POINT('',(-17.0501495812,-5.438283872698,
    3.272727272727));
#4132 = CARTESIAN_POINT('',(-10.39363368711,-11.81063612788,
    3.636363636364));
#4133 = CARTESIAN_POINT('',(4.893366255896,-14.95238153783,
    4.363636363636));
#4134 = CARTESIAN_POINT('',(13.523473821092,-11.72169731863,
    4.727272727272));
#4135 = CARTESIAN_POINT('',(19.791506419737,-2.990842495071,
    5.09090909091));
#4136 = CARTESIAN_POINT('',(19.781787790957,9.250883942638,
    5.454545454544));
#4137 = CARTESIAN_POINT('',(11.500802768649,20.079135929932,
    5.818181818184));
#4138 = CARTESIAN_POINT('',(-2.649887948761,22.987349953206,
    6.181818181816));
#4139 = CARTESIAN_POINT('',(-14.53010536645,16.302577096083,
    6.545454545456));
#4140 = CARTESIAN_POINT('',(-19.36689693979,5.056893128253,6.90909090909
    ));
#4141 = CARTESIAN_POINT('',(-17.05014958118,-5.438283872698,
    7.272727272727));
#4142 = CARTESIAN_POINT('',(-10.39363368711,-11.81063612788,
    7.636363636364));
#4143 = CARTESIAN_POINT('',(4.893366255903,-14.95238153783,
    8.363636363636));
#4144 = CARTESIAN_POINT('',(13.523473821068,-11.72169731862,
    8.727272727273));
#4145 = CARTESIAN_POINT('',(19.791506419756,-2.990842495101,
    9.090909090908));
#4146 = CARTESIAN_POINT('',(19.781787791021,9.250883942697,
    9.454545454548));
#4147 = CARTESIAN_POINT('',(11.50080276841,20.079135929863,
    9.818181818179));
#4148 = CARTESIAN_POINT('',(-2.649887948357,22.987349953252,
    10.181818181821));
#4149 = CARTESIAN_POINT('',(-14.53010536688,16.302577096073,
    10.545454545452));
#4150 = CARTESIAN_POINT('',(-19.36689693948,5.056893128241,
    10.909090909093));
#4151 = CARTESIAN_POINT('',(-17.05014958133,-5.438283872686,
    11.272727272726));
#4152 = CARTESIAN_POINT('',(-10.39363368707,-11.81063612789,
    11.636363636364));
#4153 = CARTESIAN_POINT('',(-2.750133715612,-13.38150883285,12.));
#4154 = CARTESIAN_POINT('',(-0.537557999893,-13.7511304186,-4.));
#4155 = CARTESIAN_POINT('',(7.317069327675,-14.05818283011,
    -3.636363636364));
#4156 = CARTESIAN_POINT('',(15.364388378888,-9.431082785254,
    -3.272727272727));
#4157 = CARTESIAN_POINT('',(20.16151318829,0.275029475819,
    -2.909090909091));
#4158 = CARTESIAN_POINT('',(18.143088017567,12.440463436886,
    -2.545454545455));
#4159 = CARTESIAN_POINT('',(8.135806294343,21.843801560544,
    -2.181818181818));
#4160 = CARTESIAN_POINT('',(-6.405752209818,22.412258906709,
    -1.818181818182));
#4161 = CARTESIAN_POINT('',(-17.11656196742,13.818830621699,
    -1.454545454546));
#4162 = CARTESIAN_POINT('',(-20.07851641571,1.848089229523,
    -1.090909090909));
#4163 = CARTESIAN_POINT('',(-16.05373404851,-8.202888263176,
    -0.727272727273));
#4164 = CARTESIAN_POINT('',(-8.39218532747,-13.44407800708,
    -0.363636363636));
#4165 = CARTESIAN_POINT('',(7.317069327686,-14.05818283011,
    0.363636363636));
#4166 = CARTESIAN_POINT('',(15.364388378846,-9.431082785252,
    0.727272727273));
#4167 = CARTESIAN_POINT('',(20.16151318837,0.275029475812,1.090909090909
    ));
#4168 = CARTESIAN_POINT('',(18.14308801749,12.440463436899,
    1.454545454545));
#4169 = CARTESIAN_POINT('',(8.135806294343,21.843801560532,
    1.818181818182));
#4170 = CARTESIAN_POINT('',(-6.405752209712,22.412258906712,
    2.181818181818));
#4171 = CARTESIAN_POINT('',(-17.11656196758,13.818830621707,
    2.545454545455));
#4172 = CARTESIAN_POINT('',(-20.07851641559,1.848089229512,
    2.909090909091));
#4173 = CARTESIAN_POINT('',(-16.05373404856,-8.202888263168,
    3.272727272727));
#4174 = CARTESIAN_POINT('',(-8.392185327461,-13.44407800708,
    3.636363636364));
#4175 = CARTESIAN_POINT('',(7.317069327683,-14.05818283011,
    4.363636363636));
#4176 = CARTESIAN_POINT('',(15.364388378837,-9.431082785259,
    4.727272727273));
#4177 = CARTESIAN_POINT('',(20.161513188406,0.275029475828,
    5.090909090909));
#4178 = CARTESIAN_POINT('',(18.143088017418,12.440463436875,
    5.454545454545));
#4179 = CARTESIAN_POINT('',(8.135806294442,21.843801560557,
    5.818181818182));
#4180 = CARTESIAN_POINT('',(-6.405752209811,22.412258906693,
    6.181818181818));
#4181 = CARTESIAN_POINT('',(-17.1165619675,13.818830621718,
    6.545454545454));
#4182 = CARTESIAN_POINT('',(-20.07851641563,1.848089229507,
    6.909090909091));
#4183 = CARTESIAN_POINT('',(-16.05373404855,-8.202888263166,
    7.272727272727));
#4184 = CARTESIAN_POINT('',(-8.392185327464,-13.44407800708,
    7.636363636364));
#4185 = CARTESIAN_POINT('',(7.31706932769,-14.05818283011,8.363636363636
    ));
#4186 = CARTESIAN_POINT('',(15.364388378812,-9.431082785255,
    8.727272727273));
#4187 = CARTESIAN_POINT('',(20.161513188432,0.275029475803,
    9.090909090907));
#4188 = CARTESIAN_POINT('',(18.143088017469,12.440463436941,
    9.454545454549));
#4189 = CARTESIAN_POINT('',(8.13580629422,21.843801560453,9.818181818178
    ));
#4190 = CARTESIAN_POINT('',(-6.40575220942,22.412258906801,
    10.181818181822));
#4191 = CARTESIAN_POINT('',(-17.11656196793,13.81883062164,
    10.545454545452));
#4192 = CARTESIAN_POINT('',(-20.07851641533,1.848089229543,
    10.909090909092));
#4193 = CARTESIAN_POINT('',(-16.05373404869,-8.202888263177,
    11.272727272727));
#4194 = CARTESIAN_POINT('',(-8.392185327423,-13.44407800708,
    11.636363636364));
#4195 = CARTESIAN_POINT('',(-0.537557999893,-13.7511304186,12.));
#4196 = CARTESIAN_POINT('',(1.722076207827,-13.75469364325,-4.));
#4197 = CARTESIAN_POINT('',(9.57873884456,-12.77104601354,
    -3.636363636364));
#4198 = CARTESIAN_POINT('',(16.817297078432,-6.85199916741,
    -3.272727272728));
#4199 = CARTESIAN_POINT('',(19.992287559332,3.581496282311,
    -2.90909090909));
#4200 = CARTESIAN_POINT('',(15.990146431362,15.340860589493,
    -2.545454545455));
#4201 = CARTESIAN_POINT('',(4.501534410929,23.044295494877,
    -2.181818181817));
#4202 = CARTESIAN_POINT('',(-10.04379213543,21.223232704922,
    -1.818181818183));
#4203 = CARTESIAN_POINT('',(-19.27864011553,10.925237837996,
    -1.454545454545));
#4204 = CARTESIAN_POINT('',(-20.25816913403,-1.457827429558,
    -1.090909090909));
#4205 = CARTESIAN_POINT('',(-14.60896648538,-10.7865412363,
    -0.727272727273));
#4206 = CARTESIAN_POINT('',(-6.134586428915,-14.73834127297,
    -0.363636363636));
#4207 = CARTESIAN_POINT('',(9.57873884457,-12.77104601354,0.363636363636
    ));
#4208 = CARTESIAN_POINT('',(16.817297078391,-6.851999167415,
    0.727272727273));
#4209 = CARTESIAN_POINT('',(19.99228755941,3.581496282317,1.090909090909
    ));
#4210 = CARTESIAN_POINT('',(15.990146431288,15.340860589493,
    1.454545454546));
#4211 = CARTESIAN_POINT('',(4.501534410925,23.044295494865,
    1.818181818182));
#4212 = CARTESIAN_POINT('',(-10.04379213532,21.223232704941,
    2.181818181818));
#4213 = CARTESIAN_POINT('',(-19.27864011569,10.92523783798,
    2.545454545455));
#4214 = CARTESIAN_POINT('',(-20.2581691339,-1.457827429551,
    2.909090909091));
#4215 = CARTESIAN_POINT('',(-14.60896648543,-10.7865412363,
    3.272727272727));
#4216 = CARTESIAN_POINT('',(-6.134586428905,-14.73834127297,
    3.636363636364));
#4217 = CARTESIAN_POINT('',(9.578738844568,-12.77104601354,
    4.363636363636));
#4218 = CARTESIAN_POINT('',(16.817297078382,-6.851999167424,
    4.727272727272));
#4219 = CARTESIAN_POINT('',(19.992287559449,3.58149628234,5.09090909091)
  );
#4220 = CARTESIAN_POINT('',(15.99014643121,15.340860589457,
    5.454545454543));
#4221 = CARTESIAN_POINT('',(4.501534411033,23.044295494906,
    5.818181818185));
#4222 = CARTESIAN_POINT('',(-10.04379213543,21.223232704906,
    6.181818181815));
#4223 = CARTESIAN_POINT('',(-19.27864011561,10.925237838002,
    6.545454545457));
#4224 = CARTESIAN_POINT('',(-20.25816913395,-1.457827429562,
    6.90909090909));
#4225 = CARTESIAN_POINT('',(-14.60896648542,-10.78654123629,
    7.272727272728));
#4226 = CARTESIAN_POINT('',(-6.134586428909,-14.73834127297,
    7.636363636363));
#4227 = CARTESIAN_POINT('',(9.578738844574,-12.77104601353,
    8.363636363637));
#4228 = CARTESIAN_POINT('',(16.817297078357,-6.851999167424,
    8.727272727272));
#4229 = CARTESIAN_POINT('',(19.992287559475,3.581496282319,
    9.090909090912));
#4230 = CARTESIAN_POINT('',(15.990146431257,15.34086058953,
    9.454545454541));
#4231 = CARTESIAN_POINT('',(4.50153441082,23.044295494769,9.818181818188
    ));
#4232 = CARTESIAN_POINT('',(-10.04379213505,21.223232705076,
    10.181818181812));
#4233 = CARTESIAN_POINT('',(-19.27864011602,10.925237837858,
    10.54545454546));
#4234 = CARTESIAN_POINT('',(-20.25816913365,-1.457827429477,
    10.909090909088));
#4235 = CARTESIAN_POINT('',(-14.60896648556,-10.78654123633,
    11.272727272729));
#4236 = CARTESIAN_POINT('',(-6.134586428868,-14.73834127296,
    11.636363636363));
#4237 = CARTESIAN_POINT('',(1.722076207827,-13.75469364325,12.));
#4238 = CARTESIAN_POINT('',(3.968187354597,-13.38677278934,-4.));
#4239 = CARTESIAN_POINT('',(11.614694091012,-11.12014947275,
    -3.636363636364));
#4240 = CARTESIAN_POINT('',(17.837157833444,-4.050174941503,
    -3.272727272727));
#4241 = CARTESIAN_POINT('',(19.280567648043,6.839498957909,
    -2.909090909091));
#4242 = CARTESIAN_POINT('',(13.373850482159,17.869225489433,
    -2.545454545455));
#4243 = CARTESIAN_POINT('',(0.692604884377,23.639854863116,
    -2.181818181818));
#4244 = CARTESIAN_POINT('',(-13.46365236664,19.443572316461,
    -1.818181818182));
#4245 = CARTESIAN_POINT('',(-20.95154013029,7.694287652418,
    -1.454545454545));
#4246 = CARTESIAN_POINT('',(-19.89323966431,-4.772635591204,
    -1.090909090909));
#4247 = CARTESIAN_POINT('',(-12.74849248041,-13.11655656442,
    -0.727272727273));
#4248 = CARTESIAN_POINT('',(-3.678319381827,-15.65339610594,
    -0.363636363636));
#4249 = CARTESIAN_POINT('',(11.614694091022,-11.12014947275,
    0.363636363636));
#4250 = CARTESIAN_POINT('',(17.837157833403,-4.050174941518,
    0.727272727273));
#4251 = CARTESIAN_POINT('',(19.280567648124,6.839498957936,
    1.090909090909));
#4252 = CARTESIAN_POINT('',(13.37385048208,17.869225489407,
    1.454545454546));
#4253 = CARTESIAN_POINT('',(0.692604884383,23.639854863123,
    1.818181818181));
#4254 = CARTESIAN_POINT('',(-13.46365236654,19.443572316479,
    2.181818181819));
#4255 = CARTESIAN_POINT('',(-20.95154013043,7.69428765239,2.545454545454
    ));
#4256 = CARTESIAN_POINT('',(-19.89323966419,-4.772635591185,
    2.909090909091));
#4257 = CARTESIAN_POINT('',(-12.74849248047,-13.11655656443,
    3.272727272727));
#4258 = CARTESIAN_POINT('',(-3.678319381818,-15.65339610594,
    3.636363636364));
#4259 = CARTESIAN_POINT('',(11.614694091019,-11.12014947274,
    4.363636363636));
#4260 = CARTESIAN_POINT('',(17.837157833395,-4.050174941529,
    4.727272727272));
#4261 = CARTESIAN_POINT('',(19.280567648155,6.839498957963,5.09090909091
    ));
#4262 = CARTESIAN_POINT('',(13.373850482015,17.869225489362,
    5.454545454543));
#4263 = CARTESIAN_POINT('',(0.692604884475,23.639854863176,
    5.818181818184));
#4264 = CARTESIAN_POINT('',(-13.46365236663,19.443572316431,
    6.181818181816));
#4265 = CARTESIAN_POINT('',(-20.95154013037,7.694287652422,
    6.545454545456));
#4266 = CARTESIAN_POINT('',(-19.89323966423,-4.7726355912,6.909090909091
    ));
#4267 = CARTESIAN_POINT('',(-12.74849248045,-13.11655656442,
    7.272727272727));
#4268 = CARTESIAN_POINT('',(-3.678319381821,-15.65339610594,
    7.636363636364));
#4269 = CARTESIAN_POINT('',(11.614694091025,-11.12014947274,
    8.363636363636));
#4270 = CARTESIAN_POINT('',(17.837157833372,-4.050174941531,
    8.727272727274));
#4271 = CARTESIAN_POINT('',(19.280567648184,6.839498957942,
    9.090909090906));
#4272 = CARTESIAN_POINT('',(13.373850482049,17.869225489451,
    9.454545454551));
#4273 = CARTESIAN_POINT('',(0.692604884286,23.639854862993,
    9.818181818175));
#4274 = CARTESIAN_POINT('',(-13.46365236628,19.443572316674,
    10.181818181825));
#4275 = CARTESIAN_POINT('',(-20.95154013075,7.694287652202,
    10.545454545449));
#4276 = CARTESIAN_POINT('',(-19.89323966395,-4.772635591063,
    10.909090909094));
#4277 = CARTESIAN_POINT('',(-12.74849248059,-13.11655656448,
    11.272727272726));
#4278 = CARTESIAN_POINT('',(-3.678319381781,-15.65339610593,
    11.636363636364));
#4279 = CARTESIAN_POINT('',(3.968187354596,-13.38677278934,12.));
#4280 = CARTESIAN_POINT('',(6.139638749456,-12.65192223915,-4.));
#4281 = CARTESIAN_POINT('',(13.366399833147,-9.144968786245,
    -3.636363636364));
#4282 = CARTESIAN_POINT('',(18.389973711676,-1.098371830605,
    -3.272727272728));
#4283 = CARTESIAN_POINT('',(18.037736843297,9.959936727445,
    -2.90909090909));
#4284 = CARTESIAN_POINT('',(10.358412791649,19.951525551759,
    -2.545454545456));
#4285 = CARTESIAN_POINT('',(-3.190194320107,23.605483038484,
    -2.181818181817));
#4286 = CARTESIAN_POINT('',(-16.56936111075,17.112932000709,
    -1.818181818183));
#4287 = CARTESIAN_POINT('',(-22.08272740629,4.208709743166,
    -1.454545454545));
#4288 = CARTESIAN_POINT('',(-18.98567213856,-8.006531302114,
    -1.090909090909));
#4289 = CARTESIAN_POINT('',(-10.51671466603,-15.1260129058,
    -0.727272727273));
#4290 = CARTESIAN_POINT('',(-1.087122334242,-16.15887569206,
    -0.363636363636));
#4291 = CARTESIAN_POINT('',(13.366399833156,-9.14496878624,
    0.363636363636));
#4292 = CARTESIAN_POINT('',(18.389973711636,-1.098371830625,
    0.727272727273));
#4293 = CARTESIAN_POINT('',(18.037736843374,9.959936727479,
    1.090909090909));
#4294 = CARTESIAN_POINT('',(10.358412791573,19.951525551729,
    1.454545454546));
#4295 = CARTESIAN_POINT('',(-3.190194320101,23.605483038479,
    1.818181818181));
#4296 = CARTESIAN_POINT('',(-16.56936111066,17.112932000757,
    2.181818181818));
#4297 = CARTESIAN_POINT('',(-22.08272740643,4.208709743105,
    2.545454545455));
#4298 = CARTESIAN_POINT('',(-18.98567213845,-8.006531302071,
    2.909090909091));
#4299 = CARTESIAN_POINT('',(-10.51671466608,-15.12601290582,
    3.272727272727));
#4300 = CARTESIAN_POINT('',(-1.087122334233,-16.15887569205,
    3.636363636364));
#4301 = CARTESIAN_POINT('',(13.366399833153,-9.144968786238,
    4.363636363636));
#4302 = CARTESIAN_POINT('',(18.38997371163,-1.098371830638,
    4.727272727272));
#4303 = CARTESIAN_POINT('',(18.037736843403,9.959936727515,
    5.090909090911));
#4304 = CARTESIAN_POINT('',(10.35841279151,19.951525551666,
    5.454545454542));
#4305 = CARTESIAN_POINT('',(-3.19019432001,23.605483038558,
    5.818181818186));
#4306 = CARTESIAN_POINT('',(-16.56936111075,17.112932000682,
    6.181818181814));
#4307 = CARTESIAN_POINT('',(-22.08272740636,4.208709743157,
    6.545454545457));
#4308 = CARTESIAN_POINT('',(-18.98567213849,-8.006531302097,
    6.909090909089));
#4309 = CARTESIAN_POINT('',(-10.51671466606,-15.12601290581,
    7.272727272728));
#4310 = CARTESIAN_POINT('',(-1.087122334237,-16.15887569206,
    7.636363636364));
#4311 = CARTESIAN_POINT('',(13.366399833159,-9.144968786235,
    8.363636363636));
#4312 = CARTESIAN_POINT('',(18.389973711607,-1.098371830644,
    8.727272727273));
#4313 = CARTESIAN_POINT('',(18.037736843435,9.959936727499,
    9.090909090908));
#4314 = CARTESIAN_POINT('',(10.35841279153,19.951525551761,
    9.454545454548));
#4315 = CARTESIAN_POINT('',(-3.190194320168,23.605483038343,
    9.818181818179));
#4316 = CARTESIAN_POINT('',(-16.56936111044,17.112932000983,
    10.181818181821));
#4317 = CARTESIAN_POINT('',(-22.08272740671,4.208709742873,
    10.545454545453));
#4318 = CARTESIAN_POINT('',(-18.98567213823,-8.006531301913,
    10.909090909092));
#4319 = CARTESIAN_POINT('',(-10.51671466619,-15.12601290589,
    11.272727272727));
#4320 = CARTESIAN_POINT('',(-1.0871223342,-16.15887569203,
    11.636363636364));
#4321 = CARTESIAN_POINT('',(6.139638749456,-12.65192223915,12.));
#4322 = CARTESIAN_POINT('',(8.176646704741,-11.56492887962,-4.));
#4323 = CARTESIAN_POINT('',(14.78251863338,-6.894439203513,
    -3.636363636364));
#4324 = CARTESIAN_POINT('',(18.454304745113,1.925633186612,
    -3.272727272727));
#4325 = CARTESIAN_POINT('',(16.290045810041,12.856478395838,
    -2.90909090909));
#4326 = CARTESIAN_POINT('',(7.019872850008,21.525232873814,
    -2.545454545455));
#4327 = CARTESIAN_POINT('',(-7.042842122402,22.933364713342,
    -2.181818181817));
#4328 = CARTESIAN_POINT('',(-19.27253413897,14.286716561111,
    -1.818181818183));
#4329 = CARTESIAN_POINT('',(-22.63407791506,0.55926919784,
    -1.454545454545));
#4330 = CARTESIAN_POINT('',(-17.55248686309,-11.07090033189,
    -1.090909090909));
#4331 = CARTESIAN_POINT('',(-7.968857594534,-16.75609547096,
    -0.727272727273));
#4332 = CARTESIAN_POINT('',(1.570774776096,-16.23541855574,
    -0.363636363636));
#4333 = CARTESIAN_POINT('',(14.782518633388,-6.894439203507,
    0.363636363636));
#4334 = CARTESIAN_POINT('',(18.454304745077,1.925633186588,
    0.727272727273));
#4335 = CARTESIAN_POINT('',(16.290045810112,12.85647839588,
    1.090909090909));
#4336 = CARTESIAN_POINT('',(7.019872849936,21.52523287378,1.454545454546
    ));
#4337 = CARTESIAN_POINT('',(-7.042842122393,22.933364713328,
    1.818181818181));
#4338 = CARTESIAN_POINT('',(-19.27253413888,14.286716561183,
    2.181818181819));
#4339 = CARTESIAN_POINT('',(-22.63407791518,0.559269197749,
    2.545454545454));
#4340 = CARTESIAN_POINT('',(-17.55248686299,-11.07090033183,
    2.909090909091));
#4341 = CARTESIAN_POINT('',(-7.96885759458,-16.75609547098,
    3.272727272727));
#4342 = CARTESIAN_POINT('',(1.570774776104,-16.23541855573,
    3.636363636364));
#4343 = CARTESIAN_POINT('',(14.782518633385,-6.894439203507,
    4.363636363636));
#4344 = CARTESIAN_POINT('',(18.454304745074,1.925633186575,
    4.727272727272));
#4345 = CARTESIAN_POINT('',(16.290045810132,12.85647839592,5.09090909091
    ));
#4346 = CARTESIAN_POINT('',(7.019872849889,21.525232873708,
    5.454545454544));
#4347 = CARTESIAN_POINT('',(-7.042842122325,22.933364713421,
    5.818181818184));
#4348 = CARTESIAN_POINT('',(-19.27253413896,14.286716561094,
    6.181818181816));
#4349 = CARTESIAN_POINT('',(-22.63407791513,0.559269197812,
    6.545454545456));
#4350 = CARTESIAN_POINT('',(-17.55248686302,-11.07090033186,
    6.90909090909));
#4351 = CARTESIAN_POINT('',(-7.96885759457,-16.75609547097,
    7.272727272728));
#4352 = CARTESIAN_POINT('',(1.570774776102,-16.23541855574,
    7.636363636364));
#4353 = CARTESIAN_POINT('',(14.78251863339,-6.894439203502,
    8.363636363636));
#4354 = CARTESIAN_POINT('',(18.45430474505,1.925633186563,8.727272727273
    ));
#4355 = CARTESIAN_POINT('',(16.290045810172,12.856478395914,
    9.090909090908));
#4356 = CARTESIAN_POINT('',(7.019872849884,21.525232873797,
    9.454545454548));
#4357 = CARTESIAN_POINT('',(-7.042842122433,22.933364713192,
    9.818181818179));
#4358 = CARTESIAN_POINT('',(-19.27253413871,14.286716561433,
    10.181818181821));
#4359 = CARTESIAN_POINT('',(-22.63407791542,0.55926919748,
    10.545454545453));
#4360 = CARTESIAN_POINT('',(-17.5524868628,-11.07090033164,
    10.909090909092));
#4361 = CARTESIAN_POINT('',(-7.968857594678,-16.75609547107,
    11.272727272727));
#4362 = CARTESIAN_POINT('',(1.570774776134,-16.23541855571,
    11.636363636364));
#4363 = CARTESIAN_POINT('',(8.176646704741,-11.56492887962,12.));
#4364 = CARTESIAN_POINT('',(10.021486980638,-10.14968394564,-4.));
#4365 = CARTESIAN_POINT('',(15.818972893344,-4.425423968113,
    -3.636363636364));
#4366 = CARTESIAN_POINT('',(18.020432102528,4.940578260774,
    -3.272727272727));
#4367 = CARTESIAN_POINT('',(14.076907286679,15.446508893559,
    -2.909090909091));
#4368 = CARTESIAN_POINT('',(3.44397613034,22.539152772445,
    -2.545454545455));
#4369 = CARTESIAN_POINT('',(-10.75981762535,21.631424018955,
    -2.181818181818));
#4370 = CARTESIAN_POINT('',(-21.49291507996,11.033892413068,
    -1.818181818182));
#4371 = CARTESIAN_POINT('',(-22.5811063529,-3.157216363025,
    -1.454545454545));
#4372 = CARTESIAN_POINT('',(-15.62418418805,-13.87943890136,
    -1.090909090909));
#4373 = CARTESIAN_POINT('',(-5.169225990774,-17.95617969858,
    -0.727272727273));
#4374 = CARTESIAN_POINT('',(4.224001067925,-15.87394392317,
    -0.363636363636));
#4375 = CARTESIAN_POINT('',(15.818972893351,-4.425423968106,
    0.363636363636));
#4376 = CARTESIAN_POINT('',(18.020432102496,4.940578260744,
    0.727272727273));
#4377 = CARTESIAN_POINT('',(14.076907286742,15.446508893615,
    1.090909090909));
#4378 = CARTESIAN_POINT('',(3.443976130274,22.539152772394,
    1.454545454547));
#4379 = CARTESIAN_POINT('',(-10.75981762534,21.631424018949,
    1.81818181818));
#4380 = CARTESIAN_POINT('',(-21.49291507989,11.033892413147,
    2.181818181819));
#4381 = CARTESIAN_POINT('',(-22.58110635302,-3.157216363132,
    2.545454545454));
#4382 = CARTESIAN_POINT('',(-15.62418418795,-13.87943890128,
    2.909090909091));
#4383 = CARTESIAN_POINT('',(-5.169225990816,-17.95617969862,
    3.272727272727));
#4384 = CARTESIAN_POINT('',(4.224001067933,-15.87394392317,
    3.636363636364));
#4385 = CARTESIAN_POINT('',(15.818972893348,-4.425423968106,
    4.363636363636));
#4386 = CARTESIAN_POINT('',(18.020432102496,4.940578260732,
    4.727272727272));
#4387 = CARTESIAN_POINT('',(14.076907286755,15.446508893654,
    5.090909090911));
#4388 = CARTESIAN_POINT('',(3.443976130242,22.539152772323,
    5.454545454542));
#4389 = CARTESIAN_POINT('',(-10.75981762529,21.63142401904,
    5.818181818187));
#4390 = CARTESIAN_POINT('',(-21.49291507995,11.03389241306,
    6.181818181814));
#4391 = CARTESIAN_POINT('',(-22.58110635297,-3.157216363072,
    6.545454545458));
#4392 = CARTESIAN_POINT('',(-15.62418418798,-13.87943890131,
    6.909090909089));
#4393 = CARTESIAN_POINT('',(-5.169225990808,-17.9561796986,
    7.272727272728));
#4394 = CARTESIAN_POINT('',(4.224001067931,-15.87394392317,
    7.636363636363));
#4395 = CARTESIAN_POINT('',(15.818972893353,-4.425423968101,
    8.363636363637));
#4396 = CARTESIAN_POINT('',(18.020432102475,4.940578260715,
    8.727272727272));
#4397 = CARTESIAN_POINT('',(14.076907286793,15.446508893656,
    9.090909090911));
#4398 = CARTESIAN_POINT('',(3.443976130226,22.539152772408,
    9.454545454542));
#4399 = CARTESIAN_POINT('',(-10.75981762536,21.6314240188,9.818181818185
    ));
#4400 = CARTESIAN_POINT('',(-21.49291507976,11.033892413432,
    10.181818181814));
#4401 = CARTESIAN_POINT('',(-22.58110635321,-3.157216363444,
    10.545454545458));
#4402 = CARTESIAN_POINT('',(-15.62418418779,-13.87943890106,
    10.909090909088));
#4403 = CARTESIAN_POINT('',(-5.1692259909,-17.95617969872,
    11.272727272729));
#4404 = CARTESIAN_POINT('',(4.224001067959,-15.87394392314,
    11.636363636363));
#4405 = CARTESIAN_POINT('',(10.021486980637,-10.14968394564,12.));
#4406 = CARTESIAN_POINT('',(11.085866359476,-9.015169430087,-4.));
#4407 = CARTESIAN_POINT('',(16.23531909628,-2.682937373068,
    -3.636363636364));
#4408 = CARTESIAN_POINT('',(17.406843245438,6.883938411102,
    -3.272727272727));
#4409 = CARTESIAN_POINT('',(12.334770458565,16.916277105127,
    -2.909090909091));
#4410 = CARTESIAN_POINT('',(0.973181593754,22.820514879993,
    -2.545454545455));
#4411 = CARTESIAN_POINT('',(-13.07245831072,20.368567550567,
    -2.181818181818));
#4412 = CARTESIAN_POINT('',(-22.60582827388,8.645475024469,
    -1.818181818182));
#4413 = CARTESIAN_POINT('',(-22.14286115939,-5.605058561358,
    -1.454545454545));
#4414 = CARTESIAN_POINT('',(-14.04638321451,-15.52437154786,
    -1.090909090909));
#4415 = CARTESIAN_POINT('',(-3.190714063392,-18.4446779203,
    -0.727272727273));
#4416 = CARTESIAN_POINT('',(5.936413622666,-15.34740148711,
    -0.363636363636));
#4417 = CARTESIAN_POINT('',(16.235319096287,-2.682937373059,
    0.363636363636));
#4418 = CARTESIAN_POINT('',(17.406843245411,6.883938411068,
    0.727272727273));
#4419 = CARTESIAN_POINT('',(12.334770458619,16.916277105192,
    1.090909090909));
#4420 = CARTESIAN_POINT('',(0.9731815937,22.820514879932,1.454545454546)
  );
#4421 = CARTESIAN_POINT('',(-13.07245831071,20.368567550565,
    1.818181818181));
#4422 = CARTESIAN_POINT('',(-22.60582827381,8.645475024551,
    2.181818181818));
#4423 = CARTESIAN_POINT('',(-22.1428611595,-5.605058561474,
    2.545454545455));
#4424 = CARTESIAN_POINT('',(-14.04638321442,-15.52437154778,
    2.909090909091));
#4425 = CARTESIAN_POINT('',(-3.190714063431,-18.44467792034,
    3.272727272727));
#4426 = CARTESIAN_POINT('',(5.936413622674,-15.3474014871,3.636363636364
    ));
#4427 = CARTESIAN_POINT('',(16.235319096284,-2.68293737306,
    4.363636363636));
#4428 = CARTESIAN_POINT('',(17.40684324541,6.883938411056,4.727272727272
    ));
#4429 = CARTESIAN_POINT('',(12.334770458632,16.91627710523,5.09090909091
    ));
#4430 = CARTESIAN_POINT('',(0.973181593667,22.82051487986,5.454545454543
    ));
#4431 = CARTESIAN_POINT('',(-13.07245831066,20.36856755066,
    5.818181818184));
#4432 = CARTESIAN_POINT('',(-22.60582827386,8.64547502446,6.181818181816
    ));
#4433 = CARTESIAN_POINT('',(-22.14286115946,-5.605058561408,
    6.545454545455));
#4434 = CARTESIAN_POINT('',(-14.04638321445,-15.52437154781,
    6.909090909091));
#4435 = CARTESIAN_POINT('',(-3.190714063423,-18.44467792032,
    7.272727272727));
#4436 = CARTESIAN_POINT('',(5.936413622672,-15.34740148711,
    7.636363636364));
#4437 = CARTESIAN_POINT('',(16.235319096287,-2.682937373054,
    8.363636363636));
#4438 = CARTESIAN_POINT('',(17.406843245393,6.883938411038,
    8.727272727273));
#4439 = CARTESIAN_POINT('',(12.334770458666,16.916277105236,
    9.090909090908));
#4440 = CARTESIAN_POINT('',(0.973181593648,22.820514879944,
    9.454545454548));
#4441 = CARTESIAN_POINT('',(-13.07245831072,20.36856755041,
    9.818181818178));
#4442 = CARTESIAN_POINT('',(-22.60582827371,8.645475024854,
    10.181818181822));
#4443 = CARTESIAN_POINT('',(-22.14286115966,-5.605058561809,
    10.545454545452));
#4444 = CARTESIAN_POINT('',(-14.04638321429,-15.52437154754,
    10.909090909092));
#4445 = CARTESIAN_POINT('',(-3.190714063503,-18.44467792045,
    11.272727272727));
#4446 = CARTESIAN_POINT('',(5.936413622697,-15.34740148707,
    11.636363636364));
#4447 = CARTESIAN_POINT('',(11.085866359476,-9.015169430087,12.));
#4448 = CARTESIAN_POINT('',(11.568943019562,-8.405329107782,-4.));
#4449 = CARTESIAN_POINT('',(16.370055778836,-1.797164307773,
    -3.636363636364));
#4450 = CARTESIAN_POINT('',(17.019912217033,7.826816103579,
    -3.272727272728));
#4451 = CARTESIAN_POINT('',(11.405187910144,17.576013983295,
    -2.90909090909));
#4452 = CARTESIAN_POINT('',(-0.269916513109,22.857571382526,
    -2.545454545456));
#4453 = CARTESIAN_POINT('',(-14.17226238803,19.642647496838,
    -2.181818181817));
#4454 = CARTESIAN_POINT('',(-23.06073782579,7.408710603707,
    -1.818181818183));
#4455 = CARTESIAN_POINT('',(-21.82225099962,-6.806672148628,
    -1.454545454545));
#4456 = CARTESIAN_POINT('',(-13.19138574105,-16.27826529577,
    -1.09090909091));
#4457 = CARTESIAN_POINT('',(-2.184302339307,-18.6055176086,
    -0.727272727273));
#4458 = CARTESIAN_POINT('',(6.767830260283,-15.01349390779,
    -0.363636363636));
#4459 = CARTESIAN_POINT('',(16.370055778842,-1.797164307765,
    0.363636363636));
#4460 = CARTESIAN_POINT('',(17.019912217007,7.826816103545,
    0.727272727273));
#4461 = CARTESIAN_POINT('',(11.405187910196,17.57601398336,
    1.090909090909));
#4462 = CARTESIAN_POINT('',(-0.269916513164,22.857571382468,
    1.454545454546));
#4463 = CARTESIAN_POINT('',(-14.17226238802,19.64264749683,
    1.818181818182));
#4464 = CARTESIAN_POINT('',(-23.06073782573,7.4087106038,2.181818181818)
  );
#4465 = CARTESIAN_POINT('',(-21.82225099972,-6.806672148756,
    2.545454545455));
#4466 = CARTESIAN_POINT('',(-13.19138574097,-16.27826529568,
    2.90909090909));
#4467 = CARTESIAN_POINT('',(-2.184302339343,-18.60551760864,
    3.272727272728));
#4468 = CARTESIAN_POINT('',(6.76783026029,-15.01349390779,3.636363636364
    ));
#4469 = CARTESIAN_POINT('',(16.370055778839,-1.797164307766,
    4.363636363636));
#4470 = CARTESIAN_POINT('',(17.019912217008,7.826816103532,
    4.727272727272));
#4471 = CARTESIAN_POINT('',(11.405187910205,17.576013983401,
    5.090909090911));
#4472 = CARTESIAN_POINT('',(-0.269916513188,22.85757138239,
    5.454545454541));
#4473 = CARTESIAN_POINT('',(-14.17226238798,19.642647496931,
    5.818181818188));
#4474 = CARTESIAN_POINT('',(-23.06073782577,7.408710603702,
    6.181818181813));
#4475 = CARTESIAN_POINT('',(-21.82225099968,-6.806672148686,
    6.545454545458));
#4476 = CARTESIAN_POINT('',(-13.19138574099,-16.27826529571,
    6.909090909089));
#4477 = CARTESIAN_POINT('',(-2.184302339336,-18.60551760863,
    7.272727272728));
#4478 = CARTESIAN_POINT('',(6.767830260288,-15.01349390779,
    7.636363636363));
#4479 = CARTESIAN_POINT('',(16.370055778843,-1.797164307759,
    8.363636363636));
#4480 = CARTESIAN_POINT('',(17.01991221699,7.826816103511,8.727272727273
    ));
#4481 = CARTESIAN_POINT('',(11.405187910243,17.576013983412,
    9.090909090908));
#4482 = CARTESIAN_POINT('',(-0.269916513218,22.857571382468,
    9.454545454548));
#4483 = CARTESIAN_POINT('',(-14.17226238802,19.642647496685,
    9.818181818178));
#4484 = CARTESIAN_POINT('',(-23.06073782564,7.408710604097,
    10.181818181822));
#4485 = CARTESIAN_POINT('',(-21.82225099986,-6.806672149091,
    10.545454545452));
#4486 = CARTESIAN_POINT('',(-13.19138574085,-16.27826529543,
    10.909090909092));
#4487 = CARTESIAN_POINT('',(-2.184302339408,-18.60551760876,
    11.272727272727));
#4488 = CARTESIAN_POINT('',(6.76783026031,-15.01349390775,
    11.636363636364));
#4489 = CARTESIAN_POINT('',(11.568943019562,-8.405329107783,12.));
#4490 = DEFINITIONAL_REPRESENTATION('',(#4491),#4683);
#4491 = B_SPLINE_CURVE_WITH_KNOTS('',8,(#4492,#4493,#4494,#4495,#4496,
    #4497,#4498,#4499,#4500,#4501,#4502,#4503,#4504,#4505,#4506,#4507,
    #4508,#4509,#4510,#4511,#4512,#4513,#4514,#4515,#4516,#4517,#4518,
    #4519,#4520,#4521,#4522,#4523,#4524,#4525,#4526,#4527,#4528,#4529,
    #4530,#4531,#4532,#4533,#4534,#4535,#4536,#4537,#4538,#4539,#4540,
    #4541,#4542,#4543,#4544,#4545,#4546,#4547,#4548,#4549,#4550,#4551,
    #4552,#4553,#4554,#4555,#4556,#4557,#4558,#4559,#4560,#4561,#4562,
    #4563,#4564,#4565,#4566,#4567,#4568,#4569,#4570,#4571,#4572,#4573,
    #4574,#4575,#4576,#4577,#4578,#4579,#4580,#4581,#4582,#4583,#4584,
    #4585,#4586,#4587,#4588,#4589,#4590,#4591,#4592,#4593,#4594,#4595,
    #4596,#4597,#4598,#4599,#4600,#4601,#4602,#4603,#4604,#4605,#4606,
    #4607,#4608,#4609,#4610,#4611,#4612,#4613,#4614,#4615,#4616,#4617,
    #4618,#4619,#4620,#4621,#4622,#4623,#4624,#4625,#4626,#4627,#4628,
    #4629,#4630,#4631,#4632,#4633,#4634,#4635,#4636,#4637,#4638,#4639,
    #4640,#4641,#4642,#4643,#4644,#4645,#4646,#4647,#4648,#4649,#4650,
    #4651,#4652,#4653,#4654,#4655,#4656,#4657,#4658,#4659,#4660,#4661,
    #4662,#4663,#4664,#4665,#4666,#4667,#4668,#4669,#4670,#4671,#4672,
    #4673,#4674,#4675,#4676,#4677,#4678,#4679,#4680,#4681,#4682),
  .UNSPECIFIED.,.F.,.F.,(9,7,7,7,7,7,7,7,7,7,7,7,7,7,7,7,7,7,7,7,7,7,7,7
    ,7,7,7,9),(0.,8.297889639488E-02,0.121008238904,0.149990892308,
    0.171972460183,0.237965207045,0.255963534849,0.2869674115,
    0.333960025278,0.357959552129,0.381962197042,0.412958244157,
    0.43695736795,0.508956837742,0.543962376621,0.569961918986,
    0.58995930287,0.619964022876,0.650965388279,0.6819644653,
    0.727973095899,0.750970344846,0.774971217279,0.811973422554,
    0.838977954397,0.881008131824,0.922984271521,1.),.UNSPECIFIED.);
#4492 = CARTESIAN_POINT('',(26.896509715561,11.946157725779));
#4493 = CARTESIAN_POINT('',(26.615763836952,11.939862647438));
#4494 = CARTESIAN_POINT('',(26.335908183701,11.933495244807));
#4495 = CARTESIAN_POINT('',(26.056704680403,11.927073617788));
#4496 = CARTESIAN_POINT('',(25.77794273439,11.920613436321));
#4497 = CARTESIAN_POINT('',(25.499439934455,11.914128068485));
#4498 = CARTESIAN_POINT('',(25.221042749565,11.907628708588));
#4499 = CARTESIAN_POINT('',(24.942627227587,11.901124505264));
#4500 = CARTESIAN_POINT('',(24.536450141734,11.891642898474));
#4501 = CARTESIAN_POINT('',(24.408776294246,11.888663605534));
#4502 = CARTESIAN_POINT('',(24.281067830157,11.885685570301));
#4503 = CARTESIAN_POINT('',(24.153327846543,11.882708556336));
#4504 = CARTESIAN_POINT('',(24.025554260428,11.879732711781));
#4505 = CARTESIAN_POINT('',(23.897744573346,11.876758217175));
#4506 = CARTESIAN_POINT('',(23.769903416567,11.873784726862));
#4507 = CARTESIAN_POINT('',(23.544580059944,11.868546676092));
#4508 = CARTESIAN_POINT('',(23.447110559569,11.866281730016));
#4509 = CARTESIAN_POINT('',(23.34962507624,11.864017196038));
#4510 = CARTESIAN_POINT('',(23.252125331211,11.861752946284));
#4511 = CARTESIAN_POINT('',(23.154613484201,11.859488821062));
#4512 = CARTESIAN_POINT('',(23.057092133392,11.857224628865));
#4513 = CARTESIAN_POINT('',(22.959564315432,11.854960146369));
#4514 = CARTESIAN_POINT('',(22.788062358276,11.850977233449));
#4515 = CARTESIAN_POINT('',(22.714089483543,11.849259035165));
#4516 = CARTESIAN_POINT('',(22.64011639631,11.847540412183));
#4517 = CARTESIAN_POINT('',(22.566144747572,11.84582124333));
#4518 = CARTESIAN_POINT('',(22.492176324239,11.844101397659));
#4519 = CARTESIAN_POINT('',(22.418213049132,11.842380734452));
#4520 = CARTESIAN_POINT('',(22.344256980989,11.840659103217));
#4521 = CARTESIAN_POINT('',(22.048308695961,11.833764299828));
#4522 = CARTESIAN_POINT('',(21.826397925287,11.828581628203));
#4523 = CARTESIAN_POINT('',(21.604533942378,11.823391611176));
#4524 = CARTESIAN_POINT('',(21.382682278455,11.818196760781));
#4525 = CARTESIAN_POINT('',(21.160820402042,11.812998690915));
#4526 = CARTESIAN_POINT('',(20.938938787049,11.807798068882));
#4527 = CARTESIAN_POINT('',(20.717040702896,11.802594646297));
#4528 = CARTESIAN_POINT('',(20.434621522679,11.795967178759));
#4529 = CARTESIAN_POINT('',(20.374102151288,11.794546700004));
#4530 = CARTESIAN_POINT('',(20.31358290829,11.793125910681));
#4531 = CARTESIAN_POINT('',(20.253064155099,11.791704783583));
#4532 = CARTESIAN_POINT('',(20.192546318781,11.790283286686));
#4533 = CARTESIAN_POINT('',(20.132029892052,11.788861383158));
#4534 = CARTESIAN_POINT('',(20.07151543328,11.787439031352));
#4535 = CARTESIAN_POINT('',(19.906765968721,11.783565192736));
#4536 = CARTESIAN_POINT('',(19.802536787022,11.781112678716));
#4537 = CARTESIAN_POINT('',(19.698317397114,11.778658540315));
#4538 = CARTESIAN_POINT('',(19.594099533116,11.776203392016));
#4539 = CARTESIAN_POINT('',(19.489881303033,11.773747372587));
#4540 = CARTESIAN_POINT('',(19.385662817819,11.771290471894));
#4541 = CARTESIAN_POINT('',(19.281439581203,11.768833024051));
#4542 = CARTESIAN_POINT('',(19.019233592937,11.76264940478));
#4543 = CARTESIAN_POINT('',(18.861244361789,11.758922544578));
#4544 = CARTESIAN_POINT('',(18.703240165492,11.755194720611));
#4545 = CARTESIAN_POINT('',(18.545220209848,11.751465985109));
#4546 = CARTESIAN_POINT('',(18.387186821391,11.747736158005));
#4547 = CARTESIAN_POINT('',(18.229145433801,11.744004829771));
#4548 = CARTESIAN_POINT('',(18.071104574311,11.740271364258));
#4549 = CARTESIAN_POINT('',(17.832369238914,11.734626658292));
#4550 = CARTESIAN_POINT('',(17.751666302222,11.732717593059));
#4551 = CARTESIAN_POINT('',(17.670965146274,11.730807848785));
#4552 = CARTESIAN_POINT('',(17.590276068293,11.728896658972));
#4553 = CARTESIAN_POINT('',(17.509594511553,11.726984361944));
#4554 = CARTESIAN_POINT('',(17.428913059811,11.72507150969));
#4555 = CARTESIAN_POINT('',(17.348235957711,11.72315778756));
#4556 = CARTESIAN_POINT('',(17.18687284831,11.719328885895));
#4557 = CARTESIAN_POINT('',(17.10618721667,11.717413677287));
#4558 = CARTESIAN_POINT('',(17.025501505506,11.71549792745));
#4559 = CARTESIAN_POINT('',(16.944814688338,11.713581712324));
#4560 = CARTESIAN_POINT('',(16.864125955594,11.711665091596));
#4561 = CARTESIAN_POINT('',(16.783434714617,11.709748108704));
#4562 = CARTESIAN_POINT('',(16.702740589657,11.707830790835));
#4563 = CARTESIAN_POINT('',(16.517834355597,11.703436783542));
#4564 = CARTESIAN_POINT('',(16.413620214112,11.70095987813));
#4565 = CARTESIAN_POINT('',(16.309400654651,11.698482455548));
#4566 = CARTESIAN_POINT('',(16.20517593506,11.696004493991));
#4567 = CARTESIAN_POINT('',(16.100946913803,11.693525926993));
#4568 = CARTESIAN_POINT('',(15.996715049962,11.691046643424));
#4569 = CARTESIAN_POINT('',(15.892482403238,11.688566487494));
#4570 = CARTESIAN_POINT('',(15.707549500358,11.684164132625));
#4571 = CARTESIAN_POINT('',(15.626848260445,11.682242379318));
#4572 = CARTESIAN_POINT('',(15.54615064427,11.680319793452));
#4573 = CARTESIAN_POINT('',(15.465453809232,11.678396590747));
#4574 = CARTESIAN_POINT('',(15.384764750545,11.676472245291));
#4575 = CARTESIAN_POINT('',(15.304086744694,11.674546509388));
#4576 = CARTESIAN_POINT('',(15.223409467368,11.672620158814));
#4577 = CARTESIAN_POINT('',(14.900706253389,11.664911380191));
#4578 = CARTESIAN_POINT('',(14.658700257463,11.659122990512));
#4579 = CARTESIAN_POINT('',(14.416678003476,11.653330799409));
#4580 = CARTESIAN_POINT('',(14.174617811325,11.647536400139));
#4581 = CARTESIAN_POINT('',(13.932515779236,11.641740037457));
#4582 = CARTESIAN_POINT('',(13.690385806089,11.63594062802));
#4583 = CARTESIAN_POINT('',(13.448259613747,11.630135780785));
#4584 = CARTESIAN_POINT('',(13.088492980952,11.621495117141));
#4585 = CARTESIAN_POINT('',(12.970813066335,11.618666151503));
#4586 = CARTESIAN_POINT('',(12.853146671466,11.615834948907));
#4587 = CARTESIAN_POINT('',(12.735483207594,11.613002311082));
#4588 = CARTESIAN_POINT('',(12.617819611327,11.610168467073));
#4589 = CARTESIAN_POINT('',(12.500155350953,11.60733345417));
#4590 = CARTESIAN_POINT('',(12.382485032335,11.604497680153));
#4591 = CARTESIAN_POINT('',(12.177407815444,11.599554333622));
#4592 = CARTESIAN_POINT('',(12.090003332678,11.597447124622));
#4593 = CARTESIAN_POINT('',(12.002595008738,11.595339530772));
#4594 = CARTESIAN_POINT('',(11.915182649583,11.593231565449));
#4595 = CARTESIAN_POINT('',(11.827766367863,11.59112321884));
#4596 = CARTESIAN_POINT('',(11.740346582918,11.589014457942));
#4597 = CARTESIAN_POINT('',(11.652924020779,11.586905226563));
#4598 = CARTESIAN_POINT('',(11.498257860616,11.583172720394));
#4599 = CARTESIAN_POINT('',(11.431014972497,11.581549670295));
#4600 = CARTESIAN_POINT('',(11.363771519219,11.579926258829));
#4601 = CARTESIAN_POINT('',(11.296528074927,11.578302441919));
#4602 = CARTESIAN_POINT('',(11.229285318509,11.57667816761));
#4603 = CARTESIAN_POINT('',(11.162044033591,11.575053376069));
#4604 = CARTESIAN_POINT('',(11.09480510854,11.573427999581));
#4605 = CARTESIAN_POINT('',(10.926687114725,11.569362204128));
#4606 = CARTESIAN_POINT('',(10.825811760224,11.56692099543));
#4607 = CARTESIAN_POINT('',(10.724952015214,11.564477686948));
#4608 = CARTESIAN_POINT('',(10.624095363658,11.562033231203));
#4609 = CARTESIAN_POINT('',(10.523239942338,11.559587768898));
#4610 = CARTESIAN_POINT('',(10.422387721292,11.557141148978));
#4611 = CARTESIAN_POINT('',(10.32153227599,11.554693860146));
#4612 = CARTESIAN_POINT('',(10.116466142986,11.549716528802));
#4613 = CARTESIAN_POINT('',(10.012254888543,11.547186466586));
#4614 = CARTESIAN_POINT('',(9.908039019392,11.544655775813));
#4615 = CARTESIAN_POINT('',(9.803817676219,11.542124519512));
#4616 = CARTESIAN_POINT('',(9.699590631346,11.539592712635));
#4617 = CARTESIAN_POINT('',(9.595358288732,11.537060322062));
#4618 = CARTESIAN_POINT('',(9.491121683972,11.534527266596));
#4619 = CARTESIAN_POINT('',(9.282650979091,11.529459754369));
#4620 = CARTESIAN_POINT('',(9.178417189367,11.526925272559));
#4621 = CARTESIAN_POINT('',(9.074180609525,11.524390005474));
#4622 = CARTESIAN_POINT('',(8.969949692998,11.521853313586));
#4623 = CARTESIAN_POINT('',(8.865717954487,11.519315679012));
#4624 = CARTESIAN_POINT('',(8.761495213488,11.516776365967));
#4625 = CARTESIAN_POINT('',(8.65728994191,11.514234708662));
#4626 = CARTESIAN_POINT('',(8.398438893498,11.507917111139));
#4627 = CARTESIAN_POINT('',(8.243803160724,11.50413919926));
#4628 = CARTESIAN_POINT('',(8.089171228156,11.500358804945));
#4629 = CARTESIAN_POINT('',(7.934533812871,11.49657663824));
#4630 = CARTESIAN_POINT('',(7.779884681016,11.492793170274));
#4631 = CARTESIAN_POINT('',(7.625220691105,11.489008634281));
#4632 = CARTESIAN_POINT('',(7.470541837323,11.485223026622));
#4633 = CARTESIAN_POINT('',(7.238529779106,11.479543230015));
#4634 = CARTESIAN_POINT('',(7.161205322455,11.47765002433));
#4635 = CARTESIAN_POINT('',(7.083878306655,11.47575646036));
#4636 = CARTESIAN_POINT('',(7.006549305642,11.473862493182));
#4637 = CARTESIAN_POINT('',(6.929219083498,11.471968063346));
#4638 = CARTESIAN_POINT('',(6.851888594451,11.470073096866));
#4639 = CARTESIAN_POINT('',(6.774558982875,11.468177505226));
#4640 = CARTESIAN_POINT('',(6.616529536837,11.464302108186));
#4641 = CARTESIAN_POINT('',(6.535829703667,11.46232225155));
#4642 = CARTESIAN_POINT('',(6.455133737395,11.46034149131));
#4643 = CARTESIAN_POINT('',(6.374446345523,11.458359462019));
#4644 = CARTESIAN_POINT('',(6.2937628505,11.456376523545));
#4645 = CARTESIAN_POINT('',(6.213078543865,11.454393038877));
#4646 = CARTESIAN_POINT('',(6.132397107504,11.45240872265));
#4647 = CARTESIAN_POINT('',(5.92732814813,11.447363690205));
#4648 = CARTESIAN_POINT('',(5.802941237754,11.444302085926));
#4649 = CARTESIAN_POINT('',(5.678551520969,11.44123924188));
#4650 = CARTESIAN_POINT('',(5.554157202921,11.438175290572));
#4651 = CARTESIAN_POINT('',(5.429757817852,11.435110262137));
#4652 = CARTESIAN_POINT('',(5.305354229096,11.432044084344));
#4653 = CARTESIAN_POINT('',(5.180948629082,11.428976582589));
#4654 = CARTESIAN_POINT('',(4.965753350592,11.423667622021));
#4655 = CARTESIAN_POINT('',(4.874962948482,11.4214269121));
#4656 = CARTESIAN_POINT('',(4.784174698387,11.4191852419));
#4657 = CARTESIAN_POINT('',(4.693390327093,11.416942475544));
#4658 = CARTESIAN_POINT('',(4.602611922788,11.414698449516));
#4659 = CARTESIAN_POINT('',(4.511841935063,11.412452972666));
#4660 = CARTESIAN_POINT('',(4.421083174914,11.410205826208));
#4661 = CARTESIAN_POINT('',(4.189103203584,11.404456295866));
#4662 = CARTESIAN_POINT('',(4.047903959906,11.400951065988));
#4663 = CARTESIAN_POINT('',(3.906724431949,11.397442387122));
#4664 = CARTESIAN_POINT('',(3.765549969483,11.393931404789));
#4665 = CARTESIAN_POINT('',(3.624368023988,11.39041909402));
#4666 = CARTESIAN_POINT('',(3.483168248833,11.386906256388));
#4667 = CARTESIAN_POINT('',(3.341942599461,11.383393517038));
#4668 = CARTESIAN_POINT('',(3.059609880451,11.376373641991));
#4669 = CARTESIAN_POINT('',(2.918502497714,11.372866525635));
#4670 = CARTESIAN_POINT('',(2.777359054769,11.369360304133));
#4671 = CARTESIAN_POINT('',(2.636172779754,11.365855492128));
#4672 = CARTESIAN_POINT('',(2.494945136308,11.362351968751));
#4673 = CARTESIAN_POINT('',(2.353678263622,11.358849560034));
#4674 = CARTESIAN_POINT('',(2.21236994796,11.355348424735));
#4675 = CARTESIAN_POINT('',(1.811712161686,11.345424591516));
#4676 = CARTESIAN_POINT('',(1.552296780254,11.339002563208));
#4677 = CARTESIAN_POINT('',(1.292868308651,11.332574900995));
#4678 = CARTESIAN_POINT('',(1.033535019979,11.326133097415));
#4679 = CARTESIAN_POINT('',(0.774429382413,11.319666921508));
#4680 = CARTESIAN_POINT('',(0.515704325921,11.313164664172));
#4681 = CARTESIAN_POINT('',(0.257527394609,11.306613504912));
#4682 = CARTESIAN_POINT('',(7.278468660292E-05,11.3));
#4683 = ( GEOMETRIC_REPRESENTATION_CONTEXT(2)
PARAMETRIC_REPRESENTATION_CONTEXT() REPRESENTATION_CONTEXT('2D SPACE',''
  ) );
#4684 = ORIENTED_EDGE('',*,*,#4685,.F.);
#4685 = EDGE_CURVE('',#4686,#3468,#4688,.T.);
#4686 = VERTEX_POINT('',#4687);
#4687 = CARTESIAN_POINT('',(14.300007205019,0.,7.946157725779));
#4688 = SURFACE_CURVE('',#4689,(#4702,#4718),.PCURVE_S1.);
#4689 = B_SPLINE_CURVE_WITH_KNOTS('',6,(#4690,#4691,#4692,#4693,#4694,
    #4695,#4696,#4697,#4698,#4699,#4700,#4701),.UNSPECIFIED.,.F.,.F.,(7,
    5,7),(0.,0.499385492233,1.),.UNSPECIFIED.);
#4690 = CARTESIAN_POINT('',(14.300007205019,0.,7.946157725779));
#4691 = CARTESIAN_POINT('',(14.300007205019,-0.84847871781,
    7.946157725779));
#4692 = CARTESIAN_POINT('',(14.239594668848,-1.696990719715,
    7.946157725779));
#4693 = CARTESIAN_POINT('',(14.118760930562,-2.540085894156,
    7.946157725779));
#4694 = CARTESIAN_POINT('',(13.938168802826,-3.372430022664,
    7.946157725779));
#4695 = CARTESIAN_POINT('',(13.699056201752,-4.188792353551,
    7.946157725779));
#4696 = CARTESIAN_POINT('',(13.106877619944,-5.781299951015,
    7.946157725779));
#4697 = CARTESIAN_POINT('',(12.753509240788,-6.55740422659,
    7.946157725779));
#4698 = CARTESIAN_POINT('',(12.345131176723,-7.307230790659,
    7.946157725779));
#4699 = CARTESIAN_POINT('',(11.88424377706,-8.025976451348,
    7.946157725779));
#4700 = CARTESIAN_POINT('',(11.373854985059,-8.709138467028,
    7.946157725779));
#4701 = CARTESIAN_POINT('',(10.817562589953,-9.352568934579,
    7.946157725779));
#4702 = PCURVE('',#1942,#4703);
#4703 = DEFINITIONAL_REPRESENTATION('',(#4704),#4717);
#4704 = B_SPLINE_CURVE_WITH_KNOTS('',6,(#4705,#4706,#4707,#4708,#4709,
    #4710,#4711,#4712,#4713,#4714,#4715,#4716),.UNSPECIFIED.,.F.,.F.,(7,
    5,7),(0.,0.499385492233,1.),.UNSPECIFIED.);
#4705 = CARTESIAN_POINT('',(6.28318530718,0.646157725779));
#4706 = CARTESIAN_POINT('',(6.223851161004,0.646157725779));
#4707 = CARTESIAN_POINT('',(6.164514705003,0.646157725779));
#4708 = CARTESIAN_POINT('',(6.105180944377,0.646157725779));
#4709 = CARTESIAN_POINT('',(6.045847183773,0.646157725779));
#4710 = CARTESIAN_POINT('',(5.986510727798,0.646157725779));
#4711 = CARTESIAN_POINT('',(5.86769641066,0.646157725779));
#4712 = CARTESIAN_POINT('',(5.808213901629,0.646157725779));
#4713 = CARTESIAN_POINT('',(5.74873412102,0.646157725779));
#4714 = CARTESIAN_POINT('',(5.689254340396,0.646157725779));
#4715 = CARTESIAN_POINT('',(5.629771831331,0.646157725779));
#4716 = CARTESIAN_POINT('',(5.570291660803,0.646157725779));
#4717 = ( GEOMETRIC_REPRESENTATION_CONTEXT(2)
PARAMETRIC_REPRESENTATION_CONTEXT() REPRESENTATION_CONTEXT('2D SPACE',''
  ) );
#4718 = PCURVE('',#4719,#5014);
#4719 = ( BOUNDED_SURFACE() B_SPLINE_SURFACE(6,11,(
    (#4720,#4721,#4722,#4723,#4724,#4725,#4726,#4727,#4728,#4729,#4730
      ,#4731,#4732,#4733,#4734,#4735,#4736,#4737,#4738,#4739,#4740,#4741
      ,#4742,#4743,#4744,#4745,#4746,#4747,#4748,#4749,#4750,#4751,#4752
      ,#4753,#4754,#4755,#4756,#4757,#4758,#4759,#4760,#4761)
    ,(#4762,#4763,#4764,#4765,#4766,#4767,#4768,#4769,#4770,#4771,#4772
      ,#4773,#4774,#4775,#4776,#4777,#4778,#4779,#4780,#4781,#4782,#4783
      ,#4784,#4785,#4786,#4787,#4788,#4789,#4790,#4791,#4792,#4793,#4794
      ,#4795,#4796,#4797,#4798,#4799,#4800,#4801,#4802,#4803)
    ,(#4804,#4805,#4806,#4807,#4808,#4809,#4810,#4811,#4812,#4813,#4814
      ,#4815,#4816,#4817,#4818,#4819,#4820,#4821,#4822,#4823,#4824,#4825
      ,#4826,#4827,#4828,#4829,#4830,#4831,#4832,#4833,#4834,#4835,#4836
      ,#4837,#4838,#4839,#4840,#4841,#4842,#4843,#4844,#4845)
    ,(#4846,#4847,#4848,#4849,#4850,#4851,#4852,#4853,#4854,#4855,#4856
      ,#4857,#4858,#4859,#4860,#4861,#4862,#4863,#4864,#4865,#4866,#4867
      ,#4868,#4869,#4870,#4871,#4872,#4873,#4874,#4875,#4876,#4877,#4878
      ,#4879,#4880,#4881,#4882,#4883,#4884,#4885,#4886,#4887)
    ,(#4888,#4889,#4890,#4891,#4892,#4893,#4894,#4895,#4896,#4897,#4898
      ,#4899,#4900,#4901,#4902,#4903,#4904,#4905,#4906,#4907,#4908,#4909
      ,#4910,#4911,#4912,#4913,#4914,#4915,#4916,#4917,#4918,#4919,#4920
      ,#4921,#4922,#4923,#4924,#4925,#4926,#4927,#4928,#4929)
    ,(#4930,#4931,#4932,#4933,#4934,#4935,#4936,#4937,#4938,#4939,#4940
      ,#4941,#4942,#4943,#4944,#4945,#4946,#4947,#4948,#4949,#4950,#4951
      ,#4952,#4953,#4954,#4955,#4956,#4957,#4958,#4959,#4960,#4961,#4962
      ,#4963,#4964,#4965,#4966,#4967,#4968,#4969,#4970,#4971)
    ,(#4972,#4973,#4974,#4975,#4976,#4977,#4978,#4979,#4980,#4981,#4982
      ,#4983,#4984,#4985,#4986,#4987,#4988,#4989,#4990,#4991,#4992,#4993
      ,#4994,#4995,#4996,#4997,#4998,#4999,#5000,#5001,#5002,#5003,#5004
      ,#5005,#5006,#5007,#5008,#5009,#5010,#5011,#5012,#5013
)),.UNSPECIFIED.,.F.,.F.,.F.) B_SPLINE_SURFACE_WITH_KNOTS((7,7),(12,10,
    10,10,12),(0.,1.256637061436),(0.,4.,8.,12.,16.),.UNSPECIFIED.)
GEOMETRIC_REPRESENTATION_ITEM() RATIONAL_B_SPLINE_SURFACE((
    (1.019963784883,1.019963784883,1.019963784883,1.019963784883
      ,1.019963784883,1.019963784883,1.019963784883,1.019963784883
      ,1.019963784883,1.019963784883,1.019963784883,1.019963784883
      ,1.019963784883,1.019963784883,1.019963784883,1.019963784883
      ,1.019963784883,1.019963784883,1.019963784883,1.019963784883
      ,1.019963784883,1.019963784883,1.019963784883,1.019963784883
      ,1.019963784883,1.019963784883,1.019963784883,1.019963784883
      ,1.019963784883,1.019963784883,1.019963784883,1.019963784883
      ,1.019963784883,1.019963784883,1.019963784883,1.019963784883
      ,1.019963784883,1.019963784883,1.019963784883,1.019963784883
      ,1.019963784883,1.019963784883)
    ,(1.006477165004,1.006477165004,1.006477165004,1.006477165004
      ,1.006477165004,1.006477165003,1.006477165004,1.006477165004
      ,1.006477165004,1.006477165004,1.006477165004,1.006477165004
      ,1.006477165004,1.006477165004,1.006477165004,1.006477165004
      ,1.006477165004,1.006477165004,1.006477165004,1.006477165004
      ,1.006477165004,1.006477165004,1.006477165004,1.006477165004
      ,1.006477165004,1.006477165004,1.006477165004,1.006477165004
      ,1.006477165004,1.006477165004,1.006477165004,1.006477165004
      ,1.006477165004,1.006477165004,1.006477165004,1.006477165004
      ,1.006477165004,1.006477165004,1.006477165004,1.006477165004
      ,1.006477165004,1.006477165004)
    ,(0.998673664559,0.998673664559,0.998673664559,0.998673664559
      ,0.998673664559,0.998673664559,0.998673664559,0.998673664559
      ,0.998673664559,0.998673664559,0.998673664559,0.998673664559
      ,0.998673664559,0.998673664559,0.998673664559,0.998673664559
      ,0.998673664559,0.998673664559,0.998673664559,0.998673664559
      ,0.998673664559,0.998673664559,0.998673664559,0.998673664559
      ,0.998673664559,0.998673664559,0.998673664559,0.998673664559
      ,0.998673664559,0.998673664559,0.998673664559,0.998673664559
      ,0.998673664559,0.998673664559,0.998673664559,0.998673664559
      ,0.998673664559,0.998673664559,0.998673664559,0.998673664559
      ,0.998673664559,0.998673664559)
    ,(0.996106825671,0.996106825671,0.996106825671,0.996106825671
      ,0.996106825671,0.996106825671,0.996106825671,0.996106825671
      ,0.996106825671,0.996106825671,0.996106825671,0.996106825671
      ,0.996106825671,0.996106825671,0.996106825671,0.996106825671
      ,0.996106825671,0.996106825671,0.996106825671,0.996106825671
      ,0.996106825671,0.996106825671,0.996106825671,0.996106825671
      ,0.996106825671,0.996106825671,0.996106825671,0.996106825671
      ,0.996106825671,0.996106825671,0.996106825671,0.996106825671
      ,0.996106825671,0.996106825671,0.996106825671,0.996106825671
      ,0.996106825671,0.996106825671,0.996106825671,0.996106825671
      ,0.996106825671,0.996106825671)
    ,(0.998673664559,0.998673664559,0.998673664559,0.998673664559
      ,0.998673664559,0.998673664559,0.998673664559,0.998673664559
      ,0.998673664559,0.998673664559,0.998673664559,0.998673664559
      ,0.998673664559,0.998673664559,0.998673664559,0.998673664559
      ,0.998673664559,0.998673664559,0.998673664559,0.998673664559
      ,0.998673664559,0.998673664559,0.998673664559,0.998673664559
      ,0.998673664559,0.998673664559,0.998673664559,0.998673664559
      ,0.998673664559,0.998673664559,0.998673664559,0.998673664559
      ,0.998673664559,0.998673664559,0.998673664559,0.998673664559
      ,0.998673664559,0.998673664559,0.998673664559,0.998673664559
      ,0.998673664559,0.998673664559)
    ,(1.006477165004,1.006477165004,1.006477165004,1.006477165004
      ,1.006477165004,1.006477165004,1.006477165004,1.006477165004
      ,1.006477165004,1.006477165004,1.006477165004,1.006477165004
      ,1.006477165004,1.006477165004,1.006477165004,1.006477165004
      ,1.006477165004,1.006477165004,1.006477165004,1.006477165004
      ,1.006477165004,1.006477165004,1.006477165004,1.006477165004
      ,1.006477165004,1.006477165004,1.006477165004,1.006477165004
      ,1.006477165004,1.006477165004,1.006477165004,1.006477165004
      ,1.006477165004,1.006477165004,1.006477165004,1.006477165004
      ,1.006477165004,1.006477165004,1.006477165004,1.006477165004
      ,1.006477165004,1.006477165004)
    ,(1.019963784883,1.019963784883,1.019963784883,1.019963784883
      ,1.019963784883,1.019963784883,1.019963784883,1.019963784883
      ,1.019963784883,1.019963784883,1.019963784883,1.019963784883
      ,1.019963784883,1.019963784883,1.019963784883,1.019963784883
      ,1.019963784883,1.019963784883,1.019963784883,1.019963784883
      ,1.019963784883,1.019963784883,1.019963784883,1.019963784883
      ,1.019963784884,1.019963784882,1.019963784884,1.019963784882
      ,1.019963784883,1.019963784883,1.019963784883,1.019963784883
      ,1.019963784883,1.019963784883,1.019963784883,1.019963784883
      ,1.019963784883,1.019963784883,1.019963784883,1.019963784883
,1.019963784883,1.019963784883))) REPRESENTATION_ITEM('') SURFACE() );
#4720 = CARTESIAN_POINT('',(11.568943019562,-8.405329107782,-4.));
#4721 = CARTESIAN_POINT('',(16.370055778837,-1.797164307773,
    -3.636363636363));
#4722 = CARTESIAN_POINT('',(17.019912217032,7.826816103578,
    -3.272727272729));
#4723 = CARTESIAN_POINT('',(11.405187910147,17.576013983299,
    -2.909090909087));
#4724 = CARTESIAN_POINT('',(-0.269916513113,22.85757138252,
    -2.545454545461));
#4725 = CARTESIAN_POINT('',(-14.17226238803,19.642647496844,
    -2.181818181808));
#4726 = CARTESIAN_POINT('',(-23.06073782579,7.408710603703,
    -1.818181818192));
#4727 = CARTESIAN_POINT('',(-21.82225099962,-6.806672148626,
    -1.454545454537));
#4728 = CARTESIAN_POINT('',(-13.19138574105,-16.27826529577,
    -1.090909090913));
#4729 = CARTESIAN_POINT('',(-2.184302339305,-18.6055176086,
    -0.727272727271));
#4730 = CARTESIAN_POINT('',(6.767830260282,-15.01349390779,
    -0.363636363636));
#4731 = CARTESIAN_POINT('',(16.370055778843,-1.797164307765,
    0.363636363636));
#4732 = CARTESIAN_POINT('',(17.019912217005,7.826816103543,
    0.727272727275));
#4733 = CARTESIAN_POINT('',(11.405187910202,17.576013983364,
    1.090909090902));
#4734 = CARTESIAN_POINT('',(-0.269916513171,22.857571382459,
    1.45454545456));
#4735 = CARTESIAN_POINT('',(-14.17226238802,19.642647496841,
    1.818181818162));
#4736 = CARTESIAN_POINT('',(-23.06073782573,7.408710603792,
    2.181818181838));
#4737 = CARTESIAN_POINT('',(-21.82225099972,-6.806672148753,
    2.545454545439));
#4738 = CARTESIAN_POINT('',(-13.19138574097,-16.27826529568,2.9090909091
    ));
#4739 = CARTESIAN_POINT('',(-2.184302339341,-18.60551760864,
    3.272727272723));
#4740 = CARTESIAN_POINT('',(6.767830260289,-15.01349390779,
    3.636363636364));
#4741 = CARTESIAN_POINT('',(16.370055778839,-1.797164307765,
    4.363636363636));
#4742 = CARTESIAN_POINT('',(17.019912217007,7.826816103531,
    4.727272727275));
#4743 = CARTESIAN_POINT('',(11.405187910207,17.576013983406,
    5.090909090904));
#4744 = CARTESIAN_POINT('',(-0.269916513189,22.85757138238,
    5.454545454553));
#4745 = CARTESIAN_POINT('',(-14.17226238799,19.642647496944,
    5.818181818172));
#4746 = CARTESIAN_POINT('',(-23.06073782577,7.408710603695,
    6.181818181828));
#4747 = CARTESIAN_POINT('',(-21.82225099969,-6.806672148683,
    6.545454545448));
#4748 = CARTESIAN_POINT('',(-13.19138574099,-16.27826529571,
    6.909090909094));
#4749 = CARTESIAN_POINT('',(-2.184302339336,-18.60551760863,
    7.272727272726));
#4750 = CARTESIAN_POINT('',(6.767830260288,-15.01349390779,
    7.636363636364));
#4751 = CARTESIAN_POINT('',(16.370055778843,-1.797164307759,
    8.363636363636));
#4752 = CARTESIAN_POINT('',(17.01991221699,7.826816103512,8.727272727274
    ));
#4753 = CARTESIAN_POINT('',(11.405187910242,17.576013983411,
    9.090909090905));
#4754 = CARTESIAN_POINT('',(-0.269916513215,22.857571382468,
    9.454545454553));
#4755 = CARTESIAN_POINT('',(-14.17226238802,19.642647496685,
    9.818181818172));
#4756 = CARTESIAN_POINT('',(-23.06073782564,7.408710604099,
    10.181818181828));
#4757 = CARTESIAN_POINT('',(-21.82225099986,-6.806672149093,
    10.545454545448));
#4758 = CARTESIAN_POINT('',(-13.19138574085,-16.27826529543,
    10.909090909094));
#4759 = CARTESIAN_POINT('',(-2.184302339409,-18.60551760876,
    11.272727272726));
#4760 = CARTESIAN_POINT('',(6.767830260311,-15.01349390775,
    11.636363636364));
#4761 = CARTESIAN_POINT('',(11.568943019562,-8.405329107783,12.));
#4762 = CARTESIAN_POINT('',(13.35293803992,-5.949870615551,-4.));
#4763 = CARTESIAN_POINT('',(16.751496188215,1.677309757184,
    -3.636363636363));
#4764 = CARTESIAN_POINT('',(15.35870409835,11.43921940781,
    -3.272727272729));
#4765 = CARTESIAN_POINT('',(7.674754393281,19.996716156533,
    -2.909090909087));
#4766 = CARTESIAN_POINT('',(-5.121337915052,22.800282761319,
    -2.545454545462));
#4767 = CARTESIAN_POINT('',(-18.34132999642,16.634645644301,
    -2.181818181808));
#4768 = CARTESIAN_POINT('',(-24.63320484697,2.514167996336,
    -1.818181818192));
#4769 = CARTESIAN_POINT('',(-20.37756405607,-11.43835124377,
    -1.454545454538));
#4770 = CARTESIAN_POINT('',(-9.736393812084,-19.07808029074,
    -1.090909090914));
#4771 = CARTESIAN_POINT('',(1.764638902531,-19.06912640325,
    -0.727272727271));
#4772 = CARTESIAN_POINT('',(9.954379891621,-13.57705098829,
    -0.363636363637));
#4773 = CARTESIAN_POINT('',(16.751496188219,1.677309757194,
    0.363636363637));
#4774 = CARTESIAN_POINT('',(15.358704098333,11.439219407772,
    0.727272727272));
#4775 = CARTESIAN_POINT('',(7.67475439332,19.996716156601,1.090909090912
    ));
#4776 = CARTESIAN_POINT('',(-5.121337915101,22.800282761263,
    1.45454545454));
#4777 = CARTESIAN_POINT('',(-18.34132999639,16.634645644282,
    1.818181818189));
#4778 = CARTESIAN_POINT('',(-24.63320484696,2.514167996446,2.18181818181
    ));
#4779 = CARTESIAN_POINT('',(-20.37756405612,-11.43835124391,
    2.545454545462));
#4780 = CARTESIAN_POINT('',(-9.736393812031,-19.07808029064,
    2.909090909086));
#4781 = CARTESIAN_POINT('',(1.764638902504,-19.0691264033,3.272727272729
    ));
#4782 = CARTESIAN_POINT('',(9.954379891627,-13.57705098828,
    3.636363636363));
#4783 = CARTESIAN_POINT('',(16.751496188216,1.677309757193,
    4.363636363637));
#4784 = CARTESIAN_POINT('',(15.358704098336,11.439219407758,
    4.727272727271));
#4785 = CARTESIAN_POINT('',(7.674754393319,19.996716156648,
    5.090909090913));
#4786 = CARTESIAN_POINT('',(-5.121337915107,22.800282761172,
    5.454545454539));
#4787 = CARTESIAN_POINT('',(-18.34132999638,16.634645644403,
    5.81818181819));
#4788 = CARTESIAN_POINT('',(-24.63320484697,2.514167996331,
    6.181818181811));
#4789 = CARTESIAN_POINT('',(-20.37756405611,-11.43835124384,
    6.545454545459));
#4790 = CARTESIAN_POINT('',(-9.736393812039,-19.07808029068,
    6.909090909088));
#4791 = CARTESIAN_POINT('',(1.764638902508,-19.06912640328,
    7.272727272728));
#4792 = CARTESIAN_POINT('',(9.954379891626,-13.57705098829,
    7.636363636363));
#4793 = CARTESIAN_POINT('',(16.751496188218,1.6773097572,8.363636363637)
  );
#4794 = CARTESIAN_POINT('',(15.358704098322,11.439219407737,
    8.727272727272));
#4795 = CARTESIAN_POINT('',(7.674754393356,19.99671615666,9.09090909091)
  );
#4796 = CARTESIAN_POINT('',(-5.121337915156,22.800282761256,
    9.454545454544));
#4797 = CARTESIAN_POINT('',(-18.34132999636,16.634645644132,
    9.818181818183));
#4798 = CARTESIAN_POINT('',(-24.63320484693,2.514167996768,
    10.181818181817));
#4799 = CARTESIAN_POINT('',(-20.37756405619,-11.43835124429,
    10.545454545456));
#4800 = CARTESIAN_POINT('',(-9.73639381196,-19.07808029036,
    10.90909090909));
#4801 = CARTESIAN_POINT('',(1.764638902463,-19.06912640343,
    11.272727272728));
#4802 = CARTESIAN_POINT('',(9.954379891641,-13.57705098825,
    11.636363636363));
#4803 = CARTESIAN_POINT('',(13.35293803992,-5.949870615551,12.));
#4804 = CARTESIAN_POINT('',(14.48582065192,-3.082687280529,-4.));
#4805 = CARTESIAN_POINT('',(16.246647508979,5.191594126977,
    -3.636363636364));
#4806 = CARTESIAN_POINT('',(12.809666465579,14.571793599804,
    -3.272727272727));
#4807 = CARTESIAN_POINT('',(3.39216878176,21.432956599022,-2.90909090909
    ));
#4808 = CARTESIAN_POINT('',(-9.878931454468,21.515109656832,
    -2.545454545456));
#4809 = CARTESIAN_POINT('',(-21.68033678319,12.619835337661,
    -2.181818181816));
#4810 = CARTESIAN_POINT('',(-24.94021986734,-2.698644094809,
    -1.818181818184));
#4811 = CARTESIAN_POINT('',(-17.78333430835,-15.62837966978,
    -1.454545454543));
#4812 = CARTESIAN_POINT('',(-5.628720676202,-20.95700219905,
    -1.09090909091));
#4813 = CARTESIAN_POINT('',(5.766445767582,-18.52492447712,
    -0.727272727272));
#4814 = CARTESIAN_POINT('',(12.72499379486,-11.35696868804,
    -0.363636363636));
#4815 = CARTESIAN_POINT('',(16.246647508981,5.191594126988,
    0.363636363636));
#4816 = CARTESIAN_POINT('',(12.809666465569,14.57179359976,
    0.727272727274));
#4817 = CARTESIAN_POINT('',(3.392168781783,21.432956599108,
    1.090909090905));
#4818 = CARTESIAN_POINT('',(-9.878931454495,21.515109656747,
    1.454545454554));
#4819 = CARTESIAN_POINT('',(-21.68033678318,12.619835337665,
    1.818181818171));
#4820 = CARTESIAN_POINT('',(-24.94021986731,-2.698644094701,
    2.18181818183));
#4821 = CARTESIAN_POINT('',(-17.78333430839,-15.62837966994,
    2.545454545445));
#4822 = CARTESIAN_POINT('',(-5.628720676168,-20.95700219893,
    2.909090909097));
#4823 = CARTESIAN_POINT('',(5.766445767566,-18.52492447717,
    3.272727272725));
#4824 = CARTESIAN_POINT('',(12.724993794863,-11.35696868803,
    3.636363636364));
#4825 = CARTESIAN_POINT('',(16.246647508979,5.191594126986,
    4.363636363636));
#4826 = CARTESIAN_POINT('',(12.809666465575,14.571793599748,
    4.727272727275));
#4827 = CARTESIAN_POINT('',(3.392168781772,21.432956599153,
    5.090909090904));
#4828 = CARTESIAN_POINT('',(-9.878931454482,21.515109656659,
    5.454545454554));
#4829 = CARTESIAN_POINT('',(-21.68033678319,12.619835337782,
    5.81818181817));
#4830 = CARTESIAN_POINT('',(-24.94021986731,-2.698644094813,
    6.18181818183));
#4831 = CARTESIAN_POINT('',(-17.78333430839,-15.62837966986,
    6.545454545445));
#4832 = CARTESIAN_POINT('',(-5.62872067617,-20.95700219897,
    6.909090909096));
#4833 = CARTESIAN_POINT('',(5.766445767566,-18.52492447716,
    7.272727272726));
#4834 = CARTESIAN_POINT('',(12.724993794863,-11.35696868804,
    7.636363636364));
#4835 = CARTESIAN_POINT('',(16.246647508979,5.191594126993,
    8.363636363636));
#4836 = CARTESIAN_POINT('',(12.809666465567,14.571793599722,
    8.727272727274));
#4837 = CARTESIAN_POINT('',(3.392168781802,21.432956599173,
    9.090909090906));
#4838 = CARTESIAN_POINT('',(-9.878931454541,21.515109656731,
    9.454545454551));
#4839 = CARTESIAN_POINT('',(-21.68033678312,12.619835337521,
    9.818181818175));
#4840 = CARTESIAN_POINT('',(-24.94021986735,-2.698644094374,
    10.181818181825));
#4841 = CARTESIAN_POINT('',(-17.78333430838,-15.62837967032,
    10.54545454545));
#4842 = CARTESIAN_POINT('',(-5.628720676154,-20.95700219864,
    10.909090909093));
#4843 = CARTESIAN_POINT('',(5.766445767551,-18.52492447731,
    11.272727272727));
#4844 = CARTESIAN_POINT('',(12.724993794869,-11.35696868799,
    11.636363636364));
#4845 = CARTESIAN_POINT('',(14.48582065192,-3.08268728053,12.));
#4846 = CARTESIAN_POINT('',(14.874350422664,-7.507328154047E-14,-4.));
#4847 = CARTESIAN_POINT('',(14.874350422664,8.496209093592,
    -3.636363636363));
#4848 = CARTESIAN_POINT('',(9.537174644302,16.992208945082,
    -3.272727272728));
#4849 = CARTESIAN_POINT('',(-1.148269656785,21.763458098608,
    -2.909090909089));
#4850 = CARTESIAN_POINT('',(-14.20210301949,19.069864574515,
    -2.545454545459));
#4851 = CARTESIAN_POINT('',(-23.93549227147,7.864671132395,
    -2.181818181811));
#4852 = CARTESIAN_POINT('',(-23.93549227144,-7.864671132426,
    -1.818181818189));
#4853 = CARTESIAN_POINT('',(-14.20210301951,-19.06986457444,
    -1.45454545454));
#4854 = CARTESIAN_POINT('',(-1.148269656769,-21.76345809866,
    -1.090909090913));
#4855 = CARTESIAN_POINT('',(9.537174644295,-16.99220894505,
    -0.727272727271));
#4856 = CARTESIAN_POINT('',(14.874350422665,-8.496209093601,
    -0.363636363637));
#4857 = CARTESIAN_POINT('',(14.874350422664,8.496209093603,
    0.363636363637));
#4858 = CARTESIAN_POINT('',(9.5371746443,16.992208945037,0.72727272727)
  );
#4859 = CARTESIAN_POINT('',(-1.148269656777,21.763458098695,
    1.090909090917));
#4860 = CARTESIAN_POINT('',(-14.20210301951,19.06986457443,
    1.454545454532));
#4861 = CARTESIAN_POINT('',(-23.93549227145,7.864671132398,
    1.818181818199));
#4862 = CARTESIAN_POINT('',(-23.93549227146,-7.864671132315,
    2.181818181801));
#4863 = CARTESIAN_POINT('',(-14.20210301951,-19.06986457461,
    2.545454545467));
#4864 = CARTESIAN_POINT('',(-1.148269656766,-21.76345809854,
    2.909090909084));
#4865 = CARTESIAN_POINT('',(9.537174644292,-16.9922089451,3.27272727273)
  );
#4866 = CARTESIAN_POINT('',(14.874350422667,-8.496209093592,
    3.636363636363));
#4867 = CARTESIAN_POINT('',(14.874350422662,8.496209093601,
    4.363636363636));
#4868 = CARTESIAN_POINT('',(9.537174644309,16.992208945026,
    4.727272727273));
#4869 = CARTESIAN_POINT('',(-1.148269656797,21.763458098737,
    5.090909090908));
#4870 = CARTESIAN_POINT('',(-14.20210301947,19.069864574347,
    5.454545454547));
#4871 = CARTESIAN_POINT('',(-23.93549227149,7.864671132509,
    5.818181818178));
#4872 = CARTESIAN_POINT('',(-23.93549227142,-7.864671132423,
    6.181818181823));
#4873 = CARTESIAN_POINT('',(-14.20210301953,-19.06986457453,
    6.54545454545));
#4874 = CARTESIAN_POINT('',(-1.148269656757,-21.76345809858,
    6.909090909094));
#4875 = CARTESIAN_POINT('',(9.537174644288,-16.99220894509,
    7.272727272726));
#4876 = CARTESIAN_POINT('',(14.874350422668,-8.496209093596,
    7.636363636364));
#4877 = CARTESIAN_POINT('',(14.874350422661,8.496209093608,
    8.363636363636));
#4878 = CARTESIAN_POINT('',(9.537174644305,16.992208944998,
    8.727272727273));
#4879 = CARTESIAN_POINT('',(-1.148269656771,21.763458098768,
    9.090909090908));
#4880 = CARTESIAN_POINT('',(-14.20210301954,19.069864574397,
    9.454545454547));
#4881 = CARTESIAN_POINT('',(-23.93549227137,7.864671132273,9.81818181818
    ));
#4882 = CARTESIAN_POINT('',(-23.93549227155,-7.864671132001,
    10.181818181819));
#4883 = CARTESIAN_POINT('',(-14.20210301943,-19.06986457499,
    10.545454545455));
#4884 = CARTESIAN_POINT('',(-1.148269656809,-21.76345809825,
    10.90909090909));
#4885 = CARTESIAN_POINT('',(9.537174644306,-16.99220894524,
    11.272727272728));
#4886 = CARTESIAN_POINT('',(14.874350422664,-8.49620909355,
    11.636363636363));
#4887 = CARTESIAN_POINT('',(14.874350422664,-2.521286951386E-13,12.));
#4888 = CARTESIAN_POINT('',(14.48582065192,3.082687280529,-4.));
#4889 = CARTESIAN_POINT('',(12.724993794861,11.356968688036,
    -3.636363636364));
#4890 = CARTESIAN_POINT('',(5.76644576758,18.524924477152,
    -3.272727272726));
#4891 = CARTESIAN_POINT('',(-5.628720676204,20.957002199002,
    -2.909090909093));
#4892 = CARTESIAN_POINT('',(-17.78333430834,15.628379669848,
    -2.545454545452));
#4893 = CARTESIAN_POINT('',(-24.94021986737,2.698644094776,
    -2.18181818182));
#4894 = CARTESIAN_POINT('',(-21.68033678315,-12.61983533768,
    -1.818181818181));
#4895 = CARTESIAN_POINT('',(-9.878931454504,-21.51510965677,
    -1.454545454545));
#4896 = CARTESIAN_POINT('',(3.392168781783,-21.43295659907,
    -1.09090909091));
#4897 = CARTESIAN_POINT('',(12.809666465569,-14.57179359977,
    -0.727272727272));
#4898 = CARTESIAN_POINT('',(16.246647508981,-5.191594126986,
    -0.363636363637));
#4899 = CARTESIAN_POINT('',(12.724993794858,11.356968688047,
    0.363636363637));
#4900 = CARTESIAN_POINT('',(5.76644576759,18.524924477108,0.727272727271
    ));
#4901 = CARTESIAN_POINT('',(-5.62872067622,20.957002199089,
    1.090909090914));
#4902 = CARTESIAN_POINT('',(-17.78333430832,15.628379669761,
    1.454545454539));
#4903 = CARTESIAN_POINT('',(-24.94021986736,2.698644094784,1.81818181819
    ));
#4904 = CARTESIAN_POINT('',(-21.68033678317,-12.61983533757,
    2.181818181811));
#4905 = CARTESIAN_POINT('',(-9.878931454478,-21.51510965693,
    2.54545454546));
#4906 = CARTESIAN_POINT('',(3.392168781766,-21.43295659894,
    2.909090909088));
#4907 = CARTESIAN_POINT('',(12.809666465575,-14.57179359983,
    3.272727272728));
#4908 = CARTESIAN_POINT('',(16.246647508981,-5.191594126976,
    3.636363636363));
#4909 = CARTESIAN_POINT('',(12.724993794857,11.356968688044,
    4.363636363637));
#4910 = CARTESIAN_POINT('',(5.7664457676,18.524924477101,4.727272727271)
  );
#4911 = CARTESIAN_POINT('',(-5.628720676244,20.957002199121,
    5.090909090913));
#4912 = CARTESIAN_POINT('',(-17.78333430829,15.628379669693,
    5.454545454537));
#4913 = CARTESIAN_POINT('',(-24.9402198674,2.698644094882,5.818181818194
    ));
#4914 = CARTESIAN_POINT('',(-21.68033678314,-12.61983533768,
    6.181818181805));
#4915 = CARTESIAN_POINT('',(-9.878931454503,-21.51510965685,
    6.545454545465));
#4916 = CARTESIAN_POINT('',(3.392168781781,-21.43295659899,
    6.909090909085));
#4917 = CARTESIAN_POINT('',(12.809666465568,-14.57179359981,
    7.27272727273));
#4918 = CARTESIAN_POINT('',(16.246647508983,-5.19159412698,
    7.636363636363));
#4919 = CARTESIAN_POINT('',(12.724993794855,11.356968688051,
    8.363636363636));
#4920 = CARTESIAN_POINT('',(5.766445767602,18.524924477073,
    8.727272727275));
#4921 = CARTESIAN_POINT('',(-5.628720676224,20.957002199157,
    9.090909090903));
#4922 = CARTESIAN_POINT('',(-17.78333430837,15.628379669726,
    9.454545454557));
#4923 = CARTESIAN_POINT('',(-24.94021986724,2.698644094679,
    9.818181818166));
#4924 = CARTESIAN_POINT('',(-21.68033678335,-12.61983533729,
    10.181818181833));
#4925 = CARTESIAN_POINT('',(-9.87893145431,-21.51510965728,
    10.545454545444));
#4926 = CARTESIAN_POINT('',(3.392168781661,-21.43295659868,
    10.909090909096));
#4927 = CARTESIAN_POINT('',(12.809666465619,-14.57179359996,
    11.272727272725));
#4928 = CARTESIAN_POINT('',(16.24664750897,-5.191594126937,
    11.636363636364));
#4929 = CARTESIAN_POINT('',(14.48582065192,3.082687280529,12.));
#4930 = CARTESIAN_POINT('',(13.35293803992,5.949870615551,-4.));
#4931 = CARTESIAN_POINT('',(9.954379891624,13.577050988287,
    -3.636363636363));
#4932 = CARTESIAN_POINT('',(1.764638902523,19.069126403285,
    -3.272727272731));
#4933 = CARTESIAN_POINT('',(-9.736393812074,19.078080290693,
    -2.90909090908));
#4934 = CARTESIAN_POINT('',(-20.37756405607,11.43835124384,
    -2.545454545474));
#4935 = CARTESIAN_POINT('',(-24.633204847,-2.514167996374,
    -2.181818181791));
#4936 = CARTESIAN_POINT('',(-18.34132999637,-16.63464564431,
    -1.81818181821));
#4937 = CARTESIAN_POINT('',(-5.121337915101,-22.80028276127,
    -1.454545454523));
#4938 = CARTESIAN_POINT('',(7.674754393316,-19.99671615657,
    -1.090909090922));
#4939 = CARTESIAN_POINT('',(15.358704098335,-11.43921940778,
    -0.727272727267));
#4940 = CARTESIAN_POINT('',(16.751496188219,-1.677309757192,
    -0.363636363637));
#4941 = CARTESIAN_POINT('',(9.95437989162,13.577050988296,0.363636363637
    ));
#4942 = CARTESIAN_POINT('',(1.764638902541,19.069126403244,
    0.727272727272));
#4943 = CARTESIAN_POINT('',(-9.736393812106,19.078080290775,
    1.09090909091));
#4944 = CARTESIAN_POINT('',(-20.37756405604,11.438351243759,
    1.454545454543));
#4945 = CARTESIAN_POINT('',(-24.633204847,-2.514167996373,1.818181818185
    ));
#4946 = CARTESIAN_POINT('',(-18.34132999642,-16.6346456442,
    2.181818181814));
#4947 = CARTESIAN_POINT('',(-5.12133791504,-22.80028276143,
    2.545454545459));
#4948 = CARTESIAN_POINT('',(7.674754393271,-19.99671615645,
    2.909090909088));
#4949 = CARTESIAN_POINT('',(15.358704098353,-11.43921940784,
    3.272727272729));
#4950 = CARTESIAN_POINT('',(16.751496188217,-1.677309757183,
    3.636363636363));
#4951 = CARTESIAN_POINT('',(9.954379891619,13.577050988293,
    4.363636363637));
#4952 = CARTESIAN_POINT('',(1.764638902554,19.069126403239,
    4.727272727271));
#4953 = CARTESIAN_POINT('',(-9.736393812141,19.078080290801,
    5.090909090913));
#4954 = CARTESIAN_POINT('',(-20.37756405598,11.438351243701,
    5.454545454539));
#4955 = CARTESIAN_POINT('',(-24.63320484707,-2.514167996286,
    5.81818181819));
#4956 = CARTESIAN_POINT('',(-18.34132999635,-16.63464564429,
    6.181818181811));
#4957 = CARTESIAN_POINT('',(-5.121337915091,-22.80028276136,
    6.545454545459));
#4958 = CARTESIAN_POINT('',(7.674754393298,-19.99671615649,
    6.909090909088));
#4959 = CARTESIAN_POINT('',(15.358704098342,-11.43921940782,
    7.272727272728));
#4960 = CARTESIAN_POINT('',(16.751496188219,-1.677309757186,
    7.636363636364));
#4961 = CARTESIAN_POINT('',(9.954379891615,13.577050988299,
    8.363636363636));
#4962 = CARTESIAN_POINT('',(1.764638902561,19.069126403212,
    8.727272727274));
#4963 = CARTESIAN_POINT('',(-9.736393812127,19.078080290839,
    9.090909090906));
#4964 = CARTESIAN_POINT('',(-20.37756405607,11.438351243715,
    9.454545454552));
#4965 = CARTESIAN_POINT('',(-24.63320484686,-2.514167996446,
    9.818181818173));
#4966 = CARTESIAN_POINT('',(-18.34132999664,-16.63464564397,
    10.181818181827));
#4967 = CARTESIAN_POINT('',(-5.121337914814,-22.80028276172,
    10.545454545449));
#4968 = CARTESIAN_POINT('',(7.674754393119,-19.99671615622,
    10.909090909094));
#4969 = CARTESIAN_POINT('',(15.358704098421,-11.43921940795,
    11.272727272726));
#4970 = CARTESIAN_POINT('',(16.751496188198,-1.677309757147,
    11.636363636364));
#4971 = CARTESIAN_POINT('',(13.35293803992,5.949870615551,12.));
#4972 = CARTESIAN_POINT('',(11.568943019562,8.405329107782,-4.));
#4973 = CARTESIAN_POINT('',(6.767830260287,15.013493907791,
    -3.636363636363));
#4974 = CARTESIAN_POINT('',(-2.184302339319,18.605517608634,
    -3.272727272728));
#4975 = CARTESIAN_POINT('',(-13.19138574103,16.278265295724,
    -2.909090909087));
#4976 = CARTESIAN_POINT('',(-21.82225099963,6.806672148692,
    -2.545454545462));
#4977 = CARTESIAN_POINT('',(-23.0607378258,-7.408710603753,
    -2.181818181807));
#4978 = CARTESIAN_POINT('',(-14.17226238799,-19.64264749683,
    -1.818181818195));
#4979 = CARTESIAN_POINT('',(-0.269916513166,-22.85757138249,
    -1.454545454535));
#4980 = CARTESIAN_POINT('',(11.405187910187,-17.57601398332,
    -1.090909090915));
#4981 = CARTESIAN_POINT('',(17.019912217013,-7.82681610356,
    -0.727272727271));
#4982 = CARTESIAN_POINT('',(16.370055778842,1.797164307767,
    -0.363636363637));
#4983 = CARTESIAN_POINT('',(6.767830260281,15.013493907799,
    0.363636363636));
#4984 = CARTESIAN_POINT('',(-2.184302339294,18.605517608599,
    0.727272727274));
#4985 = CARTESIAN_POINT('',(-13.19138574107,16.278265295793,
    1.090909090906));
#4986 = CARTESIAN_POINT('',(-21.8222509996,6.80667214862,1.454545454553)
  );
#4987 = CARTESIAN_POINT('',(-23.06073782579,-7.408710603738,
    1.818181818169));
#4988 = CARTESIAN_POINT('',(-14.17226238806,-19.64264749676,
    2.181818181833));
#4989 = CARTESIAN_POINT('',(-0.269916513074,-22.85757138261,
    2.545454545442));
#4990 = CARTESIAN_POINT('',(11.405187910122,-17.57601398322,
    2.909090909099));
#4991 = CARTESIAN_POINT('',(17.01991221704,-7.826816103605,
    3.272727272724));
#4992 = CARTESIAN_POINT('',(16.370055778838,1.797164307775,
    3.636363636364));
#4993 = CARTESIAN_POINT('',(6.767830260281,15.013493907797,
    4.363636363635));
#4994 = CARTESIAN_POINT('',(-2.184302339282,18.605517608593,
    4.727272727276));
#4995 = CARTESIAN_POINT('',(-13.19138574112,16.278265295821,5.0909090909
    ));
#4996 = CARTESIAN_POINT('',(-21.82225099952,6.806672148567,5.45454545456
    ));
#4997 = CARTESIAN_POINT('',(-23.06073782589,-7.408710603674,
    5.818181818162));
#4998 = CARTESIAN_POINT('',(-14.17226238797,-19.64264749681,
    6.181818181838));
#4999 = CARTESIAN_POINT('',(-0.269916513128,-22.85757138257,
    6.545454545439));
#5000 = CARTESIAN_POINT('',(11.405187910145,-17.57601398325,
    6.909090909099));
#5001 = CARTESIAN_POINT('',(17.019912217032,-7.826816103595,
    7.272727272724));
#5002 = CARTESIAN_POINT('',(16.37005577884,1.797164307772,7.636363636364
    ));
#5003 = CARTESIAN_POINT('',(6.767830260276,15.013493907802,
    8.363636363636));
#5004 = CARTESIAN_POINT('',(-2.18430233927,18.605517608571,
    8.727272727274));
#5005 = CARTESIAN_POINT('',(-13.19138574111,16.278265295855,
    9.090909090907));
#5006 = CARTESIAN_POINT('',(-21.82225099962,6.806672148569,
    9.454545454549));
#5007 = CARTESIAN_POINT('',(-23.06073782564,-7.408710603783,
    9.818181818178));
#5008 = CARTESIAN_POINT('',(-14.17226238832,-19.64264749658,
    10.181818181821));
#5009 = CARTESIAN_POINT('',(-0.269916512792,-22.85757138285,
    10.545454545454));
#5010 = CARTESIAN_POINT('',(11.405187909924,-17.57601398303,
    10.90909090909));
#5011 = CARTESIAN_POINT('',(17.019912217131,-7.826816103704,
    11.272727272728));
#5012 = CARTESIAN_POINT('',(16.370055778813,1.797164307805,
    11.636363636363));
#5013 = CARTESIAN_POINT('',(11.568943019562,8.405329107782,12.));
#5014 = DEFINITIONAL_REPRESENTATION('',(#5015),#5028);
#5015 = B_SPLINE_CURVE_WITH_KNOTS('',6,(#5016,#5017,#5018,#5019,#5020,
    #5021,#5022,#5023,#5024,#5025,#5026,#5027),.UNSPECIFIED.,.F.,.F.,(7,
    5,7),(0.,0.499385492233,1.),.UNSPECIFIED.);
#5016 = CARTESIAN_POINT('',(0.71289364636,11.946157725779));
#5017 = CARTESIAN_POINT('',(0.653559500243,11.946157725779));
#5018 = CARTESIAN_POINT('',(0.59422304406,11.946157725779));
#5019 = CARTESIAN_POINT('',(0.534889283927,11.946157725779));
#5020 = CARTESIAN_POINT('',(0.47555552241,11.946157725779));
#5021 = CARTESIAN_POINT('',(0.416219067035,11.946157725779));
#5022 = CARTESIAN_POINT('',(0.29740475923,11.946157725779));
#5023 = CARTESIAN_POINT('',(0.237922258871,11.946157725779));
#5024 = CARTESIAN_POINT('',(0.178442493426,11.946157725779));
#5025 = CARTESIAN_POINT('',(0.118962734026,11.946157725779));
#5026 = CARTESIAN_POINT('',(5.948024235021E-02,11.946157725779));
#5027 = CARTESIAN_POINT('',(0.,11.946157725779));
#5028 = ( GEOMETRIC_REPRESENTATION_CONTEXT(2)
PARAMETRIC_REPRESENTATION_CONTEXT() REPRESENTATION_CONTEXT('2D SPACE',''
  ) );
#5029 = ORIENTED_EDGE('',*,*,#5030,.T.);
#5030 = EDGE_CURVE('',#4686,#1926,#5031,.T.);
#5031 = SEAM_CURVE('',#5032,(#5035,#5041),.PCURVE_S1.);
#5032 = B_SPLINE_CURVE_WITH_KNOTS('',1,(#5033,#5034),.UNSPECIFIED.,.F.,
  .F.,(2,2),(0.,1.),.PIECEWISE_BEZIER_KNOTS.);
#5033 = CARTESIAN_POINT('',(13.1,0.,7.3));
#5034 = CARTESIAN_POINT('',(14.4,0.,8.));
#5035 = PCURVE('',#1942,#5036);
#5036 = DEFINITIONAL_REPRESENTATION('',(#5037),#5040);
#5037 = B_SPLINE_CURVE_WITH_KNOTS('',1,(#5038,#5039),.UNSPECIFIED.,.F.,
  .F.,(2,2),(0.,1.),.PIECEWISE_BEZIER_KNOTS.);
#5038 = CARTESIAN_POINT('',(0.,0.));
#5039 = CARTESIAN_POINT('',(0.,0.7));
#5040 = ( GEOMETRIC_REPRESENTATION_CONTEXT(2)
PARAMETRIC_REPRESENTATION_CONTEXT() REPRESENTATION_CONTEXT('2D SPACE',''
  ) );
#5041 = PCURVE('',#1942,#5042);
#5042 = DEFINITIONAL_REPRESENTATION('',(#5043),#5046);
#5043 = B_SPLINE_CURVE_WITH_KNOTS('',1,(#5044,#5045),.UNSPECIFIED.,.F.,
  .F.,(2,2),(0.,1.),.PIECEWISE_BEZIER_KNOTS.);
#5044 = CARTESIAN_POINT('',(6.28318530718,0.));
#5045 = CARTESIAN_POINT('',(6.28318530718,0.7));
#5046 = ( GEOMETRIC_REPRESENTATION_CONTEXT(2)
PARAMETRIC_REPRESENTATION_CONTEXT() REPRESENTATION_CONTEXT('2D SPACE',''
  ) );
#5047 = ORIENTED_EDGE('',*,*,#1925,.F.);
#5048 = ORIENTED_EDGE('',*,*,#5030,.F.);
#5049 = ORIENTED_EDGE('',*,*,#5050,.F.);
#5050 = EDGE_CURVE('',#1960,#4686,#5051,.T.);
#5051 = SURFACE_CURVE('',#5052,(#5060,#5071),.PCURVE_S1.);
#5052 = B_SPLINE_CURVE_WITH_KNOTS('',6,(#5053,#5054,#5055,#5056,#5057,
    #5058,#5059),.UNSPECIFIED.,.F.,.F.,(7,7),(0.,1.),
  .PIECEWISE_BEZIER_KNOTS.);
#5053 = CARTESIAN_POINT('',(12.237632307343,7.398010649753,
    7.946157725779));
#5054 = CARTESIAN_POINT('',(12.908030388652,6.289052362585,
    7.946157725779));
#5055 = CARTESIAN_POINT('',(13.457978293445,5.106959370213,
    7.946157725779));
#5056 = CARTESIAN_POINT('',(13.877159158959,3.868594688598,
    7.946157725779));
#5057 = CARTESIAN_POINT('',(14.159092848469,2.591969027403,
    7.946157725779));
#5058 = CARTESIAN_POINT('',(14.300007205019,1.295848017882,
    7.946157725779));
#5059 = CARTESIAN_POINT('',(14.300007205019,8.143152716019E-17,
    7.946157725779));
#5060 = PCURVE('',#1942,#5061);
#5061 = DEFINITIONAL_REPRESENTATION('',(#5062),#5070);
#5062 = B_SPLINE_CURVE_WITH_KNOTS('',6,(#5063,#5064,#5065,#5066,#5067,
    #5068,#5069),.UNSPECIFIED.,.F.,.F.,(7,7),(0.,1.),
  .PIECEWISE_BEZIER_KNOTS.);
#5063 = CARTESIAN_POINT('',(0.543743415059,0.646157725779));
#5064 = CARTESIAN_POINT('',(0.453124718622,0.646157725779));
#5065 = CARTESIAN_POINT('',(0.362487263814,0.646157725779));
#5066 = CARTESIAN_POINT('',(0.271871707589,0.646157725779));
#5067 = CARTESIAN_POINT('',(0.181256151287,0.646157725779));
#5068 = CARTESIAN_POINT('',(9.06186968512E-02,0.646157725779));
#5069 = CARTESIAN_POINT('',(0.,0.646157725779));
#5070 = ( GEOMETRIC_REPRESENTATION_CONTEXT(2)
PARAMETRIC_REPRESENTATION_CONTEXT() REPRESENTATION_CONTEXT('2D SPACE',''
  ) );
#5071 = PCURVE('',#4719,#5072);
#5072 = DEFINITIONAL_REPRESENTATION('',(#5073),#5081);
#5073 = B_SPLINE_CURVE_WITH_KNOTS('',6,(#5074,#5075,#5076,#5077,#5078,
    #5079,#5080),.UNSPECIFIED.,.F.,.F.,(7,7),(0.,1.),
  .PIECEWISE_BEZIER_KNOTS.);
#5074 = CARTESIAN_POINT('',(1.256637061436,11.946157725779));
#5075 = CARTESIAN_POINT('',(1.166018255577,11.946157725779));
#5076 = CARTESIAN_POINT('',(1.075380897769,11.946157725779));
#5077 = CARTESIAN_POINT('',(0.984765347173,11.946157725779));
#5078 = CARTESIAN_POINT('',(0.894149797784,11.946157725779));
#5079 = CARTESIAN_POINT('',(0.803512343122,11.946157725779));
#5080 = CARTESIAN_POINT('',(0.71289364636,11.946157725779));
#5081 = ( GEOMETRIC_REPRESENTATION_CONTEXT(2)
PARAMETRIC_REPRESENTATION_CONTEXT() REPRESENTATION_CONTEXT('2D SPACE',''
  ) );
#5082 = ADVANCED_FACE('',(#5083),#3089,.F.);
#5083 = FACE_BOUND('',#5084,.F.);
#5084 = EDGE_LOOP('',(#5085,#5086,#5226,#5338));
#5085 = ORIENTED_EDGE('',*,*,#3072,.F.);
#5086 = ORIENTED_EDGE('',*,*,#5087,.T.);
#5087 = EDGE_CURVE('',#1958,#5088,#5090,.T.);
#5088 = VERTEX_POINT('',#5089);
#5089 = CARTESIAN_POINT('',(-11.16962080495,-6.84467465067,0.7));
#5090 = SURFACE_CURVE('',#5091,(#5124,#5175),.PCURVE_S1.);
#5091 = B_SPLINE_CURVE_WITH_KNOTS('',11,(#5092,#5093,#5094,#5095,#5096,
    #5097,#5098,#5099,#5100,#5101,#5102,#5103,#5104,#5105,#5106,#5107,
    #5108,#5109,#5110,#5111,#5112,#5113,#5114,#5115,#5116,#5117,#5118,
    #5119,#5120,#5121,#5122,#5123),.UNSPECIFIED.,.F.,.F.,(12,10,10,12),(
    4.7,8.7,12.,12.000003528089),.UNSPECIFIED.);
#5092 = CARTESIAN_POINT('',(-11.16958615304,6.844731197774,8.));
#5093 = CARTESIAN_POINT('',(-7.259884835451,13.224783889059,
    7.636363636364));
#5094 = CARTESIAN_POINT('',(0.657562082496,17.148670787022,
    7.272727272728));
#5095 = CARTESIAN_POINT('',(10.877161884694,15.814419883415,
    6.90909090909));
#5096 = CARTESIAN_POINT('',(19.440157183679,7.784737779456,
    6.545454545457));
#5097 = CARTESIAN_POINT('',(21.59294986167,-5.108585366511,
    6.181818181815));
#5098 = CARTESIAN_POINT('',(14.35477698949,-16.9202099798,5.818181818184
    ));
#5099 = CARTESIAN_POINT('',(1.889394524287,-20.85550387657,
    5.454545454544));
#5100 = CARTESIAN_POINT('',(-9.152623132639,-16.87121859001,
    5.09090909091));
#5101 = CARTESIAN_POINT('',(-14.98105061393,-8.371225725973,
    4.727272727272));
#5102 = CARTESIAN_POINT('',(-15.07928747062,0.464678506495,
    4.363636363636));
#5103 = CARTESIAN_POINT('',(-7.94408256603,12.108274668082,3.7));
#5104 = CARTESIAN_POINT('',(-1.990807129771,15.700090295322,3.4));
#5105 = CARTESIAN_POINT('',(5.732523195736,16.046827016007,3.1));
#5106 = CARTESIAN_POINT('',(13.224412036404,12.207321665691,2.8));
#5107 = CARTESIAN_POINT('',(17.99692814056,4.600427455765,2.5));
#5108 = CARTESIAN_POINT('',(17.982828369362,-4.601356128528,2.2));
#5109 = CARTESIAN_POINT('',(13.233276960335,-12.20550870643,1.9));
#5110 = CARTESIAN_POINT('',(5.729246414028,-16.04801853167,1.6));
#5111 = CARTESIAN_POINT('',(-1.990227423372,-15.69978780628,1.3));
#5112 = CARTESIAN_POINT('',(-7.944103189672,-12.10825717912,1.));
#5113 = CARTESIAN_POINT('',(-11.16961430774,-6.844678610806,
    0.699996792647));
#5114 = CARTESIAN_POINT('',(-11.16961085935,-6.844684238149,
    0.699997113382));
#5115 = CARTESIAN_POINT('',(-11.16960741096,-6.844689865489,
    0.699997434117));
#5116 = CARTESIAN_POINT('',(-11.16960396257,-6.844695492828,
    0.699997754853));
#5117 = CARTESIAN_POINT('',(-11.16960051417,-6.844701120165,
    0.699998075588));
#5118 = CARTESIAN_POINT('',(-11.16959706577,-6.8447067475,0.699998396323
    ));
#5119 = CARTESIAN_POINT('',(-11.16959361737,-6.844712374834,
    0.699998717059));
#5120 = CARTESIAN_POINT('',(-11.16959016896,-6.844718002165,
    0.699999037794));
#5121 = CARTESIAN_POINT('',(-11.16958672056,-6.844723629494,
    0.699999358529));
#5122 = CARTESIAN_POINT('',(-11.16958327215,-6.844729256822,
    0.699999679265));
#5123 = CARTESIAN_POINT('',(-11.16957982373,-6.844734884147,0.7));
#5124 = PCURVE('',#3089,#5125);
#5125 = DEFINITIONAL_REPRESENTATION('',(#5126),#5174);
#5126 = B_SPLINE_CURVE_WITH_KNOTS('',3,(#5127,#5128,#5129,#5130,#5131,
    #5132,#5133,#5134,#5135,#5136,#5137,#5138,#5139,#5140,#5141,#5142,
    #5143,#5144,#5145,#5146,#5147,#5148,#5149,#5150,#5151,#5152,#5153,
    #5154,#5155,#5156,#5157,#5158,#5159,#5160,#5161,#5162,#5163,#5164,
    #5165,#5166,#5167,#5168,#5169,#5170,#5171,#5172,#5173),
  .UNSPECIFIED.,.F.,.F.,(4,1,1,1,1,1,1,1,1,1,1,1,1,1,1,1,1,1,1,1,1,1,1,1
    ,1,1,1,1,1,1,1,1,1,1,1,1,1,1,1,1,1,1,1,1,4),(4.7,4.865909171093,
    5.031818342186,5.197727513279,5.363636684372,5.529545855465,
    5.695455026558,5.86136419765,6.027273368743,6.193182539836,
    6.359091710929,6.525000882022,6.690910053115,6.856819224208,
    7.022728395301,7.188637566394,7.354546737487,7.52045590858,
    7.686365079673,7.852274250766,8.018183421859,8.184092592951,
    8.350001764044,8.515910935137,8.68182010623,8.847729277323,
    9.013638448416,9.179547619509,9.345456790602,9.511365961695,
    9.677275132788,9.843184303881,10.009093474974,10.175002646067,
    10.34091181716,10.506820988252,10.672730159345,10.838639330438,
    11.004548501531,11.170457672624,11.336366843717,11.50227601481,
    11.668185185903,11.834094356996,12.000003528089),
  .QUASI_UNIFORM_KNOTS.);
#5127 = CARTESIAN_POINT('',(0.,12.));
#5128 = CARTESIAN_POINT('',(-4.602189988187E-14,11.944696942969));
#5129 = CARTESIAN_POINT('',(-6.792547553164E-14,11.834090828907));
#5130 = CARTESIAN_POINT('',(3.778995488458E-15,11.668181657814));
#5131 = CARTESIAN_POINT('',(2.580589578093E-15,11.502272486721));
#5132 = CARTESIAN_POINT('',(1.623152835108E-15,11.336363315628));
#5133 = CARTESIAN_POINT('',(-3.651894100376E-15,11.170454144535));
#5134 = CARTESIAN_POINT('',(1.479211128253E-16,11.004544973442));
#5135 = CARTESIAN_POINT('',(3.778834094639E-15,10.83863580235));
#5136 = CARTESIAN_POINT('',(2.984474333118E-15,10.672726631257));
#5137 = CARTESIAN_POINT('',(-9.111895160759E-17,10.506817460164));
#5138 = CARTESIAN_POINT('',(6.083939823416E-16,10.340908289071));
#5139 = CARTESIAN_POINT('',(-1.318177462747E-15,10.174999117978));
#5140 = CARTESIAN_POINT('',(-5.008101820603E-15,10.009089946885));
#5141 = CARTESIAN_POINT('',(1.968138564346E-15,9.843180775792));
#5142 = CARTESIAN_POINT('',(1.181740168118E-15,9.677271604699));
#5143 = CARTESIAN_POINT('',(-3.950286364474E-15,9.511362433606));
#5144 = CARTESIAN_POINT('',(5.98562918158E-16,9.345453262513));
#5145 = CARTESIAN_POINT('',(-1.205974375737E-15,9.17954409142));
#5146 = CARTESIAN_POINT('',(4.259131021212E-15,9.013634920327));
#5147 = CARTESIAN_POINT('',(5.72077077507E-16,8.847725749234));
#5148 = CARTESIAN_POINT('',(1.37603747569E-15,8.681816578141));
#5149 = CARTESIAN_POINT('',(2.530084968654E-15,8.515907407049));
#5150 = CARTESIAN_POINT('',(1.487486114496E-15,8.349998235956));
#5151 = CARTESIAN_POINT('',(-1.401964560012E-14,8.184089064863));
#5152 = CARTESIAN_POINT('',(-3.996585369064E-14,8.01817989377));
#5153 = CARTESIAN_POINT('',(-2.961690195791E-14,7.852270722677));
#5154 = CARTESIAN_POINT('',(1.273409765384E-15,7.686361551584));
#5155 = CARTESIAN_POINT('',(6.969119781346E-15,7.520452380491));
#5156 = CARTESIAN_POINT('',(2.890527231031E-14,7.354543209398));
#5157 = CARTESIAN_POINT('',(5.846647788468E-13,7.188634038305));
#5158 = CARTESIAN_POINT('',(6.948797339297E-12,7.02272486721));
#5159 = CARTESIAN_POINT('',(4.997836123832E-11,6.856815696103));
#5160 = CARTESIAN_POINT('',(2.55243025698E-10,6.690906524946));
#5161 = CARTESIAN_POINT('',(1.012057513592E-09,6.524997353609));
#5162 = CARTESIAN_POINT('',(3.291292404199E-09,6.359088181756));
#5163 = CARTESIAN_POINT('',(9.081840659287E-09,6.193179008448));
#5164 = CARTESIAN_POINT('',(2.170893113693E-08,6.027269831953));
#5165 = CARTESIAN_POINT('',(4.550231266118E-08,5.861360647308));
#5166 = CARTESIAN_POINT('',(8.42155509914E-08,5.695451449665));
#5167 = CARTESIAN_POINT('',(1.373045747308E-07,5.52954221163));
#5168 = CARTESIAN_POINT('',(1.944422300138E-07,5.363632951373));
#5169 = CARTESIAN_POINT('',(2.279676085336E-07,5.197723454177));
#5170 = CARTESIAN_POINT('',(2.034711683546E-07,5.031814274375));
#5171 = CARTESIAN_POINT('',(8.327704718312E-08,4.865902934846));
#5172 = CARTESIAN_POINT('',(1.731282352727E-08,4.755299660991));
#5173 = CARTESIAN_POINT('',(0.,4.7));
#5174 = ( GEOMETRIC_REPRESENTATION_CONTEXT(2)
PARAMETRIC_REPRESENTATION_CONTEXT() REPRESENTATION_CONTEXT('2D SPACE',''
  ) );
#5175 = PCURVE('',#2281,#5176);
#5176 = DEFINITIONAL_REPRESENTATION('',(#5177),#5225);
#5177 = B_SPLINE_CURVE_WITH_KNOTS('',3,(#5178,#5179,#5180,#5181,#5182,
    #5183,#5184,#5185,#5186,#5187,#5188,#5189,#5190,#5191,#5192,#5193,
    #5194,#5195,#5196,#5197,#5198,#5199,#5200,#5201,#5202,#5203,#5204,
    #5205,#5206,#5207,#5208,#5209,#5210,#5211,#5212,#5213,#5214,#5215,
    #5216,#5217,#5218,#5219,#5220,#5221,#5222,#5223,#5224),
  .UNSPECIFIED.,.F.,.F.,(4,1,1,1,1,1,1,1,1,1,1,1,1,1,1,1,1,1,1,1,1,1,1,1
    ,1,1,1,1,1,1,1,1,1,1,1,1,1,1,1,1,1,1,1,1,4),(4.7,4.865909171093,
    5.031818342186,5.197727513279,5.363636684372,5.529545855465,
    5.695455026558,5.86136419765,6.027273368743,6.193182539836,
    6.359091710929,6.525000882022,6.690910053115,6.856819224208,
    7.022728395301,7.188637566394,7.354546737487,7.52045590858,
    7.686365079673,7.852274250766,8.018183421859,8.184092592951,
    8.350001764044,8.515910935137,8.68182010623,8.847729277323,
    9.013638448416,9.179547619509,9.345456790602,9.511365961695,
    9.677275132788,9.843184303881,10.009093474974,10.175002646067,
    10.34091181716,10.506820988252,10.672730159345,10.838639330438,
    11.004548501531,11.170457672624,11.336366843717,11.50227601481,
    11.668185185903,11.834094356996,12.000003528089),
  .QUASI_UNIFORM_KNOTS.);
#5178 = CARTESIAN_POINT('',(26.896509715561,12.));
#5179 = CARTESIAN_POINT('',(26.896509715562,11.944696942969));
#5180 = CARTESIAN_POINT('',(26.896509715562,11.834090828907));
#5181 = CARTESIAN_POINT('',(26.896509715562,11.668181657814));
#5182 = CARTESIAN_POINT('',(26.896509715562,11.502272486721));
#5183 = CARTESIAN_POINT('',(26.896509715561,11.336363315628));
#5184 = CARTESIAN_POINT('',(26.896509715561,11.170454144535));
#5185 = CARTESIAN_POINT('',(26.896509715561,11.004544973442));
#5186 = CARTESIAN_POINT('',(26.896509715561,10.838635802349));
#5187 = CARTESIAN_POINT('',(26.896509715561,10.672726631257));
#5188 = CARTESIAN_POINT('',(26.896509715561,10.506817460164));
#5189 = CARTESIAN_POINT('',(26.896509715561,10.340908289071));
#5190 = CARTESIAN_POINT('',(26.896509715561,10.174999117978));
#5191 = CARTESIAN_POINT('',(26.896509715561,10.009089946885));
#5192 = CARTESIAN_POINT('',(26.896509715561,9.843180775792));
#5193 = CARTESIAN_POINT('',(26.896509715561,9.677271604699));
#5194 = CARTESIAN_POINT('',(26.896509715561,9.511362433606));
#5195 = CARTESIAN_POINT('',(26.896509715561,9.345453262513));
#5196 = CARTESIAN_POINT('',(26.896509715561,9.17954409142));
#5197 = CARTESIAN_POINT('',(26.896509715561,9.013634920327));
#5198 = CARTESIAN_POINT('',(26.896509715561,8.847725749234));
#5199 = CARTESIAN_POINT('',(26.896509715561,8.681816578141));
#5200 = CARTESIAN_POINT('',(26.896509715561,8.515907407049));
#5201 = CARTESIAN_POINT('',(26.896509715561,8.349998235956));
#5202 = CARTESIAN_POINT('',(26.896509715561,8.184089064863));
#5203 = CARTESIAN_POINT('',(26.89650971556,8.01817989377));
#5204 = CARTESIAN_POINT('',(26.896509715564,7.852270722677));
#5205 = CARTESIAN_POINT('',(26.89650971556,7.686361551584));
#5206 = CARTESIAN_POINT('',(26.896509715569,7.520452380491));
#5207 = CARTESIAN_POINT('',(26.896509715533,7.354543209399));
#5208 = CARTESIAN_POINT('',(26.896509715625,7.188634038302));
#5209 = CARTESIAN_POINT('',(26.896509714891,7.022724867247));
#5210 = CARTESIAN_POINT('',(26.896509715962,6.856815696115));
#5211 = CARTESIAN_POINT('',(26.896509709991,6.690906525378));
#5212 = CARTESIAN_POINT('',(26.896509753323,6.52499735242));
#5213 = CARTESIAN_POINT('',(26.896509746444,6.359088182348));
#5214 = CARTESIAN_POINT('',(26.896509730627,6.193179013486));
#5215 = CARTESIAN_POINT('',(26.896509800774,6.027269841608));
#5216 = CARTESIAN_POINT('',(26.896509782033,5.861360672984));
#5217 = CARTESIAN_POINT('',(26.896509786986,5.695451499688));
#5218 = CARTESIAN_POINT('',(26.896509785836,5.529542295427));
#5219 = CARTESIAN_POINT('',(26.89650978589,5.363633071456));
#5220 = CARTESIAN_POINT('',(26.896509786837,5.197723595506));
#5221 = CARTESIAN_POINT('',(26.89650978257,5.031814400353));
#5222 = CARTESIAN_POINT('',(26.896509798681,4.865902983706));
#5223 = CARTESIAN_POINT('',(26.896509758594,4.755299669899));
#5224 = CARTESIAN_POINT('',(26.896509715561,4.7));
#5225 = ( GEOMETRIC_REPRESENTATION_CONTEXT(2)
PARAMETRIC_REPRESENTATION_CONTEXT() REPRESENTATION_CONTEXT('2D SPACE',''
  ) );
#5226 = ORIENTED_EDGE('',*,*,#5227,.T.);
#5227 = EDGE_CURVE('',#5088,#5228,#5230,.T.);
#5228 = VERTEX_POINT('',#5229);
#5229 = CARTESIAN_POINT('',(1.027893130118,-13.05961085611,0.7));
#5230 = SURFACE_CURVE('',#5231,(#5236,#5326),.PCURVE_S1.);
#5231 = CIRCLE('',#5232,13.1);
#5232 = AXIS2_PLACEMENT_3D('',#5233,#5234,#5235);
#5233 = CARTESIAN_POINT('',(0.,0.,0.7));
#5234 = DIRECTION('',(0.,0.,1.));
#5235 = DIRECTION('',(1.,0.,0.));
#5236 = PCURVE('',#3089,#5237);
#5237 = DEFINITIONAL_REPRESENTATION('',(#5238),#5325);
#5238 = B_SPLINE_CURVE_WITH_KNOTS('',8,(#5239,#5240,#5241,#5242,#5243,
    #5244,#5245,#5246,#5247,#5248,#5249,#5250,#5251,#5252,#5253,#5254,
    #5255,#5256,#5257,#5258,#5259,#5260,#5261,#5262,#5263,#5264,#5265,
    #5266,#5267,#5268,#5269,#5270,#5271,#5272,#5273,#5274,#5275,#5276,
    #5277,#5278,#5279,#5280,#5281,#5282,#5283,#5284,#5285,#5286,#5287,
    #5288,#5289,#5290,#5291,#5292,#5293,#5294,#5295,#5296,#5297,#5298,
    #5299,#5300,#5301,#5302,#5303,#5304,#5305,#5306,#5307,#5308,#5309,
    #5310,#5311,#5312,#5313,#5314,#5315,#5316,#5317,#5318,#5319,#5320,
    #5321,#5322,#5323,#5324),.UNSPECIFIED.,.F.,.F.,(9,7,7,7,7,7,7,7,7,7,
    7,7,9),(3.691366305379,3.69244010278,4.241687473428,4.516311158752,
    4.653623001414,4.722278922745,4.756606883411,4.773770863744,
    4.78235285391,4.786643848993,4.788789346535,4.789862095306,
    4.790934844076),.UNSPECIFIED.);
#5239 = CARTESIAN_POINT('',(0.,4.699996469516));
#5240 = CARTESIAN_POINT('',(9.138267973607E-05,4.700023697949));
#5241 = CARTESIAN_POINT('',(3.731764068279E-04,4.699929910105));
#5242 = CARTESIAN_POINT('',(2.143028717944E-04,4.700116189405));
#5243 = CARTESIAN_POINT('',(7.141066794327E-04,4.699883844297));
#5244 = CARTESIAN_POINT('',(5.555017246232E-04,4.70006995278));
#5245 = CARTESIAN_POINT('',(8.36760748717E-04,4.699976505405));
#5246 = CARTESIAN_POINT('',(9.286737308394E-04,4.700003396747));
#5247 = CARTESIAN_POINT('',(6.972416836728E-02,4.700000000173));
#5248 = CARTESIAN_POINT('',(0.138380092751,4.700000000173));
#5249 = CARTESIAN_POINT('',(0.207036015886,4.700000000173));
#5250 = CARTESIAN_POINT('',(0.27569193777,4.700000000173));
#5251 = CARTESIAN_POINT('',(0.344347858404,4.700000000173));
#5252 = CARTESIAN_POINT('',(0.413003777788,4.700000000173));
#5253 = CARTESIAN_POINT('',(0.481659695923,4.700000000173));
#5254 = CARTESIAN_POINT('',(0.584643573876,4.700000000173));
#5255 = CARTESIAN_POINT('',(0.618971534704,4.700000000173));
#5256 = CARTESIAN_POINT('',(0.653299495289,4.700000000173));
#5257 = CARTESIAN_POINT('',(0.687627455632,4.700000000173));
#5258 = CARTESIAN_POINT('',(0.721955415733,4.700000000173));
#5259 = CARTESIAN_POINT('',(0.756283375593,4.700000000173));
#5260 = CARTESIAN_POINT('',(0.79061133521,4.700000000173));
#5261 = CARTESIAN_POINT('',(0.842103273797,4.700000000173));
#5262 = CARTESIAN_POINT('',(0.859267252899,4.700000000173));
#5263 = CARTESIAN_POINT('',(0.876431231891,4.700000000173));
#5264 = CARTESIAN_POINT('',(0.893595210772,4.700000000173));
#5265 = CARTESIAN_POINT('',(0.910759189543,4.700000000173));
#5266 = CARTESIAN_POINT('',(0.927923168204,4.700000000173));
#5267 = CARTESIAN_POINT('',(0.945087146754,4.700000000173));
#5268 = CARTESIAN_POINT('',(0.970833114433,4.700000000173));
#5269 = CARTESIAN_POINT('',(0.97941510385,4.700000000173));
#5270 = CARTESIAN_POINT('',(0.987997093447,4.700000000173));
#5271 = CARTESIAN_POINT('',(0.996579083224,4.700000000173));
#5272 = CARTESIAN_POINT('',(1.00516107318,4.700000000173));
#5273 = CARTESIAN_POINT('',(1.013743063315,4.700000000173));
#5274 = CARTESIAN_POINT('',(1.02232505363,4.700000000173));
#5275 = CARTESIAN_POINT('',(1.035198039425,4.700000000173));
#5276 = CARTESIAN_POINT('',(1.039489034837,4.700000000173));
#5277 = CARTESIAN_POINT('',(1.043780030363,4.700000000173));
#5278 = CARTESIAN_POINT('',(1.048071026001,4.700000000173));
#5279 = CARTESIAN_POINT('',(1.052362021752,4.700000000173));
#5280 = CARTESIAN_POINT('',(1.056653017616,4.700000000173));
#5281 = CARTESIAN_POINT('',(1.060944013593,4.700000000173));
#5282 = CARTESIAN_POINT('',(1.06738050774,4.700000000173));
#5283 = CARTESIAN_POINT('',(1.069526005838,4.700000000173));
#5284 = CARTESIAN_POINT('',(1.071671503977,4.700000000173));
#5285 = CARTESIAN_POINT('',(1.073817002157,4.700000000173));
#5286 = CARTESIAN_POINT('',(1.075962500378,4.700000000173));
#5287 = CARTESIAN_POINT('',(1.07810799864,4.700000000173));
#5288 = CARTESIAN_POINT('',(1.080253496942,4.700000000173));
#5289 = CARTESIAN_POINT('',(1.083471744459,4.700000000173));
#5290 = CARTESIAN_POINT('',(1.084544493645,4.700000000173));
#5291 = CARTESIAN_POINT('',(1.085617242842,4.700000000173));
#5292 = CARTESIAN_POINT('',(1.086689992052,4.700000000173));
#5293 = CARTESIAN_POINT('',(1.087762741274,4.700000000173));
#5294 = CARTESIAN_POINT('',(1.088835490509,4.700000000173));
#5295 = CARTESIAN_POINT('',(1.089908239755,4.700000000173));
#5296 = CARTESIAN_POINT('',(1.091517363643,4.700000000173));
#5297 = CARTESIAN_POINT('',(1.092053738276,4.700000000173));
#5298 = CARTESIAN_POINT('',(1.092590112912,4.700000000173));
#5299 = CARTESIAN_POINT('',(1.093126487551,4.700000000173));
#5300 = CARTESIAN_POINT('',(1.093662862194,4.700000000173));
#5301 = CARTESIAN_POINT('',(1.09419923684,4.700000000173));
#5302 = CARTESIAN_POINT('',(1.094735611489,4.700000000173));
#5303 = CARTESIAN_POINT('',(1.095540173467,4.700000000173));
#5304 = CARTESIAN_POINT('',(1.095808360795,4.700000000173));
#5305 = CARTESIAN_POINT('',(1.096076548123,4.700000000173));
#5306 = CARTESIAN_POINT('',(1.096344735451,4.700000000173));
#5307 = CARTESIAN_POINT('',(1.096612922781,4.700000000173));
#5308 = CARTESIAN_POINT('',(1.096881110112,4.700000000173));
#5309 = CARTESIAN_POINT('',(1.097149297443,4.700000000173));
#5310 = CARTESIAN_POINT('',(1.097551578442,4.700000000173));
#5311 = CARTESIAN_POINT('',(1.097685672108,4.700000000173));
#5312 = CARTESIAN_POINT('',(1.097819765774,4.700000000173));
#5313 = CARTESIAN_POINT('',(1.097953859441,4.700000000173));
#5314 = CARTESIAN_POINT('',(1.098087953108,4.700000000173));
#5315 = CARTESIAN_POINT('',(1.098222046775,4.700000000173));
#5316 = CARTESIAN_POINT('',(1.098356140443,4.700000000173));
#5317 = CARTESIAN_POINT('',(1.098629668534,4.699996605768));
#5318 = CARTESIAN_POINT('',(1.098721477728,4.700023480285));
#5319 = CARTESIAN_POINT('',(1.099002512424,4.699930089627));
#5320 = CARTESIAN_POINT('',(1.09884395694,4.70011608562));
#5321 = CARTESIAN_POINT('',(1.099343412457,4.699883876985));
#5322 = CARTESIAN_POINT('',(1.099184572226,4.700070053829));
#5323 = CARTESIAN_POINT('',(1.099466160839,4.699976312356));
#5324 = CARTESIAN_POINT('',(1.099557428756,4.700003530485));
#5325 = ( GEOMETRIC_REPRESENTATION_CONTEXT(2)
PARAMETRIC_REPRESENTATION_CONTEXT() REPRESENTATION_CONTEXT('2D SPACE',''
  ) );
#5326 = PCURVE('',#5327,#5332);
#5327 = CONICAL_SURFACE('',#5328,14.4,1.076854957875);
#5328 = AXIS2_PLACEMENT_3D('',#5329,#5330,#5331);
#5329 = CARTESIAN_POINT('',(0.,0.,0.));
#5330 = DIRECTION('',(-0.,-0.,-1.));
#5331 = DIRECTION('',(1.,0.,0.));
#5332 = DEFINITIONAL_REPRESENTATION('',(#5333),#5337);
#5333 = LINE('',#5334,#5335);
#5334 = CARTESIAN_POINT('',(-0.,-0.7));
#5335 = VECTOR('',#5336,1.);
#5336 = DIRECTION('',(-1.,-0.));
#5337 = ( GEOMETRIC_REPRESENTATION_CONTEXT(2)
PARAMETRIC_REPRESENTATION_CONTEXT() REPRESENTATION_CONTEXT('2D SPACE',''
  ) );
#5338 = ORIENTED_EDGE('',*,*,#5339,.F.);
#5339 = EDGE_CURVE('',#3073,#5228,#5340,.T.);
#5340 = SURFACE_CURVE('',#5341,(#5373,#5380),.PCURVE_S1.);
#5341 = B_SPLINE_CURVE_WITH_KNOTS('',11,(#5342,#5343,#5344,#5345,#5346,
    #5347,#5348,#5349,#5350,#5351,#5352,#5353,#5354,#5355,#5356,#5357,
    #5358,#5359,#5360,#5361,#5362,#5363,#5364,#5365,#5366,#5367,#5368,
    #5369,#5370,#5371,#5372),.UNSPECIFIED.,.F.,.F.,(12,9,10,12),(11.3,
    11.300003528089,14.600003528187,17.900000000195),.UNSPECIFIED.);
#5342 = CARTESIAN_POINT('',(-11.16961775612,6.844672983463,
    7.300003528089));
#5343 = CARTESIAN_POINT('',(-11.16961430773,6.844678610808,
    7.300003207353));
#5344 = CARTESIAN_POINT('',(-11.16961085935,6.84468423815,7.300002886618
    ));
#5345 = CARTESIAN_POINT('',(-11.16960741096,6.844689865491,
    7.300002565883));
#5346 = CARTESIAN_POINT('',(-11.16960396257,6.84469549283,7.300002245147
    ));
#5347 = CARTESIAN_POINT('',(-11.16960051417,6.844701120166,
    7.300001924412));
#5348 = CARTESIAN_POINT('',(-11.16959706577,6.844706747501,
    7.300001603677));
#5349 = CARTESIAN_POINT('',(-11.16959361737,6.844712374834,
    7.300001282941));
#5350 = CARTESIAN_POINT('',(-11.16959016896,6.844718002165,
    7.300000962206));
#5351 = CARTESIAN_POINT('',(-11.16958672056,6.844723629495,
    7.300000641471));
#5352 = CARTESIAN_POINT('',(-7.944109555275,12.108253339474,
    7.000000320917));
#5353 = CARTESIAN_POINT('',(-1.990227423371,15.699787806287,6.7));
#5354 = CARTESIAN_POINT('',(5.729246414026,16.048018531681,6.4));
#5355 = CARTESIAN_POINT('',(13.233276960332,12.205508706441,6.1));
#5356 = CARTESIAN_POINT('',(17.982828369372,4.601356128509,5.8));
#5357 = CARTESIAN_POINT('',(17.996928140561,-4.600427455762,5.5));
#5358 = CARTESIAN_POINT('',(13.224412036372,-12.20732166565,5.2));
#5359 = CARTESIAN_POINT('',(5.732523195784,-16.04682701606,4.9));
#5360 = CARTESIAN_POINT('',(-1.990807129803,-15.70009029528,4.6));
#5361 = CARTESIAN_POINT('',(-7.944082566023,-12.10827466808,4.3));
#5362 = CARTESIAN_POINT('',(-14.3950862916,-1.581193354827,
    3.700000320735));
#5363 = CARTESIAN_POINT('',(-14.89268934321,5.353854869313,
    3.400000641471));
#5364 = CARTESIAN_POINT('',(-11.69532674848,12.39280000728,
    3.100000962206));
#5365 = CARTESIAN_POINT('',(-4.873074993055,17.325024373949,
    2.800001282942));
#5366 = CARTESIAN_POINT('',(4.071375709723,18.123926477687,
    2.500001603677));
#5367 = CARTESIAN_POINT('',(12.263819016591,13.933872310281,
    2.200001924413));
#5368 = CARTESIAN_POINT('',(16.882935340268,6.249808617186,
    1.900002245148));
#5369 = CARTESIAN_POINT('',(16.899912509598,-2.180779912986,
    1.600002565883));
#5370 = CARTESIAN_POINT('',(13.085105727751,-8.900795470415,
    1.300002886619));
#5371 = CARTESIAN_POINT('',(7.182051876877,-12.57524221448,
    1.000003207354));
#5372 = CARTESIAN_POINT('',(1.027892686901,-13.05960740994,0.70000352809
    ));
#5373 = PCURVE('',#3089,#5374);
#5374 = DEFINITIONAL_REPRESENTATION('',(#5375),#5379);
#5375 = LINE('',#5376,#5377);
#5376 = CARTESIAN_POINT('',(1.099557428756,22.600003528089));
#5377 = VECTOR('',#5378,1.);
#5378 = DIRECTION('',(-7.737918050419E-16,-1.));
#5379 = ( GEOMETRIC_REPRESENTATION_CONTEXT(2)
PARAMETRIC_REPRESENTATION_CONTEXT() REPRESENTATION_CONTEXT('2D SPACE',''
  ) );
#5380 = PCURVE('',#3859,#5381);
#5381 = DEFINITIONAL_REPRESENTATION('',(#5382),#5386);
#5382 = LINE('',#5383,#5384);
#5383 = CARTESIAN_POINT('',(-9.952805201741E-13,22.600003528089));
#5384 = VECTOR('',#5385,1.);
#5385 = DIRECTION('',(5.98163883705E-14,-1.));
#5386 = ( GEOMETRIC_REPRESENTATION_CONTEXT(2)
PARAMETRIC_REPRESENTATION_CONTEXT() REPRESENTATION_CONTEXT('2D SPACE',''
  ) );
#5387 = ADVANCED_FACE('',(#5388),#5327,.F.);
#5388 = FACE_BOUND('',#5389,.F.);
#5389 = EDGE_LOOP('',(#5390,#5412,#5434,#5435,#5470,#5950,#5951,#6517));
#5390 = ORIENTED_EDGE('',*,*,#5391,.F.);
#5391 = EDGE_CURVE('',#5392,#5394,#5396,.T.);
#5392 = VERTEX_POINT('',#5393);
#5393 = CARTESIAN_POINT('',(14.4,0.,0.));
#5394 = VERTEX_POINT('',#5395);
#5395 = CARTESIAN_POINT('',(14.300007205019,0.,5.384227422055E-02));
#5396 = SEAM_CURVE('',#5397,(#5400,#5406),.PCURVE_S1.);
#5397 = B_SPLINE_CURVE_WITH_KNOTS('',1,(#5398,#5399),.UNSPECIFIED.,.F.,
  .F.,(2,2),(0.,1.),.PIECEWISE_BEZIER_KNOTS.);
#5398 = CARTESIAN_POINT('',(14.4,0.,0.));
#5399 = CARTESIAN_POINT('',(13.1,0.,0.7));
#5400 = PCURVE('',#5327,#5401);
#5401 = DEFINITIONAL_REPRESENTATION('',(#5402),#5405);
#5402 = B_SPLINE_CURVE_WITH_KNOTS('',1,(#5403,#5404),.UNSPECIFIED.,.F.,
  .F.,(2,2),(0.,1.),.PIECEWISE_BEZIER_KNOTS.);
#5403 = CARTESIAN_POINT('',(0.,0.));
#5404 = CARTESIAN_POINT('',(0.,-0.7));
#5405 = ( GEOMETRIC_REPRESENTATION_CONTEXT(2)
PARAMETRIC_REPRESENTATION_CONTEXT() REPRESENTATION_CONTEXT('2D SPACE',''
  ) );
#5406 = PCURVE('',#5327,#5407);
#5407 = DEFINITIONAL_REPRESENTATION('',(#5408),#5411);
#5408 = B_SPLINE_CURVE_WITH_KNOTS('',1,(#5409,#5410),.UNSPECIFIED.,.F.,
  .F.,(2,2),(0.,1.),.PIECEWISE_BEZIER_KNOTS.);
#5409 = CARTESIAN_POINT('',(-6.28318530718,0.));
#5410 = CARTESIAN_POINT('',(-6.28318530718,-0.7));
#5411 = ( GEOMETRIC_REPRESENTATION_CONTEXT(2)
PARAMETRIC_REPRESENTATION_CONTEXT() REPRESENTATION_CONTEXT('2D SPACE',''
  ) );
#5412 = ORIENTED_EDGE('',*,*,#5413,.T.);
#5413 = EDGE_CURVE('',#5392,#5392,#5414,.T.);
#5414 = SURFACE_CURVE('',#5415,(#5420,#5427),.PCURVE_S1.);
#5415 = CIRCLE('',#5416,14.4);
#5416 = AXIS2_PLACEMENT_3D('',#5417,#5418,#5419);
#5417 = CARTESIAN_POINT('',(0.,0.,0.));
#5418 = DIRECTION('',(0.,0.,1.));
#5419 = DIRECTION('',(1.,0.,0.));
#5420 = PCURVE('',#5327,#5421);
#5421 = DEFINITIONAL_REPRESENTATION('',(#5422),#5426);
#5422 = LINE('',#5423,#5424);
#5423 = CARTESIAN_POINT('',(-0.,-0.));
#5424 = VECTOR('',#5425,1.);
#5425 = DIRECTION('',(-1.,-0.));
#5426 = ( GEOMETRIC_REPRESENTATION_CONTEXT(2)
PARAMETRIC_REPRESENTATION_CONTEXT() REPRESENTATION_CONTEXT('2D SPACE',''
  ) );
#5427 = PCURVE('',#45,#5428);
#5428 = DEFINITIONAL_REPRESENTATION('',(#5429),#5433);
#5429 = CIRCLE('',#5430,14.4);
#5430 = AXIS2_PLACEMENT_2D('',#5431,#5432);
#5431 = CARTESIAN_POINT('',(6.077511700175E-16,-4.807142605466E-16));
#5432 = DIRECTION('',(1.,0.));
#5433 = ( GEOMETRIC_REPRESENTATION_CONTEXT(2)
PARAMETRIC_REPRESENTATION_CONTEXT() REPRESENTATION_CONTEXT('2D SPACE',''
  ) );
#5434 = ORIENTED_EDGE('',*,*,#5391,.T.);
#5435 = ORIENTED_EDGE('',*,*,#5436,.T.);
#5436 = EDGE_CURVE('',#5394,#5437,#5439,.T.);
#5437 = VERTEX_POINT('',#5438);
#5438 = CARTESIAN_POINT('',(12.237632307342,-7.398010649755,
    5.384227422055E-02));
#5439 = SURFACE_CURVE('',#5440,(#5448,#5459),.PCURVE_S1.);
#5440 = B_SPLINE_CURVE_WITH_KNOTS('',6,(#5441,#5442,#5443,#5444,#5445,
    #5446,#5447),.UNSPECIFIED.,.F.,.F.,(7,7),(0.,1.),
  .PIECEWISE_BEZIER_KNOTS.);
#5441 = CARTESIAN_POINT('',(14.300007205019,-5.329070518201E-15,
    5.384227422055E-02));
#5442 = CARTESIAN_POINT('',(14.300007205019,-1.295848017882,
    5.384227422055E-02));
#5443 = CARTESIAN_POINT('',(14.15909284847,-2.591969027399,
    5.384227422054E-02));
#5444 = CARTESIAN_POINT('',(13.877159158958,-3.868594688602,
    5.384227422057E-02));
#5445 = CARTESIAN_POINT('',(13.457978293447,-5.106959370208,
    5.384227422055E-02));
#5446 = CARTESIAN_POINT('',(12.908030388652,-6.289052362584,
    5.384227422055E-02));
#5447 = CARTESIAN_POINT('',(12.237632307345,-7.398010649751,
    5.384227422054E-02));
#5448 = PCURVE('',#5327,#5449);
#5449 = DEFINITIONAL_REPRESENTATION('',(#5450),#5458);
#5450 = B_SPLINE_CURVE_WITH_KNOTS('',6,(#5451,#5452,#5453,#5454,#5455,
    #5456,#5457),.UNSPECIFIED.,.F.,.F.,(7,7),(0.,1.),
  .PIECEWISE_BEZIER_KNOTS.);
#5451 = CARTESIAN_POINT('',(-6.28318530718,-5.384227422055E-02));
#5452 = CARTESIAN_POINT('',(-6.192566610328,-5.384227422055E-02));
#5453 = CARTESIAN_POINT('',(-6.101929155893,-5.384227422055E-02));
#5454 = CARTESIAN_POINT('',(-6.01131359959,-5.384227422056E-02));
#5455 = CARTESIAN_POINT('',(-5.920698043366,-5.384227422055E-02));
#5456 = CARTESIAN_POINT('',(-5.830060588558,-5.384227422055E-02));
#5457 = CARTESIAN_POINT('',(-5.739441892121,-5.384227422054E-02));
#5458 = ( GEOMETRIC_REPRESENTATION_CONTEXT(2)
PARAMETRIC_REPRESENTATION_CONTEXT() REPRESENTATION_CONTEXT('2D SPACE',''
  ) );
#5459 = PCURVE('',#4719,#5460);
#5460 = DEFINITIONAL_REPRESENTATION('',(#5461),#5469);
#5461 = B_SPLINE_CURVE_WITH_KNOTS('',6,(#5462,#5463,#5464,#5465,#5466,
    #5467,#5468),.UNSPECIFIED.,.F.,.F.,(7,7),(0.,1.),
  .PIECEWISE_BEZIER_KNOTS.);
#5462 = CARTESIAN_POINT('',(0.543743415076,4.053842274221));
#5463 = CARTESIAN_POINT('',(0.453124718313,4.053842274221));
#5464 = CARTESIAN_POINT('',(0.362487263652,4.053842274221));
#5465 = CARTESIAN_POINT('',(0.271871714262,4.053842274221));
#5466 = CARTESIAN_POINT('',(0.181256163667,4.053842274221));
#5467 = CARTESIAN_POINT('',(9.061880585863E-02,4.053842274221));
#5468 = CARTESIAN_POINT('',(0.,4.053842274221));
#5469 = ( GEOMETRIC_REPRESENTATION_CONTEXT(2)
PARAMETRIC_REPRESENTATION_CONTEXT() REPRESENTATION_CONTEXT('2D SPACE',''
  ) );
#5470 = ORIENTED_EDGE('',*,*,#5471,.T.);
#5471 = EDGE_CURVE('',#5437,#5228,#5472,.T.);
#5472 = SURFACE_CURVE('',#5473,(#5630,#5790),.PCURVE_S1.);
#5473 = B_SPLINE_CURVE_WITH_KNOTS('',8,(#5474,#5475,#5476,#5477,#5478,
    #5479,#5480,#5481,#5482,#5483,#5484,#5485,#5486,#5487,#5488,#5489,
    #5490,#5491,#5492,#5493,#5494,#5495,#5496,#5497,#5498,#5499,#5500,
    #5501,#5502,#5503,#5504,#5505,#5506,#5507,#5508,#5509,#5510,#5511,
    #5512,#5513,#5514,#5515,#5516,#5517,#5518,#5519,#5520,#5521,#5522,
    #5523,#5524,#5525,#5526,#5527,#5528,#5529,#5530,#5531,#5532,#5533,
    #5534,#5535,#5536,#5537,#5538,#5539,#5540,#5541,#5542,#5543,#5544,
    #5545,#5546,#5547,#5548,#5549,#5550,#5551,#5552,#5553,#5554,#5555,
    #5556,#5557,#5558,#5559,#5560,#5561,#5562,#5563,#5564,#5565,#5566,
    #5567,#5568,#5569,#5570,#5571,#5572,#5573,#5574,#5575,#5576,#5577,
    #5578,#5579,#5580,#5581,#5582,#5583,#5584,#5585,#5586,#5587,#5588,
    #5589,#5590,#5591,#5592,#5593,#5594,#5595,#5596,#5597,#5598,#5599,
    #5600,#5601,#5602,#5603,#5604,#5605,#5606,#5607,#5608,#5609,#5610,
    #5611,#5612,#5613,#5614,#5615,#5616,#5617,#5618,#5619,#5620,#5621,
    #5622,#5623,#5624,#5625,#5626,#5627,#5628,#5629),.UNSPECIFIED.,.F.,
  .F.,(9,7,7,7,7,7,7,7,7,7,7,7,7,7,7,7,7,7,7,7,7,7,9),(0.,
    8.299256068442E-02,0.127957228809,0.172973762541,0.216967751638,
    0.257962723756,0.342953820969,0.378946903326,0.426947588659,
    0.46194180131,0.510944498813,0.545940165904,0.593944940957,
    0.627942539683,0.675949038282,0.711946955605,0.757956812858,
    0.78796062646,0.838968389088,0.875955578081,0.906967369325,
    0.929998898142,1.),.UNSPECIFIED.);
#5474 = CARTESIAN_POINT('',(12.237632307342,-7.398010649755,
    5.384227422055E-02));
#5475 = CARTESIAN_POINT('',(12.15640181927,-7.510033060967,
    6.006755875532E-02));
#5476 = CARTESIAN_POINT('',(12.074569716184,-7.619729402475,
    6.639979634775E-02));
#5477 = CARTESIAN_POINT('',(11.992036197559,-7.727471283818,
    7.281373448188E-02));
#5478 = CARTESIAN_POINT('',(11.90868978516,-7.833595682609,
    7.928569788157E-02));
#5479 = CARTESIAN_POINT('',(11.824416658363,-7.938394316922,
    8.579445858246E-02));
#5480 = CARTESIAN_POINT('',(11.7391085376,-8.042107143792,
    9.232185901815E-02));
#5481 = CARTESIAN_POINT('',(11.652669115908,-8.144919983825,
    9.885318812066E-02));
#5482 = CARTESIAN_POINT('',(11.517530967315,-8.302254088577,
    0.108912024779));
#5483 = CARTESIAN_POINT('',(11.46968787247,-8.357316530199,
    0.112444588332));
#5484 = CARTESIAN_POINT('',(11.42147428856,-8.412179988755,
    0.115972794838));
#5485 = CARTESIAN_POINT('',(11.372904112405,-8.466816006428,
    0.119498476252));
#5486 = CARTESIAN_POINT('',(11.323960084398,-8.521253559541,
    0.123019216459));
#5487 = CARTESIAN_POINT('',(11.274656776,-8.575463121924,0.126536930408)
  );
#5488 = CARTESIAN_POINT('',(11.224992527013,-8.62944598835,
    0.130051276675));
#5489 = CARTESIAN_POINT('',(11.124902319509,-8.736986217642,
    0.137079378421));
#5490 = CARTESIAN_POINT('',(11.074475310189,-8.790543475284,
    0.140593093315));
#5491 = CARTESIAN_POINT('',(11.023702292422,-8.843843277402,
    0.144105239949));
#5492 = CARTESIAN_POINT('',(10.972592933579,-8.896868479934,
    0.147616904923));
#5493 = CARTESIAN_POINT('',(10.921159595818,-8.949598660264,
    0.151129461132));
#5494 = CARTESIAN_POINT('',(10.869417414362,-9.002010377567,
    0.154644560693));
#5495 = CARTESIAN_POINT('',(10.817384375795,-9.054077433157,
    0.158164127879));
#5496 = CARTESIAN_POINT('',(10.71396647218,-9.156290612981,
    0.165136478483));
#5497 = CARTESIAN_POINT('',(10.66259275692,-9.206455011806,
    0.168588838346));
#5498 = CARTESIAN_POINT('',(10.610950301004,-9.256282609426,
    0.172045895118));
#5499 = CARTESIAN_POINT('',(10.559030908723,-9.305787697068,
    0.175506383972));
#5500 = CARTESIAN_POINT('',(10.5068283083,-9.354980697043,0.178969314804
    ));
#5501 = CARTESIAN_POINT('',(10.454338321964,-9.403868284734,
    0.182433975272));
#5502 = CARTESIAN_POINT('',(10.401559036033,-9.452453510568,
    0.185899933841));
#5503 = CARTESIAN_POINT('',(10.299040491699,-9.545726979893,
    0.192597803176));
#5504 = CARTESIAN_POINT('',(10.249339276569,-9.59045509192,
    0.195829560912));
#5505 = CARTESIAN_POINT('',(10.199387730418,-9.634919913806,
    0.199062193662));
#5506 = CARTESIAN_POINT('',(10.149188098911,-9.679118469536,
    0.202295790246));
#5507 = CARTESIAN_POINT('',(10.098744539032,-9.723045293352,
    0.20553064874));
#5508 = CARTESIAN_POINT('',(10.048063189553,-9.766692571753,
    0.208767274551));
#5509 = CARTESIAN_POINT('',(9.997152241511,-9.810050285484,0.21200637849
    ));
#5510 = CARTESIAN_POINT('',(9.840018409572,-9.942370524827,
    0.221971243676));
#5511 = CARTESIAN_POINT('',(9.73307460672,-10.03033518997,0.228708422321
    ));
#5512 = CARTESIAN_POINT('',(9.625122017678,-10.11710103199,
    0.235451080016));
#5513 = CARTESIAN_POINT('',(9.516122365212,-10.20271566123,
    0.242193734883));
#5514 = CARTESIAN_POINT('',(9.40607246165,-10.28717716255,0.248934856439
    ));
#5515 = CARTESIAN_POINT('',(9.295007697332,-10.37043877209,
    0.255676872384));
#5516 = CARTESIAN_POINT('',(9.183004233164,-10.45241468146,0.26242607965
    ));
#5517 = CARTESIAN_POINT('',(9.022399650312,-10.56710871992,
    0.272057970159));
#5518 = CARTESIAN_POINT('',(8.974472421921,-10.60097861154,
    0.274926570411));
#5519 = CARTESIAN_POINT('',(8.926391966235,-10.63460428051,
    0.277797499562));
#5520 = CARTESIAN_POINT('',(8.878153262286,-10.66799181791,
    0.280670126067));
#5521 = CARTESIAN_POINT('',(8.82975251399,-10.70114576981,0.283543947752
    ));
#5522 = CARTESIAN_POINT('',(8.781187150156,-10.73406913731,
    0.286418591821));
#5523 = CARTESIAN_POINT('',(8.732455824478,-10.7667633765,0.289293814852
    ));
#5524 = CARTESIAN_POINT('',(8.618348408883,-10.84252403203,
    0.296004545066));
#5525 = CARTESIAN_POINT('',(8.552843140198,-10.88541209216,
    0.299840414713));
#5526 = CARTESIAN_POINT('',(8.487042537591,-10.92789267572,0.30367684236
    ));
#5527 = CARTESIAN_POINT('',(8.420950781214,-10.96996135969,
    0.307513970838));
#5528 = CARTESIAN_POINT('',(8.354576404428,-11.01160955118,
    0.311352350191));
#5529 = CARTESIAN_POINT('',(8.287932394973,-11.05282483741,
    0.315192932674));
#5530 = CARTESIAN_POINT('',(8.221036296134,-11.09359133572,
    0.319037067764));
#5531 = CARTESIAN_POINT('',(8.10497306691,-11.16326923989,0.325692868568
    ));
#5532 = CARTESIAN_POINT('',(8.055914407135,-11.1923991833,0.328502119901
    ));
#5533 = CARTESIAN_POINT('',(8.006728099813,-11.2212863773,0.331313549881
    ));
#5534 = CARTESIAN_POINT('',(7.957409124784,-11.24993602159,0.33412657464
    ));
#5535 = CARTESIAN_POINT('',(7.907953670504,-11.27835201211,
    0.336940727725));
#5536 = CARTESIAN_POINT('',(7.858359134039,-11.30653694107,
    0.339755660097));
#5537 = CARTESIAN_POINT('',(7.808624121072,-11.33449209691,
    0.342571140129));
#5538 = CARTESIAN_POINT('',(7.688907108191,-11.40104153529,0.34933020151
    ));
#5539 = CARTESIAN_POINT('',(7.618790077404,-11.43941510599,
    0.353274201276));
#5540 = CARTESIAN_POINT('',(7.54839705995,-11.47733844447,0.357218742772
    ));
#5541 = CARTESIAN_POINT('',(7.477732811738,-11.5148072083,0.361163972887
    ));
#5542 = CARTESIAN_POINT('',(7.406807217977,-11.55181285038,
    0.365110489618));
#5543 = CARTESIAN_POINT('',(7.335635372991,-11.58834302468,
    0.369059336161));
#5544 = CARTESIAN_POINT('',(7.26423766002,-11.62438199189,0.373011994997
    ));
#5545 = CARTESIAN_POINT('',(7.141507670656,-11.68528436768,
    0.379797295609));
#5546 = CARTESIAN_POINT('',(7.090273302974,-11.71039784444,
    0.382627113249));
#5547 = CARTESIAN_POINT('',(7.038929967048,-11.73525748352,
    0.385459123509));
#5548 = CARTESIAN_POINT('',(6.98747223581,-11.7598680865,0.388292735553)
  );
#5549 = CARTESIAN_POINT('',(6.935896016064,-11.78423322857,
    0.391127479106));
#5550 = CARTESIAN_POINT('',(6.884198548481,-11.80835525853,
    0.393963004448));
#5551 = CARTESIAN_POINT('',(6.832378407607,-11.83223529875,
    0.396799082421));
#5552 = CARTESIAN_POINT('',(6.70918360945,-11.88829823946,0.403526560413
    ));
#5553 = CARTESIAN_POINT('',(6.637700815086,-11.92026780182,
    0.407418352358));
#5554 = CARTESIAN_POINT('',(6.565987037879,-11.95178200084,
    0.411310700751));
#5555 = CARTESIAN_POINT('',(6.494047239616,-11.98283699153,
    0.415203755967));
#5556 = CARTESIAN_POINT('',(6.421891468622,-12.01342539401,
    0.419098092825));
#5557 = CARTESIAN_POINT('',(6.34953490362,-12.0435366721,0.42299470513)
  );
#5558 = CARTESIAN_POINT('',(6.276997897603,-12.07315751196,
    0.426895000234));
#5559 = CARTESIAN_POINT('',(6.152824700827,-12.12289159746,
    0.433566926642));
#5560 = CARTESIAN_POINT('',(6.101265629494,-12.14325725629,
    0.436335807528));
#5561 = CARTESIAN_POINT('',(6.04962225858,-12.16337416659,0.439106782513
    ));
#5562 = CARTESIAN_POINT('',(5.997889330285,-12.1832463055,0.44187930783)
  );
#5563 = CARTESIAN_POINT('',(5.946062878129,-12.20287663793,0.44465294968
    ));
#5564 = CARTESIAN_POINT('',(5.89414022695,-12.22226711653,0.447427384226
    ));
#5565 = CARTESIAN_POINT('',(5.842119992904,-12.24141868169,
    0.450202397598));
#5566 = CARTESIAN_POINT('',(5.716408699224,-12.28703687534,
    0.456897029596));
#5567 = CARTESIAN_POINT('',(5.642620646514,-12.31326608185,
    0.460817120613));
#5568 = CARTESIAN_POINT('',(5.568637785904,-12.33901901627,
    0.464737867197));
#5569 = CARTESIAN_POINT('',(5.494465397467,-12.36429223933,
    0.468659417802));
#5570 = CARTESIAN_POINT('',(5.420114195884,-12.38907912704,
    0.472582355549));
#5571 = CARTESIAN_POINT('',(5.345600345532,-12.41337026039,
    0.476507692688));
#5572 = CARTESIAN_POINT('',(5.27094547558,-12.437153815,0.480436865065)
  );
#5573 = CARTESIAN_POINT('',(5.140110944455,-12.47785918181,
    0.487322302523));
#5574 = CARTESIAN_POINT('',(5.083982420875,-12.49500859276,
    0.490276174943));
#5575 = CARTESIAN_POINT('',(5.027782297786,-12.51186987236,
    0.493232512512));
#5576 = CARTESIAN_POINT('',(4.97150346834,-12.52844755311,0.496190623462
    ));
#5577 = CARTESIAN_POINT('',(4.915140545397,-12.54474501142,
    0.499149955584));
#5578 = CARTESIAN_POINT('',(4.85868986152,-12.56076446756,0.502110096234
    ));
#5579 = CARTESIAN_POINT('',(4.802149468981,-12.57650698567,
    0.505070772326));
#5580 = CARTESIAN_POINT('',(4.673138470054,-12.61173930901,
    0.511816479755));
#5581 = CARTESIAN_POINT('',(4.600610987837,-12.6310536961,0.515601768495
    ));
#5582 = CARTESIAN_POINT('',(4.527936372888,-12.64991575905,
    0.519387442706));
#5583 = CARTESIAN_POINT('',(4.455119147246,-12.66832294639,
    0.523173606373));
#5584 = CARTESIAN_POINT('',(4.382168661339,-12.68627035262,
    0.526960736663));
#5585 = CARTESIAN_POINT('',(4.309099080127,-12.70375103957,
    0.530749679273));
#5586 = CARTESIAN_POINT('',(4.235929369238,-12.72075635787,
    0.534541643782));
#5587 = CARTESIAN_POINT('',(4.114918256256,-12.74804918401,
    0.540813997474));
#5588 = CARTESIAN_POINT('',(4.067121178337,-12.75861551358,
    0.543291779492));
#5589 = CARTESIAN_POINT('',(4.019287870705,-12.76897754452,
    0.545771147707));
#5590 = CARTESIAN_POINT('',(3.971415056682,-12.77913707754,
    0.548251774691));
#5591 = CARTESIAN_POINT('',(3.923500359563,-12.78909542649,
    0.550733402926));
#5592 = CARTESIAN_POINT('',(3.875542302617,-12.79885341842,
    0.553215844804));
#5593 = CARTESIAN_POINT('',(3.827540309081,-12.80841139354,
    0.555698982628));
#5594 = CARTESIAN_POINT('',(3.697815121528,-12.83367788426,
    0.562405310699));
#5595 = CARTESIAN_POINT('',(3.616009569516,-12.84900815372,
    0.566629726495));
#5596 = CARTESIAN_POINT('',(3.534079680731,-12.8637596347,0.570855783232
    ));
#5597 = CARTESIAN_POINT('',(3.452034880694,-12.87792845723,
    0.575083836054));
#5598 = CARTESIAN_POINT('',(3.369892315,-12.89150780877,0.57931481995));
#5599 = CARTESIAN_POINT('',(3.287676778479,-12.90448848254,
    0.583550241687));
#5600 = CARTESIAN_POINT('',(3.205420644345,-12.91685942594,
    0.587792171752));
#5601 = CARTESIAN_POINT('',(3.06351699575,-12.93712772585,0.595125804879
    ));
#5602 = CARTESIAN_POINT('',(3.003871816995,-12.94531930329,
    0.598213321167));
#5603 = CARTESIAN_POINT('',(2.94421135415,-12.95319070202,0.601304380657
    ));
#5604 = CARTESIAN_POINT('',(2.884520624389,-12.96074826443,
    0.604397726552));
#5605 = CARTESIAN_POINT('',(2.824786685475,-12.96799706209,
    0.607492257785));
#5606 = CARTESIAN_POINT('',(2.76499875624,-12.9749409633,0.610587037055)
  );
#5607 = CARTESIAN_POINT('',(2.705148337066,-12.98158270056,
    0.613681298867));
#5608 = CARTESIAN_POINT('',(2.594990429331,-12.99324072869,
    0.619367906655));
#5609 = CARTESIAN_POINT('',(2.5447032938,-12.99834632604,0.621960577471)
  );
#5610 = CARTESIAN_POINT('',(2.494364278629,-13.00324164141,
    0.624552120067));
#5611 = CARTESIAN_POINT('',(2.443970871301,-13.00792717472,
    0.627142267918));
#5612 = CARTESIAN_POINT('',(2.393521691917,-13.01240301461,
    0.629730837919));
#5613 = CARTESIAN_POINT('',(2.343016493206,-13.01666883841,
    0.632317730383));
#5614 = CARTESIAN_POINT('',(2.292456160514,-13.0207239122,0.634902929042
    ));
#5615 = CARTESIAN_POINT('',(2.204253618907,-13.02742130438,
    0.639405242619));
#5616 = CARTESIAN_POINT('',(2.166634814583,-13.03015879341,
    0.641323055811));
#5617 = CARTESIAN_POINT('',(2.128988785108,-13.03277863427,
    0.643240091972));
#5618 = CARTESIAN_POINT('',(2.091314828169,-13.03528085944,
    0.645156263896));
#5619 = CARTESIAN_POINT('',(2.053613557085,-13.03766511355,
    0.647071582097));
#5620 = CARTESIAN_POINT('',(2.015888662952,-13.03993014837,
    0.648986286448));
#5621 = CARTESIAN_POINT('',(1.978145934721,-13.04207415702,
    0.650900773199));
#5622 = CARTESIAN_POINT('',(1.82563426197,-13.05024089444,0.658634305797
    ));
#5623 = CARTESIAN_POINT('',(1.710753599624,-13.05525675587,
    0.664453800674));
#5624 = CARTESIAN_POINT('',(1.595877041121,-13.059105288,0.67028257914)
  );
#5625 = CARTESIAN_POINT('',(1.481160633879,-13.06174815338,
    0.676131260294));
#5626 = CARTESIAN_POINT('',(1.366786020851,-13.06314902677,
    0.682012271933));
#5627 = CARTESIAN_POINT('',(1.252959479596,-13.06327570132,
    0.687939817302));
#5628 = CARTESIAN_POINT('',(1.139910961355,-13.06210219486,
    0.693929841855));
#5629 = CARTESIAN_POINT('',(1.027893130118,-13.05961085611,0.7));
#5630 = PCURVE('',#5327,#5631);
#5631 = DEFINITIONAL_REPRESENTATION('',(#5632),#5789);
#5632 = B_SPLINE_CURVE_WITH_KNOTS('',8,(#5633,#5634,#5635,#5636,#5637,
    #5638,#5639,#5640,#5641,#5642,#5643,#5644,#5645,#5646,#5647,#5648,
    #5649,#5650,#5651,#5652,#5653,#5654,#5655,#5656,#5657,#5658,#5659,
    #5660,#5661,#5662,#5663,#5664,#5665,#5666,#5667,#5668,#5669,#5670,
    #5671,#5672,#5673,#5674,#5675,#5676,#5677,#5678,#5679,#5680,#5681,
    #5682,#5683,#5684,#5685,#5686,#5687,#5688,#5689,#5690,#5691,#5692,
    #5693,#5694,#5695,#5696,#5697,#5698,#5699,#5700,#5701,#5702,#5703,
    #5704,#5705,#5706,#5707,#5708,#5709,#5710,#5711,#5712,#5713,#5714,
    #5715,#5716,#5717,#5718,#5719,#5720,#5721,#5722,#5723,#5724,#5725,
    #5726,#5727,#5728,#5729,#5730,#5731,#5732,#5733,#5734,#5735,#5736,
    #5737,#5738,#5739,#5740,#5741,#5742,#5743,#5744,#5745,#5746,#5747,
    #5748,#5749,#5750,#5751,#5752,#5753,#5754,#5755,#5756,#5757,#5758,
    #5759,#5760,#5761,#5762,#5763,#5764,#5765,#5766,#5767,#5768,#5769,
    #5770,#5771,#5772,#5773,#5774,#5775,#5776,#5777,#5778,#5779,#5780,
    #5781,#5782,#5783,#5784,#5785,#5786,#5787,#5788),.UNSPECIFIED.,.F.,
  .F.,(9,7,7,7,7,7,7,7,7,7,7,7,7,7,7,7,7,7,7,7,7,7,9),(0.,
    8.299256068442E-02,0.127957228809,0.172973762541,0.216967751638,
    0.257962723756,0.342953820969,0.378946903326,0.426947588659,
    0.46194180131,0.510944498813,0.545940165904,0.593944940957,
    0.627942539683,0.675949038282,0.711946955605,0.757956812858,
    0.78796062646,0.838968389088,0.875955578081,0.906967369325,
    0.929998898142,1.),.UNSPECIFIED.);
#5633 = CARTESIAN_POINT('',(-5.73944189212,-5.384227422055E-02));
#5634 = CARTESIAN_POINT('',(-5.729799214691,-6.006755875531E-02));
#5635 = CARTESIAN_POINT('',(-5.720256155508,-6.639979634776E-02));
#5636 = CARTESIAN_POINT('',(-5.71078528595,-7.281373448188E-02));
#5637 = CARTESIAN_POINT('',(-5.701361027582,-7.928569788156E-02));
#5638 = CARTESIAN_POINT('',(-5.69196051677,-8.579445858245E-02));
#5639 = CARTESIAN_POINT('',(-5.68256420079,-9.232185901815E-02));
#5640 = CARTESIAN_POINT('',(-5.673156165447,-9.885318812066E-02));
#5641 = CARTESIAN_POINT('',(-5.658614031876,-0.108912024779));
#5642 = CARTESIAN_POINT('',(-5.653496878505,-0.112444588332));
#5643 = CARTESIAN_POINT('',(-5.648370378914,-0.115972794838));
#5644 = CARTESIAN_POINT('',(-5.643236521282,-0.119498476252));
#5645 = CARTESIAN_POINT('',(-5.638092725615,-0.123019216459));
#5646 = CARTESIAN_POINT('',(-5.632941064102,-0.126536930408));
#5647 = CARTESIAN_POINT('',(-5.627781176119,-0.130051276675));
#5648 = CARTESIAN_POINT('',(-5.617441231663,-0.137079378421));
#5649 = CARTESIAN_POINT('',(-5.612261122704,-0.140593093315));
#5650 = CARTESIAN_POINT('',(-5.607074704575,-0.144105239949));
#5651 = CARTESIAN_POINT('',(-5.601883132164,-0.147616904923));
#5652 = CARTESIAN_POINT('',(-5.596687857659,-0.151129461132));
#5653 = CARTESIAN_POINT('',(-5.591490620519,-0.154644560693));
#5654 = CARTESIAN_POINT('',(-5.586293437452,-0.158164127879));
#5655 = CARTESIAN_POINT('',(-5.576021747551,-0.165136478483));
#5656 = CARTESIAN_POINT('',(-5.570947009559,-0.168588838346));
#5657 = CARTESIAN_POINT('',(-5.565872720921,-0.172045895118));
#5658 = CARTESIAN_POINT('',(-5.560797522847,-0.175506383972));
#5659 = CARTESIAN_POINT('',(-5.555720355502,-0.178969314804));
#5660 = CARTESIAN_POINT('',(-5.55064045827,-0.182433975272));
#5661 = CARTESIAN_POINT('',(-5.545557370005,-0.185899933841));
#5662 = CARTESIAN_POINT('',(-5.535731225085,-0.192597803176));
#5663 = CARTESIAN_POINT('',(-5.530988611096,-0.195829560912));
#5664 = CARTESIAN_POINT('',(-5.526242955423,-0.199062193662));
#5665 = CARTESIAN_POINT('',(-5.521494352019,-0.202295790246));
#5666 = CARTESIAN_POINT('',(-5.516743116775,-0.20553064874));
#5667 = CARTESIAN_POINT('',(-5.511989783612,-0.208767274551));
#5668 = CARTESIAN_POINT('',(-5.507235100566,-0.21200637849));
#5669 = CARTESIAN_POINT('',(-5.492621767806,-0.221971243676));
#5670 = CARTESIAN_POINT('',(-5.482762094204,-0.228708422321));
#5671 = CARTESIAN_POINT('',(-5.472890906209,-0.235451080016));
#5672 = CARTESIAN_POINT('',(-5.463002347876,-0.242193734883));
#5673 = CARTESIAN_POINT('',(-5.453094824189,-0.248934856439));
#5674 = CARTESIAN_POINT('',(-5.443170927163,-0.255676872384));
#5675 = CARTESIAN_POINT('',(-5.433237270028,-0.26242607965));
#5676 = CARTESIAN_POINT('',(-5.419097662481,-0.272057970159));
#5677 = CARTESIAN_POINT('',(-5.414891224533,-0.274926570411));
#5678 = CARTESIAN_POINT('',(-5.410684097363,-0.277797499562));
#5679 = CARTESIAN_POINT('',(-5.40647560206,-0.280670126067));
#5680 = CARTESIAN_POINT('',(-5.402265199094,-0.283543947752));
#5681 = CARTESIAN_POINT('',(-5.39805248831,-0.286418591821));
#5682 = CARTESIAN_POINT('',(-5.393837208929,-0.289293814852));
#5683 = CARTESIAN_POINT('',(-5.383994119181,-0.296004545066));
#5684 = CARTESIAN_POINT('',(-5.378364216012,-0.299840414713));
#5685 = CARTESIAN_POINT('',(-5.372729238831,-0.30367684236));
#5686 = CARTESIAN_POINT('',(-5.36708933788,-0.307513970838));
#5687 = CARTESIAN_POINT('',(-5.3614450952,-0.311352350191));
#5688 = CARTESIAN_POINT('',(-5.355797514985,-0.315192932674));
#5689 = CARTESIAN_POINT('',(-5.350148013922,-0.319037067764));
#5690 = CARTESIAN_POINT('',(-5.340379649785,-0.325692868568));
#5691 = CARTESIAN_POINT('',(-5.336260905504,-0.328502119901));
#5692 = CARTESIAN_POINT('',(-5.332141424054,-0.331313549881));
#5693 = CARTESIAN_POINT('',(-5.328020577326,-0.33412657464));
#5694 = CARTESIAN_POINT('',(-5.323897863752,-0.336940727725));
#5695 = CARTESIAN_POINT('',(-5.319772908303,-0.339755660097));
#5696 = CARTESIAN_POINT('',(-5.315645462486,-0.342571140129));
#5697 = CARTESIAN_POINT('',(-5.305732048352,-0.34933020151));
#5698 = CARTESIAN_POINT('',(-5.299943572949,-0.353274201276));
#5699 = CARTESIAN_POINT('',(-5.294149642102,-0.357218742772));
#5700 = CARTESIAN_POINT('',(-5.288350409451,-0.361163972887));
#5701 = CARTESIAN_POINT('',(-5.282546507052,-0.365110489618));
#5702 = CARTESIAN_POINT('',(-5.276739034105,-0.369059336161));
#5703 = CARTESIAN_POINT('',(-5.270929545691,-0.373011994997));
#5704 = CARTESIAN_POINT('',(-5.260971137777,-0.379797295609));
#5705 = CARTESIAN_POINT('',(-5.256822208741,-0.382627113249));
#5706 = CARTESIAN_POINT('',(-5.252672488759,-0.385459123509));
#5707 = CARTESIAN_POINT('',(-5.248521342115,-0.388292735553));
#5708 = CARTESIAN_POINT('',(-5.244368263014,-0.391127479106));
#5709 = CARTESIAN_POINT('',(-5.240212875579,-0.393963004448));
#5710 = CARTESIAN_POINT('',(-5.236054933856,-0.396799082421));
#5711 = CARTESIAN_POINT('',(-5.226187065403,-0.403526560413));
#5712 = CARTESIAN_POINT('',(-5.220474785724,-0.407418352358));
#5713 = CARTESIAN_POINT('',(-5.214757179451,-0.411310700751));
#5714 = CARTESIAN_POINT('',(-5.20903440379,-0.415203755967));
#5715 = CARTESIAN_POINT('',(-5.203307066015,-0.419098092825));
#5716 = CARTESIAN_POINT('',(-5.197576213014,-0.42299470513));
#5717 = CARTESIAN_POINT('',(-5.191843320839,-0.426895000234));
#5718 = CARTESIAN_POINT('',(-5.182050074042,-0.433566926642));
#5719 = CARTESIAN_POINT('',(-5.177989782065,-0.436335807528));
#5720 = CARTESIAN_POINT('',(-5.173928704912,-0.439106782513));
#5721 = CARTESIAN_POINT('',(-5.169866257687,-0.44187930783));
#5722 = CARTESIAN_POINT('',(-5.165801974003,-0.44465294968));
#5723 = CARTESIAN_POINT('',(-5.16173550598,-0.447427384226));
#5724 = CARTESIAN_POINT('',(-5.157666624247,-0.450202397598));
#5725 = CARTESIAN_POINT('',(-5.147846165996,-0.456897029596));
#5726 = CARTESIAN_POINT('',(-5.14209208166,-0.460817120613));
#5727 = CARTESIAN_POINT('',(-5.136332648886,-0.464737867197));
#5728 = CARTESIAN_POINT('',(-5.130568023371,-0.468659417802));
#5729 = CARTESIAN_POINT('',(-5.124798821815,-0.472582355549));
#5730 = CARTESIAN_POINT('',(-5.119026111201,-0.476507692688));
#5731 = CARTESIAN_POINT('',(-5.113251398053,-0.480436865065));
#5732 = CARTESIAN_POINT('',(-5.103146369276,-0.487322302523));
#5733 = CARTESIAN_POINT('',(-5.098816188164,-0.490276174943));
#5734 = CARTESIAN_POINT('',(-5.094485178277,-0.493232512512));
#5735 = CARTESIAN_POINT('',(-5.090152594107,-0.496190623462));
#5736 = CARTESIAN_POINT('',(-5.085817840739,-0.499149955584));
#5737 = CARTESIAN_POINT('',(-5.08148047385,-0.502110096234));
#5738 = CARTESIAN_POINT('',(-5.077140199706,-0.505070772326));
#5739 = CARTESIAN_POINT('',(-5.067245561175,-0.511816479755));
#5740 = CARTESIAN_POINT('',(-5.061689267553,-0.515601768495));
#5741 = CARTESIAN_POINT('',(-5.056127696349,-0.519387442706));
#5742 = CARTESIAN_POINT('',(-5.050560954498,-0.523173606373));
#5743 = CARTESIAN_POINT('',(-5.044989544804,-0.526960736663));
#5744 = CARTESIAN_POINT('',(-5.03941435692,-0.530749679273));
#5745 = CARTESIAN_POINT('',(-5.033836658327,-0.534541643782));
#5746 = CARTESIAN_POINT('',(-5.0246202026,-0.540813997474));
#5747 = CARTESIAN_POINT('',(-5.020981982014,-0.543291779492));
#5748 = CARTESIAN_POINT('',(-5.017342996805,-0.545771147707));
#5749 = CARTESIAN_POINT('',(-5.013702895377,-0.548251774691));
#5750 = CARTESIAN_POINT('',(-5.010061401299,-0.550733402926));
#5751 = CARTESIAN_POINT('',(-5.006418313303,-0.553215844804));
#5752 = CARTESIAN_POINT('',(-5.002773505284,-0.555698982628));
#5753 = CARTESIAN_POINT('',(-4.992927586518,-0.562405310699));
#5754 = CARTESIAN_POINT('',(-4.986723130991,-0.566629726495));
#5755 = CARTESIAN_POINT('',(-4.980513304865,-0.570855783232));
#5756 = CARTESIAN_POINT('',(-4.974298483186,-0.575083836054));
#5757 = CARTESIAN_POINT('',(-4.968079655328,-0.57931481995));
#5758 = CARTESIAN_POINT('',(-4.961858409424,-0.583550241687));
#5759 = CARTESIAN_POINT('',(-4.955636916797,-0.587792171752));
#5760 = CARTESIAN_POINT('',(-4.944908341152,-0.595125804879));
#5761 = CARTESIAN_POINT('',(-4.940400235831,-0.598213321167));
#5762 = CARTESIAN_POINT('',(-4.935892080037,-0.601304380657));
#5763 = CARTESIAN_POINT('',(-4.931382519224,-0.604397726552));
#5764 = CARTESIAN_POINT('',(-4.92687037149,-0.607492257785));
#5765 = CARTESIAN_POINT('',(-4.922354634381,-0.610587037055));
#5766 = CARTESIAN_POINT('',(-4.917834491695,-0.613681298867));
#5767 = CARTESIAN_POINT('',(-4.909515204664,-0.619367906655));
#5768 = CARTESIAN_POINT('',(-4.905717551605,-0.621960577471));
#5769 = CARTESIAN_POINT('',(-4.901915991524,-0.624552120067));
#5770 = CARTESIAN_POINT('',(-4.898110244258,-0.627142267918));
#5771 = CARTESIAN_POINT('',(-4.894300119054,-0.629730837919));
#5772 = CARTESIAN_POINT('',(-4.890485514573,-0.632317730383));
#5773 = CARTESIAN_POINT('',(-4.886666418888,-0.634902929042));
#5774 = CARTESIAN_POINT('',(-4.880003303532,-0.639405242619));
#5775 = CARTESIAN_POINT('',(-4.877161230223,-0.641323055811));
#5776 = CARTESIAN_POINT('',(-4.874316850652,-0.643240091972));
#5777 = CARTESIAN_POINT('',(-4.871470075818,-0.645156263896));
#5778 = CARTESIAN_POINT('',(-4.868620919552,-0.647071582097));
#5779 = CARTESIAN_POINT('',(-4.865769636314,-0.648986286448));
#5780 = CARTESIAN_POINT('',(-4.862916643841,-0.650900773199));
#5781 = CARTESIAN_POINT('',(-4.851386642084,-0.658634305797));
#5782 = CARTESIAN_POINT('',(-4.842697993911,-0.664453800705));
#5783 = CARTESIAN_POINT('',(-4.834005393901,-0.670282579155));
#5784 = CARTESIAN_POINT('',(-4.825319898164,-0.676131260266));
#5785 = CARTESIAN_POINT('',(-4.816654449937,-0.682012271887));
#5786 = CARTESIAN_POINT('',(-4.808023818368,-0.687939817302));
#5787 = CARTESIAN_POINT('',(-4.799444537305,-0.693929841925));
#5788 = CARTESIAN_POINT('',(-4.790934844076,-0.7));
#5789 = ( GEOMETRIC_REPRESENTATION_CONTEXT(2)
PARAMETRIC_REPRESENTATION_CONTEXT() REPRESENTATION_CONTEXT('2D SPACE',''
  ) );
#5790 = PCURVE('',#3859,#5791);
#5791 = DEFINITIONAL_REPRESENTATION('',(#5792),#5949);
#5792 = B_SPLINE_CURVE_WITH_KNOTS('',8,(#5793,#5794,#5795,#5796,#5797,
    #5798,#5799,#5800,#5801,#5802,#5803,#5804,#5805,#5806,#5807,#5808,
    #5809,#5810,#5811,#5812,#5813,#5814,#5815,#5816,#5817,#5818,#5819,
    #5820,#5821,#5822,#5823,#5824,#5825,#5826,#5827,#5828,#5829,#5830,
    #5831,#5832,#5833,#5834,#5835,#5836,#5837,#5838,#5839,#5840,#5841,
    #5842,#5843,#5844,#5845,#5846,#5847,#5848,#5849,#5850,#5851,#5852,
    #5853,#5854,#5855,#5856,#5857,#5858,#5859,#5860,#5861,#5862,#5863,
    #5864,#5865,#5866,#5867,#5868,#5869,#5870,#5871,#5872,#5873,#5874,
    #5875,#5876,#5877,#5878,#5879,#5880,#5881,#5882,#5883,#5884,#5885,
    #5886,#5887,#5888,#5889,#5890,#5891,#5892,#5893,#5894,#5895,#5896,
    #5897,#5898,#5899,#5900,#5901,#5902,#5903,#5904,#5905,#5906,#5907,
    #5908,#5909,#5910,#5911,#5912,#5913,#5914,#5915,#5916,#5917,#5918,
    #5919,#5920,#5921,#5922,#5923,#5924,#5925,#5926,#5927,#5928,#5929,
    #5930,#5931,#5932,#5933,#5934,#5935,#5936,#5937,#5938,#5939,#5940,
    #5941,#5942,#5943,#5944,#5945,#5946,#5947,#5948),.UNSPECIFIED.,.F.,
  .F.,(9,7,7,7,7,7,7,7,7,7,7,7,7,7,7,7,7,7,7,7,7,7,9),(0.,
    8.299256068442E-02,0.127957228809,0.172973762541,0.216967751638,
    0.257962723756,0.342953820969,0.378946903326,0.426947588659,
    0.46194180131,0.510944498813,0.545940165904,0.593944940957,
    0.627942539683,0.675949038282,0.711946955605,0.757956812858,
    0.78796062646,0.838968389088,0.875955578081,0.906967369325,
    0.929998898142,1.),.UNSPECIFIED.);
#5793 = CARTESIAN_POINT('',(26.896509715561,4.053842274221));
#5794 = CARTESIAN_POINT('',(26.618876478684,4.060067558755));
#5795 = CARTESIAN_POINT('',(26.340499774759,4.066399796348));
#5796 = CARTESIAN_POINT('',(26.06157227744,4.072813734482));
#5797 = CARTESIAN_POINT('',(25.782272451202,4.079285697882));
#5798 = CARTESIAN_POINT('',(25.502757813424,4.085794458582));
#5799 = CARTESIAN_POINT('',(25.223160167624,4.092321859018));
#5800 = CARTESIAN_POINT('',(24.943582807815,4.098853188121));
#5801 = CARTESIAN_POINT('',(24.512678104466,4.108912024779));
#5802 = CARTESIAN_POINT('',(24.361285467767,4.112444588332));
#5803 = CARTESIAN_POINT('',(24.209937395969,4.115972794838));
#5804 = CARTESIAN_POINT('',(24.058620732598,4.119498476252));
#5805 = CARTESIAN_POINT('',(23.907352602158,4.123019216459));
#5806 = CARTESIAN_POINT('',(23.75611928009,4.126536930408));
#5807 = CARTESIAN_POINT('',(23.604923146577,4.130051276675));
#5808 = CARTESIAN_POINT('',(23.302415931121,4.137079378421));
#5809 = CARTESIAN_POINT('',(23.151105194238,4.140593093315));
#5810 = CARTESIAN_POINT('',(22.999818809343,4.144105239949));
#5811 = CARTESIAN_POINT('',(22.848549040783,4.147616904923));
#5812 = CARTESIAN_POINT('',(22.697286183029,4.151129461132));
#5813 = CARTESIAN_POINT('',(22.546018624264,4.154644560693));
#5814 = CARTESIAN_POINT('',(22.394732909984,4.158164127879));
#5815 = CARTESIAN_POINT('',(22.095531896695,4.165136478483));
#5816 = CARTESIAN_POINT('',(21.947619053839,4.168588838346));
#5817 = CARTESIAN_POINT('',(21.799686229369,4.172045895118));
#5818 = CARTESIAN_POINT('',(21.651742414564,4.175506383972));
#5819 = CARTESIAN_POINT('',(21.503794621812,4.178969314804));
#5820 = CARTESIAN_POINT('',(21.35584786579,4.182433975272));
#5821 = CARTESIAN_POINT('',(21.207905144638,4.185899933841));
#5822 = CARTESIAN_POINT('',(20.92211443316,4.192597803176));
#5823 = CARTESIAN_POINT('',(20.784265835209,4.195829560912));
#5824 = CARTESIAN_POINT('',(20.646422451778,4.199062193662));
#5825 = CARTESIAN_POINT('',(20.508583633739,4.202295790246));
#5826 = CARTESIAN_POINT('',(20.370747277862,4.20553064874));
#5827 = CARTESIAN_POINT('',(20.232909846341,4.208767274551));
#5828 = CARTESIAN_POINT('',(20.095066386313,4.21200637849));
#5829 = CARTESIAN_POINT('',(19.67140674875,4.221971243676));
#5830 = CARTESIAN_POINT('',(19.385548492582,4.228708422321));
#5831 = CARTESIAN_POINT('',(19.099701152642,4.235451080016));
#5832 = CARTESIAN_POINT('',(18.81390311802,4.242193734883));
#5833 = CARTESIAN_POINT('',(18.528165021463,4.248934856439));
#5834 = CARTESIAN_POINT('',(18.242469793488,4.255676872384));
#5835 = CARTESIAN_POINT('',(17.956773544279,4.26242607965));
#5836 = CARTESIAN_POINT('',(17.549987434093,4.272057970159));
#5837 = CARTESIAN_POINT('',(17.428955095363,4.274926570411));
#5838 = CARTESIAN_POINT('',(17.307915584653,4.277797499562));
#5839 = CARTESIAN_POINT('',(17.186873315689,4.280670126067));
#5840 = CARTESIAN_POINT('',(17.065831788432,4.283543947752));
#5841 = CARTESIAN_POINT('',(16.944793589084,4.286418591821));
#5842 = CARTESIAN_POINT('',(16.823760390088,4.289293814852));
#5843 = CARTESIAN_POINT('',(16.541329711447,4.296004545066));
#5844 = CARTESIAN_POINT('',(16.379936753971,4.299840414713));
#5845 = CARTESIAN_POINT('',(16.218555889762,4.30367684236));
#5846 = CARTESIAN_POINT('',(16.057186093514,4.307513970838));
#5847 = CARTESIAN_POINT('',(15.895823551453,4.311352350191));
#5848 = CARTESIAN_POINT('',(15.734461710249,4.315192932674));
#5849 = CARTESIAN_POINT('',(15.573091325913,4.319037067764));
#5850 = CARTESIAN_POINT('',(15.294040850185,4.325692868568));
#5851 = CARTESIAN_POINT('',(15.176369906731,4.328502119901));
#5852 = CARTESIAN_POINT('',(15.058692556726,4.331313549881));
#5853 = CARTESIAN_POINT('',(14.941012851503,4.33412657464));
#5854 = CARTESIAN_POINT('',(14.823334019353,4.336940727725));
#5855 = CARTESIAN_POINT('',(14.705658465518,4.339755660097));
#5856 = CARTESIAN_POINT('',(14.587987772194,4.342571140129));
#5857 = CARTESIAN_POINT('',(14.305555282026,4.34933020151));
#5858 = CARTESIAN_POINT('',(14.140798914765,4.353274201276));
#5859 = CARTESIAN_POINT('',(13.97605567528,4.357218742772));
#5860 = CARTESIAN_POINT('',(13.811324519528,4.361163972887));
#5861 = CARTESIAN_POINT('',(13.646601337855,4.365110489618));
#5862 = CARTESIAN_POINT('',(13.481879011955,4.369059336161));
#5863 = CARTESIAN_POINT('',(13.317147471827,4.373011994997));
#5864 = CARTESIAN_POINT('',(13.034733570767,4.379797295609));
#5865 = CARTESIAN_POINT('',(12.917062229907,4.382627113249));
#5866 = CARTESIAN_POINT('',(12.799384637091,4.385459123509));
#5867 = CARTESIAN_POINT('',(12.681704860719,4.388292735553));
#5868 = CARTESIAN_POINT('',(12.564026130657,4.391127479106));
#5869 = CARTESIAN_POINT('',(12.446350838239,4.393963004448));
#5870 = CARTESIAN_POINT('',(12.328680536266,4.396799082421));
#5871 = CARTESIAN_POINT('',(12.049611314005,4.403526560413));
#5872 = CARTESIAN_POINT('',(11.888217462177,4.407418352358));
#5873 = CARTESIAN_POINT('',(11.726836240049,4.411310700751));
#5874 = CARTESIAN_POINT('',(11.565466590146,4.415203755967));
#5875 = CARTESIAN_POINT('',(11.404104593306,4.419098092825));
#5876 = CARTESIAN_POINT('',(11.242743521003,4.42299470513));
#5877 = CARTESIAN_POINT('',(11.081373887666,4.426895000234));
#5878 = CARTESIAN_POINT('',(10.805684758145,4.433566926642));
#5879 = CARTESIAN_POINT('',(10.69137570244,4.436335807528));
#5880 = CARTESIAN_POINT('',(10.577060808962,4.439106782513));
#5881 = CARTESIAN_POINT('',(10.462743791737,4.44187930783));
#5882 = CARTESIAN_POINT('',(10.348427605741,4.44465294968));
#5883 = CARTESIAN_POINT('',(10.234114446905,4.447427384226));
#5884 = CARTESIAN_POINT('',(10.119805752112,4.450202397598));
#5885 = CARTESIAN_POINT('',(9.844099230789,4.456897029596));
#5886 = CARTESIAN_POINT('',(9.682706553627,4.460817120613));
#5887 = CARTESIAN_POINT('',(9.521326086455,4.464737867197));
#5888 = CARTESIAN_POINT('',(9.359956787097,4.468659417802));
#5889 = CARTESIAN_POINT('',(9.198594705545,4.472582355549));
#5890 = CARTESIAN_POINT('',(9.037233037048,4.476507692688));
#5891 = CARTESIAN_POINT('',(8.875862175198,4.480436865065));
#5892 = CARTESIAN_POINT('',(8.593448844782,4.487322302523));
#5893 = CARTESIAN_POINT('',(8.472415189207,4.490276174943));
#5894 = CARTESIAN_POINT('',(8.351374452224,4.493232512512));
#5895 = CARTESIAN_POINT('',(8.230331330759,4.496190623462));
#5896 = CARTESIAN_POINT('',(8.109289564741,4.499149955584));
#5897 = CARTESIAN_POINT('',(7.988251937102,4.502110096234));
#5898 = CARTESIAN_POINT('',(7.867220273776,4.505070772326));
#5899 = CARTESIAN_POINT('',(7.591510518291,4.511816479755));
#5900 = CARTESIAN_POINT('',(7.436836776767,4.515601768495));
#5901 = CARTESIAN_POINT('',(7.282176023089,4.519387442706));
#5902 = CARTESIAN_POINT('',(7.127527537661,4.523173606373));
#5903 = CARTESIAN_POINT('',(6.972888121283,4.526960736663));
#5904 = CARTESIAN_POINT('',(6.818252139111,4.530749679273));
#5905 = CARTESIAN_POINT('',(6.663611564615,4.534541643782));
#5906 = CARTESIAN_POINT('',(6.408102504224,4.540813997474));
#5907 = CARTESIAN_POINT('',(6.307242430842,4.543291779492));
#5908 = CARTESIAN_POINT('',(6.206378474456,4.545771147707));
#5909 = CARTESIAN_POINT('',(6.105512832175,4.548251774691));
#5910 = CARTESIAN_POINT('',(6.004647227156,4.550733402926));
#5911 = CARTESIAN_POINT('',(5.903782908596,4.553215844804));
#5912 = CARTESIAN_POINT('',(5.802920651738,4.555698982628));
#5913 = CARTESIAN_POINT('',(5.530594637145,4.562405310699));
#5914 = CARTESIAN_POINT('',(5.359135394737,4.566629726495));
#5915 = CARTESIAN_POINT('',(5.187684487936,4.570855783232));
#5916 = CARTESIAN_POINT('',(5.016239495023,4.575083836054));
#5917 = CARTESIAN_POINT('',(4.844794192987,4.57931481995));
#5918 = CARTESIAN_POINT('',(4.673338635245,4.583550241687));
#5919 = CARTESIAN_POINT('',(4.501859229356,4.587792171752));
#5920 = CARTESIAN_POINT('',(4.205964451604,4.595125804879));
#5921 = CARTESIAN_POINT('',(4.08156763664,4.598213321167));
#5922 = CARTESIAN_POINT('',(3.95715777703,4.601304380657));
#5923 = CARTESIAN_POINT('',(3.832743264497,4.604397726552));
#5924 = CARTESIAN_POINT('',(3.708331421837,4.607492257785));
#5925 = CARTESIAN_POINT('',(3.58392844945,4.610587037055));
#5926 = CARTESIAN_POINT('',(3.459539371869,4.613681298867));
#5927 = CARTESIAN_POINT('',(3.230889189039,4.619367906655));
#5928 = CARTESIAN_POINT('',(3.126622867698,4.621960577471));
#5929 = CARTESIAN_POINT('',(3.022371305839,4.624552120067));
#5930 = CARTESIAN_POINT('',(2.918136235844,4.627142267918));
#5931 = CARTESIAN_POINT('',(2.813918836915,4.629730837919));
#5932 = CARTESIAN_POINT('',(2.709719735071,4.632317730383));
#5933 = CARTESIAN_POINT('',(2.605539003144,4.634902929042));
#5934 = CARTESIAN_POINT('',(2.424017536559,4.639405242619));
#5935 = CARTESIAN_POINT('',(2.346668985597,4.641323055811));
#5936 = CARTESIAN_POINT('',(2.269329503771,4.643240091972));
#5937 = CARTESIAN_POINT('',(2.191999643527,4.645156263896));
#5938 = CARTESIAN_POINT('',(2.11467931821,4.647071582097));
#5939 = CARTESIAN_POINT('',(2.037366943375,4.648986286448));
#5940 = CARTESIAN_POINT('',(1.960059915046,4.650900773199));
#5941 = CARTESIAN_POINT('',(1.647803308031,4.658634305797));
#5942 = CARTESIAN_POINT('',(1.412884216456,4.664453800674));
#5943 = CARTESIAN_POINT('',(1.177939958351,4.67028257914));
#5944 = CARTESIAN_POINT('',(0.942900996195,4.676131260294));
#5945 = CARTESIAN_POINT('',(0.707687938356,4.682012271933));
#5946 = CARTESIAN_POINT('',(0.47221203061,4.687939817302));
#5947 = CARTESIAN_POINT('',(0.236375647666,4.693929841855));
#5948 = CARTESIAN_POINT('',(7.278468912278E-05,4.7));
#5949 = ( GEOMETRIC_REPRESENTATION_CONTEXT(2)
PARAMETRIC_REPRESENTATION_CONTEXT() REPRESENTATION_CONTEXT('2D SPACE',''
  ) );
#5950 = ORIENTED_EDGE('',*,*,#5227,.F.);
#5951 = ORIENTED_EDGE('',*,*,#5952,.T.);
#5952 = EDGE_CURVE('',#5088,#5953,#5955,.T.);
#5953 = VERTEX_POINT('',#5954);
#5954 = CARTESIAN_POINT('',(10.817562589949,9.352568934583,
    5.384227422057E-02));
#5955 = SURFACE_CURVE('',#5956,(#6141,#6329),.PCURVE_S1.);
#5956 = B_SPLINE_CURVE_WITH_KNOTS('',8,(#5957,#5958,#5959,#5960,#5961,
    #5962,#5963,#5964,#5965,#5966,#5967,#5968,#5969,#5970,#5971,#5972,
    #5973,#5974,#5975,#5976,#5977,#5978,#5979,#5980,#5981,#5982,#5983,
    #5984,#5985,#5986,#5987,#5988,#5989,#5990,#5991,#5992,#5993,#5994,
    #5995,#5996,#5997,#5998,#5999,#6000,#6001,#6002,#6003,#6004,#6005,
    #6006,#6007,#6008,#6009,#6010,#6011,#6012,#6013,#6014,#6015,#6016,
    #6017,#6018,#6019,#6020,#6021,#6022,#6023,#6024,#6025,#6026,#6027,
    #6028,#6029,#6030,#6031,#6032,#6033,#6034,#6035,#6036,#6037,#6038,
    #6039,#6040,#6041,#6042,#6043,#6044,#6045,#6046,#6047,#6048,#6049,
    #6050,#6051,#6052,#6053,#6054,#6055,#6056,#6057,#6058,#6059,#6060,
    #6061,#6062,#6063,#6064,#6065,#6066,#6067,#6068,#6069,#6070,#6071,
    #6072,#6073,#6074,#6075,#6076,#6077,#6078,#6079,#6080,#6081,#6082,
    #6083,#6084,#6085,#6086,#6087,#6088,#6089,#6090,#6091,#6092,#6093,
    #6094,#6095,#6096,#6097,#6098,#6099,#6100,#6101,#6102,#6103,#6104,
    #6105,#6106,#6107,#6108,#6109,#6110,#6111,#6112,#6113,#6114,#6115,
    #6116,#6117,#6118,#6119,#6120,#6121,#6122,#6123,#6124,#6125,#6126,
    #6127,#6128,#6129,#6130,#6131,#6132,#6133,#6134,#6135,#6136,#6137,
    #6138,#6139,#6140),.UNSPECIFIED.,.F.,.F.,(9,7,7,7,7,7,7,7,7,7,7,7,7,
    7,7,7,7,7,7,7,7,7,7,7,7,7,9),(0.,7.701575769496E-02,0.113990601152,
    0.141006733394,0.162022632851,0.225028894296,0.256028794241,
    0.302031256688,0.325036619108,0.349034721953,0.384036910155,
    0.410040793928,0.450037151926,0.491043232793,0.554041092278,
    0.570043508508,0.594040475601,0.618037924212,0.654041653166,
    0.681036075981,0.721033762062,0.741036595969,0.762035002974,
    0.800033309889,0.82802786081,0.914016685242,1.),.UNSPECIFIED.);
#5957 = CARTESIAN_POINT('',(-11.16962080495,-6.84467465067,0.7));
#5958 = CARTESIAN_POINT('',(-11.38576354894,-6.515464641203,
    0.693386496498));
#5959 = CARTESIAN_POINT('',(-11.59026196066,-6.179163649613,
    0.686835338474));
#5960 = CARTESIAN_POINT('',(-11.78295546565,-5.836187450755,
    0.680333082517));
#5961 = CARTESIAN_POINT('',(-11.96368791078,-5.486950534965,
    0.673866908011));
#5962 = CARTESIAN_POINT('',(-12.13230569045,-5.131870862239,
    0.667425105737));
#5963 = CARTESIAN_POINT('',(-12.28865757977,-4.771373957241,
    0.66099744479));
#5964 = CARTESIAN_POINT('',(-12.43259627491,-4.40589634514,
    0.654575417851));
#5965 = CARTESIAN_POINT('',(-12.627059035,-3.8582495059,0.645068692175)
  );
#5966 = CARTESIAN_POINT('',(-12.6872429716,-3.679566734467,
    0.641984757881));
#5967 = CARTESIAN_POINT('',(-12.74451760293,-3.499890456866,
    0.638899864776));
#5968 = CARTESIAN_POINT('',(-12.79886451468,-3.319277534592,
    0.635814160437));
#5969 = CARTESIAN_POINT('',(-12.8502678249,-3.137782905562,
    0.632727488738));
#5970 = CARTESIAN_POINT('',(-12.89871296551,-2.955461842011,
    0.629639697072));
#5971 = CARTESIAN_POINT('',(-12.9441847538,-2.772373412137,
    0.626551107873));
#5972 = CARTESIAN_POINT('',(-13.01771300232,-2.454281685835,
    0.621204667684));
#5973 = CARTESIAN_POINT('',(-13.04716140762,-2.319609034414,
    0.618947130992));
#5974 = CARTESIAN_POINT('',(-13.07501036729,-2.184580731174,
    0.616689344146));
#5975 = CARTESIAN_POINT('',(-13.10125504231,-2.049220017513,
    0.614431428273));
#5976 = CARTESIAN_POINT('',(-13.12589096457,-1.913550439947,
    0.612173534475));
#5977 = CARTESIAN_POINT('',(-13.14891403685,-1.777595850109,
    0.609915843829));
#5978 = CARTESIAN_POINT('',(-13.17032053281,-1.64138040475,
    0.607658567386));
#5979 = CARTESIAN_POINT('',(-13.20549910211,-1.39878242669,
    0.603646516337));
#5980 = CARTESIAN_POINT('',(-13.21991087273,-1.292493155346,
    0.601891473745));
#5981 = CARTESIAN_POINT('',(-13.23334077378,-1.18607255676,
    0.600136966926));
#5982 = CARTESIAN_POINT('',(-13.24578749254,-1.079531931606,
    0.598383081134));
#5983 = CARTESIAN_POINT('',(-13.25724981714,-0.972882907335,
    0.596629939939));
#5984 = CARTESIAN_POINT('',(-13.26772659274,-0.866137622553,
    0.594877727772));
#5985 = CARTESIAN_POINT('',(-13.27721685552,-0.759308264618,
    0.593126633415));
#5986 = CARTESIAN_POINT('',(-13.31121324567,-0.331909826528,
    0.586130407805));
#5987 = CARTESIAN_POINT('',(-13.32783619867,-1.07542742737E-02,
    0.580894233063));
#5988 = CARTESIAN_POINT('',(-13.33558626313,0.310798366994,
    0.575665128466));
#5989 = CARTESIAN_POINT('',(-13.33446605984,0.632480213196,
    0.570440840944));
#5990 = CARTESIAN_POINT('',(-13.3244851218,0.954017770836,0.565219945463
    ));
#5991 = CARTESIAN_POINT('',(-13.30566144516,1.275131882327,
    0.560001864385));
#5992 = CARTESIAN_POINT('',(-13.27802304026,1.595537671314,
    0.554786886836));
#5993 = CARTESIAN_POINT('',(-13.22369353874,2.072096795279,
    0.547012456513));
#5994 = CARTESIAN_POINT('',(-13.20365334997,2.229008115487,
    0.544449665503));
#5995 = CARTESIAN_POINT('',(-13.18149354137,2.385637967949,
    0.541888633425));
#5996 = CARTESIAN_POINT('',(-13.15721993419,2.541970230203,
    0.539327363456));
#5997 = CARTESIAN_POINT('',(-13.13083768981,2.697935899799,
    0.536770028485));
#5998 = CARTESIAN_POINT('',(-13.10235514285,2.853531261509,
    0.534213254566));
#5999 = CARTESIAN_POINT('',(-13.07177896239,3.008716067847,
    0.531657883409));
#6000 = CARTESIAN_POINT('',(-12.99064862452,3.393095981055,
    0.525312951569));
#6001 = CARTESIAN_POINT('',(-12.93758725537,3.62176239943,0.521524627074
    ));
#6002 = CARTESIAN_POINT('',(-12.87995877832,3.84935938997,0.517737895609
    ));
#6003 = CARTESIAN_POINT('',(-12.81779123465,4.075784774475,0.513952342)
  );
#6004 = CARTESIAN_POINT('',(-12.7511153376,4.300935334052,0.510167785773
    ));
#6005 = CARTESIAN_POINT('',(-12.67996478221,4.524706906053,
    0.506384283181));
#6006 = CARTESIAN_POINT('',(-12.60437655519,4.746994481034,
    0.502602129231));
#6007 = CARTESIAN_POINT('',(-12.48439140652,5.078061028525,
    0.496931385462));
#6008 = CARTESIAN_POINT('',(-12.44329191414,5.188032125567,
    0.495041389289));
#6009 = CARTESIAN_POINT('',(-12.4010978082,5.297592517496,0.493151920405
    ));
#6010 = CARTESIAN_POINT('',(-12.35781439511,5.406728910772,
    0.491263064795));
#6011 = CARTESIAN_POINT('',(-12.31344722948,5.515427909101,
    0.489374931913));
#6012 = CARTESIAN_POINT('',(-12.26800209657,5.623676130906,
    0.487487641378));
#6013 = CARTESIAN_POINT('',(-12.22148499473,5.731460326786,
    0.485601309664));
#6014 = CARTESIAN_POINT('',(-12.12426591769,5.950705246956,
    0.481749409578));
#6015 = CARTESIAN_POINT('',(-12.07346985672,6.06212446103,0.479783869635
    ));
#6016 = CARTESIAN_POINT('',(-12.02152041293,6.173012513136,0.47781927332
    ));
#6017 = CARTESIAN_POINT('',(-11.96842424488,6.283356738568,
    0.475855493662));
#6018 = CARTESIAN_POINT('',(-11.91418819163,6.393144433979,
    0.473892420375));
#6019 = CARTESIAN_POINT('',(-11.85881927281,6.50236285739,0.471929959859
    ));
#6020 = CARTESIAN_POINT('',(-11.80232468855,6.610999228181,
    0.469968035198));
#6021 = CARTESIAN_POINT('',(-11.66068115693,6.876623553674,
    0.465145734666));
#6022 = CARTESIAN_POINT('',(-11.57427160348,7.032940962125,
    0.462285895476));
#6023 = CARTESIAN_POINT('',(-11.48550600825,7.187953082191,
    0.459426882508));
#6024 = CARTESIAN_POINT('',(-11.394408271,7.341620002958,0.456568587837)
  );
#6025 = CARTESIAN_POINT('',(-11.30100334209,7.493901772853,0.4537109817)
  );
#6026 = CARTESIAN_POINT('',(-11.20531722257,7.64475839965,0.450854112488
    ));
#6027 = CARTESIAN_POINT('',(-11.10737696412,7.794149850463,
    0.447998106753));
#6028 = CARTESIAN_POINT('',(-10.93279495887,8.051903913952,
    0.443022174262));
#6029 = CARTESIAN_POINT('',(-10.8571507181,8.160940906649,0.440901783438
    ));
#6030 = CARTESIAN_POINT('',(-10.78028917852,8.26913126066,0.438781996883
    ));
#6031 = CARTESIAN_POINT('',(-10.70222311386,8.376457094813,
    0.436663123034));
#6032 = CARTESIAN_POINT('',(-10.62296394694,8.482903687272,
    0.434545080911));
#6033 = CARTESIAN_POINT('',(-10.54252422185,8.588455002193,0.43242799397
    ));
#6034 = CARTESIAN_POINT('',(-10.4609188272,8.693091527432,0.430312479637
    ));
#6035 = CARTESIAN_POINT('',(-10.25086516399,8.956319433591,
    0.424945834385));
#6036 = CARTESIAN_POINT('',(-10.12083976343,9.113645944868,
    0.421696272111));
#6037 = CARTESIAN_POINT('',(-9.988125431975,9.268733420267,0.41844874787
    ));
#6038 = CARTESIAN_POINT('',(-9.852766738234,9.421533222757,
    0.415202782125));
#6039 = CARTESIAN_POINT('',(-9.714809661361,9.571996764461,
    0.411958021578));
#6040 = CARTESIAN_POINT('',(-9.57430170956,9.720075600286,0.408714241025
    ));
#6041 = CARTESIAN_POINT('',(-9.431292038632,9.865721521541,
    0.405471345218));
#6042 = CARTESIAN_POINT('',(-9.136698899024,10.155666034277,
    0.398905551377));
#6043 = CARTESIAN_POINT('',(-8.984989915955,10.299838015972,
    0.395582672562));
#6044 = CARTESIAN_POINT('',(-8.830760658919,10.441349720971,
    0.392260961746));
#6045 = CARTESIAN_POINT('',(-8.674064364686,10.580153923968,
    0.388939993435));
#6046 = CARTESIAN_POINT('',(-8.51496686765,10.716192232257,
    0.385621291187));
#6047 = CARTESIAN_POINT('',(-8.353519903015,10.849424939618,
    0.382303759043));
#6048 = CARTESIAN_POINT('',(-8.189794861824,10.979793856411,
    0.378989427071));
#6049 = CARTESIAN_POINT('',(-7.768913171566,11.303078541926,
    0.370591096456));
#6050 = CARTESIAN_POINT('',(-7.508737765581,11.492043476331,
    0.36551099418));
#6051 = CARTESIAN_POINT('',(-7.243532062907,11.674010940163,
    0.360435410341));
#6052 = CARTESIAN_POINT('',(-6.973509869178,11.848841775214,
    0.355362632959));
#6053 = CARTESIAN_POINT('',(-6.698893323947,12.016399441064,
    0.350291714452));
#6054 = CARTESIAN_POINT('',(-6.419913682181,12.176551228253,
    0.345222484033));
#6055 = CARTESIAN_POINT('',(-6.136812095747,12.329169471453,
    0.340155560115));
#6056 = CARTESIAN_POINT('',(-5.776945210195,12.510955647464,
    0.333806233426));
#6057 = CARTESIAN_POINT('',(-5.703800312835,12.54728460882,
    0.332520344509));
#6058 = CARTESIAN_POINT('',(-5.630409826616,12.583117656666,
    0.331234719107));
#6059 = CARTESIAN_POINT('',(-5.556777918218,12.618452831852,
    0.329949383634));
#6060 = CARTESIAN_POINT('',(-5.482908797205,12.653288206121,
    0.328664367776));
#6061 = CARTESIAN_POINT('',(-5.408806716025,12.687621882113,
    0.327379704492));
#6062 = CARTESIAN_POINT('',(-5.33447597001,12.721451993366,
    0.326095430013));
#6063 = CARTESIAN_POINT('',(-5.148119304484,12.804749907133,
    0.322886348687));
#6064 = CARTESIAN_POINT('',(-5.035813245341,12.85358659666,
    0.320962074253));
#6065 = CARTESIAN_POINT('',(-4.923018254885,12.901280015643,
    0.319039017982));
#6066 = CARTESIAN_POINT('',(-4.809744857782,12.947827070556,
    0.317116734618));
#6067 = CARTESIAN_POINT('',(-4.696006329944,12.993222908297,
    0.315195158119));
#6068 = CARTESIAN_POINT('',(-4.581816856338,13.037462225777,
    0.313274343339));
#6069 = CARTESIAN_POINT('',(-4.467188456865,13.080541438573,
    0.311354036642));
#6070 = CARTESIAN_POINT('',(-4.237079338842,13.164371072205,
    0.307514414137));
#6071 = CARTESIAN_POINT('',(-4.121598504849,13.205121528023,
    0.305595084529));
#6072 = CARTESIAN_POINT('',(-4.005705924807,13.244702849987,
    0.303676186045));
#6073 = CARTESIAN_POINT('',(-3.889415139893,13.283110806986,
    0.301757665013));
#6074 = CARTESIAN_POINT('',(-3.772739857845,13.32034128912,
    0.299839483869));
#6075 = CARTESIAN_POINT('',(-3.655693952958,13.356390307713,
    0.29792162116));
#6076 = CARTESIAN_POINT('',(-3.538291466092,13.391253995302,
    0.296004071538));
#6077 = CARTESIAN_POINT('',(-3.243892238391,13.47545112423,
    0.291210403436));
#6078 = CARTESIAN_POINT('',(-3.066467182601,13.523297220731,
    0.288334689803));
#6079 = CARTESIAN_POINT('',(-2.888319462481,13.568454128184,
    0.285459742025));
#6080 = CARTESIAN_POINT('',(-2.709497967088,13.610909996364,
    0.28258567945));
#6081 = CARTESIAN_POINT('',(-2.530052449347,13.650653891791,
    0.279712703613));
#6082 = CARTESIAN_POINT('',(-2.350033526052,13.687675797727,
    0.276841098235));
#6083 = CARTESIAN_POINT('',(-2.169492677865,13.721966614175,
    0.273971229228));
#6084 = CARTESIAN_POINT('',(-1.852766528082,13.777174477272,
    0.268953448262));
#6085 = CARTESIAN_POINT('',(-1.716786853167,13.799290948114,
    0.266804580645));
#6086 = CARTESIAN_POINT('',(-1.5805665898,13.819863780182,0.264657288652
    ));
#6087 = CARTESIAN_POINT('',(-1.444121003054,13.838892456979,
    0.262510938827));
#6088 = CARTESIAN_POINT('',(-1.307469796836,13.85637500664,
    0.260365436628));
#6089 = CARTESIAN_POINT('',(-1.170634086041,13.872309176945,
    0.258220858154));
#6090 = CARTESIAN_POINT('',(-1.033631402526,13.886694349996,
    0.256076844659));
#6091 = CARTESIAN_POINT('',(-0.693268310031,13.918546204224,
    0.250757479142));
#6092 = CARTESIAN_POINT('',(-0.489732516035,13.934159504931,
    0.247582775167));
#6093 = CARTESIAN_POINT('',(-0.285939066854,13.946365182868,
    0.244408989783));
#6094 = CARTESIAN_POINT('',(-8.195305723222E-02,13.955160519871,
    0.241235934597));
#6095 = CARTESIAN_POINT('',(0.122159436612,13.96054397708,0.23806354194)
  );
#6096 = CARTESIAN_POINT('',(0.326331356978,13.962515341063,
    0.234891865593));
#6097 = CARTESIAN_POINT('',(0.530494664665,13.961075869946,
    0.231721081519));
#6098 = CARTESIAN_POINT('',(0.836643539254,13.953804240661,
    0.226966375878));
#6099 = CARTESIAN_POINT('',(0.938687329406,13.950527716626,
    0.225381560988));
#6100 = CARTESIAN_POINT('',(1.040703077074,13.946399218346,
    0.223797081233));
#6101 = CARTESIAN_POINT('',(1.142682095413,13.941419207224,0.22221298154
    ));
#6102 = CARTESIAN_POINT('',(1.244615643083,13.935588255148,
    0.220629314443));
#6103 = CARTESIAN_POINT('',(1.346494924245,13.928907044493,0.21904614009
    ));
#6104 = CARTESIAN_POINT('',(1.448311088562,13.921376368118,
    0.217463526242));
#6105 = CARTESIAN_POINT('',(1.656863342865,13.904200842477,
    0.214220832722));
#6106 = CARTESIAN_POINT('',(1.763591800683,13.894469403539,
    0.212560850435));
#6107 = CARTESIAN_POINT('',(1.870231747832,13.883804011886,
    0.210901525168));
#6108 = CARTESIAN_POINT('',(1.976774283368,13.872205952748,
    0.209242788328));
#6109 = CARTESIAN_POINT('',(2.083210462232,13.859676597245,
    0.207584578967));
#6110 = CARTESIAN_POINT('',(2.189531295244,13.846217402391,
    0.205926843785));
#6111 = CARTESIAN_POINT('',(2.29572774911,13.831829911092,0.204269537131
    ));
#6112 = CARTESIAN_POINT('',(2.5937202734,13.788803549429,0.199614297947)
  );
#6113 = CARTESIAN_POINT('',(2.785212806524,13.758057012649,
    0.196617259466));
#6114 = CARTESIAN_POINT('',(2.976214341126,13.724285634808,
    0.193621294891));
#6115 = CARTESIAN_POINT('',(3.166670352221,13.687500152003,
    0.190626291787));
#6116 = CARTESIAN_POINT('',(3.356525794502,13.647712543431,
    0.187632235946));
#6117 = CARTESIAN_POINT('',(3.545725102335,13.604936031385,
    0.184639211389));
#6118 = CARTESIAN_POINT('',(3.734212189767,13.559185081257,
    0.181647400366));
#6119 = CARTESIAN_POINT('',(4.060228412612,13.474589444502,
    0.176454022517));
#6120 = CARTESIAN_POINT('',(4.198109137474,13.437097642494,
    0.174251769903));
#6121 = CARTESIAN_POINT('',(4.335549945674,13.398006327967,
    0.172050442126));
#6122 = CARTESIAN_POINT('',(4.47252808013,13.357322301394,0.169850182756
    ));
#6123 = CARTESIAN_POINT('',(4.609020706106,13.315052831263,0.16765116232
    ));
#6124 = CARTESIAN_POINT('',(4.745004911213,13.271205654077,
    0.165453578302));
#6125 = CARTESIAN_POINT('',(4.880457705409,13.22578897436,0.163257655142
    ));
#6126 = CARTESIAN_POINT('',(5.429713358195,13.034514067398,
    0.154324460628));
#6127 = CARTESIAN_POINT('',(5.838847353758,12.875489127673,
    0.147602526505));
#6128 = CARTESIAN_POINT('',(6.242239710205,12.701964708588,
    0.140888261141));
#6129 = CARTESIAN_POINT('',(6.639362042552,12.514184868488,
    0.134174315038));
#6130 = CARTESIAN_POINT('',(7.02967620768,12.312415539029,0.127455743648
    ));
#6131 = CARTESIAN_POINT('',(7.412635949755,12.096950358609,
    0.120730113799));
#6132 = CARTESIAN_POINT('',(7.787689861717,11.868116461136,0.11399754282
    ));
#6133 = CARTESIAN_POINT('',(8.520857974577,11.384459474651,
    0.100524229569));
#6134 = CARTESIAN_POINT('',(8.878974753305,11.129636403479,
    9.37836082419E-02));
#6135 = CARTESIAN_POINT('',(9.228039156771,10.862197951031,
    8.704643966442E-02));
#6136 = CARTESIAN_POINT('',(9.567463248647,10.582574152203,
    8.032256499562E-02));
#6137 = CARTESIAN_POINT('',(9.896672518331,10.291242321247,
    7.362417916274E-02));
#6138 = CARTESIAN_POINT('',(10.215110400747,9.988731240633,
    6.696597675398E-02));
#6139 = CARTESIAN_POINT('',(10.522242796154,9.675625349914,
    6.036529791085E-02));
#6140 = CARTESIAN_POINT('',(10.817562589951,9.352568934581,
    5.384227422052E-02));
#6141 = PCURVE('',#5327,#6142);
#6142 = DEFINITIONAL_REPRESENTATION('',(#6143),#6328);
#6143 = B_SPLINE_CURVE_WITH_KNOTS('',8,(#6144,#6145,#6146,#6147,#6148,
    #6149,#6150,#6151,#6152,#6153,#6154,#6155,#6156,#6157,#6158,#6159,
    #6160,#6161,#6162,#6163,#6164,#6165,#6166,#6167,#6168,#6169,#6170,
    #6171,#6172,#6173,#6174,#6175,#6176,#6177,#6178,#6179,#6180,#6181,
    #6182,#6183,#6184,#6185,#6186,#6187,#6188,#6189,#6190,#6191,#6192,
    #6193,#6194,#6195,#6196,#6197,#6198,#6199,#6200,#6201,#6202,#6203,
    #6204,#6205,#6206,#6207,#6208,#6209,#6210,#6211,#6212,#6213,#6214,
    #6215,#6216,#6217,#6218,#6219,#6220,#6221,#6222,#6223,#6224,#6225,
    #6226,#6227,#6228,#6229,#6230,#6231,#6232,#6233,#6234,#6235,#6236,
    #6237,#6238,#6239,#6240,#6241,#6242,#6243,#6244,#6245,#6246,#6247,
    #6248,#6249,#6250,#6251,#6252,#6253,#6254,#6255,#6256,#6257,#6258,
    #6259,#6260,#6261,#6262,#6263,#6264,#6265,#6266,#6267,#6268,#6269,
    #6270,#6271,#6272,#6273,#6274,#6275,#6276,#6277,#6278,#6279,#6280,
    #6281,#6282,#6283,#6284,#6285,#6286,#6287,#6288,#6289,#6290,#6291,
    #6292,#6293,#6294,#6295,#6296,#6297,#6298,#6299,#6300,#6301,#6302,
    #6303,#6304,#6305,#6306,#6307,#6308,#6309,#6310,#6311,#6312,#6313,
    #6314,#6315,#6316,#6317,#6318,#6319,#6320,#6321,#6322,#6323,#6324,
    #6325,#6326,#6327),.UNSPECIFIED.,.F.,.F.,(9,7,7,7,7,7,7,7,7,7,7,7,7,
    7,7,7,7,7,7,7,7,7,7,7,7,7,9),(0.,7.701575769496E-02,0.113990601152,
    0.141006733394,0.162022632851,0.225028894296,0.256028794241,
    0.302031256688,0.325036619108,0.349034721953,0.384036910155,
    0.410040793928,0.450037151926,0.491043232793,0.554041092278,
    0.570043508508,0.594040475601,0.618037924212,0.654041653166,
    0.681036075981,0.721033762062,0.741036595969,0.762035002974,
    0.800033309889,0.82802786081,0.914016685242,1.),.UNSPECIFIED.);
#6144 = CARTESIAN_POINT('',(-3.691366305379,-0.7));
#6145 = CARTESIAN_POINT('',(-3.661318069661,-0.693386496776));
#6146 = CARTESIAN_POINT('',(-3.631337131512,-0.686835338216));
#6147 = CARTESIAN_POINT('',(-3.60141429612,-0.680333082389));
#6148 = CARTESIAN_POINT('',(-3.57154107968,-0.673866908189));
#6149 = CARTESIAN_POINT('',(-3.54170989125,-0.667425105848));
#6150 = CARTESIAN_POINT('',(-3.511914153926,-0.660997444651));
#6151 = CARTESIAN_POINT('',(-3.482148365343,-0.654575417851));
#6152 = CARTESIAN_POINT('',(-3.438129957782,-0.645068692175));
#6153 = CARTESIAN_POINT('',(-3.423857720474,-0.641984757881));
#6154 = CARTESIAN_POINT('',(-3.409590949858,-0.638899864776));
#6155 = CARTESIAN_POINT('',(-3.395329740555,-0.635814160437));
#6156 = CARTESIAN_POINT('',(-3.381073995806,-0.632727488738));
#6157 = CARTESIAN_POINT('',(-3.366823619209,-0.629639697072));
#6158 = CARTESIAN_POINT('',(-3.352578810946,-0.626551107873));
#6159 = CARTESIAN_POINT('',(-3.327935645313,-0.621204667684));
#6160 = CARTESIAN_POINT('',(-3.317534655561,-0.618947130992));
#6161 = CARTESIAN_POINT('',(-3.307136746983,-0.616689344146));
#6162 = CARTESIAN_POINT('',(-3.296741994016,-0.614431428273));
#6163 = CARTESIAN_POINT('',(-3.28635048884,-0.612173534475));
#6164 = CARTESIAN_POINT('',(-3.275962341375,-0.609915843829));
#6165 = CARTESIAN_POINT('',(-3.26557767928,-0.607658567386));
#6166 = CARTESIAN_POINT('',(-3.247121224406,-0.603646516337));
#6167 = CARTESIAN_POINT('',(-3.239047991749,-0.601891473745));
#6168 = CARTESIAN_POINT('',(-3.230977040703,-0.600136966926));
#6169 = CARTESIAN_POINT('',(-3.222908421811,-0.598383081134));
#6170 = CARTESIAN_POINT('',(-3.214842208782,-0.596629939939));
#6171 = CARTESIAN_POINT('',(-3.206778512668,-0.594877727772));
#6172 = CARTESIAN_POINT('',(-3.198717446874,-0.593126633415));
#6173 = CARTESIAN_POINT('',(-3.166499720113,-0.586130407805));
#6174 = CARTESIAN_POINT('',(-3.14236403217,-0.580894233063));
#6175 = CARTESIAN_POINT('',(-3.118250010381,-0.575665128466));
#6176 = CARTESIAN_POINT('',(-3.094156205222,-0.570440840944));
#6177 = CARTESIAN_POINT('',(-3.070081692046,-0.565219945463));
#6178 = CARTESIAN_POINT('',(-3.046026076697,-0.560001864385));
#6179 = CARTESIAN_POINT('',(-3.021989501121,-0.554786886836));
#6180 = CARTESIAN_POINT('',(-2.98615604541,-0.547012456513));
#6181 = CARTESIAN_POINT('',(-2.974344156413,-0.544449665503));
#6182 = CARTESIAN_POINT('',(-2.962537492514,-0.541888633425));
#6183 = CARTESIAN_POINT('',(-2.950734798749,-0.539327363456));
#6184 = CARTESIAN_POINT('',(-2.938938682843,-0.536770028485));
#6185 = CARTESIAN_POINT('',(-2.927147003866,-0.534213254566));
#6186 = CARTESIAN_POINT('',(-2.915360302657,-0.531657883409));
#6187 = CARTESIAN_POINT('',(-2.886094388083,-0.525312951569));
#6188 = CARTESIAN_POINT('',(-2.868620855536,-0.521524627074));
#6189 = CARTESIAN_POINT('',(-2.851157307635,-0.517737895609));
#6190 = CARTESIAN_POINT('',(-2.833703472979,-0.513952342));
#6191 = CARTESIAN_POINT('',(-2.816259225637,-0.510167785773));
#6192 = CARTESIAN_POINT('',(-2.798824586326,-0.506384283181));
#6193 = CARTESIAN_POINT('',(-2.781399723584,-0.502602129231));
#6194 = CARTESIAN_POINT('',(-2.755276006722,-0.496931385462));
#6195 = CARTESIAN_POINT('',(-2.7465695868,-0.495041389289));
#6196 = CARTESIAN_POINT('',(-2.737865723835,-0.493151920405));
#6197 = CARTESIAN_POINT('',(-2.729164468857,-0.491263064795));
#6198 = CARTESIAN_POINT('',(-2.720465887043,-0.489374931913));
#6199 = CARTESIAN_POINT('',(-2.711770049491,-0.487487641378));
#6200 = CARTESIAN_POINT('',(-2.70307702498,-0.485601309664));
#6201 = CARTESIAN_POINT('',(-2.685321716094,-0.481749409578));
#6202 = CARTESIAN_POINT('',(-2.676259644446,-0.479783869635));
#6203 = CARTESIAN_POINT('',(-2.667200563753,-0.47781927332));
#6204 = CARTESIAN_POINT('',(-2.658144391683,-0.475855493662));
#6205 = CARTESIAN_POINT('',(-2.64909105662,-0.473892420375));
#6206 = CARTESIAN_POINT('',(-2.640040497664,-0.471929959859));
#6207 = CARTESIAN_POINT('',(-2.63099266463,-0.469968035198));
#6208 = CARTESIAN_POINT('',(-2.608754811728,-0.465145734666));
#6209 = CARTESIAN_POINT('',(-2.595567818737,-0.462285895476));
#6210 = CARTESIAN_POINT('',(-2.582386419146,-0.459426882508));
#6211 = CARTESIAN_POINT('',(-2.56921054114,-0.456568587837));
#6212 = CARTESIAN_POINT('',(-2.556040161011,-0.4537109817));
#6213 = CARTESIAN_POINT('',(-2.542875303159,-0.450854112488));
#6214 = CARTESIAN_POINT('',(-2.529716040094,-0.447998106753));
#6215 = CARTESIAN_POINT('',(-2.506790436967,-0.443022174262));
#6216 = CARTESIAN_POINT('',(-2.497021544267,-0.440901783438));
#6217 = CARTESIAN_POINT('',(-2.487255812941,-0.438781996883));
#6218 = CARTESIAN_POINT('',(-2.477493431112,-0.436663123034));
#6219 = CARTESIAN_POINT('',(-2.467734345565,-0.434545080911));
#6220 = CARTESIAN_POINT('',(-2.457978628873,-0.43242799397));
#6221 = CARTESIAN_POINT('',(-2.448226658138,-0.430312479637));
#6222 = CARTESIAN_POINT('',(-2.42348397168,-0.424945834385));
#6223 = CARTESIAN_POINT('',(-2.408498005217,-0.421696272111));
#6224 = CARTESIAN_POINT('',(-2.393519829001,-0.41844874787));
#6225 = CARTESIAN_POINT('',(-2.378549132624,-0.415202782125));
#6226 = CARTESIAN_POINT('',(-2.363585686287,-0.411958021578));
#6227 = CARTESIAN_POINT('',(-2.348629341251,-0.408714241025));
#6228 = CARTESIAN_POINT('',(-2.333680030292,-0.405471345218));
#6229 = CARTESIAN_POINT('',(-2.303418283072,-0.398905551377));
#6230 = CARTESIAN_POINT('',(-2.288106185253,-0.395582672562));
#6231 = CARTESIAN_POINT('',(-2.272801614867,-0.392260961746));
#6232 = CARTESIAN_POINT('',(-2.257504297582,-0.388939993435));
#6233 = CARTESIAN_POINT('',(-2.242215172592,-0.385621291186));
#6234 = CARTESIAN_POINT('',(-2.226933540285,-0.382303759043));
#6235 = CARTESIAN_POINT('',(-2.21166064776,-0.378989427071));
#6236 = CARTESIAN_POINT('',(-2.17294586932,-0.370591096456));
#6237 = CARTESIAN_POINT('',(-2.149515535228,-0.36551099418));
#6238 = CARTESIAN_POINT('',(-2.126103831073,-0.360435410341));
#6239 = CARTESIAN_POINT('',(-2.102709658276,-0.355362632959));
#6240 = CARTESIAN_POINT('',(-2.079332396473,-0.350291714452));
#6241 = CARTESIAN_POINT('',(-2.055971908105,-0.345222484033));
#6242 = CARTESIAN_POINT('',(-2.032628543009,-0.340155560115));
#6243 = CARTESIAN_POINT('',(-2.003378135982,-0.333806233426));
#6244 = CARTESIAN_POINT('',(-1.997454288474,-0.332520344509));
#6245 = CARTESIAN_POINT('',(-1.991531614213,-0.331234719107));
#6246 = CARTESIAN_POINT('',(-1.98561012889,-0.329949383634));
#6247 = CARTESIAN_POINT('',(-1.979689850151,-0.328664367776));
#6248 = CARTESIAN_POINT('',(-1.9737707976,-0.327379704492));
#6249 = CARTESIAN_POINT('',(-1.967852992797,-0.326095430013));
#6250 = CARTESIAN_POINT('',(-1.953064120322,-0.322886348687));
#6251 = CARTESIAN_POINT('',(-1.944194639374,-0.320962074253));
#6252 = CARTESIAN_POINT('',(-1.935328171521,-0.319039017982));
#6253 = CARTESIAN_POINT('',(-1.926464436823,-0.317116734618));
#6254 = CARTESIAN_POINT('',(-1.917603391041,-0.315195158119));
#6255 = CARTESIAN_POINT('',(-1.908745065594,-0.313274343339));
#6256 = CARTESIAN_POINT('',(-1.899889301167,-0.311354036642));
#6257 = CARTESIAN_POINT('',(-1.88218272,-0.307514414137));
#6258 = CARTESIAN_POINT('',(-1.873331894573,-0.305595084529));
#6259 = CARTESIAN_POINT('',(-1.864483577959,-0.303676186045));
#6260 = CARTESIAN_POINT('',(-1.855637735079,-0.301757665013));
#6261 = CARTESIAN_POINT('',(-1.846794340932,-0.299839483869));
#6262 = CARTESIAN_POINT('',(-1.837953380603,-0.29792162116));
#6263 = CARTESIAN_POINT('',(-1.829114849256,-0.296004071538));
#6264 = CARTESIAN_POINT('',(-1.807021824263,-0.291210403436));
#6265 = CARTESIAN_POINT('',(-1.793770373186,-0.288334689803));
#6266 = CARTESIAN_POINT('',(-1.780524419243,-0.285459742025));
#6267 = CARTESIAN_POINT('',(-1.767284032114,-0.28258567945));
#6268 = CARTESIAN_POINT('',(-1.754049330826,-0.279712703613));
#6269 = CARTESIAN_POINT('',(-1.740820483757,-0.276841098235));
#6270 = CARTESIAN_POINT('',(-1.72759770863,-0.273971229228));
#6271 = CARTESIAN_POINT('',(-1.704472019373,-0.268953448262));
#6272 = CARTESIAN_POINT('',(-1.694566331598,-0.266804580645));
#6273 = CARTESIAN_POINT('',(-1.684664417815,-0.264657288652));
#6274 = CARTESIAN_POINT('',(-1.674765879201,-0.262510938827));
#6275 = CARTESIAN_POINT('',(-1.664870652341,-0.260365436628));
#6276 = CARTESIAN_POINT('',(-1.654978780834,-0.258220858154));
#6277 = CARTESIAN_POINT('',(-1.645090039192,-0.256076844659));
#6278 = CARTESIAN_POINT('',(-1.620556910906,-0.250757479142));
#6279 = CARTESIAN_POINT('',(-1.605916242233,-0.247582775167));
#6280 = CARTESIAN_POINT('',(-1.591282228315,-0.244408989783));
#6281 = CARTESIAN_POINT('',(-1.57665474514,-0.241235934597));
#6282 = CARTESIAN_POINT('',(-1.562033743381,-0.23806354194));
#6283 = CARTESIAN_POINT('',(-1.547419248896,-0.234891865593));
#6284 = CARTESIAN_POINT('',(-1.532811363223,-0.231721081519));
#6285 = CARTESIAN_POINT('',(-1.510908257657,-0.226966375878));
#6286 = CARTESIAN_POINT('',(-1.503607948283,-0.225381560988));
#6287 = CARTESIAN_POINT('',(-1.496309358084,-0.223797081233));
#6288 = CARTESIAN_POINT('',(-1.489012513733,-0.22221298154));
#6289 = CARTESIAN_POINT('',(-1.481717446461,-0.220629314443));
#6290 = CARTESIAN_POINT('',(-1.474424192056,-0.21904614009));
#6291 = CARTESIAN_POINT('',(-1.467132790859,-0.217463526242));
#6292 = CARTESIAN_POINT('',(-1.452190974429,-0.214220832722));
#6293 = CARTESIAN_POINT('',(-1.444540772944,-0.212560850435));
#6294 = CARTESIAN_POINT('',(-1.436892633971,-0.210901525168));
#6295 = CARTESIAN_POINT('',(-1.429246513103,-0.209242788328));
#6296 = CARTESIAN_POINT('',(-1.421602370866,-0.207584578967));
#6297 = CARTESIAN_POINT('',(-1.413960172724,-0.205926843785));
#6298 = CARTESIAN_POINT('',(-1.406319889074,-0.204269537131));
#6299 = CARTESIAN_POINT('',(-1.384859207073,-0.199614297947));
#6300 = CARTESIAN_POINT('',(-1.371043107931,-0.196617259466));
#6301 = CARTESIAN_POINT('',(-1.357233063122,-0.193621294891));
#6302 = CARTESIAN_POINT('',(-1.34342899824,-0.190626291787));
#6303 = CARTESIAN_POINT('',(-1.329630899172,-0.187632235946));
#6304 = CARTESIAN_POINT('',(-1.315838812101,-0.184639211389));
#6305 = CARTESIAN_POINT('',(-1.302052843505,-0.181647400366));
#6306 = CARTESIAN_POINT('',(-1.27812123291,-0.176454022517));
#6307 = CARTESIAN_POINT('',(-1.267972715121,-0.174251769903));
#6308 = CARTESIAN_POINT('',(-1.257827676819,-0.172050442126));
#6309 = CARTESIAN_POINT('',(-1.247686203965,-0.169850182756));
#6310 = CARTESIAN_POINT('',(-1.237548398449,-0.16765116232));
#6311 = CARTESIAN_POINT('',(-1.22741437809,-0.165453578302));
#6312 = CARTESIAN_POINT('',(-1.21728427664,-0.163257655142));
#6313 = CARTESIAN_POINT('',(-1.176054845667,-0.154324460628));
#6314 = CARTESIAN_POINT('',(-1.144989269484,-0.147602526505));
#6315 = CARTESIAN_POINT('',(-1.113955350418,-0.140888261141));
#6316 = CARTESIAN_POINT('',(-1.082948495468,-0.134174315038));
#6317 = CARTESIAN_POINT('',(-1.051965649559,-0.127455743648));
#6318 = CARTESIAN_POINT('',(-1.021005288005,-0.120730113799));
#6319 = CARTESIAN_POINT('',(-0.990067435308,-0.11399754282));
#6320 = CARTESIAN_POINT('',(-0.928241966085,-0.100524229569));
#6321 = CARTESIAN_POINT('',(-0.897354170764,-9.37836082419E-02));
#6322 = CARTESIAN_POINT('',(-0.866495427131,-8.704643966442E-02));
#6323 = CARTESIAN_POINT('',(-0.835671754593,-8.032256499561E-02));
#6324 = CARTESIAN_POINT('',(-0.804890328485,-7.362417916274E-02));
#6325 = CARTESIAN_POINT('',(-0.774159719371,-6.696597675398E-02));
#6326 = CARTESIAN_POINT('',(-0.743490132353,-6.036529791085E-02));
#6327 = CARTESIAN_POINT('',(-0.712893646377,-5.384227422052E-02));
#6328 = ( GEOMETRIC_REPRESENTATION_CONTEXT(2)
PARAMETRIC_REPRESENTATION_CONTEXT() REPRESENTATION_CONTEXT('2D SPACE',''
  ) );
#6329 = PCURVE('',#2281,#6330);
#6330 = DEFINITIONAL_REPRESENTATION('',(#6331),#6516);
#6331 = B_SPLINE_CURVE_WITH_KNOTS('',8,(#6332,#6333,#6334,#6335,#6336,
    #6337,#6338,#6339,#6340,#6341,#6342,#6343,#6344,#6345,#6346,#6347,
    #6348,#6349,#6350,#6351,#6352,#6353,#6354,#6355,#6356,#6357,#6358,
    #6359,#6360,#6361,#6362,#6363,#6364,#6365,#6366,#6367,#6368,#6369,
    #6370,#6371,#6372,#6373,#6374,#6375,#6376,#6377,#6378,#6379,#6380,
    #6381,#6382,#6383,#6384,#6385,#6386,#6387,#6388,#6389,#6390,#6391,
    #6392,#6393,#6394,#6395,#6396,#6397,#6398,#6399,#6400,#6401,#6402,
    #6403,#6404,#6405,#6406,#6407,#6408,#6409,#6410,#6411,#6412,#6413,
    #6414,#6415,#6416,#6417,#6418,#6419,#6420,#6421,#6422,#6423,#6424,
    #6425,#6426,#6427,#6428,#6429,#6430,#6431,#6432,#6433,#6434,#6435,
    #6436,#6437,#6438,#6439,#6440,#6441,#6442,#6443,#6444,#6445,#6446,
    #6447,#6448,#6449,#6450,#6451,#6452,#6453,#6454,#6455,#6456,#6457,
    #6458,#6459,#6460,#6461,#6462,#6463,#6464,#6465,#6466,#6467,#6468,
    #6469,#6470,#6471,#6472,#6473,#6474,#6475,#6476,#6477,#6478,#6479,
    #6480,#6481,#6482,#6483,#6484,#6485,#6486,#6487,#6488,#6489,#6490,
    #6491,#6492,#6493,#6494,#6495,#6496,#6497,#6498,#6499,#6500,#6501,
    #6502,#6503,#6504,#6505,#6506,#6507,#6508,#6509,#6510,#6511,#6512,
    #6513,#6514,#6515),.UNSPECIFIED.,.F.,.F.,(9,7,7,7,7,7,7,7,7,7,7,7,7,
    7,7,7,7,7,7,7,7,7,7,7,7,7,9),(0.,7.701575769496E-02,0.113990601152,
    0.141006733394,0.162022632851,0.225028894296,0.256028794241,
    0.302031256688,0.325036619108,0.349034721953,0.384036910155,
    0.410040793928,0.450037151926,0.491043232793,0.554041092278,
    0.570043508508,0.594040475601,0.618037924212,0.654041653166,
    0.681036075981,0.721033762062,0.741036595969,0.762035002974,
    0.800033309889,0.82802786081,0.914016685242,1.),.UNSPECIFIED.);
#6332 = CARTESIAN_POINT('',(26.896436927605,4.699999999931));
#6333 = CARTESIAN_POINT('',(26.638982371032,4.693386496429));
#6334 = CARTESIAN_POINT('',(26.380805500747,4.686835338589));
#6335 = CARTESIAN_POINT('',(26.122080495775,4.680333082554));
#6336 = CARTESIAN_POINT('',(25.862974908222,4.673866907931));
#6337 = CARTESIAN_POINT('',(25.603641675329,4.667425105695));
#6338 = CARTESIAN_POINT('',(25.344213261776,4.66099744485));
#6339 = CARTESIAN_POINT('',(25.084797932241,4.654575417851));
#6340 = CARTESIAN_POINT('',(24.700980149052,4.645068692175));
#6341 = CARTESIAN_POINT('',(24.576504966506,4.641984757881));
#6342 = CARTESIAN_POINT('',(24.45206157353,4.638899864776));
#6343 = CARTESIAN_POINT('',(24.327647945737,4.635814160437));
#6344 = CARTESIAN_POINT('',(24.203266023319,4.632727488738));
#6345 = CARTESIAN_POINT('',(24.07891770998,4.629639697072));
#6346 = CARTESIAN_POINT('',(23.954598750602,4.626551107873));
#6347 = CARTESIAN_POINT('',(23.73949223611,4.621204667684));
#6348 = CARTESIAN_POINT('',(23.648691723397,4.618947130992));
#6349 = CARTESIAN_POINT('',(23.557904599286,4.616689344146));
#6350 = CARTESIAN_POINT('',(23.467129295914,4.614431428273));
#6351 = CARTESIAN_POINT('',(23.376363863486,4.612173534475));
#6352 = CARTESIAN_POINT('',(23.285605970277,4.609915843829));
#6353 = CARTESIAN_POINT('',(23.194852902634,4.607658567386));
#6354 = CARTESIAN_POINT('',(23.033505930819,4.603646516337));
#6355 = CARTESIAN_POINT('',(22.962911457309,4.601891473745));
#6356 = CARTESIAN_POINT('',(22.892316248652,4.600136966926));
#6357 = CARTESIAN_POINT('',(22.82171921152,4.598383081134));
#6358 = CARTESIAN_POINT('',(22.751118762316,4.596629939939));
#6359 = CARTESIAN_POINT('',(22.68051254255,4.594877727772));
#6360 = CARTESIAN_POINT('',(22.609898142321,4.593126633415));
#6361 = CARTESIAN_POINT('',(22.327544148282,4.586130407805));
#6362 = CARTESIAN_POINT('',(22.115738600959,4.580894233063));
#6363 = CARTESIAN_POINT('',(21.903897894459,4.575665128466));
#6364 = CARTESIAN_POINT('',(21.692050961557,4.570440840944));
#6365 = CARTESIAN_POINT('',(21.480215821334,4.565219945463));
#6366 = CARTESIAN_POINT('',(21.26839943722,4.560001864385));
#6367 = CARTESIAN_POINT('',(21.056597575034,4.554786886836));
#6368 = CARTESIAN_POINT('',(20.740584873116,4.547012456513));
#6369 = CARTESIAN_POINT('',(20.636376058558,4.544449665503));
#6370 = CARTESIAN_POINT('',(20.532157632435,4.541888633425));
#6371 = CARTESIAN_POINT('',(20.427955468005,4.539327363456));
#6372 = CARTESIAN_POINT('',(20.323715469576,4.536770028485));
#6373 = CARTESIAN_POINT('',(20.219481205929,4.534213254566));
#6374 = CARTESIAN_POINT('',(20.115241951111,4.531657883409));
#6375 = CARTESIAN_POINT('',(19.856316639933,4.525312951569));
#6376 = CARTESIAN_POINT('',(19.701630225077,4.521524627074));
#6377 = CARTESIAN_POINT('',(19.546952038245,4.517737895609));
#6378 = CARTESIAN_POINT('',(19.39228742451,4.513952342));
#6379 = CARTESIAN_POINT('',(19.237638629913,4.510167785773));
#6380 = CARTESIAN_POINT('',(19.083004812258,4.506384283181));
#6381 = CARTESIAN_POINT('',(18.928382051909,4.502602129231));
#6382 = CARTESIAN_POINT('',(18.696440132578,4.496931385462));
#6383 = CARTESIAN_POINT('',(18.619117827542,4.495041389289));
#6384 = CARTESIAN_POINT('',(18.541795804896,4.493151920405));
#6385 = CARTESIAN_POINT('',(18.464472942059,4.491263064795));
#6386 = CARTESIAN_POINT('',(18.387147811064,4.489374931913));
#6387 = CARTESIAN_POINT('',(18.309818853162,4.487487641378));
#6388 = CARTESIAN_POINT('',(18.23248455343,4.485601309664));
#6389 = CARTESIAN_POINT('',(18.074465217379,4.481749409578));
#6390 = CARTESIAN_POINT('',(17.993780440025,4.479783869635));
#6391 = CARTESIAN_POINT('',(17.913091158045,4.47781927332));
#6392 = CARTESIAN_POINT('',(17.832399025677,4.475855493662));
#6393 = CARTESIAN_POINT('',(17.751705476663,4.473892420375));
#6394 = CARTESIAN_POINT('',(17.671011724252,4.471929959859));
#6395 = CARTESIAN_POINT('',(17.5903187612,4.469968035198));
#6396 = CARTESIAN_POINT('',(17.391935738999,4.465145734666));
#6397 = CARTESIAN_POINT('',(17.274247419746,4.462285895476));
#6398 = CARTESIAN_POINT('',(17.156564805624,4.459426882508));
#6399 = CARTESIAN_POINT('',(17.038889272639,4.456568587837));
#6400 = CARTESIAN_POINT('',(16.921221169186,4.4537109817));
#6401 = CARTESIAN_POINT('',(16.803559816055,4.450854112488));
#6402 = CARTESIAN_POINT('',(16.685903506423,4.447998106753));
#6403 = CARTESIAN_POINT('',(16.48084180042,4.443022174262));
#6404 = CARTESIAN_POINT('',(16.39343517322,4.440901783438));
#6405 = CARTESIAN_POINT('',(16.306029624725,4.438781996883));
#6406 = CARTESIAN_POINT('',(16.218621095352,4.436663123034));
#6407 = CARTESIAN_POINT('',(16.131210645662,4.434545080911));
#6408 = CARTESIAN_POINT('',(16.043796649233,4.43242799397));
#6409 = CARTESIAN_POINT('',(15.956370986379,4.430312479637));
#6410 = CARTESIAN_POINT('',(15.734463700714,4.424945834385));
#6411 = CARTESIAN_POINT('',(15.599973747955,4.421696272111));
#6412 = CARTESIAN_POINT('',(15.465478321982,4.41844874787));
#6413 = CARTESIAN_POINT('',(15.330983708108,4.415202782125));
#6414 = CARTESIAN_POINT('',(15.196494507808,4.411958021578));
#6415 = CARTESIAN_POINT('',(15.062013622941,4.408714241025));
#6416 = CARTESIAN_POINT('',(14.927542239979,4.405471345218));
#6417 = CARTESIAN_POINT('',(14.655222834757,4.398905551377));
#6418 = CARTESIAN_POINT('',(14.517375575454,4.395582672562));
#6419 = CARTESIAN_POINT('',(14.379535065807,4.392260961746));
#6420 = CARTESIAN_POINT('',(14.241706853349,4.388939993435));
#6421 = CARTESIAN_POINT('',(14.103870795666,4.385621291186));
#6422 = CARTESIAN_POINT('',(13.966041261061,4.382303759043));
#6423 = CARTESIAN_POINT('',(13.828191439641,4.378989427071));
#6424 = CARTESIAN_POINT('',(13.478514695744,4.370591096456));
#6425 = CARTESIAN_POINT('',(13.266665895527,4.36551099418));
#6426 = CARTESIAN_POINT('',(13.054809472896,4.360435410341));
#6427 = CARTESIAN_POINT('',(12.842968090382,4.355362632959));
#6428 = CARTESIAN_POINT('',(12.631154048014,4.350291714452));
#6429 = CARTESIAN_POINT('',(12.419369245914,4.345222484033));
#6430 = CARTESIAN_POINT('',(12.207605146896,4.340155560115));
#6431 = CARTESIAN_POINT('',(11.942051860776,4.333806233426));
#6432 = CARTESIAN_POINT('',(11.88826109804,4.332520344509));
#6433 = CARTESIAN_POINT('',(11.83447014087,4.331234719107));
#6434 = CARTESIAN_POINT('',(11.780678636137,4.329949383634));
#6435 = CARTESIAN_POINT('',(11.726886187571,4.328664367776));
#6436 = CARTESIAN_POINT('',(11.673092355762,4.327379704492));
#6437 = CARTESIAN_POINT('',(11.619296658159,4.326095430013));
#6438 = CARTESIAN_POINT('',(11.484823816267,4.322886348687));
#6439 = CARTESIAN_POINT('',(11.404143727845,4.320962074253));
#6440 = CARTESIAN_POINT('',(11.323454864383,4.319039017982));
#6441 = CARTESIAN_POINT('',(11.242763161785,4.317116734618));
#6442 = CARTESIAN_POINT('',(11.162069493893,4.315195158119));
#6443 = CARTESIAN_POINT('',(11.081373123312,4.313274343339));
#6444 = CARTESIAN_POINT('',(11.000677430633,4.311354036642));
#6445 = CARTESIAN_POINT('',(10.839285574656,4.307514414137));
#6446 = CARTESIAN_POINT('',(10.758589594096,4.305595084529));
#6447 = CARTESIAN_POINT('',(10.67789529181,4.303676186045));
#6448 = CARTESIAN_POINT('',(10.59720337293,4.301757665013));
#6449 = CARTESIAN_POINT('',(10.516514326481,4.299839483869));
#6450 = CARTESIAN_POINT('',(10.435828425377,4.29792162116));
#6451 = CARTESIAN_POINT('',(10.355145726425,4.296004071538));
#6452 = CARTESIAN_POINT('',(10.153421182699,4.291210403436));
#6453 = CARTESIAN_POINT('',(10.032383128023,4.288334689803));
#6454 = CARTESIAN_POINT('',(9.911351376244,4.285459742025));
#6455 = CARTESIAN_POINT('',(9.790324298575,4.28258567945));
#6456 = CARTESIAN_POINT('',(9.669299167494,4.279712703613));
#6457 = CARTESIAN_POINT('',(9.548272156745,4.276841098235));
#6458 = CARTESIAN_POINT('',(9.427238341338,4.273971229228));
#6459 = CARTESIAN_POINT('',(9.215434868244,4.268953448262));
#6460 = CARTESIAN_POINT('',(9.124670839921,4.266804580645));
#6461 = CARTESIAN_POINT('',(9.033894937748,4.264657288652));
#6462 = CARTESIAN_POINT('',(8.943115685212,4.262510938827));
#6463 = CARTESIAN_POINT('',(8.852334346399,4.260365436628));
#6464 = CARTESIAN_POINT('',(8.761549891278,4.258220858154));
#6465 = CARTESIAN_POINT('',(8.670767148444,4.256076844659));
#6466 = CARTESIAN_POINT('',(8.445475180899,4.250757479142));
#6467 = CARTESIAN_POINT('',(8.310968314062,4.247582775167));
#6468 = CARTESIAN_POINT('',(8.176469462961,4.244408989783));
#6469 = CARTESIAN_POINT('',(8.04198112824,4.241235934597));
#6470 = CARTESIAN_POINT('',(7.907504164627,4.23806354194));
#6471 = CARTESIAN_POINT('',(7.773037788091,4.234891865593));
#6472 = CARTESIAN_POINT('',(7.638579583008,4.231721081519));
#6473 = CARTESIAN_POINT('',(7.436885057002,4.226966375878));
#6474 = CARTESIAN_POINT('',(7.36964563663,4.225381560988));
#6475 = CARTESIAN_POINT('',(7.302406741903,4.223797081233));
#6476 = CARTESIAN_POINT('',(7.235167764621,4.22221298154));
#6477 = CARTESIAN_POINT('',(7.167927994688,4.220629314443));
#6478 = CARTESIAN_POINT('',(7.100686620114,4.21904614009));
#6479 = CARTESIAN_POINT('',(7.033442727014,4.217463526242));
#6480 = CARTESIAN_POINT('',(6.895600859974,4.214220832722));
#6481 = CARTESIAN_POINT('',(6.825002088507,4.212560850435));
#6482 = CARTESIAN_POINT('',(6.754400010107,4.210901525168));
#6483 = CARTESIAN_POINT('',(6.683795545265,4.209242788328));
#6484 = CARTESIAN_POINT('',(6.613189510071,4.207584578967));
#6485 = CARTESIAN_POINT('',(6.542582616208,4.205926843785));
#6486 = CARTESIAN_POINT('',(6.471975470953,4.204269537131));
#6487 = CARTESIAN_POINT('',(6.273599722176,4.199614297947));
#6488 = CARTESIAN_POINT('',(6.145831586222,4.196617259466));
#6489 = CARTESIAN_POINT('',(6.018066971014,4.193621294891));
#6490 = CARTESIAN_POINT('',(5.890307341445,4.190626291787));
#6491 = CARTESIAN_POINT('',(5.762552825602,4.187632235946));
#6492 = CARTESIAN_POINT('',(5.634802214771,4.184639211389));
#6493 = CARTESIAN_POINT('',(5.507052963431,4.181647400366));
#6494 = CARTESIAN_POINT('',(5.285182428772,4.176454022517));
#6495 = CARTESIAN_POINT('',(5.191062340187,4.174251769903));
#6496 = CARTESIAN_POINT('',(5.096939322841,4.172050442126));
#6497 = CARTESIAN_POINT('',(5.002811413239,4.169850182756));
#6498 = CARTESIAN_POINT('',(4.908676285041,4.16765116232));
#6499 = CARTESIAN_POINT('',(4.81453124907,4.165453578302));
#6500 = CARTESIAN_POINT('',(4.720373253311,4.163257655142));
#6501 = CARTESIAN_POINT('',(4.336930323976,4.154324460628));
#6502 = CARTESIAN_POINT('',(4.0475171082,4.147602526505));
#6503 = CARTESIAN_POINT('',(3.758090695649,4.140888261141));
#6504 = CARTESIAN_POINT('',(3.468752371329,4.134174315038));
#6505 = CARTESIAN_POINT('',(3.179569625823,4.127455743648));
#6506 = CARTESIAN_POINT('',(2.890574400736,4.120730113799));
#6507 = CARTESIAN_POINT('',(2.60176319896,4.11399754282));
#6508 = CARTESIAN_POINT('',(2.024453416479,4.100524229569));
#6509 = CARTESIAN_POINT('',(1.735949623741,4.093783608242));
#6510 = CARTESIAN_POINT('',(1.447489455439,4.087046439664));
#6511 = CARTESIAN_POINT('',(1.158939612042,4.080322564996));
#6512 = CARTESIAN_POINT('',(0.870132614751,4.073624179163));
#6513 = CARTESIAN_POINT('',(0.580867699665,4.066965976754));
#6514 = CARTESIAN_POINT('',(0.290911711948,4.060365297911));
#6515 = CARTESIAN_POINT('',(0.,4.053842274221));
#6516 = ( GEOMETRIC_REPRESENTATION_CONTEXT(2)
PARAMETRIC_REPRESENTATION_CONTEXT() REPRESENTATION_CONTEXT('2D SPACE',''
  ) );
#6517 = ORIENTED_EDGE('',*,*,#6518,.T.);
#6518 = EDGE_CURVE('',#5953,#5394,#6519,.T.);
#6519 = SURFACE_CURVE('',#6520,(#6533,#6549),.PCURVE_S1.);
#6520 = B_SPLINE_CURVE_WITH_KNOTS('',6,(#6521,#6522,#6523,#6524,#6525,
    #6526,#6527,#6528,#6529,#6530,#6531,#6532),.UNSPECIFIED.,.F.,.F.,(7,
    5,7),(0.,0.502377159334,1.),.UNSPECIFIED.);
#6521 = CARTESIAN_POINT('',(10.817562589949,9.352568934583,
    5.384227422057E-02));
#6522 = CARTESIAN_POINT('',(11.375813675866,8.706872965374,
    5.384227422057E-02));
#6523 = CARTESIAN_POINT('',(11.887837571808,8.021164897776,
    5.384227422059E-02));
#6524 = CARTESIAN_POINT('',(12.349997934286,7.299636945384,
    5.384227422054E-02));
#6525 = CARTESIAN_POINT('',(12.759257084747,6.546841000959,
    5.384227422057E-02));
#6526 = CARTESIAN_POINT('',(13.113091990013,5.76763314484,
    5.384227422056E-02));
#6527 = CARTESIAN_POINT('',(13.703268899232,4.174382654938,
    5.384227422055E-02));
#6528 = CARTESIAN_POINT('',(13.94071417095,3.360677258808,
    5.384227422055E-02));
#6529 = CARTESIAN_POINT('',(14.12003826205,2.53115769165,
    5.384227422057E-02));
#6530 = CARTESIAN_POINT('',(14.240020386113,1.691000484661,
    5.384227422053E-02));
#6531 = CARTESIAN_POINT('',(14.300007205019,0.84548389054,
    5.384227422055E-02));
#6532 = CARTESIAN_POINT('',(14.300007205019,-5.580794685409E-15,
    5.384227422055E-02));
#6533 = PCURVE('',#5327,#6534);
#6534 = DEFINITIONAL_REPRESENTATION('',(#6535),#6548);
#6535 = B_SPLINE_CURVE_WITH_KNOTS('',6,(#6536,#6537,#6538,#6539,#6540,
    #6541,#6542,#6543,#6544,#6545,#6546,#6547),.UNSPECIFIED.,.F.,.F.,(7,
    5,7),(0.,0.502377159334,1.),.UNSPECIFIED.);
#6536 = CARTESIAN_POINT('',(-0.712893646377,-5.384227422057E-02));
#6537 = CARTESIAN_POINT('',(-0.653204047741,-5.384227422057E-02));
#6538 = CARTESIAN_POINT('',(-0.593512069441,-5.384227422058E-02));
#6539 = CARTESIAN_POINT('',(-0.533822867579,-5.384227422055E-02));
#6540 = CARTESIAN_POINT('',(-0.474133665733,-5.384227422057E-02));
#6541 = CARTESIAN_POINT('',(-0.414441687468,-5.384227422056E-02));
#6542 = CARTESIAN_POINT('',(-0.295627370598,-5.384227422055E-02));
#6543 = CARTESIAN_POINT('',(-0.236500383163,-5.384227422054E-02));
#6544 = CARTESIAN_POINT('',(-0.177376044224,-5.384227422058E-02));
#6545 = CARTESIAN_POINT('',(-0.118251705261,-5.384227422052E-02));
#6546 = CARTESIAN_POINT('',(-5.912471780038E-02,-5.384227422056E-02));
#6547 = CARTESIAN_POINT('',(0.,-5.384227422055E-02));
#6548 = ( GEOMETRIC_REPRESENTATION_CONTEXT(2)
PARAMETRIC_REPRESENTATION_CONTEXT() REPRESENTATION_CONTEXT('2D SPACE',''
  ) );
#6549 = PCURVE('',#4719,#6550);
#6550 = DEFINITIONAL_REPRESENTATION('',(#6551),#6564);
#6551 = B_SPLINE_CURVE_WITH_KNOTS('',6,(#6552,#6553,#6554,#6555,#6556,
    #6557,#6558,#6559,#6560,#6561,#6562,#6563),.UNSPECIFIED.,.F.,.F.,(7,
    5,7),(0.,0.502377159334,1.),.UNSPECIFIED.);
#6552 = CARTESIAN_POINT('',(1.256637061436,4.053842274221));
#6553 = CARTESIAN_POINT('',(1.196947390725,4.053842274221));
#6554 = CARTESIAN_POINT('',(1.13725543019,4.053842274221));
#6555 = CARTESIAN_POINT('',(1.077566249655,4.053842274221));
#6556 = CARTESIAN_POINT('',(1.017877062959,4.053842274221));
#6557 = CARTESIAN_POINT('',(0.958185093307,4.053842274221));
#6558 = CARTESIAN_POINT('',(0.839370785628,4.053842274221));
#6559 = CARTESIAN_POINT('',(0.780243798767,4.053842274221));
#6560 = CARTESIAN_POINT('',(0.721119458937,4.053842274221));
#6561 = CARTESIAN_POINT('',(0.661995120459,4.053842274221));
#6562 = CARTESIAN_POINT('',(0.602868132818,4.053842274221));
#6563 = CARTESIAN_POINT('',(0.543743415076,4.053842274221));
#6564 = ( GEOMETRIC_REPRESENTATION_CONTEXT(2)
PARAMETRIC_REPRESENTATION_CONTEXT() REPRESENTATION_CONTEXT('2D SPACE',''
  ) );
#6565 = ADVANCED_FACE('',(#6566),#3859,.F.);
#6566 = FACE_BOUND('',#6567,.F.);
#6567 = EDGE_LOOP('',(#6568,#6569,#6570,#6629));
#6568 = ORIENTED_EDGE('',*,*,#5339,.T.);
#6569 = ORIENTED_EDGE('',*,*,#5471,.F.);
#6570 = ORIENTED_EDGE('',*,*,#6571,.T.);
#6571 = EDGE_CURVE('',#5437,#3468,#6572,.T.);
#6572 = SURFACE_CURVE('',#6573,(#6616,#6623),.PCURVE_S1.);
#6573 = B_SPLINE_CURVE_WITH_KNOTS('',11,(#6574,#6575,#6576,#6577,#6578,
    #6579,#6580,#6581,#6582,#6583,#6584,#6585,#6586,#6587,#6588,#6589,
    #6590,#6591,#6592,#6593,#6594,#6595,#6596,#6597,#6598,#6599,#6600,
    #6601,#6602,#6603,#6604,#6605,#6606,#6607,#6608,#6609,#6610,#6611,
    #6612,#6613,#6614,#6615),.UNSPECIFIED.,.F.,.F.,(12,10,10,10,12),(0.,
    4.,8.,12.,16.),.UNSPECIFIED.);
#6574 = CARTESIAN_POINT('',(11.568943019562,-8.405329107782,-4.));
#6575 = CARTESIAN_POINT('',(16.370055778836,-1.797164307773,
    -3.636363636364));
#6576 = CARTESIAN_POINT('',(17.019912217033,7.826816103579,
    -3.272727272728));
#6577 = CARTESIAN_POINT('',(11.405187910144,17.576013983295,
    -2.90909090909));
#6578 = CARTESIAN_POINT('',(-0.269916513109,22.857571382526,
    -2.545454545456));
#6579 = CARTESIAN_POINT('',(-14.17226238803,19.642647496838,
    -2.181818181817));
#6580 = CARTESIAN_POINT('',(-23.06073782579,7.408710603707,
    -1.818181818183));
#6581 = CARTESIAN_POINT('',(-21.82225099962,-6.806672148628,
    -1.454545454545));
#6582 = CARTESIAN_POINT('',(-13.19138574105,-16.27826529577,
    -1.09090909091));
#6583 = CARTESIAN_POINT('',(-2.184302339307,-18.6055176086,
    -0.727272727273));
#6584 = CARTESIAN_POINT('',(6.767830260283,-15.01349390779,
    -0.363636363636));
#6585 = CARTESIAN_POINT('',(16.370055778842,-1.797164307765,
    0.363636363636));
#6586 = CARTESIAN_POINT('',(17.019912217007,7.826816103545,
    0.727272727273));
#6587 = CARTESIAN_POINT('',(11.405187910196,17.57601398336,
    1.090909090909));
#6588 = CARTESIAN_POINT('',(-0.269916513164,22.857571382468,
    1.454545454546));
#6589 = CARTESIAN_POINT('',(-14.17226238802,19.64264749683,
    1.818181818182));
#6590 = CARTESIAN_POINT('',(-23.06073782573,7.4087106038,2.181818181818)
  );
#6591 = CARTESIAN_POINT('',(-21.82225099972,-6.806672148756,
    2.545454545455));
#6592 = CARTESIAN_POINT('',(-13.19138574097,-16.27826529568,
    2.90909090909));
#6593 = CARTESIAN_POINT('',(-2.184302339343,-18.60551760864,
    3.272727272728));
#6594 = CARTESIAN_POINT('',(6.76783026029,-15.01349390779,3.636363636364
    ));
#6595 = CARTESIAN_POINT('',(16.370055778839,-1.797164307766,
    4.363636363636));
#6596 = CARTESIAN_POINT('',(17.019912217008,7.826816103532,
    4.727272727272));
#6597 = CARTESIAN_POINT('',(11.405187910205,17.576013983401,
    5.090909090911));
#6598 = CARTESIAN_POINT('',(-0.269916513188,22.85757138239,
    5.454545454541));
#6599 = CARTESIAN_POINT('',(-14.17226238798,19.642647496931,
    5.818181818188));
#6600 = CARTESIAN_POINT('',(-23.06073782577,7.408710603702,
    6.181818181813));
#6601 = CARTESIAN_POINT('',(-21.82225099968,-6.806672148686,
    6.545454545458));
#6602 = CARTESIAN_POINT('',(-13.19138574099,-16.27826529571,
    6.909090909089));
#6603 = CARTESIAN_POINT('',(-2.184302339336,-18.60551760863,
    7.272727272728));
#6604 = CARTESIAN_POINT('',(6.767830260288,-15.01349390779,
    7.636363636363));
#6605 = CARTESIAN_POINT('',(16.370055778843,-1.797164307759,
    8.363636363636));
#6606 = CARTESIAN_POINT('',(17.01991221699,7.826816103511,8.727272727273
    ));
#6607 = CARTESIAN_POINT('',(11.405187910243,17.576013983412,
    9.090909090908));
#6608 = CARTESIAN_POINT('',(-0.269916513218,22.857571382468,
    9.454545454548));
#6609 = CARTESIAN_POINT('',(-14.17226238802,19.642647496685,
    9.818181818178));
#6610 = CARTESIAN_POINT('',(-23.06073782564,7.408710604097,
    10.181818181822));
#6611 = CARTESIAN_POINT('',(-21.82225099986,-6.806672149091,
    10.545454545452));
#6612 = CARTESIAN_POINT('',(-13.19138574085,-16.27826529543,
    10.909090909092));
#6613 = CARTESIAN_POINT('',(-2.184302339408,-18.60551760876,
    11.272727272727));
#6614 = CARTESIAN_POINT('',(6.76783026031,-15.01349390775,
    11.636363636364));
#6615 = CARTESIAN_POINT('',(11.568943019562,-8.405329107783,12.));
#6616 = PCURVE('',#3859,#6617);
#6617 = DEFINITIONAL_REPRESENTATION('',(#6618),#6622);
#6618 = LINE('',#6619,#6620);
#6619 = CARTESIAN_POINT('',(26.896509715561,0.));
#6620 = VECTOR('',#6621,1.);
#6621 = DIRECTION('',(0.,1.));
#6622 = ( GEOMETRIC_REPRESENTATION_CONTEXT(2)
PARAMETRIC_REPRESENTATION_CONTEXT() REPRESENTATION_CONTEXT('2D SPACE',''
  ) );
#6623 = PCURVE('',#4719,#6624);
#6624 = DEFINITIONAL_REPRESENTATION('',(#6625),#6628);
#6625 = B_SPLINE_CURVE_WITH_KNOTS('',1,(#6626,#6627),.UNSPECIFIED.,.F.,
  .F.,(2,2),(0.,16.),.PIECEWISE_BEZIER_KNOTS.);
#6626 = CARTESIAN_POINT('',(0.,0.));
#6627 = CARTESIAN_POINT('',(0.,16.));
#6628 = ( GEOMETRIC_REPRESENTATION_CONTEXT(2)
PARAMETRIC_REPRESENTATION_CONTEXT() REPRESENTATION_CONTEXT('2D SPACE',''
  ) );
#6629 = ORIENTED_EDGE('',*,*,#3467,.T.);
#6630 = ADVANCED_FACE('',(#6631),#4719,.F.);
#6631 = FACE_BOUND('',#6632,.F.);
#6632 = EDGE_LOOP('',(#6633,#6634,#6635,#6636,#6695,#6696));
#6633 = ORIENTED_EDGE('',*,*,#6571,.F.);
#6634 = ORIENTED_EDGE('',*,*,#5436,.F.);
#6635 = ORIENTED_EDGE('',*,*,#6518,.F.);
#6636 = ORIENTED_EDGE('',*,*,#6637,.T.);
#6637 = EDGE_CURVE('',#5953,#1960,#6638,.T.);
#6638 = SURFACE_CURVE('',#6639,(#6682,#6689),.PCURVE_S1.);
#6639 = ( BOUNDED_CURVE() B_SPLINE_CURVE(11,(#6640,#6641,#6642,#6643,
    #6644,#6645,#6646,#6647,#6648,#6649,#6650,#6651,#6652,#6653,#6654,
    #6655,#6656,#6657,#6658,#6659,#6660,#6661,#6662,#6663,#6664,#6665,
    #6666,#6667,#6668,#6669,#6670,#6671,#6672,#6673,#6674,#6675,#6676,
    #6677,#6678,#6679,#6680,#6681),.UNSPECIFIED.,.F.,.F.)
B_SPLINE_CURVE_WITH_KNOTS((12,10,10,10,12),(0.,4.,8.,12.,16.),
.UNSPECIFIED.) CURVE() GEOMETRIC_REPRESENTATION_ITEM()
RATIONAL_B_SPLINE_CURVE((1.019963784883,1.019963784883,1.019963784883,
    1.019963784883,1.019963784883,1.019963784883,1.019963784883,
    1.019963784883,1.019963784883,1.019963784883,1.019963784883,
    1.019963784883,1.019963784883,1.019963784883,1.019963784883,
    1.019963784883,1.019963784883,1.019963784883,1.019963784883,
    1.019963784883,1.019963784883,1.019963784883,1.019963784883,
    1.019963784883,1.019963784884,1.019963784882,1.019963784884,
    1.019963784882,1.019963784883,1.019963784883,1.019963784883,
    1.019963784883,1.019963784883,1.019963784883,1.019963784883,
    1.019963784883,1.019963784883,1.019963784883,1.019963784883,
1.019963784883,1.019963784883,1.019963784883)) REPRESENTATION_ITEM('')
  );
#6640 = CARTESIAN_POINT('',(11.568943019562,8.405329107782,-4.));
#6641 = CARTESIAN_POINT('',(6.767830260287,15.013493907791,
    -3.636363636363));
#6642 = CARTESIAN_POINT('',(-2.184302339319,18.605517608634,
    -3.272727272728));
#6643 = CARTESIAN_POINT('',(-13.19138574103,16.278265295724,
    -2.909090909087));
#6644 = CARTESIAN_POINT('',(-21.82225099963,6.806672148692,
    -2.545454545462));
#6645 = CARTESIAN_POINT('',(-23.0607378258,-7.408710603753,
    -2.181818181807));
#6646 = CARTESIAN_POINT('',(-14.17226238799,-19.64264749683,
    -1.818181818195));
#6647 = CARTESIAN_POINT('',(-0.269916513166,-22.85757138249,
    -1.454545454535));
#6648 = CARTESIAN_POINT('',(11.405187910187,-17.57601398332,
    -1.090909090915));
#6649 = CARTESIAN_POINT('',(17.019912217013,-7.82681610356,
    -0.727272727271));
#6650 = CARTESIAN_POINT('',(16.370055778842,1.797164307767,
    -0.363636363637));
#6651 = CARTESIAN_POINT('',(6.767830260281,15.013493907799,
    0.363636363636));
#6652 = CARTESIAN_POINT('',(-2.184302339294,18.605517608599,
    0.727272727274));
#6653 = CARTESIAN_POINT('',(-13.19138574107,16.278265295793,
    1.090909090906));
#6654 = CARTESIAN_POINT('',(-21.8222509996,6.80667214862,1.454545454553)
  );
#6655 = CARTESIAN_POINT('',(-23.06073782579,-7.408710603738,
    1.818181818169));
#6656 = CARTESIAN_POINT('',(-14.17226238806,-19.64264749676,
    2.181818181833));
#6657 = CARTESIAN_POINT('',(-0.269916513074,-22.85757138261,
    2.545454545442));
#6658 = CARTESIAN_POINT('',(11.405187910122,-17.57601398322,
    2.909090909099));
#6659 = CARTESIAN_POINT('',(17.01991221704,-7.826816103605,
    3.272727272724));
#6660 = CARTESIAN_POINT('',(16.370055778838,1.797164307775,
    3.636363636364));
#6661 = CARTESIAN_POINT('',(6.767830260281,15.013493907797,
    4.363636363635));
#6662 = CARTESIAN_POINT('',(-2.184302339282,18.605517608593,
    4.727272727276));
#6663 = CARTESIAN_POINT('',(-13.19138574112,16.278265295821,5.0909090909
    ));
#6664 = CARTESIAN_POINT('',(-21.82225099952,6.806672148567,5.45454545456
    ));
#6665 = CARTESIAN_POINT('',(-23.06073782589,-7.408710603674,
    5.818181818162));
#6666 = CARTESIAN_POINT('',(-14.17226238797,-19.64264749681,
    6.181818181838));
#6667 = CARTESIAN_POINT('',(-0.269916513128,-22.85757138257,
    6.545454545439));
#6668 = CARTESIAN_POINT('',(11.405187910145,-17.57601398325,
    6.909090909099));
#6669 = CARTESIAN_POINT('',(17.019912217032,-7.826816103595,
    7.272727272724));
#6670 = CARTESIAN_POINT('',(16.37005577884,1.797164307772,7.636363636364
    ));
#6671 = CARTESIAN_POINT('',(6.767830260276,15.013493907802,
    8.363636363636));
#6672 = CARTESIAN_POINT('',(-2.18430233927,18.605517608571,
    8.727272727274));
#6673 = CARTESIAN_POINT('',(-13.19138574111,16.278265295855,
    9.090909090907));
#6674 = CARTESIAN_POINT('',(-21.82225099962,6.806672148569,
    9.454545454549));
#6675 = CARTESIAN_POINT('',(-23.06073782564,-7.408710603783,
    9.818181818178));
#6676 = CARTESIAN_POINT('',(-14.17226238832,-19.64264749658,
    10.181818181821));
#6677 = CARTESIAN_POINT('',(-0.269916512792,-22.85757138285,
    10.545454545454));
#6678 = CARTESIAN_POINT('',(11.405187909924,-17.57601398303,
    10.90909090909));
#6679 = CARTESIAN_POINT('',(17.019912217131,-7.826816103704,
    11.272727272728));
#6680 = CARTESIAN_POINT('',(16.370055778813,1.797164307805,
    11.636363636363));
#6681 = CARTESIAN_POINT('',(11.568943019562,8.405329107782,12.));
#6682 = PCURVE('',#4719,#6683);
#6683 = DEFINITIONAL_REPRESENTATION('',(#6684),#6688);
#6684 = LINE('',#6685,#6686);
#6685 = CARTESIAN_POINT('',(1.256637061436,0.));
#6686 = VECTOR('',#6687,1.);
#6687 = DIRECTION('',(0.,1.));
#6688 = ( GEOMETRIC_REPRESENTATION_CONTEXT(2)
PARAMETRIC_REPRESENTATION_CONTEXT() REPRESENTATION_CONTEXT('2D SPACE',''
  ) );
#6689 = PCURVE('',#2281,#6690);
#6690 = DEFINITIONAL_REPRESENTATION('',(#6691),#6694);
#6691 = B_SPLINE_CURVE_WITH_KNOTS('',1,(#6692,#6693),.UNSPECIFIED.,.F.,
  .F.,(2,2),(0.,16.),.PIECEWISE_BEZIER_KNOTS.);
#6692 = CARTESIAN_POINT('',(0.,0.));
#6693 = CARTESIAN_POINT('',(0.,16.));
#6694 = ( GEOMETRIC_REPRESENTATION_CONTEXT(2)
PARAMETRIC_REPRESENTATION_CONTEXT() REPRESENTATION_CONTEXT('2D SPACE',''
  ) );
#6695 = ORIENTED_EDGE('',*,*,#5050,.T.);
#6696 = ORIENTED_EDGE('',*,*,#4685,.T.);
#6697 = ADVANCED_FACE('',(#6698),#2281,.F.);
#6698 = FACE_BOUND('',#6699,.F.);
#6699 = EDGE_LOOP('',(#6700,#6701,#6702,#6703));
#6700 = ORIENTED_EDGE('',*,*,#6637,.F.);
#6701 = ORIENTED_EDGE('',*,*,#5952,.F.);
#6702 = ORIENTED_EDGE('',*,*,#5087,.F.);
#6703 = ORIENTED_EDGE('',*,*,#1957,.T.);
#6704 = ADVANCED_FACE('',(#6705),#125,.F.);
#6705 = FACE_BOUND('',#6706,.T.);
#6706 = EDGE_LOOP('',(#6707,#6708,#6709,#6710));
#6707 = ORIENTED_EDGE('',*,*,#1827,.F.);
#6708 = ORIENTED_EDGE('',*,*,#1895,.F.);
#6709 = ORIENTED_EDGE('',*,*,#112,.T.);
#6710 = ORIENTED_EDGE('',*,*,#6711,.T.);
#6711 = EDGE_CURVE('',#24,#1804,#6712,.T.);
#6712 = SURFACE_CURVE('',#6713,(#6718,#6725),.PCURVE_S1.);
#6713 = CIRCLE('',#6714,1.2);
#6714 = AXIS2_PLACEMENT_3D('',#6715,#6716,#6717);
#6715 = CARTESIAN_POINT('',(15.58845726812,9.,0.));
#6716 = DIRECTION('',(0.,0.,-1.));
#6717 = DIRECTION('',(1.,0.,0.));
#6718 = PCURVE('',#125,#6719);
#6719 = DEFINITIONAL_REPRESENTATION('',(#6720),#6724);
#6720 = LINE('',#6721,#6722);
#6721 = CARTESIAN_POINT('',(-6.28318530718,-1.));
#6722 = VECTOR('',#6723,1.);
#6723 = DIRECTION('',(1.,-0.));
#6724 = ( GEOMETRIC_REPRESENTATION_CONTEXT(2)
PARAMETRIC_REPRESENTATION_CONTEXT() REPRESENTATION_CONTEXT('2D SPACE',''
  ) );
#6725 = PCURVE('',#45,#6726);
#6726 = DEFINITIONAL_REPRESENTATION('',(#6727),#6735);
#6727 = ( BOUNDED_CURVE() B_SPLINE_CURVE(2,(#6728,#6729,#6730,#6731,
#6732,#6733,#6734),.UNSPECIFIED.,.T.,.F.) B_SPLINE_CURVE_WITH_KNOTS((1,2
    ,2,2,2,1),(-2.094395102393,0.,2.094395102393,4.188790204786,
6.28318530718,8.377580409573),.UNSPECIFIED.) CURVE()
GEOMETRIC_REPRESENTATION_ITEM() RATIONAL_B_SPLINE_CURVE((1.,0.5,1.,0.5,
1.,0.5,1.)) REPRESENTATION_ITEM('') );
#6728 = CARTESIAN_POINT('',(16.78845726812,9.));
#6729 = CARTESIAN_POINT('',(16.78845726812,6.921539030917));
#6730 = CARTESIAN_POINT('',(14.98845726812,7.960769515459));
#6731 = CARTESIAN_POINT('',(13.18845726812,9.));
#6732 = CARTESIAN_POINT('',(14.98845726812,10.039230484541));
#6733 = CARTESIAN_POINT('',(16.78845726812,11.078460969083));
#6734 = CARTESIAN_POINT('',(16.78845726812,9.));
#6735 = ( GEOMETRIC_REPRESENTATION_CONTEXT(2)
PARAMETRIC_REPRESENTATION_CONTEXT() REPRESENTATION_CONTEXT('2D SPACE',''
  ) );
#6736 = ADVANCED_FACE('',(#6737,#6763),#45,.F.);
#6737 = FACE_BOUND('',#6738,.F.);
#6738 = EDGE_LOOP('',(#6739,#6740,#6741,#6742,#6743,#6744,#6745,#6746,
    #6747,#6748,#6749,#6750,#6751,#6752,#6753,#6754,#6755,#6756,#6757,
    #6758,#6759,#6760,#6761,#6762));
#6739 = ORIENTED_EDGE('',*,*,#1301,.F.);
#6740 = ORIENTED_EDGE('',*,*,#1171,.T.);
#6741 = ORIENTED_EDGE('',*,*,#1145,.F.);
#6742 = ORIENTED_EDGE('',*,*,#1015,.T.);
#6743 = ORIENTED_EDGE('',*,*,#989,.F.);
#6744 = ORIENTED_EDGE('',*,*,#859,.T.);
#6745 = ORIENTED_EDGE('',*,*,#833,.F.);
#6746 = ORIENTED_EDGE('',*,*,#703,.T.);
#6747 = ORIENTED_EDGE('',*,*,#674,.T.);
#6748 = ORIENTED_EDGE('',*,*,#543,.T.);
#6749 = ORIENTED_EDGE('',*,*,#487,.T.);
#6750 = ORIENTED_EDGE('',*,*,#383,.T.);
#6751 = ORIENTED_EDGE('',*,*,#327,.T.);
#6752 = ORIENTED_EDGE('',*,*,#223,.T.);
#6753 = ORIENTED_EDGE('',*,*,#194,.T.);
#6754 = ORIENTED_EDGE('',*,*,#21,.T.);
#6755 = ORIENTED_EDGE('',*,*,#6711,.T.);
#6756 = ORIENTED_EDGE('',*,*,#1803,.T.);
#6757 = ORIENTED_EDGE('',*,*,#1747,.T.);
#6758 = ORIENTED_EDGE('',*,*,#1643,.T.);
#6759 = ORIENTED_EDGE('',*,*,#1587,.T.);
#6760 = ORIENTED_EDGE('',*,*,#1483,.T.);
#6761 = ORIENTED_EDGE('',*,*,#1457,.F.);
#6762 = ORIENTED_EDGE('',*,*,#1327,.T.);
#6763 = FACE_BOUND('',#6764,.F.);
#6764 = EDGE_LOOP('',(#6765));
#6765 = ORIENTED_EDGE('',*,*,#5413,.F.);
#6766 = ( GEOMETRIC_REPRESENTATION_CONTEXT(3)
GLOBAL_UNCERTAINTY_ASSIGNED_CONTEXT((#6770))
GLOBAL_UNIT_ASSIGNED_CONTEXT((#6767,#6768,#6769)) REPRESENTATION_CONTEXT
('Context #1','3D Context with UNIT and UNCERTAINTY') );
#6767 = ( LENGTH_UNIT() NAMED_UNIT(*) SI_UNIT(.MILLI.,.METRE.) );
#6768 = ( NAMED_UNIT(*) PLANE_ANGLE_UNIT() SI_UNIT($,.RADIAN.) );
#6769 = ( NAMED_UNIT(*) SI_UNIT($,.STERADIAN.) SOLID_ANGLE_UNIT() );
#6770 = UNCERTAINTY_MEASURE_WITH_UNIT(LENGTH_MEASURE(1.E-05),#6767,
  'distance_accuracy_value','confusion accuracy');
#6771 = PRODUCT_RELATED_PRODUCT_CATEGORY('part',$,(#7));
ENDSEC;
END-ISO-10303-21;
