ISO-10303-21;
HEADER;
FILE_DESCRIPTION(('Open CASCADE Model'),'2;1');
FILE_NAME('Open CASCADE Shape Model','2026-09-21T17:43:38',('Author'),(
    'Open CASCADE'),'Open CASCADE STEP processor 7.9','Open CASCADE 7.9'
  ,'Unknown');
FILE_SCHEMA(('AUTOMOTIVE_DESIGN { 1 0 10303 214 1 1 1 1 }'));
ENDSEC;
DATA;
#1 = APPLICATION_PROTOCOL_DEFINITION('international standard',
  'automotive_design',2000,#2);
#2 = APPLICATION_CONTEXT(
  'core data for automotive mechanical design processes');
#3 = SHAPE_DEFINITION_REPRESENTATION(#4,#10);
#4 = PRODUCT_DEFINITION_SHAPE('','',#5);
#5 = PRODUCT_DEFINITION('design','',#6,#9);
#6 = PRODUCT_DEFINITION_FORMATION('','',#7);
#7 = PRODUCT('Open CASCADE STEP translator 7.9 4',
  'Open CASCADE STEP translator 7.9 4','',(#8));
#8 = PRODUCT_CONTEXT('',#2,'mechanical');
#9 = PRODUCT_DEFINITION_CONTEXT('part definition',#2,'design');
#10 = ADVANCED_BREP_SHAPE_REPRESENTATION('',(#11,#15),#2649);
#11 = AXIS2_PLACEMENT_3D('',#12,#13,#14);
#12 = CARTESIAN_POINT('',(0.,0.,0.));
#13 = DIRECTION('',(0.,0.,1.));
#14 = DIRECTION('',(1.,0.,-0.));
#15 = MANIFOLD_SOLID_BREP('',#16);
#16 = CLOSED_SHELL('',(#17,#137,#220,#297,#467,#517,#549,#597,#759,#784,
    #860,#910,#959,#987,#994,#1085,#1195,#1264,#1314,#1907,#1980,#2048,
    #2074,#2121,#2147,#2220,#2267,#2314,#2361,#2387,#2450,#2505,#2540,
    #2595,#2642));
#17 = ADVANCED_FACE('',(#18),#32,.T.);
#18 = FACE_BOUND('',#19,.T.);
#19 = EDGE_LOOP('',(#20,#55,#83,#111));
#20 = ORIENTED_EDGE('',*,*,#21,.T.);
#21 = EDGE_CURVE('',#22,#24,#26,.T.);
#22 = VERTEX_POINT('',#23);
#23 = CARTESIAN_POINT('',(-12.,6.2,0.45));
#24 = VERTEX_POINT('',#25);
#25 = CARTESIAN_POINT('',(-12.,6.2,20.));
#26 = SURFACE_CURVE('',#27,(#31,#43),.PCURVE_S1.);
#27 = LINE('',#28,#29);
#28 = CARTESIAN_POINT('',(-12.,6.2,0.));
#29 = VECTOR('',#30,1.);
#30 = DIRECTION('',(0.,0.,1.));
#31 = PCURVE('',#32,#37);
#32 = PLANE('',#33);
#33 = AXIS2_PLACEMENT_3D('',#34,#35,#36);
#34 = CARTESIAN_POINT('',(-12.,6.2,0.));
#35 = DIRECTION('',(0.,1.,0.));
#36 = DIRECTION('',(1.,0.,0.));
#37 = DEFINITIONAL_REPRESENTATION('',(#38),#42);
#38 = LINE('',#39,#40);
#39 = CARTESIAN_POINT('',(0.,0.));
#40 = VECTOR('',#41,1.);
#41 = DIRECTION('',(0.,-1.));
#42 = ( GEOMETRIC_REPRESENTATION_CONTEXT(2)
PARAMETRIC_REPRESENTATION_CONTEXT() REPRESENTATION_CONTEXT('2D SPACE',''
  ) );
#43 = PCURVE('',#44,#49);
#44 = CYLINDRICAL_SURFACE('',#45,6.2);
#45 = AXIS2_PLACEMENT_3D('',#46,#47,#48);
#46 = CARTESIAN_POINT('',(-12.,2.43364331096E-16,0.));
#47 = DIRECTION('',(0.,-0.,-1.));
#48 = DIRECTION('',(0.,-1.,0.));
#49 = DEFINITIONAL_REPRESENTATION('',(#50),#54);
#50 = LINE('',#51,#52);
#51 = CARTESIAN_POINT('',(3.14159265359,0.));
#52 = VECTOR('',#53,1.);
#53 = DIRECTION('',(0.,-1.));
#54 = ( GEOMETRIC_REPRESENTATION_CONTEXT(2)
PARAMETRIC_REPRESENTATION_CONTEXT() REPRESENTATION_CONTEXT('2D SPACE',''
  ) );
#55 = ORIENTED_EDGE('',*,*,#56,.T.);
#56 = EDGE_CURVE('',#24,#57,#59,.T.);
#57 = VERTEX_POINT('',#58);
#58 = CARTESIAN_POINT('',(12.,6.2,20.));
#59 = SURFACE_CURVE('',#60,(#64,#71),.PCURVE_S1.);
#60 = LINE('',#61,#62);
#61 = CARTESIAN_POINT('',(-12.,6.2,20.));
#62 = VECTOR('',#63,1.);
#63 = DIRECTION('',(1.,0.,0.));
#64 = PCURVE('',#32,#65);
#65 = DEFINITIONAL_REPRESENTATION('',(#66),#70);
#66 = LINE('',#67,#68);
#67 = CARTESIAN_POINT('',(0.,-20.));
#68 = VECTOR('',#69,1.);
#69 = DIRECTION('',(1.,0.));
#70 = ( GEOMETRIC_REPRESENTATION_CONTEXT(2)
PARAMETRIC_REPRESENTATION_CONTEXT() REPRESENTATION_CONTEXT('2D SPACE',''
  ) );
#71 = PCURVE('',#72,#77);
#72 = PLANE('',#73);
#73 = AXIS2_PLACEMENT_3D('',#74,#75,#76);
#74 = CARTESIAN_POINT('',(-6.401285907749E-17,-1.920385772325E-16,20.));
#75 = DIRECTION('',(-0.,-0.,-1.));
#76 = DIRECTION('',(-1.,0.,0.));
#77 = DEFINITIONAL_REPRESENTATION('',(#78),#82);
#78 = LINE('',#79,#80);
#79 = CARTESIAN_POINT('',(12.,6.2));
#80 = VECTOR('',#81,1.);
#81 = DIRECTION('',(-1.,0.));
#82 = ( GEOMETRIC_REPRESENTATION_CONTEXT(2)
PARAMETRIC_REPRESENTATION_CONTEXT() REPRESENTATION_CONTEXT('2D SPACE',''
  ) );
#83 = ORIENTED_EDGE('',*,*,#84,.F.);
#84 = EDGE_CURVE('',#85,#57,#87,.T.);
#85 = VERTEX_POINT('',#86);
#86 = CARTESIAN_POINT('',(12.,6.2,0.45));
#87 = SURFACE_CURVE('',#88,(#92,#99),.PCURVE_S1.);
#88 = LINE('',#89,#90);
#89 = CARTESIAN_POINT('',(12.,6.2,0.));
#90 = VECTOR('',#91,1.);
#91 = DIRECTION('',(0.,0.,1.));
#92 = PCURVE('',#32,#93);
#93 = DEFINITIONAL_REPRESENTATION('',(#94),#98);
#94 = LINE('',#95,#96);
#95 = CARTESIAN_POINT('',(24.,0.));
#96 = VECTOR('',#97,1.);
#97 = DIRECTION('',(0.,-1.));
#98 = ( GEOMETRIC_REPRESENTATION_CONTEXT(2)
PARAMETRIC_REPRESENTATION_CONTEXT() REPRESENTATION_CONTEXT('2D SPACE',''
  ) );
#99 = PCURVE('',#100,#105);
#100 = CYLINDRICAL_SURFACE('',#101,6.2);
#101 = AXIS2_PLACEMENT_3D('',#102,#103,#104);
#102 = CARTESIAN_POINT('',(12.,-2.43364331096E-16,0.));
#103 = DIRECTION('',(0.,0.,-1.));
#104 = DIRECTION('',(0.,1.,0.));
#105 = DEFINITIONAL_REPRESENTATION('',(#106),#110);
#106 = LINE('',#107,#108);
#107 = CARTESIAN_POINT('',(0.,0.));
#108 = VECTOR('',#109,1.);
#109 = DIRECTION('',(0.,-1.));
#110 = ( GEOMETRIC_REPRESENTATION_CONTEXT(2)
PARAMETRIC_REPRESENTATION_CONTEXT() REPRESENTATION_CONTEXT('2D SPACE',''
  ) );
#111 = ORIENTED_EDGE('',*,*,#112,.F.);
#112 = EDGE_CURVE('',#22,#85,#113,.T.);
#113 = SURFACE_CURVE('',#114,(#118,#125),.PCURVE_S1.);
#114 = LINE('',#115,#116);
#115 = CARTESIAN_POINT('',(-12.,6.2,0.45));
#116 = VECTOR('',#117,1.);
#117 = DIRECTION('',(1.,0.,0.));
#118 = PCURVE('',#32,#119);
#119 = DEFINITIONAL_REPRESENTATION('',(#120),#124);
#120 = LINE('',#121,#122);
#121 = CARTESIAN_POINT('',(0.,-0.45));
#122 = VECTOR('',#123,1.);
#123 = DIRECTION('',(1.,0.));
#124 = ( GEOMETRIC_REPRESENTATION_CONTEXT(2)
PARAMETRIC_REPRESENTATION_CONTEXT() REPRESENTATION_CONTEXT('2D SPACE',''
  ) );
#125 = PCURVE('',#126,#131);
#126 = PLANE('',#127);
#127 = AXIS2_PLACEMENT_3D('',#128,#129,#130);
#128 = CARTESIAN_POINT('',(-12.,5.975,0.225));
#129 = DIRECTION('',(3.296956749044E-18,0.707106781187,-0.707106781187)
  );
#130 = DIRECTION('',(1.,-2.331300474528E-18,2.331300474528E-18));
#131 = DEFINITIONAL_REPRESENTATION('',(#132),#136);
#132 = LINE('',#133,#134);
#133 = CARTESIAN_POINT('',(0.,-0.318198051534));
#134 = VECTOR('',#135,1.);
#135 = DIRECTION('',(1.,0.));
#136 = ( GEOMETRIC_REPRESENTATION_CONTEXT(2)
PARAMETRIC_REPRESENTATION_CONTEXT() REPRESENTATION_CONTEXT('2D SPACE',''
  ) );
#137 = ADVANCED_FACE('',(#138),#44,.T.);
#138 = FACE_BOUND('',#139,.T.);
#139 = EDGE_LOOP('',(#140,#170,#192,#193));
#140 = ORIENTED_EDGE('',*,*,#141,.T.);
#141 = EDGE_CURVE('',#142,#144,#146,.T.);
#142 = VERTEX_POINT('',#143);
#143 = CARTESIAN_POINT('',(-12.,-6.2,0.45));
#144 = VERTEX_POINT('',#145);
#145 = CARTESIAN_POINT('',(-12.,-6.2,20.));
#146 = SURFACE_CURVE('',#147,(#151,#158),.PCURVE_S1.);
#147 = LINE('',#148,#149);
#148 = CARTESIAN_POINT('',(-12.,-6.2,0.));
#149 = VECTOR('',#150,1.);
#150 = DIRECTION('',(0.,0.,1.));
#151 = PCURVE('',#44,#152);
#152 = DEFINITIONAL_REPRESENTATION('',(#153),#157);
#153 = LINE('',#154,#155);
#154 = CARTESIAN_POINT('',(0.,0.));
#155 = VECTOR('',#156,1.);
#156 = DIRECTION('',(0.,-1.));
#157 = ( GEOMETRIC_REPRESENTATION_CONTEXT(2)
PARAMETRIC_REPRESENTATION_CONTEXT() REPRESENTATION_CONTEXT('2D SPACE',''
  ) );
#158 = PCURVE('',#159,#164);
#159 = PLANE('',#160);
#160 = AXIS2_PLACEMENT_3D('',#161,#162,#163);
#161 = CARTESIAN_POINT('',(12.,-6.2,0.));
#162 = DIRECTION('',(0.,-1.,0.));
#163 = DIRECTION('',(-1.,0.,0.));
#164 = DEFINITIONAL_REPRESENTATION('',(#165),#169);
#165 = LINE('',#166,#167);
#166 = CARTESIAN_POINT('',(24.,0.));
#167 = VECTOR('',#168,1.);
#168 = DIRECTION('',(0.,-1.));
#169 = ( GEOMETRIC_REPRESENTATION_CONTEXT(2)
PARAMETRIC_REPRESENTATION_CONTEXT() REPRESENTATION_CONTEXT('2D SPACE',''
  ) );
#170 = ORIENTED_EDGE('',*,*,#171,.T.);
#171 = EDGE_CURVE('',#144,#24,#172,.T.);
#172 = SURFACE_CURVE('',#173,(#178,#185),.PCURVE_S1.);
#173 = CIRCLE('',#174,6.2);
#174 = AXIS2_PLACEMENT_3D('',#175,#176,#177);
#175 = CARTESIAN_POINT('',(-12.,2.43364331096E-16,20.));
#176 = DIRECTION('',(0.,-0.,-1.));
#177 = DIRECTION('',(0.,-1.,0.));
#178 = PCURVE('',#44,#179);
#179 = DEFINITIONAL_REPRESENTATION('',(#180),#184);
#180 = LINE('',#181,#182);
#181 = CARTESIAN_POINT('',(0.,-20.));
#182 = VECTOR('',#183,1.);
#183 = DIRECTION('',(1.,0.));
#184 = ( GEOMETRIC_REPRESENTATION_CONTEXT(2)
PARAMETRIC_REPRESENTATION_CONTEXT() REPRESENTATION_CONTEXT('2D SPACE',''
  ) );
#185 = PCURVE('',#72,#186);
#186 = DEFINITIONAL_REPRESENTATION('',(#187),#191);
#187 = CIRCLE('',#188,6.2);
#188 = AXIS2_PLACEMENT_2D('',#189,#190);
#189 = CARTESIAN_POINT('',(12.,4.354029083284E-16));
#190 = DIRECTION('',(0.,-1.));
#191 = ( GEOMETRIC_REPRESENTATION_CONTEXT(2)
PARAMETRIC_REPRESENTATION_CONTEXT() REPRESENTATION_CONTEXT('2D SPACE',''
  ) );
#192 = ORIENTED_EDGE('',*,*,#21,.F.);
#193 = ORIENTED_EDGE('',*,*,#194,.F.);
#194 = EDGE_CURVE('',#142,#22,#195,.T.);
#195 = SURFACE_CURVE('',#196,(#201,#208),.PCURVE_S1.);
#196 = CIRCLE('',#197,6.2);
#197 = AXIS2_PLACEMENT_3D('',#198,#199,#200);
#198 = CARTESIAN_POINT('',(-12.,2.43364331096E-16,0.45));
#199 = DIRECTION('',(-0.,0.,-1.));
#200 = DIRECTION('',(-0.,-1.,0.));
#201 = PCURVE('',#44,#202);
#202 = DEFINITIONAL_REPRESENTATION('',(#203),#207);
#203 = LINE('',#204,#205);
#204 = CARTESIAN_POINT('',(0.,-0.45));
#205 = VECTOR('',#206,1.);
#206 = DIRECTION('',(1.,0.));
#207 = ( GEOMETRIC_REPRESENTATION_CONTEXT(2)
PARAMETRIC_REPRESENTATION_CONTEXT() REPRESENTATION_CONTEXT('2D SPACE',''
  ) );
#208 = PCURVE('',#209,#214);
#209 = CONICAL_SURFACE('',#210,6.2,0.785398163397);
#210 = AXIS2_PLACEMENT_3D('',#211,#212,#213);
#211 = CARTESIAN_POINT('',(-12.,2.43364331096E-16,0.45));
#212 = DIRECTION('',(0.,-0.,1.));
#213 = DIRECTION('',(-0.,-1.,0.));
#214 = DEFINITIONAL_REPRESENTATION('',(#215),#219);
#215 = LINE('',#216,#217);
#216 = CARTESIAN_POINT('',(-0.,-0.));
#217 = VECTOR('',#218,1.);
#218 = DIRECTION('',(-1.,-0.));
#219 = ( GEOMETRIC_REPRESENTATION_CONTEXT(2)
PARAMETRIC_REPRESENTATION_CONTEXT() REPRESENTATION_CONTEXT('2D SPACE',''
  ) );
#220 = ADVANCED_FACE('',(#221),#126,.T.);
#221 = FACE_BOUND('',#222,.T.);
#222 = EDGE_LOOP('',(#223,#244,#245,#271));
#223 = ORIENTED_EDGE('',*,*,#224,.F.);
#224 = EDGE_CURVE('',#22,#225,#227,.T.);
#225 = VERTEX_POINT('',#226);
#226 = CARTESIAN_POINT('',(-12.,5.75,4.718447854657E-16));
#227 = SURFACE_CURVE('',#228,(#232,#238),.PCURVE_S1.);
#228 = LINE('',#229,#230);
#229 = CARTESIAN_POINT('',(-12.,5.975,0.225));
#230 = VECTOR('',#231,1.);
#231 = DIRECTION('',(-3.405797163643E-34,-0.707106781187,-0.707106781187
    ));
#232 = PCURVE('',#126,#233);
#233 = DEFINITIONAL_REPRESENTATION('',(#234),#237);
#234 = B_SPLINE_CURVE_WITH_KNOTS('',1,(#235,#236),.UNSPECIFIED.,.F.,.F.,
  (2,2),(-0.318198051534,0.318198051534),.PIECEWISE_BEZIER_KNOTS.);
#235 = CARTESIAN_POINT('',(0.,-0.318198051534));
#236 = CARTESIAN_POINT('',(0.,0.318198051534));
#237 = ( GEOMETRIC_REPRESENTATION_CONTEXT(2)
PARAMETRIC_REPRESENTATION_CONTEXT() REPRESENTATION_CONTEXT('2D SPACE',''
  ) );
#238 = PCURVE('',#209,#239);
#239 = DEFINITIONAL_REPRESENTATION('',(#240),#243);
#240 = B_SPLINE_CURVE_WITH_KNOTS('',1,(#241,#242),.UNSPECIFIED.,.F.,.F.,
  (2,2),(-0.318198051534,0.318198051534),.PIECEWISE_BEZIER_KNOTS.);
#241 = CARTESIAN_POINT('',(-3.14159265359,0.));
#242 = CARTESIAN_POINT('',(-3.14159265359,-0.45));
#243 = ( GEOMETRIC_REPRESENTATION_CONTEXT(2)
PARAMETRIC_REPRESENTATION_CONTEXT() REPRESENTATION_CONTEXT('2D SPACE',''
  ) );
#244 = ORIENTED_EDGE('',*,*,#112,.T.);
#245 = ORIENTED_EDGE('',*,*,#246,.T.);
#246 = EDGE_CURVE('',#85,#247,#249,.T.);
#247 = VERTEX_POINT('',#248);
#248 = CARTESIAN_POINT('',(12.,5.75,5.273559366969E-16));
#249 = SURFACE_CURVE('',#250,(#254,#260),.PCURVE_S1.);
#250 = LINE('',#251,#252);
#251 = CARTESIAN_POINT('',(12.,5.975,0.225));
#252 = VECTOR('',#253,1.);
#253 = DIRECTION('',(-3.405797163643E-34,-0.707106781187,-0.707106781187
    ));
#254 = PCURVE('',#126,#255);
#255 = DEFINITIONAL_REPRESENTATION('',(#256),#259);
#256 = B_SPLINE_CURVE_WITH_KNOTS('',1,(#257,#258),.UNSPECIFIED.,.F.,.F.,
  (2,2),(-0.318198051534,0.318198051534),.PIECEWISE_BEZIER_KNOTS.);
#257 = CARTESIAN_POINT('',(24.,-0.318198051534));
#258 = CARTESIAN_POINT('',(24.,0.318198051534));
#259 = ( GEOMETRIC_REPRESENTATION_CONTEXT(2)
PARAMETRIC_REPRESENTATION_CONTEXT() REPRESENTATION_CONTEXT('2D SPACE',''
  ) );
#260 = PCURVE('',#261,#266);
#261 = CONICAL_SURFACE('',#262,6.2,0.785398163397);
#262 = AXIS2_PLACEMENT_3D('',#263,#264,#265);
#263 = CARTESIAN_POINT('',(12.,-2.43364331096E-16,0.45));
#264 = DIRECTION('',(0.,-0.,1.));
#265 = DIRECTION('',(0.,1.,0.));
#266 = DEFINITIONAL_REPRESENTATION('',(#267),#270);
#267 = B_SPLINE_CURVE_WITH_KNOTS('',1,(#268,#269),.UNSPECIFIED.,.F.,.F.,
  (2,2),(-0.318198051534,0.318198051534),.PIECEWISE_BEZIER_KNOTS.);
#268 = CARTESIAN_POINT('',(0.,0.));
#269 = CARTESIAN_POINT('',(0.,-0.45));
#270 = ( GEOMETRIC_REPRESENTATION_CONTEXT(2)
PARAMETRIC_REPRESENTATION_CONTEXT() REPRESENTATION_CONTEXT('2D SPACE',''
  ) );
#271 = ORIENTED_EDGE('',*,*,#272,.F.);
#272 = EDGE_CURVE('',#225,#247,#273,.T.);
#273 = SURFACE_CURVE('',#274,(#278,#285),.PCURVE_S1.);
#274 = LINE('',#275,#276);
#275 = CARTESIAN_POINT('',(-12.,5.75,0.));
#276 = VECTOR('',#277,1.);
#277 = DIRECTION('',(1.,0.,0.));
#278 = PCURVE('',#126,#279);
#279 = DEFINITIONAL_REPRESENTATION('',(#280),#284);
#280 = LINE('',#281,#282);
#281 = CARTESIAN_POINT('',(0.,0.318198051534));
#282 = VECTOR('',#283,1.);
#283 = DIRECTION('',(1.,0.));
#284 = ( GEOMETRIC_REPRESENTATION_CONTEXT(2)
PARAMETRIC_REPRESENTATION_CONTEXT() REPRESENTATION_CONTEXT('2D SPACE',''
  ) );
#285 = PCURVE('',#286,#291);
#286 = PLANE('',#287);
#287 = AXIS2_PLACEMENT_3D('',#288,#289,#290);
#288 = CARTESIAN_POINT('',(-8.339703471363E-17,-4.169851735681E-17,0.));
#289 = DIRECTION('',(-0.,-0.,-1.));
#290 = DIRECTION('',(-1.,0.,0.));
#291 = DEFINITIONAL_REPRESENTATION('',(#292),#296);
#292 = LINE('',#293,#294);
#293 = CARTESIAN_POINT('',(12.,5.75));
#294 = VECTOR('',#295,1.);
#295 = DIRECTION('',(-1.,0.));
#296 = ( GEOMETRIC_REPRESENTATION_CONTEXT(2)
PARAMETRIC_REPRESENTATION_CONTEXT() REPRESENTATION_CONTEXT('2D SPACE',''
  ) );
#297 = ADVANCED_FACE('',(#298,#414),#72,.T.);
#298 = FACE_BOUND('',#299,.T.);
#299 = EDGE_LOOP('',(#300,#330,#359,#387));
#300 = ORIENTED_EDGE('',*,*,#301,.T.);
#301 = EDGE_CURVE('',#302,#304,#306,.T.);
#302 = VERTEX_POINT('',#303);
#303 = CARTESIAN_POINT('',(-12.,10.5,20.));
#304 = VERTEX_POINT('',#305);
#305 = CARTESIAN_POINT('',(12.,10.5,20.));
#306 = SURFACE_CURVE('',#307,(#311,#318),.PCURVE_S1.);
#307 = LINE('',#308,#309);
#308 = CARTESIAN_POINT('',(-12.,10.5,20.));
#309 = VECTOR('',#310,1.);
#310 = DIRECTION('',(1.,0.,0.));
#311 = PCURVE('',#72,#312);
#312 = DEFINITIONAL_REPRESENTATION('',(#313),#317);
#313 = LINE('',#314,#315);
#314 = CARTESIAN_POINT('',(12.,10.5));
#315 = VECTOR('',#316,1.);
#316 = DIRECTION('',(-1.,0.));
#317 = ( GEOMETRIC_REPRESENTATION_CONTEXT(2)
PARAMETRIC_REPRESENTATION_CONTEXT() REPRESENTATION_CONTEXT('2D SPACE',''
  ) );
#318 = PCURVE('',#319,#324);
#319 = PLANE('',#320);
#320 = AXIS2_PLACEMENT_3D('',#321,#322,#323);
#321 = CARTESIAN_POINT('',(-12.,10.5,20.));
#322 = DIRECTION('',(0.,1.,0.));
#323 = DIRECTION('',(1.,0.,0.));
#324 = DEFINITIONAL_REPRESENTATION('',(#325),#329);
#325 = LINE('',#326,#327);
#326 = CARTESIAN_POINT('',(0.,0.));
#327 = VECTOR('',#328,1.);
#328 = DIRECTION('',(1.,0.));
#329 = ( GEOMETRIC_REPRESENTATION_CONTEXT(2)
PARAMETRIC_REPRESENTATION_CONTEXT() REPRESENTATION_CONTEXT('2D SPACE',''
  ) );
#330 = ORIENTED_EDGE('',*,*,#331,.T.);
#331 = EDGE_CURVE('',#304,#332,#334,.T.);
#332 = VERTEX_POINT('',#333);
#333 = CARTESIAN_POINT('',(12.,-10.5,20.));
#334 = SURFACE_CURVE('',#335,(#340,#347),.PCURVE_S1.);
#335 = CIRCLE('',#336,10.5);
#336 = AXIS2_PLACEMENT_3D('',#337,#338,#339);
#337 = CARTESIAN_POINT('',(12.,0.,20.));
#338 = DIRECTION('',(0.,0.,-1.));
#339 = DIRECTION('',(0.,1.,0.));
#340 = PCURVE('',#72,#341);
#341 = DEFINITIONAL_REPRESENTATION('',(#342),#346);
#342 = CIRCLE('',#343,10.5);
#343 = AXIS2_PLACEMENT_2D('',#344,#345);
#344 = CARTESIAN_POINT('',(-12.,1.920385772325E-16));
#345 = DIRECTION('',(0.,1.));
#346 = ( GEOMETRIC_REPRESENTATION_CONTEXT(2)
PARAMETRIC_REPRESENTATION_CONTEXT() REPRESENTATION_CONTEXT('2D SPACE',''
  ) );
#347 = PCURVE('',#348,#353);
#348 = CYLINDRICAL_SURFACE('',#349,10.5);
#349 = AXIS2_PLACEMENT_3D('',#350,#351,#352);
#350 = CARTESIAN_POINT('',(12.,0.,20.));
#351 = DIRECTION('',(0.,0.,-1.));
#352 = DIRECTION('',(0.,1.,0.));
#353 = DEFINITIONAL_REPRESENTATION('',(#354),#358);
#354 = LINE('',#355,#356);
#355 = CARTESIAN_POINT('',(0.,0.));
#356 = VECTOR('',#357,1.);
#357 = DIRECTION('',(1.,0.));
#358 = ( GEOMETRIC_REPRESENTATION_CONTEXT(2)
PARAMETRIC_REPRESENTATION_CONTEXT() REPRESENTATION_CONTEXT('2D SPACE',''
  ) );
#359 = ORIENTED_EDGE('',*,*,#360,.T.);
#360 = EDGE_CURVE('',#332,#361,#363,.T.);
#361 = VERTEX_POINT('',#362);
#362 = CARTESIAN_POINT('',(-12.,-10.5,20.));
#363 = SURFACE_CURVE('',#364,(#368,#375),.PCURVE_S1.);
#364 = LINE('',#365,#366);
#365 = CARTESIAN_POINT('',(12.,-10.5,20.));
#366 = VECTOR('',#367,1.);
#367 = DIRECTION('',(-1.,0.,0.));
#368 = PCURVE('',#72,#369);
#369 = DEFINITIONAL_REPRESENTATION('',(#370),#374);
#370 = LINE('',#371,#372);
#371 = CARTESIAN_POINT('',(-12.,-10.5));
#372 = VECTOR('',#373,1.);
#373 = DIRECTION('',(1.,0.));
#374 = ( GEOMETRIC_REPRESENTATION_CONTEXT(2)
PARAMETRIC_REPRESENTATION_CONTEXT() REPRESENTATION_CONTEXT('2D SPACE',''
  ) );
#375 = PCURVE('',#376,#381);
#376 = PLANE('',#377);
#377 = AXIS2_PLACEMENT_3D('',#378,#379,#380);
#378 = CARTESIAN_POINT('',(12.,-10.5,20.));
#379 = DIRECTION('',(0.,-1.,0.));
#380 = DIRECTION('',(-1.,0.,0.));
#381 = DEFINITIONAL_REPRESENTATION('',(#382),#386);
#382 = LINE('',#383,#384);
#383 = CARTESIAN_POINT('',(0.,-0.));
#384 = VECTOR('',#385,1.);
#385 = DIRECTION('',(1.,0.));
#386 = ( GEOMETRIC_REPRESENTATION_CONTEXT(2)
PARAMETRIC_REPRESENTATION_CONTEXT() REPRESENTATION_CONTEXT('2D SPACE',''
  ) );
#387 = ORIENTED_EDGE('',*,*,#388,.T.);
#388 = EDGE_CURVE('',#361,#302,#389,.T.);
#389 = SURFACE_CURVE('',#390,(#395,#402),.PCURVE_S1.);
#390 = CIRCLE('',#391,10.5);
#391 = AXIS2_PLACEMENT_3D('',#392,#393,#394);
#392 = CARTESIAN_POINT('',(-12.,0.,20.));
#393 = DIRECTION('',(0.,-0.,-1.));
#394 = DIRECTION('',(0.,-1.,0.));
#395 = PCURVE('',#72,#396);
#396 = DEFINITIONAL_REPRESENTATION('',(#397),#401);
#397 = CIRCLE('',#398,10.5);
#398 = AXIS2_PLACEMENT_2D('',#399,#400);
#399 = CARTESIAN_POINT('',(12.,1.920385772325E-16));
#400 = DIRECTION('',(0.,-1.));
#401 = ( GEOMETRIC_REPRESENTATION_CONTEXT(2)
PARAMETRIC_REPRESENTATION_CONTEXT() REPRESENTATION_CONTEXT('2D SPACE',''
  ) );
#402 = PCURVE('',#403,#408);
#403 = CYLINDRICAL_SURFACE('',#404,10.5);
#404 = AXIS2_PLACEMENT_3D('',#405,#406,#407);
#405 = CARTESIAN_POINT('',(-12.,0.,20.));
#406 = DIRECTION('',(0.,-0.,-1.));
#407 = DIRECTION('',(0.,-1.,0.));
#408 = DEFINITIONAL_REPRESENTATION('',(#409),#413);
#409 = LINE('',#410,#411);
#410 = CARTESIAN_POINT('',(0.,0.));
#411 = VECTOR('',#412,1.);
#412 = DIRECTION('',(1.,0.));
#413 = ( GEOMETRIC_REPRESENTATION_CONTEXT(2)
PARAMETRIC_REPRESENTATION_CONTEXT() REPRESENTATION_CONTEXT('2D SPACE',''
  ) );
#414 = FACE_BOUND('',#415,.T.);
#415 = EDGE_LOOP('',(#416,#417,#418,#441));
#416 = ORIENTED_EDGE('',*,*,#56,.F.);
#417 = ORIENTED_EDGE('',*,*,#171,.F.);
#418 = ORIENTED_EDGE('',*,*,#419,.F.);
#419 = EDGE_CURVE('',#420,#144,#422,.T.);
#420 = VERTEX_POINT('',#421);
#421 = CARTESIAN_POINT('',(12.,-6.2,20.));
#422 = SURFACE_CURVE('',#423,(#427,#434),.PCURVE_S1.);
#423 = LINE('',#424,#425);
#424 = CARTESIAN_POINT('',(12.,-6.2,20.));
#425 = VECTOR('',#426,1.);
#426 = DIRECTION('',(-1.,0.,0.));
#427 = PCURVE('',#72,#428);
#428 = DEFINITIONAL_REPRESENTATION('',(#429),#433);
#429 = LINE('',#430,#431);
#430 = CARTESIAN_POINT('',(-12.,-6.2));
#431 = VECTOR('',#432,1.);
#432 = DIRECTION('',(1.,0.));
#433 = ( GEOMETRIC_REPRESENTATION_CONTEXT(2)
PARAMETRIC_REPRESENTATION_CONTEXT() REPRESENTATION_CONTEXT('2D SPACE',''
  ) );
#434 = PCURVE('',#159,#435);
#435 = DEFINITIONAL_REPRESENTATION('',(#436),#440);
#436 = LINE('',#437,#438);
#437 = CARTESIAN_POINT('',(0.,-20.));
#438 = VECTOR('',#439,1.);
#439 = DIRECTION('',(1.,0.));
#440 = ( GEOMETRIC_REPRESENTATION_CONTEXT(2)
PARAMETRIC_REPRESENTATION_CONTEXT() REPRESENTATION_CONTEXT('2D SPACE',''
  ) );
#441 = ORIENTED_EDGE('',*,*,#442,.T.);
#442 = EDGE_CURVE('',#420,#57,#443,.T.);
#443 = SURFACE_CURVE('',#444,(#449,#460),.PCURVE_S1.);
#444 = CIRCLE('',#445,6.2);
#445 = AXIS2_PLACEMENT_3D('',#446,#447,#448);
#446 = CARTESIAN_POINT('',(12.,-2.43364331096E-16,20.));
#447 = DIRECTION('',(-0.,0.,1.));
#448 = DIRECTION('',(0.,-1.,0.));
#449 = PCURVE('',#72,#450);
#450 = DEFINITIONAL_REPRESENTATION('',(#451),#459);
#451 = ( BOUNDED_CURVE() B_SPLINE_CURVE(2,(#452,#453,#454,#455,#456,#457
,#458),.UNSPECIFIED.,.T.,.F.) B_SPLINE_CURVE_WITH_KNOTS((1,2,2,2,2,1),(
    -2.094395102393,0.,2.094395102393,4.188790204786,6.28318530718,
8.377580409573),.UNSPECIFIED.) CURVE() GEOMETRIC_REPRESENTATION_ITEM()
RATIONAL_B_SPLINE_CURVE((1.,0.5,1.,0.5,1.,0.5,1.)) REPRESENTATION_ITEM(
  '') );
#452 = CARTESIAN_POINT('',(-12.,-6.2));
#453 = CARTESIAN_POINT('',(-22.73871500692,-6.2));
#454 = CARTESIAN_POINT('',(-17.36935750346,3.1));
#455 = CARTESIAN_POINT('',(-12.,12.4));
#456 = CARTESIAN_POINT('',(-6.630642496536,3.1));
#457 = CARTESIAN_POINT('',(-1.261284993073,-6.2));
#458 = CARTESIAN_POINT('',(-12.,-6.2));
#459 = ( GEOMETRIC_REPRESENTATION_CONTEXT(2)
PARAMETRIC_REPRESENTATION_CONTEXT() REPRESENTATION_CONTEXT('2D SPACE',''
  ) );
#460 = PCURVE('',#100,#461);
#461 = DEFINITIONAL_REPRESENTATION('',(#462),#466);
#462 = LINE('',#463,#464);
#463 = CARTESIAN_POINT('',(3.14159265359,-20.));
#464 = VECTOR('',#465,1.);
#465 = DIRECTION('',(-1.,-0.));
#466 = ( GEOMETRIC_REPRESENTATION_CONTEXT(2)
PARAMETRIC_REPRESENTATION_CONTEXT() REPRESENTATION_CONTEXT('2D SPACE',''
  ) );
#467 = ADVANCED_FACE('',(#468),#100,.T.);
#468 = FACE_BOUND('',#469,.T.);
#469 = EDGE_LOOP('',(#470,#471,#472,#495));
#470 = ORIENTED_EDGE('',*,*,#84,.T.);
#471 = ORIENTED_EDGE('',*,*,#442,.F.);
#472 = ORIENTED_EDGE('',*,*,#473,.F.);
#473 = EDGE_CURVE('',#474,#420,#476,.T.);
#474 = VERTEX_POINT('',#475);
#475 = CARTESIAN_POINT('',(12.,-6.2,0.45));
#476 = SURFACE_CURVE('',#477,(#481,#488),.PCURVE_S1.);
#477 = LINE('',#478,#479);
#478 = CARTESIAN_POINT('',(12.,-6.2,0.));
#479 = VECTOR('',#480,1.);
#480 = DIRECTION('',(0.,0.,1.));
#481 = PCURVE('',#100,#482);
#482 = DEFINITIONAL_REPRESENTATION('',(#483),#487);
#483 = LINE('',#484,#485);
#484 = CARTESIAN_POINT('',(3.14159265359,0.));
#485 = VECTOR('',#486,1.);
#486 = DIRECTION('',(0.,-1.));
#487 = ( GEOMETRIC_REPRESENTATION_CONTEXT(2)
PARAMETRIC_REPRESENTATION_CONTEXT() REPRESENTATION_CONTEXT('2D SPACE',''
  ) );
#488 = PCURVE('',#159,#489);
#489 = DEFINITIONAL_REPRESENTATION('',(#490),#494);
#490 = LINE('',#491,#492);
#491 = CARTESIAN_POINT('',(0.,-0.));
#492 = VECTOR('',#493,1.);
#493 = DIRECTION('',(0.,-1.));
#494 = ( GEOMETRIC_REPRESENTATION_CONTEXT(2)
PARAMETRIC_REPRESENTATION_CONTEXT() REPRESENTATION_CONTEXT('2D SPACE',''
  ) );
#495 = ORIENTED_EDGE('',*,*,#496,.F.);
#496 = EDGE_CURVE('',#85,#474,#497,.T.);
#497 = SURFACE_CURVE('',#498,(#503,#510),.PCURVE_S1.);
#498 = CIRCLE('',#499,6.2);
#499 = AXIS2_PLACEMENT_3D('',#500,#501,#502);
#500 = CARTESIAN_POINT('',(12.,-2.43364331096E-16,0.45));
#501 = DIRECTION('',(-0.,0.,-1.));
#502 = DIRECTION('',(0.,1.,0.));
#503 = PCURVE('',#100,#504);
#504 = DEFINITIONAL_REPRESENTATION('',(#505),#509);
#505 = LINE('',#506,#507);
#506 = CARTESIAN_POINT('',(0.,-0.45));
#507 = VECTOR('',#508,1.);
#508 = DIRECTION('',(1.,0.));
#509 = ( GEOMETRIC_REPRESENTATION_CONTEXT(2)
PARAMETRIC_REPRESENTATION_CONTEXT() REPRESENTATION_CONTEXT('2D SPACE',''
  ) );
#510 = PCURVE('',#261,#511);
#511 = DEFINITIONAL_REPRESENTATION('',(#512),#516);
#512 = LINE('',#513,#514);
#513 = CARTESIAN_POINT('',(-0.,-0.));
#514 = VECTOR('',#515,1.);
#515 = DIRECTION('',(-1.,-0.));
#516 = ( GEOMETRIC_REPRESENTATION_CONTEXT(2)
PARAMETRIC_REPRESENTATION_CONTEXT() REPRESENTATION_CONTEXT('2D SPACE',''
  ) );
#517 = ADVANCED_FACE('',(#518),#159,.T.);
#518 = FACE_BOUND('',#519,.T.);
#519 = EDGE_LOOP('',(#520,#521,#522,#523));
#520 = ORIENTED_EDGE('',*,*,#473,.T.);
#521 = ORIENTED_EDGE('',*,*,#419,.T.);
#522 = ORIENTED_EDGE('',*,*,#141,.F.);
#523 = ORIENTED_EDGE('',*,*,#524,.F.);
#524 = EDGE_CURVE('',#474,#142,#525,.T.);
#525 = SURFACE_CURVE('',#526,(#530,#537),.PCURVE_S1.);
#526 = LINE('',#527,#528);
#527 = CARTESIAN_POINT('',(12.,-6.2,0.45));
#528 = VECTOR('',#529,1.);
#529 = DIRECTION('',(-1.,0.,0.));
#530 = PCURVE('',#159,#531);
#531 = DEFINITIONAL_REPRESENTATION('',(#532),#536);
#532 = LINE('',#533,#534);
#533 = CARTESIAN_POINT('',(0.,-0.45));
#534 = VECTOR('',#535,1.);
#535 = DIRECTION('',(1.,0.));
#536 = ( GEOMETRIC_REPRESENTATION_CONTEXT(2)
PARAMETRIC_REPRESENTATION_CONTEXT() REPRESENTATION_CONTEXT('2D SPACE',''
  ) );
#537 = PCURVE('',#538,#543);
#538 = PLANE('',#539);
#539 = AXIS2_PLACEMENT_3D('',#540,#541,#542);
#540 = CARTESIAN_POINT('',(12.,-5.975,0.225));
#541 = DIRECTION('',(-3.296956749044E-18,-0.707106781187,-0.707106781187
    ));
#542 = DIRECTION('',(-1.,2.331300474528E-18,2.331300474528E-18));
#543 = DEFINITIONAL_REPRESENTATION('',(#544),#548);
#544 = LINE('',#545,#546);
#545 = CARTESIAN_POINT('',(0.,-0.318198051534));
#546 = VECTOR('',#547,1.);
#547 = DIRECTION('',(1.,0.));
#548 = ( GEOMETRIC_REPRESENTATION_CONTEXT(2)
PARAMETRIC_REPRESENTATION_CONTEXT() REPRESENTATION_CONTEXT('2D SPACE',''
  ) );
#549 = ADVANCED_FACE('',(#550),#209,.T.);
#550 = FACE_BOUND('',#551,.T.);
#551 = EDGE_LOOP('',(#552,#573,#574,#575));
#552 = ORIENTED_EDGE('',*,*,#553,.F.);
#553 = EDGE_CURVE('',#142,#554,#556,.T.);
#554 = VERTEX_POINT('',#555);
#555 = CARTESIAN_POINT('',(-12.,-5.75,5.273559366969E-16));
#556 = SURFACE_CURVE('',#557,(#561,#567),.PCURVE_S1.);
#557 = LINE('',#558,#559);
#558 = CARTESIAN_POINT('',(-12.,-5.975,0.225));
#559 = VECTOR('',#560,1.);
#560 = DIRECTION('',(3.405797163643E-34,0.707106781187,-0.707106781187)
  );
#561 = PCURVE('',#209,#562);
#562 = DEFINITIONAL_REPRESENTATION('',(#563),#566);
#563 = B_SPLINE_CURVE_WITH_KNOTS('',1,(#564,#565),.UNSPECIFIED.,.F.,.F.,
  (2,2),(-0.318198051534,0.318198051534),.PIECEWISE_BEZIER_KNOTS.);
#564 = CARTESIAN_POINT('',(0.,0.));
#565 = CARTESIAN_POINT('',(0.,-0.45));
#566 = ( GEOMETRIC_REPRESENTATION_CONTEXT(2)
PARAMETRIC_REPRESENTATION_CONTEXT() REPRESENTATION_CONTEXT('2D SPACE',''
  ) );
#567 = PCURVE('',#538,#568);
#568 = DEFINITIONAL_REPRESENTATION('',(#569),#572);
#569 = B_SPLINE_CURVE_WITH_KNOTS('',1,(#570,#571),.UNSPECIFIED.,.F.,.F.,
  (2,2),(-0.318198051534,0.318198051534),.PIECEWISE_BEZIER_KNOTS.);
#570 = CARTESIAN_POINT('',(24.,-0.318198051534));
#571 = CARTESIAN_POINT('',(24.,0.318198051534));
#572 = ( GEOMETRIC_REPRESENTATION_CONTEXT(2)
PARAMETRIC_REPRESENTATION_CONTEXT() REPRESENTATION_CONTEXT('2D SPACE',''
  ) );
#573 = ORIENTED_EDGE('',*,*,#194,.T.);
#574 = ORIENTED_EDGE('',*,*,#224,.T.);
#575 = ORIENTED_EDGE('',*,*,#576,.F.);
#576 = EDGE_CURVE('',#554,#225,#577,.T.);
#577 = SURFACE_CURVE('',#578,(#583,#590),.PCURVE_S1.);
#578 = CIRCLE('',#579,5.75);
#579 = AXIS2_PLACEMENT_3D('',#580,#581,#582);
#580 = CARTESIAN_POINT('',(-12.,2.43364331096E-16,0.));
#581 = DIRECTION('',(-0.,0.,-1.));
#582 = DIRECTION('',(-0.,-1.,0.));
#583 = PCURVE('',#209,#584);
#584 = DEFINITIONAL_REPRESENTATION('',(#585),#589);
#585 = LINE('',#586,#587);
#586 = CARTESIAN_POINT('',(-0.,-0.45));
#587 = VECTOR('',#588,1.);
#588 = DIRECTION('',(-1.,-0.));
#589 = ( GEOMETRIC_REPRESENTATION_CONTEXT(2)
PARAMETRIC_REPRESENTATION_CONTEXT() REPRESENTATION_CONTEXT('2D SPACE',''
  ) );
#590 = PCURVE('',#286,#591);
#591 = DEFINITIONAL_REPRESENTATION('',(#592),#596);
#592 = CIRCLE('',#593,5.75);
#593 = AXIS2_PLACEMENT_2D('',#594,#595);
#594 = CARTESIAN_POINT('',(12.,2.850628484528E-16));
#595 = DIRECTION('',(0.,-1.));
#596 = ( GEOMETRIC_REPRESENTATION_CONTEXT(2)
PARAMETRIC_REPRESENTATION_CONTEXT() REPRESENTATION_CONTEXT('2D SPACE',''
  ) );
#597 = ADVANCED_FACE('',(#598,#647),#286,.T.);
#598 = FACE_BOUND('',#599,.T.);
#599 = EDGE_LOOP('',(#600,#601,#625,#646));
#600 = ORIENTED_EDGE('',*,*,#272,.T.);
#601 = ORIENTED_EDGE('',*,*,#602,.T.);
#602 = EDGE_CURVE('',#247,#603,#605,.T.);
#603 = VERTEX_POINT('',#604);
#604 = CARTESIAN_POINT('',(12.,-5.75,-3.330669073875E-16));
#605 = SURFACE_CURVE('',#606,(#611,#618),.PCURVE_S1.);
#606 = CIRCLE('',#607,5.75);
#607 = AXIS2_PLACEMENT_3D('',#608,#609,#610);
#608 = CARTESIAN_POINT('',(12.,-2.43364331096E-16,0.));
#609 = DIRECTION('',(-0.,0.,-1.));
#610 = DIRECTION('',(0.,1.,0.));
#611 = PCURVE('',#286,#612);
#612 = DEFINITIONAL_REPRESENTATION('',(#613),#617);
#613 = CIRCLE('',#614,5.75);
#614 = AXIS2_PLACEMENT_2D('',#615,#616);
#615 = CARTESIAN_POINT('',(-12.,-2.016658137392E-16));
#616 = DIRECTION('',(0.,1.));
#617 = ( GEOMETRIC_REPRESENTATION_CONTEXT(2)
PARAMETRIC_REPRESENTATION_CONTEXT() REPRESENTATION_CONTEXT('2D SPACE',''
  ) );
#618 = PCURVE('',#261,#619);
#619 = DEFINITIONAL_REPRESENTATION('',(#620),#624);
#620 = LINE('',#621,#622);
#621 = CARTESIAN_POINT('',(-0.,-0.45));
#622 = VECTOR('',#623,1.);
#623 = DIRECTION('',(-1.,-0.));
#624 = ( GEOMETRIC_REPRESENTATION_CONTEXT(2)
PARAMETRIC_REPRESENTATION_CONTEXT() REPRESENTATION_CONTEXT('2D SPACE',''
  ) );
#625 = ORIENTED_EDGE('',*,*,#626,.T.);
#626 = EDGE_CURVE('',#603,#554,#627,.T.);
#627 = SURFACE_CURVE('',#628,(#632,#639),.PCURVE_S1.);
#628 = LINE('',#629,#630);
#629 = CARTESIAN_POINT('',(12.,-5.75,0.));
#630 = VECTOR('',#631,1.);
#631 = DIRECTION('',(-1.,0.,0.));
#632 = PCURVE('',#286,#633);
#633 = DEFINITIONAL_REPRESENTATION('',(#634),#638);
#634 = LINE('',#635,#636);
#635 = CARTESIAN_POINT('',(-12.,-5.75));
#636 = VECTOR('',#637,1.);
#637 = DIRECTION('',(1.,0.));
#638 = ( GEOMETRIC_REPRESENTATION_CONTEXT(2)
PARAMETRIC_REPRESENTATION_CONTEXT() REPRESENTATION_CONTEXT('2D SPACE',''
  ) );
#639 = PCURVE('',#538,#640);
#640 = DEFINITIONAL_REPRESENTATION('',(#641),#645);
#641 = LINE('',#642,#643);
#642 = CARTESIAN_POINT('',(0.,0.318198051534));
#643 = VECTOR('',#644,1.);
#644 = DIRECTION('',(1.,0.));
#645 = ( GEOMETRIC_REPRESENTATION_CONTEXT(2)
PARAMETRIC_REPRESENTATION_CONTEXT() REPRESENTATION_CONTEXT('2D SPACE',''
  ) );
#646 = ORIENTED_EDGE('',*,*,#576,.T.);
#647 = FACE_BOUND('',#648,.T.);
#648 = EDGE_LOOP('',(#649,#677,#706,#732));
#649 = ORIENTED_EDGE('',*,*,#650,.F.);
#650 = EDGE_CURVE('',#651,#653,#655,.T.);
#651 = VERTEX_POINT('',#652);
#652 = CARTESIAN_POINT('',(-12.,4.6,0.));
#653 = VERTEX_POINT('',#654);
#654 = CARTESIAN_POINT('',(12.,4.6,0.));
#655 = SURFACE_CURVE('',#656,(#660,#666),.PCURVE_S1.);
#656 = LINE('',#657,#658);
#657 = CARTESIAN_POINT('',(-6.,4.6,0.));
#658 = VECTOR('',#659,1.);
#659 = DIRECTION('',(1.,0.,0.));
#660 = PCURVE('',#286,#661);
#661 = DEFINITIONAL_REPRESENTATION('',(#662),#665);
#662 = B_SPLINE_CURVE_WITH_KNOTS('',1,(#663,#664),.UNSPECIFIED.,.F.,.F.,
  (2,2),(-6.,18.),.PIECEWISE_BEZIER_KNOTS.);
#663 = CARTESIAN_POINT('',(12.,4.6));
#664 = CARTESIAN_POINT('',(-12.,4.6));
#665 = ( GEOMETRIC_REPRESENTATION_CONTEXT(2)
PARAMETRIC_REPRESENTATION_CONTEXT() REPRESENTATION_CONTEXT('2D SPACE',''
  ) );
#666 = PCURVE('',#667,#672);
#667 = PLANE('',#668);
#668 = AXIS2_PLACEMENT_3D('',#669,#670,#671);
#669 = CARTESIAN_POINT('',(-12.,4.6,-1.));
#670 = DIRECTION('',(0.,1.,0.));
#671 = DIRECTION('',(1.,0.,0.));
#672 = DEFINITIONAL_REPRESENTATION('',(#673),#676);
#673 = B_SPLINE_CURVE_WITH_KNOTS('',1,(#674,#675),.UNSPECIFIED.,.F.,.F.,
  (2,2),(-6.,18.),.PIECEWISE_BEZIER_KNOTS.);
#674 = CARTESIAN_POINT('',(-1.7763568394E-15,-1.));
#675 = CARTESIAN_POINT('',(24.,-1.));
#676 = ( GEOMETRIC_REPRESENTATION_CONTEXT(2)
PARAMETRIC_REPRESENTATION_CONTEXT() REPRESENTATION_CONTEXT('2D SPACE',''
  ) );
#677 = ORIENTED_EDGE('',*,*,#678,.F.);
#678 = EDGE_CURVE('',#679,#651,#681,.T.);
#679 = VERTEX_POINT('',#680);
#680 = CARTESIAN_POINT('',(-12.,-4.6,0.));
#681 = SURFACE_CURVE('',#682,(#687,#694),.PCURVE_S1.);
#682 = CIRCLE('',#683,4.6);
#683 = AXIS2_PLACEMENT_3D('',#684,#685,#686);
#684 = CARTESIAN_POINT('',(-12.,3.37569878617E-16,0.));
#685 = DIRECTION('',(-0.,0.,-1.));
#686 = DIRECTION('',(-3.861645303044E-16,-1.,0.));
#687 = PCURVE('',#286,#688);
#688 = DEFINITIONAL_REPRESENTATION('',(#689),#693);
#689 = CIRCLE('',#690,4.6);
#690 = AXIS2_PLACEMENT_2D('',#691,#692);
#691 = CARTESIAN_POINT('',(12.,3.792683959738E-16));
#692 = DIRECTION('',(3.861645303044E-16,-1.));
#693 = ( GEOMETRIC_REPRESENTATION_CONTEXT(2)
PARAMETRIC_REPRESENTATION_CONTEXT() REPRESENTATION_CONTEXT('2D SPACE',''
  ) );
#694 = PCURVE('',#695,#700);
#695 = CYLINDRICAL_SURFACE('',#696,4.6);
#696 = AXIS2_PLACEMENT_3D('',#697,#698,#699);
#697 = CARTESIAN_POINT('',(-12.,3.37569878617E-16,-1.));
#698 = DIRECTION('',(-0.,0.,-1.));
#699 = DIRECTION('',(-3.861645303044E-16,-1.,0.));
#700 = DEFINITIONAL_REPRESENTATION('',(#701),#705);
#701 = LINE('',#702,#703);
#702 = CARTESIAN_POINT('',(0.,-1.));
#703 = VECTOR('',#704,1.);
#704 = DIRECTION('',(1.,0.));
#705 = ( GEOMETRIC_REPRESENTATION_CONTEXT(2)
PARAMETRIC_REPRESENTATION_CONTEXT() REPRESENTATION_CONTEXT('2D SPACE',''
  ) );
#706 = ORIENTED_EDGE('',*,*,#707,.F.);
#707 = EDGE_CURVE('',#708,#679,#710,.T.);
#708 = VERTEX_POINT('',#709);
#709 = CARTESIAN_POINT('',(12.,-4.6,0.));
#710 = SURFACE_CURVE('',#711,(#715,#721),.PCURVE_S1.);
#711 = LINE('',#712,#713);
#712 = CARTESIAN_POINT('',(6.,-4.6,0.));
#713 = VECTOR('',#714,1.);
#714 = DIRECTION('',(-1.,0.,0.));
#715 = PCURVE('',#286,#716);
#716 = DEFINITIONAL_REPRESENTATION('',(#717),#720);
#717 = B_SPLINE_CURVE_WITH_KNOTS('',1,(#718,#719),.UNSPECIFIED.,.F.,.F.,
  (2,2),(-6.,18.),.PIECEWISE_BEZIER_KNOTS.);
#718 = CARTESIAN_POINT('',(-12.,-4.6));
#719 = CARTESIAN_POINT('',(12.,-4.6));
#720 = ( GEOMETRIC_REPRESENTATION_CONTEXT(2)
PARAMETRIC_REPRESENTATION_CONTEXT() REPRESENTATION_CONTEXT('2D SPACE',''
  ) );
#721 = PCURVE('',#722,#727);
#722 = PLANE('',#723);
#723 = AXIS2_PLACEMENT_3D('',#724,#725,#726);
#724 = CARTESIAN_POINT('',(12.,-4.6,-1.));
#725 = DIRECTION('',(0.,-1.,0.));
#726 = DIRECTION('',(-1.,0.,0.));
#727 = DEFINITIONAL_REPRESENTATION('',(#728),#731);
#728 = B_SPLINE_CURVE_WITH_KNOTS('',1,(#729,#730),.UNSPECIFIED.,.F.,.F.,
  (2,2),(-6.,18.),.PIECEWISE_BEZIER_KNOTS.);
#729 = CARTESIAN_POINT('',(-1.7763568394E-15,-1.));
#730 = CARTESIAN_POINT('',(24.,-1.));
#731 = ( GEOMETRIC_REPRESENTATION_CONTEXT(2)
PARAMETRIC_REPRESENTATION_CONTEXT() REPRESENTATION_CONTEXT('2D SPACE',''
  ) );
#732 = ORIENTED_EDGE('',*,*,#733,.F.);
#733 = EDGE_CURVE('',#653,#708,#734,.T.);
#734 = SURFACE_CURVE('',#735,(#740,#747),.PCURVE_S1.);
#735 = CIRCLE('',#736,4.6);
#736 = AXIS2_PLACEMENT_3D('',#737,#738,#739);
#737 = CARTESIAN_POINT('',(12.,-3.37569878617E-16,0.));
#738 = DIRECTION('',(0.,0.,-1.));
#739 = DIRECTION('',(3.861645303044E-16,1.,0.));
#740 = PCURVE('',#286,#741);
#741 = DEFINITIONAL_REPRESENTATION('',(#742),#746);
#742 = CIRCLE('',#743,4.6);
#743 = AXIS2_PLACEMENT_2D('',#744,#745);
#744 = CARTESIAN_POINT('',(-12.,-2.958713612602E-16));
#745 = DIRECTION('',(-3.861645303044E-16,1.));
#746 = ( GEOMETRIC_REPRESENTATION_CONTEXT(2)
PARAMETRIC_REPRESENTATION_CONTEXT() REPRESENTATION_CONTEXT('2D SPACE',''
  ) );
#747 = PCURVE('',#748,#753);
#748 = CYLINDRICAL_SURFACE('',#749,4.6);
#749 = AXIS2_PLACEMENT_3D('',#750,#751,#752);
#750 = CARTESIAN_POINT('',(12.,-3.37569878617E-16,-1.));
#751 = DIRECTION('',(0.,0.,-1.));
#752 = DIRECTION('',(3.861645303044E-16,1.,0.));
#753 = DEFINITIONAL_REPRESENTATION('',(#754),#758);
#754 = LINE('',#755,#756);
#755 = CARTESIAN_POINT('',(0.,-1.));
#756 = VECTOR('',#757,1.);
#757 = DIRECTION('',(1.,0.));
#758 = ( GEOMETRIC_REPRESENTATION_CONTEXT(2)
PARAMETRIC_REPRESENTATION_CONTEXT() REPRESENTATION_CONTEXT('2D SPACE',''
  ) );
#759 = ADVANCED_FACE('',(#760),#261,.T.);
#760 = FACE_BOUND('',#761,.T.);
#761 = EDGE_LOOP('',(#762,#763,#764,#783));
#762 = ORIENTED_EDGE('',*,*,#246,.F.);
#763 = ORIENTED_EDGE('',*,*,#496,.T.);
#764 = ORIENTED_EDGE('',*,*,#765,.T.);
#765 = EDGE_CURVE('',#474,#603,#766,.T.);
#766 = SURFACE_CURVE('',#767,(#771,#777),.PCURVE_S1.);
#767 = LINE('',#768,#769);
#768 = CARTESIAN_POINT('',(12.,-6.2,0.45));
#769 = VECTOR('',#770,1.);
#770 = DIRECTION('',(-8.659560562355E-17,0.707106781187,-0.707106781187)
  );
#771 = PCURVE('',#261,#772);
#772 = DEFINITIONAL_REPRESENTATION('',(#773),#776);
#773 = B_SPLINE_CURVE_WITH_KNOTS('',1,(#774,#775),.UNSPECIFIED.,.F.,.F.,
  (2,2),(0.,0.636396103068),.PIECEWISE_BEZIER_KNOTS.);
#774 = CARTESIAN_POINT('',(-3.14159265359,0.));
#775 = CARTESIAN_POINT('',(-3.14159265359,-0.45));
#776 = ( GEOMETRIC_REPRESENTATION_CONTEXT(2)
PARAMETRIC_REPRESENTATION_CONTEXT() REPRESENTATION_CONTEXT('2D SPACE',''
  ) );
#777 = PCURVE('',#538,#778);
#778 = DEFINITIONAL_REPRESENTATION('',(#779),#782);
#779 = B_SPLINE_CURVE_WITH_KNOTS('',1,(#780,#781),.UNSPECIFIED.,.F.,.F.,
  (2,2),(0.,0.636396103068),.PIECEWISE_BEZIER_KNOTS.);
#780 = CARTESIAN_POINT('',(0.,-0.318198051534));
#781 = CARTESIAN_POINT('',(0.,0.318198051534));
#782 = ( GEOMETRIC_REPRESENTATION_CONTEXT(2)
PARAMETRIC_REPRESENTATION_CONTEXT() REPRESENTATION_CONTEXT('2D SPACE',''
  ) );
#783 = ORIENTED_EDGE('',*,*,#602,.F.);
#784 = ADVANCED_FACE('',(#785),#319,.T.);
#785 = FACE_BOUND('',#786,.T.);
#786 = EDGE_LOOP('',(#787,#810,#838,#859));
#787 = ORIENTED_EDGE('',*,*,#788,.T.);
#788 = EDGE_CURVE('',#302,#789,#791,.T.);
#789 = VERTEX_POINT('',#790);
#790 = CARTESIAN_POINT('',(-12.,10.5,23.));
#791 = SURFACE_CURVE('',#792,(#796,#803),.PCURVE_S1.);
#792 = LINE('',#793,#794);
#793 = CARTESIAN_POINT('',(-12.,10.5,20.));
#794 = VECTOR('',#795,1.);
#795 = DIRECTION('',(0.,0.,1.));
#796 = PCURVE('',#319,#797);
#797 = DEFINITIONAL_REPRESENTATION('',(#798),#802);
#798 = LINE('',#799,#800);
#799 = CARTESIAN_POINT('',(0.,0.));
#800 = VECTOR('',#801,1.);
#801 = DIRECTION('',(0.,-1.));
#802 = ( GEOMETRIC_REPRESENTATION_CONTEXT(2)
PARAMETRIC_REPRESENTATION_CONTEXT() REPRESENTATION_CONTEXT('2D SPACE',''
  ) );
#803 = PCURVE('',#403,#804);
#804 = DEFINITIONAL_REPRESENTATION('',(#805),#809);
#805 = LINE('',#806,#807);
#806 = CARTESIAN_POINT('',(3.14159265359,0.));
#807 = VECTOR('',#808,1.);
#808 = DIRECTION('',(0.,-1.));
#809 = ( GEOMETRIC_REPRESENTATION_CONTEXT(2)
PARAMETRIC_REPRESENTATION_CONTEXT() REPRESENTATION_CONTEXT('2D SPACE',''
  ) );
#810 = ORIENTED_EDGE('',*,*,#811,.T.);
#811 = EDGE_CURVE('',#789,#812,#814,.T.);
#812 = VERTEX_POINT('',#813);
#813 = CARTESIAN_POINT('',(12.,10.5,23.));
#814 = SURFACE_CURVE('',#815,(#819,#826),.PCURVE_S1.);
#815 = LINE('',#816,#817);
#816 = CARTESIAN_POINT('',(-12.,10.5,23.));
#817 = VECTOR('',#818,1.);
#818 = DIRECTION('',(1.,0.,0.));
#819 = PCURVE('',#319,#820);
#820 = DEFINITIONAL_REPRESENTATION('',(#821),#825);
#821 = LINE('',#822,#823);
#822 = CARTESIAN_POINT('',(0.,-3.));
#823 = VECTOR('',#824,1.);
#824 = DIRECTION('',(1.,0.));
#825 = ( GEOMETRIC_REPRESENTATION_CONTEXT(2)
PARAMETRIC_REPRESENTATION_CONTEXT() REPRESENTATION_CONTEXT('2D SPACE',''
  ) );
#826 = PCURVE('',#827,#832);
#827 = PLANE('',#828);
#828 = AXIS2_PLACEMENT_3D('',#829,#830,#831);
#829 = CARTESIAN_POINT('',(-6.401285907749E-17,-1.920385772325E-16,23.)
  );
#830 = DIRECTION('',(-0.,-0.,-1.));
#831 = DIRECTION('',(-1.,0.,0.));
#832 = DEFINITIONAL_REPRESENTATION('',(#833),#837);
#833 = LINE('',#834,#835);
#834 = CARTESIAN_POINT('',(12.,10.5));
#835 = VECTOR('',#836,1.);
#836 = DIRECTION('',(-1.,0.));
#837 = ( GEOMETRIC_REPRESENTATION_CONTEXT(2)
PARAMETRIC_REPRESENTATION_CONTEXT() REPRESENTATION_CONTEXT('2D SPACE',''
  ) );
#838 = ORIENTED_EDGE('',*,*,#839,.F.);
#839 = EDGE_CURVE('',#304,#812,#840,.T.);
#840 = SURFACE_CURVE('',#841,(#845,#852),.PCURVE_S1.);
#841 = LINE('',#842,#843);
#842 = CARTESIAN_POINT('',(12.,10.5,20.));
#843 = VECTOR('',#844,1.);
#844 = DIRECTION('',(0.,0.,1.));
#845 = PCURVE('',#319,#846);
#846 = DEFINITIONAL_REPRESENTATION('',(#847),#851);
#847 = LINE('',#848,#849);
#848 = CARTESIAN_POINT('',(24.,0.));
#849 = VECTOR('',#850,1.);
#850 = DIRECTION('',(0.,-1.));
#851 = ( GEOMETRIC_REPRESENTATION_CONTEXT(2)
PARAMETRIC_REPRESENTATION_CONTEXT() REPRESENTATION_CONTEXT('2D SPACE',''
  ) );
#852 = PCURVE('',#348,#853);
#853 = DEFINITIONAL_REPRESENTATION('',(#854),#858);
#854 = LINE('',#855,#856);
#855 = CARTESIAN_POINT('',(0.,0.));
#856 = VECTOR('',#857,1.);
#857 = DIRECTION('',(0.,-1.));
#858 = ( GEOMETRIC_REPRESENTATION_CONTEXT(2)
PARAMETRIC_REPRESENTATION_CONTEXT() REPRESENTATION_CONTEXT('2D SPACE',''
  ) );
#859 = ORIENTED_EDGE('',*,*,#301,.F.);
#860 = ADVANCED_FACE('',(#861),#348,.T.);
#861 = FACE_BOUND('',#862,.T.);
#862 = EDGE_LOOP('',(#863,#864,#888,#909));
#863 = ORIENTED_EDGE('',*,*,#839,.T.);
#864 = ORIENTED_EDGE('',*,*,#865,.T.);
#865 = EDGE_CURVE('',#812,#866,#868,.T.);
#866 = VERTEX_POINT('',#867);
#867 = CARTESIAN_POINT('',(12.,-10.5,23.));
#868 = SURFACE_CURVE('',#869,(#874,#881),.PCURVE_S1.);
#869 = CIRCLE('',#870,10.5);
#870 = AXIS2_PLACEMENT_3D('',#871,#872,#873);
#871 = CARTESIAN_POINT('',(12.,0.,23.));
#872 = DIRECTION('',(0.,0.,-1.));
#873 = DIRECTION('',(0.,1.,0.));
#874 = PCURVE('',#348,#875);
#875 = DEFINITIONAL_REPRESENTATION('',(#876),#880);
#876 = LINE('',#877,#878);
#877 = CARTESIAN_POINT('',(0.,-3.));
#878 = VECTOR('',#879,1.);
#879 = DIRECTION('',(1.,0.));
#880 = ( GEOMETRIC_REPRESENTATION_CONTEXT(2)
PARAMETRIC_REPRESENTATION_CONTEXT() REPRESENTATION_CONTEXT('2D SPACE',''
  ) );
#881 = PCURVE('',#827,#882);
#882 = DEFINITIONAL_REPRESENTATION('',(#883),#887);
#883 = CIRCLE('',#884,10.5);
#884 = AXIS2_PLACEMENT_2D('',#885,#886);
#885 = CARTESIAN_POINT('',(-12.,1.920385772325E-16));
#886 = DIRECTION('',(0.,1.));
#887 = ( GEOMETRIC_REPRESENTATION_CONTEXT(2)
PARAMETRIC_REPRESENTATION_CONTEXT() REPRESENTATION_CONTEXT('2D SPACE',''
  ) );
#888 = ORIENTED_EDGE('',*,*,#889,.F.);
#889 = EDGE_CURVE('',#332,#866,#890,.T.);
#890 = SURFACE_CURVE('',#891,(#895,#902),.PCURVE_S1.);
#891 = LINE('',#892,#893);
#892 = CARTESIAN_POINT('',(12.,-10.5,20.));
#893 = VECTOR('',#894,1.);
#894 = DIRECTION('',(0.,0.,1.));
#895 = PCURVE('',#348,#896);
#896 = DEFINITIONAL_REPRESENTATION('',(#897),#901);
#897 = LINE('',#898,#899);
#898 = CARTESIAN_POINT('',(3.14159265359,0.));
#899 = VECTOR('',#900,1.);
#900 = DIRECTION('',(0.,-1.));
#901 = ( GEOMETRIC_REPRESENTATION_CONTEXT(2)
PARAMETRIC_REPRESENTATION_CONTEXT() REPRESENTATION_CONTEXT('2D SPACE',''
  ) );
#902 = PCURVE('',#376,#903);
#903 = DEFINITIONAL_REPRESENTATION('',(#904),#908);
#904 = LINE('',#905,#906);
#905 = CARTESIAN_POINT('',(0.,-0.));
#906 = VECTOR('',#907,1.);
#907 = DIRECTION('',(0.,-1.));
#908 = ( GEOMETRIC_REPRESENTATION_CONTEXT(2)
PARAMETRIC_REPRESENTATION_CONTEXT() REPRESENTATION_CONTEXT('2D SPACE',''
  ) );
#909 = ORIENTED_EDGE('',*,*,#331,.F.);
#910 = ADVANCED_FACE('',(#911),#376,.T.);
#911 = FACE_BOUND('',#912,.T.);
#912 = EDGE_LOOP('',(#913,#914,#937,#958));
#913 = ORIENTED_EDGE('',*,*,#889,.T.);
#914 = ORIENTED_EDGE('',*,*,#915,.T.);
#915 = EDGE_CURVE('',#866,#916,#918,.T.);
#916 = VERTEX_POINT('',#917);
#917 = CARTESIAN_POINT('',(-12.,-10.5,23.));
#918 = SURFACE_CURVE('',#919,(#923,#930),.PCURVE_S1.);
#919 = LINE('',#920,#921);
#920 = CARTESIAN_POINT('',(12.,-10.5,23.));
#921 = VECTOR('',#922,1.);
#922 = DIRECTION('',(-1.,0.,0.));
#923 = PCURVE('',#376,#924);
#924 = DEFINITIONAL_REPRESENTATION('',(#925),#929);
#925 = LINE('',#926,#927);
#926 = CARTESIAN_POINT('',(0.,-3.));
#927 = VECTOR('',#928,1.);
#928 = DIRECTION('',(1.,0.));
#929 = ( GEOMETRIC_REPRESENTATION_CONTEXT(2)
PARAMETRIC_REPRESENTATION_CONTEXT() REPRESENTATION_CONTEXT('2D SPACE',''
  ) );
#930 = PCURVE('',#827,#931);
#931 = DEFINITIONAL_REPRESENTATION('',(#932),#936);
#932 = LINE('',#933,#934);
#933 = CARTESIAN_POINT('',(-12.,-10.5));
#934 = VECTOR('',#935,1.);
#935 = DIRECTION('',(1.,0.));
#936 = ( GEOMETRIC_REPRESENTATION_CONTEXT(2)
PARAMETRIC_REPRESENTATION_CONTEXT() REPRESENTATION_CONTEXT('2D SPACE',''
  ) );
#937 = ORIENTED_EDGE('',*,*,#938,.F.);
#938 = EDGE_CURVE('',#361,#916,#939,.T.);
#939 = SURFACE_CURVE('',#940,(#944,#951),.PCURVE_S1.);
#940 = LINE('',#941,#942);
#941 = CARTESIAN_POINT('',(-12.,-10.5,20.));
#942 = VECTOR('',#943,1.);
#943 = DIRECTION('',(0.,0.,1.));
#944 = PCURVE('',#376,#945);
#945 = DEFINITIONAL_REPRESENTATION('',(#946),#950);
#946 = LINE('',#947,#948);
#947 = CARTESIAN_POINT('',(24.,0.));
#948 = VECTOR('',#949,1.);
#949 = DIRECTION('',(0.,-1.));
#950 = ( GEOMETRIC_REPRESENTATION_CONTEXT(2)
PARAMETRIC_REPRESENTATION_CONTEXT() REPRESENTATION_CONTEXT('2D SPACE',''
  ) );
#951 = PCURVE('',#403,#952);
#952 = DEFINITIONAL_REPRESENTATION('',(#953),#957);
#953 = LINE('',#954,#955);
#954 = CARTESIAN_POINT('',(0.,0.));
#955 = VECTOR('',#956,1.);
#956 = DIRECTION('',(0.,-1.));
#957 = ( GEOMETRIC_REPRESENTATION_CONTEXT(2)
PARAMETRIC_REPRESENTATION_CONTEXT() REPRESENTATION_CONTEXT('2D SPACE',''
  ) );
#958 = ORIENTED_EDGE('',*,*,#360,.F.);
#959 = ADVANCED_FACE('',(#960),#403,.T.);
#960 = FACE_BOUND('',#961,.T.);
#961 = EDGE_LOOP('',(#962,#963,#985,#986));
#962 = ORIENTED_EDGE('',*,*,#938,.T.);
#963 = ORIENTED_EDGE('',*,*,#964,.T.);
#964 = EDGE_CURVE('',#916,#789,#965,.T.);
#965 = SURFACE_CURVE('',#966,(#971,#978),.PCURVE_S1.);
#966 = CIRCLE('',#967,10.5);
#967 = AXIS2_PLACEMENT_3D('',#968,#969,#970);
#968 = CARTESIAN_POINT('',(-12.,0.,23.));
#969 = DIRECTION('',(0.,-0.,-1.));
#970 = DIRECTION('',(0.,-1.,0.));
#971 = PCURVE('',#403,#972);
#972 = DEFINITIONAL_REPRESENTATION('',(#973),#977);
#973 = LINE('',#974,#975);
#974 = CARTESIAN_POINT('',(0.,-3.));
#975 = VECTOR('',#976,1.);
#976 = DIRECTION('',(1.,0.));
#977 = ( GEOMETRIC_REPRESENTATION_CONTEXT(2)
PARAMETRIC_REPRESENTATION_CONTEXT() REPRESENTATION_CONTEXT('2D SPACE',''
  ) );
#978 = PCURVE('',#827,#979);
#979 = DEFINITIONAL_REPRESENTATION('',(#980),#984);
#980 = CIRCLE('',#981,10.5);
#981 = AXIS2_PLACEMENT_2D('',#982,#983);
#982 = CARTESIAN_POINT('',(12.,1.920385772325E-16));
#983 = DIRECTION('',(0.,-1.));
#984 = ( GEOMETRIC_REPRESENTATION_CONTEXT(2)
PARAMETRIC_REPRESENTATION_CONTEXT() REPRESENTATION_CONTEXT('2D SPACE',''
  ) );
#985 = ORIENTED_EDGE('',*,*,#788,.F.);
#986 = ORIENTED_EDGE('',*,*,#388,.F.);
#987 = ADVANCED_FACE('',(#988),#538,.T.);
#988 = FACE_BOUND('',#989,.T.);
#989 = EDGE_LOOP('',(#990,#991,#992,#993));
#990 = ORIENTED_EDGE('',*,*,#765,.F.);
#991 = ORIENTED_EDGE('',*,*,#524,.T.);
#992 = ORIENTED_EDGE('',*,*,#553,.T.);
#993 = ORIENTED_EDGE('',*,*,#626,.F.);
#994 = ADVANCED_FACE('',(#995),#667,.F.);
#995 = FACE_BOUND('',#996,.F.);
#996 = EDGE_LOOP('',(#997,#998,#1021,#1064));
#997 = ORIENTED_EDGE('',*,*,#650,.F.);
#998 = ORIENTED_EDGE('',*,*,#999,.T.);
#999 = EDGE_CURVE('',#651,#1000,#1002,.T.);
#1000 = VERTEX_POINT('',#1001);
#1001 = CARTESIAN_POINT('',(-12.,4.6,20.));
#1002 = SURFACE_CURVE('',#1003,(#1007,#1014),.PCURVE_S1.);
#1003 = LINE('',#1004,#1005);
#1004 = CARTESIAN_POINT('',(-12.,4.6,-1.));
#1005 = VECTOR('',#1006,1.);
#1006 = DIRECTION('',(0.,0.,1.));
#1007 = PCURVE('',#667,#1008);
#1008 = DEFINITIONAL_REPRESENTATION('',(#1009),#1013);
#1009 = LINE('',#1010,#1011);
#1010 = CARTESIAN_POINT('',(-1.7763568394E-15,0.));
#1011 = VECTOR('',#1012,1.);
#1012 = DIRECTION('',(0.,-1.));
#1013 = ( GEOMETRIC_REPRESENTATION_CONTEXT(2)
PARAMETRIC_REPRESENTATION_CONTEXT() REPRESENTATION_CONTEXT('2D SPACE',''
  ) );
#1014 = PCURVE('',#695,#1015);
#1015 = DEFINITIONAL_REPRESENTATION('',(#1016),#1020);
#1016 = LINE('',#1017,#1018);
#1017 = CARTESIAN_POINT('',(3.14159265359,0.));
#1018 = VECTOR('',#1019,1.);
#1019 = DIRECTION('',(0.,-1.));
#1020 = ( GEOMETRIC_REPRESENTATION_CONTEXT(2)
PARAMETRIC_REPRESENTATION_CONTEXT() REPRESENTATION_CONTEXT('2D SPACE',''
  ) );
#1021 = ORIENTED_EDGE('',*,*,#1022,.T.);
#1022 = EDGE_CURVE('',#1000,#1023,#1025,.T.);
#1023 = VERTEX_POINT('',#1024);
#1024 = CARTESIAN_POINT('',(12.,4.6,20.));
#1025 = SURFACE_CURVE('',#1026,(#1030,#1037),.PCURVE_S1.);
#1026 = LINE('',#1027,#1028);
#1027 = CARTESIAN_POINT('',(-12.,4.6,20.));
#1028 = VECTOR('',#1029,1.);
#1029 = DIRECTION('',(1.,0.,0.));
#1030 = PCURVE('',#667,#1031);
#1031 = DEFINITIONAL_REPRESENTATION('',(#1032),#1036);
#1032 = LINE('',#1033,#1034);
#1033 = CARTESIAN_POINT('',(0.,-21.));
#1034 = VECTOR('',#1035,1.);
#1035 = DIRECTION('',(1.,0.));
#1036 = ( GEOMETRIC_REPRESENTATION_CONTEXT(2)
PARAMETRIC_REPRESENTATION_CONTEXT() REPRESENTATION_CONTEXT('2D SPACE',''
  ) );
#1037 = PCURVE('',#1038,#1059);
#1038 = B_SPLINE_SURFACE_WITH_KNOTS('',9,1,(
    (#1039,#1040)
    ,(#1041,#1042)
    ,(#1043,#1044)
    ,(#1045,#1046)
    ,(#1047,#1048)
    ,(#1049,#1050)
    ,(#1051,#1052)
    ,(#1053,#1054)
    ,(#1055,#1056)
    ,(#1057,#1058
    )),.UNSPECIFIED.,.F.,.F.,.F.,(10,10),(2,2),(0.,24.),(0.,1.),
  .PIECEWISE_BEZIER_KNOTS.);
#1039 = CARTESIAN_POINT('',(-12.,4.6,20.));
#1040 = CARTESIAN_POINT('',(-9.33746117302,3.579360116325,43.));
#1041 = CARTESIAN_POINT('',(-9.333333333333,4.6,20.));
#1042 = CARTESIAN_POINT('',(-8.379195033053,6.079184829283,
    42.999999999999));
#1043 = CARTESIAN_POINT('',(-6.666666666667,4.6,20.));
#1044 = CARTESIAN_POINT('',(-6.668019511382,8.290396825777,
    43.000000000004));
#1045 = CARTESIAN_POINT('',(-4.,4.6,20.));
#1046 = CARTESIAN_POINT('',(-4.303277138018,9.953813613139,
    42.999999999992));
#1047 = CARTESIAN_POINT('',(-1.333333333333,4.6,20.));
#1048 = CARTESIAN_POINT('',(-1.488397778396,10.85026455221,
    43.000000000011));
#1049 = CARTESIAN_POINT('',(1.333333333333,4.6,20.));
#1050 = CARTESIAN_POINT('',(1.488397778396,10.850264552205,
    42.99999999999));
#1051 = CARTESIAN_POINT('',(4.,4.6,20.));
#1052 = CARTESIAN_POINT('',(4.303277138018,9.953813613142,
    43.000000000006));
#1053 = CARTESIAN_POINT('',(6.666666666667,4.6,20.));
#1054 = CARTESIAN_POINT('',(6.668019511382,8.290396825776,
    42.999999999997));
#1055 = CARTESIAN_POINT('',(9.333333333333,4.6,20.));
#1056 = CARTESIAN_POINT('',(8.379195033053,6.079184829283,
    43.000000000001));
#1057 = CARTESIAN_POINT('',(12.,4.6,20.));
#1058 = CARTESIAN_POINT('',(9.33746117302,3.579360116325,43.));
#1059 = DEFINITIONAL_REPRESENTATION('',(#1060),#1063);
#1060 = B_SPLINE_CURVE_WITH_KNOTS('',1,(#1061,#1062),.UNSPECIFIED.,.F.,
  .F.,(2,2),(0.,24.),.PIECEWISE_BEZIER_KNOTS.);
#1061 = CARTESIAN_POINT('',(0.,0.));
#1062 = CARTESIAN_POINT('',(24.,0.));
#1063 = ( GEOMETRIC_REPRESENTATION_CONTEXT(2)
PARAMETRIC_REPRESENTATION_CONTEXT() REPRESENTATION_CONTEXT('2D SPACE',''
  ) );
#1064 = ORIENTED_EDGE('',*,*,#1065,.F.);
#1065 = EDGE_CURVE('',#653,#1023,#1066,.T.);
#1066 = SURFACE_CURVE('',#1067,(#1071,#1078),.PCURVE_S1.);
#1067 = LINE('',#1068,#1069);
#1068 = CARTESIAN_POINT('',(12.,4.6,-1.));
#1069 = VECTOR('',#1070,1.);
#1070 = DIRECTION('',(0.,0.,1.));
#1071 = PCURVE('',#667,#1072);
#1072 = DEFINITIONAL_REPRESENTATION('',(#1073),#1077);
#1073 = LINE('',#1074,#1075);
#1074 = CARTESIAN_POINT('',(24.,0.));
#1075 = VECTOR('',#1076,1.);
#1076 = DIRECTION('',(0.,-1.));
#1077 = ( GEOMETRIC_REPRESENTATION_CONTEXT(2)
PARAMETRIC_REPRESENTATION_CONTEXT() REPRESENTATION_CONTEXT('2D SPACE',''
  ) );
#1078 = PCURVE('',#748,#1079);
#1079 = DEFINITIONAL_REPRESENTATION('',(#1080),#1084);
#1080 = LINE('',#1081,#1082);
#1081 = CARTESIAN_POINT('',(0.,0.));
#1082 = VECTOR('',#1083,1.);
#1083 = DIRECTION('',(0.,-1.));
#1084 = ( GEOMETRIC_REPRESENTATION_CONTEXT(2)
PARAMETRIC_REPRESENTATION_CONTEXT() REPRESENTATION_CONTEXT('2D SPACE',''
  ) );
#1085 = ADVANCED_FACE('',(#1086),#748,.F.);
#1086 = FACE_BOUND('',#1087,.F.);
#1087 = EDGE_LOOP('',(#1088,#1089,#1090,#1132,#1174));
#1088 = ORIENTED_EDGE('',*,*,#733,.F.);
#1089 = ORIENTED_EDGE('',*,*,#1065,.T.);
#1090 = ORIENTED_EDGE('',*,*,#1091,.T.);
#1091 = EDGE_CURVE('',#1023,#1092,#1094,.T.);
#1092 = VERTEX_POINT('',#1093);
#1093 = CARTESIAN_POINT('',(16.6,2.105524110969E-16,20.));
#1094 = SURFACE_CURVE('',#1095,(#1100,#1107),.PCURVE_S1.);
#1095 = CIRCLE('',#1096,4.6);
#1096 = AXIS2_PLACEMENT_3D('',#1097,#1098,#1099);
#1097 = CARTESIAN_POINT('',(12.,-3.37569878617E-16,20.));
#1098 = DIRECTION('',(0.,0.,-1.));
#1099 = DIRECTION('',(3.861645303044E-16,1.,0.));
#1100 = PCURVE('',#748,#1101);
#1101 = DEFINITIONAL_REPRESENTATION('',(#1102),#1106);
#1102 = LINE('',#1103,#1104);
#1103 = CARTESIAN_POINT('',(0.,-21.));
#1104 = VECTOR('',#1105,1.);
#1105 = DIRECTION('',(1.,0.));
#1106 = ( GEOMETRIC_REPRESENTATION_CONTEXT(2)
PARAMETRIC_REPRESENTATION_CONTEXT() REPRESENTATION_CONTEXT('2D SPACE',''
  ) );
#1107 = PCURVE('',#1108,#1127);
#1108 = B_SPLINE_SURFACE_WITH_KNOTS('',8,1,(
    (#1109,#1110)
    ,(#1111,#1112)
    ,(#1113,#1114)
    ,(#1115,#1116)
    ,(#1117,#1118)
    ,(#1119,#1120)
    ,(#1121,#1122)
    ,(#1123,#1124)
    ,(#1125,#1126
    )),.UNSPECIFIED.,.F.,.F.,.F.,(9,9),(2,2),(0.,1.570796326795),(0.,1.)
  ,.PIECEWISE_BEZIER_KNOTS.);
#1109 = CARTESIAN_POINT('',(12.,4.6,20.));
#1110 = CARTESIAN_POINT('',(9.33746117302,3.579360116325,43.));
#1111 = CARTESIAN_POINT('',(12.903207887907,4.6,20.));
#1112 = CARTESIAN_POINT('',(9.501242184664,3.152105303342,43.));
#1113 = CARTESIAN_POINT('',(13.806416060119,4.397320370778,
    19.999999999999));
#1114 = CARTESIAN_POINT('',(9.642680688827,2.716285816031,43.));
#1115 = CARTESIAN_POINT('',(14.656560877942,3.991963103009,
    20.000000000001));
#1116 = CARTESIAN_POINT('',(9.761253309793,2.273264589251,43.));
#1117 = CARTESIAN_POINT('',(15.400590276587,3.400590276587,
    19.999999999999));
#1118 = CARTESIAN_POINT('',(9.856537964286,1.824443165457,43.));
#1119 = CARTESIAN_POINT('',(15.991963103009,2.656560877941,
    20.000000000001));
#1120 = CARTESIAN_POINT('',(9.928215638483,1.371252094428,43.));
#1121 = CARTESIAN_POINT('',(16.397320370778,1.806416060119,
    19.999999999999));
#1122 = CARTESIAN_POINT('',(9.97607216502,0.915141333003,43.));
#1123 = CARTESIAN_POINT('',(16.6,0.903207887907,20.));
#1124 = CARTESIAN_POINT('',(10.,0.457570644809,43.));
#1125 = CARTESIAN_POINT('',(16.6,6.040236570535E-16,20.));
#1126 = CARTESIAN_POINT('',(10.,2.442490654175E-15,43.));
#1127 = DEFINITIONAL_REPRESENTATION('',(#1128),#1131);
#1128 = B_SPLINE_CURVE_WITH_KNOTS('',1,(#1129,#1130),.UNSPECIFIED.,.F.,
  .F.,(2,2),(0.,1.570796326795),.PIECEWISE_BEZIER_KNOTS.);
#1129 = CARTESIAN_POINT('',(0.,0.));
#1130 = CARTESIAN_POINT('',(1.570796326795,0.));
#1131 = ( GEOMETRIC_REPRESENTATION_CONTEXT(2)
PARAMETRIC_REPRESENTATION_CONTEXT() REPRESENTATION_CONTEXT('2D SPACE',''
  ) );
#1132 = ORIENTED_EDGE('',*,*,#1133,.T.);
#1133 = EDGE_CURVE('',#1092,#1134,#1136,.T.);
#1134 = VERTEX_POINT('',#1135);
#1135 = CARTESIAN_POINT('',(12.,-4.6,20.));
#1136 = SURFACE_CURVE('',#1137,(#1142,#1149),.PCURVE_S1.);
#1137 = CIRCLE('',#1138,4.6);
#1138 = AXIS2_PLACEMENT_3D('',#1139,#1140,#1141);
#1139 = CARTESIAN_POINT('',(12.,-3.37569878617E-16,20.));
#1140 = DIRECTION('',(0.,0.,-1.));
#1141 = DIRECTION('',(3.861645303044E-16,1.,0.));
#1142 = PCURVE('',#748,#1143);
#1143 = DEFINITIONAL_REPRESENTATION('',(#1144),#1148);
#1144 = LINE('',#1145,#1146);
#1145 = CARTESIAN_POINT('',(0.,-21.));
#1146 = VECTOR('',#1147,1.);
#1147 = DIRECTION('',(1.,0.));
#1148 = ( GEOMETRIC_REPRESENTATION_CONTEXT(2)
PARAMETRIC_REPRESENTATION_CONTEXT() REPRESENTATION_CONTEXT('2D SPACE',''
  ) );
#1149 = PCURVE('',#1150,#1169);
#1150 = B_SPLINE_SURFACE_WITH_KNOTS('',8,1,(
    (#1151,#1152)
    ,(#1153,#1154)
    ,(#1155,#1156)
    ,(#1157,#1158)
    ,(#1159,#1160)
    ,(#1161,#1162)
    ,(#1163,#1164)
    ,(#1165,#1166)
    ,(#1167,#1168
    )),.UNSPECIFIED.,.F.,.F.,.F.,(9,9),(2,2),(1.570796326795,
    3.14159265359),(0.,1.),.PIECEWISE_BEZIER_KNOTS.);
#1151 = CARTESIAN_POINT('',(16.6,2.991626517149E-16,20.));
#1152 = CARTESIAN_POINT('',(10.,0.,43.));
#1153 = CARTESIAN_POINT('',(16.6,-0.903207887907,20.));
#1154 = CARTESIAN_POINT('',(10.,-0.457570644809,43.));
#1155 = CARTESIAN_POINT('',(16.397320370778,-1.806416060119,
    19.999999999999));
#1156 = CARTESIAN_POINT('',(9.97607216502,-0.915141333003,43.));
#1157 = CARTESIAN_POINT('',(15.991963103009,-2.656560877941,
    20.000000000001));
#1158 = CARTESIAN_POINT('',(9.928215638483,-1.371252094428,43.));
#1159 = CARTESIAN_POINT('',(15.400590276587,-3.400590276587,
    19.999999999999));
#1160 = CARTESIAN_POINT('',(9.856537964286,-1.824443165457,43.));
#1161 = CARTESIAN_POINT('',(14.656560877942,-3.991963103009,
    20.000000000001));
#1162 = CARTESIAN_POINT('',(9.761253309793,-2.273264589251,43.));
#1163 = CARTESIAN_POINT('',(13.806416060119,-4.397320370778,20.));
#1164 = CARTESIAN_POINT('',(9.642680688827,-2.716285816031,43.));
#1165 = CARTESIAN_POINT('',(12.903207887907,-4.6,20.));
#1166 = CARTESIAN_POINT('',(9.501242184664,-3.152105303342,43.));
#1167 = CARTESIAN_POINT('',(12.,-4.6,20.));
#1168 = CARTESIAN_POINT('',(9.33746117302,-3.579360116325,43.));
#1169 = DEFINITIONAL_REPRESENTATION('',(#1170),#1173);
#1170 = B_SPLINE_CURVE_WITH_KNOTS('',1,(#1171,#1172),.UNSPECIFIED.,.F.,
  .F.,(2,2),(1.570796326795,3.14159265359),.PIECEWISE_BEZIER_KNOTS.);
#1171 = CARTESIAN_POINT('',(1.570796326795,0.));
#1172 = CARTESIAN_POINT('',(3.14159265359,0.));
#1173 = ( GEOMETRIC_REPRESENTATION_CONTEXT(2)
PARAMETRIC_REPRESENTATION_CONTEXT() REPRESENTATION_CONTEXT('2D SPACE',''
  ) );
#1174 = ORIENTED_EDGE('',*,*,#1175,.F.);
#1175 = EDGE_CURVE('',#708,#1134,#1176,.T.);
#1176 = SURFACE_CURVE('',#1177,(#1181,#1188),.PCURVE_S1.);
#1177 = LINE('',#1178,#1179);
#1178 = CARTESIAN_POINT('',(12.,-4.6,-1.));
#1179 = VECTOR('',#1180,1.);
#1180 = DIRECTION('',(0.,0.,1.));
#1181 = PCURVE('',#748,#1182);
#1182 = DEFINITIONAL_REPRESENTATION('',(#1183),#1187);
#1183 = LINE('',#1184,#1185);
#1184 = CARTESIAN_POINT('',(3.14159265359,0.));
#1185 = VECTOR('',#1186,1.);
#1186 = DIRECTION('',(0.,-1.));
#1187 = ( GEOMETRIC_REPRESENTATION_CONTEXT(2)
PARAMETRIC_REPRESENTATION_CONTEXT() REPRESENTATION_CONTEXT('2D SPACE',''
  ) );
#1188 = PCURVE('',#722,#1189);
#1189 = DEFINITIONAL_REPRESENTATION('',(#1190),#1194);
#1190 = LINE('',#1191,#1192);
#1191 = CARTESIAN_POINT('',(-1.7763568394E-15,-0.));
#1192 = VECTOR('',#1193,1.);
#1193 = DIRECTION('',(0.,-1.));
#1194 = ( GEOMETRIC_REPRESENTATION_CONTEXT(2)
PARAMETRIC_REPRESENTATION_CONTEXT() REPRESENTATION_CONTEXT('2D SPACE',''
  ) );
#1195 = ADVANCED_FACE('',(#1196),#722,.F.);
#1196 = FACE_BOUND('',#1197,.F.);
#1197 = EDGE_LOOP('',(#1198,#1199,#1200,#1243));
#1198 = ORIENTED_EDGE('',*,*,#707,.F.);
#1199 = ORIENTED_EDGE('',*,*,#1175,.T.);
#1200 = ORIENTED_EDGE('',*,*,#1201,.T.);
#1201 = EDGE_CURVE('',#1134,#1202,#1204,.T.);
#1202 = VERTEX_POINT('',#1203);
#1203 = CARTESIAN_POINT('',(-12.,-4.6,20.));
#1204 = SURFACE_CURVE('',#1205,(#1209,#1216),.PCURVE_S1.);
#1205 = LINE('',#1206,#1207);
#1206 = CARTESIAN_POINT('',(12.,-4.6,20.));
#1207 = VECTOR('',#1208,1.);
#1208 = DIRECTION('',(-1.,0.,0.));
#1209 = PCURVE('',#722,#1210);
#1210 = DEFINITIONAL_REPRESENTATION('',(#1211),#1215);
#1211 = LINE('',#1212,#1213);
#1212 = CARTESIAN_POINT('',(0.,-21.));
#1213 = VECTOR('',#1214,1.);
#1214 = DIRECTION('',(1.,0.));
#1215 = ( GEOMETRIC_REPRESENTATION_CONTEXT(2)
PARAMETRIC_REPRESENTATION_CONTEXT() REPRESENTATION_CONTEXT('2D SPACE',''
  ) );
#1216 = PCURVE('',#1217,#1238);
#1217 = B_SPLINE_SURFACE_WITH_KNOTS('',9,1,(
    (#1218,#1219)
    ,(#1220,#1221)
    ,(#1222,#1223)
    ,(#1224,#1225)
    ,(#1226,#1227)
    ,(#1228,#1229)
    ,(#1230,#1231)
    ,(#1232,#1233)
    ,(#1234,#1235)
    ,(#1236,#1237
    )),.UNSPECIFIED.,.F.,.F.,.F.,(10,10),(2,2),(0.,24.),(0.,1.),
  .PIECEWISE_BEZIER_KNOTS.);
#1218 = CARTESIAN_POINT('',(12.,-4.6,20.));
#1219 = CARTESIAN_POINT('',(9.33746117302,-3.579360116325,43.));
#1220 = CARTESIAN_POINT('',(9.333333333333,-4.6,20.));
#1221 = CARTESIAN_POINT('',(8.379195033053,-6.079184829283,43.));
#1222 = CARTESIAN_POINT('',(6.666666666667,-4.6,20.));
#1223 = CARTESIAN_POINT('',(6.668019511381,-8.290396825776,
    42.999999999999));
#1224 = CARTESIAN_POINT('',(4.,-4.6,20.));
#1225 = CARTESIAN_POINT('',(4.303277138019,-9.953813613141,
    43.000000000001));
#1226 = CARTESIAN_POINT('',(1.333333333333,-4.6,20.));
#1227 = CARTESIAN_POINT('',(1.488397778395,-10.8502645522,
    42.999999999998));
#1228 = CARTESIAN_POINT('',(-1.333333333333,-4.6,20.));
#1229 = CARTESIAN_POINT('',(-1.488397778395,-10.8502645522,
    43.000000000001));
#1230 = CARTESIAN_POINT('',(-4.,-4.6,20.));
#1231 = CARTESIAN_POINT('',(-4.303277138019,-9.953813613141,
    42.999999999999));
#1232 = CARTESIAN_POINT('',(-6.666666666667,-4.6,20.));
#1233 = CARTESIAN_POINT('',(-6.668019511381,-8.290396825776,43.));
#1234 = CARTESIAN_POINT('',(-9.333333333333,-4.6,20.));
#1235 = CARTESIAN_POINT('',(-8.379195033053,-6.079184829283,43.));
#1236 = CARTESIAN_POINT('',(-12.,-4.6,20.));
#1237 = CARTESIAN_POINT('',(-9.33746117302,-3.579360116325,43.));
#1238 = DEFINITIONAL_REPRESENTATION('',(#1239),#1242);
#1239 = B_SPLINE_CURVE_WITH_KNOTS('',1,(#1240,#1241),.UNSPECIFIED.,.F.,
  .F.,(2,2),(0.,24.),.PIECEWISE_BEZIER_KNOTS.);
#1240 = CARTESIAN_POINT('',(0.,0.));
#1241 = CARTESIAN_POINT('',(24.,0.));
#1242 = ( GEOMETRIC_REPRESENTATION_CONTEXT(2)
PARAMETRIC_REPRESENTATION_CONTEXT() REPRESENTATION_CONTEXT('2D SPACE',''
  ) );
#1243 = ORIENTED_EDGE('',*,*,#1244,.F.);
#1244 = EDGE_CURVE('',#679,#1202,#1245,.T.);
#1245 = SURFACE_CURVE('',#1246,(#1250,#1257),.PCURVE_S1.);
#1246 = LINE('',#1247,#1248);
#1247 = CARTESIAN_POINT('',(-12.,-4.6,-1.));
#1248 = VECTOR('',#1249,1.);
#1249 = DIRECTION('',(0.,0.,1.));
#1250 = PCURVE('',#722,#1251);
#1251 = DEFINITIONAL_REPRESENTATION('',(#1252),#1256);
#1252 = LINE('',#1253,#1254);
#1253 = CARTESIAN_POINT('',(24.,0.));
#1254 = VECTOR('',#1255,1.);
#1255 = DIRECTION('',(0.,-1.));
#1256 = ( GEOMETRIC_REPRESENTATION_CONTEXT(2)
PARAMETRIC_REPRESENTATION_CONTEXT() REPRESENTATION_CONTEXT('2D SPACE',''
  ) );
#1257 = PCURVE('',#695,#1258);
#1258 = DEFINITIONAL_REPRESENTATION('',(#1259),#1263);
#1259 = LINE('',#1260,#1261);
#1260 = CARTESIAN_POINT('',(0.,0.));
#1261 = VECTOR('',#1262,1.);
#1262 = DIRECTION('',(0.,-1.));
#1263 = ( GEOMETRIC_REPRESENTATION_CONTEXT(2)
PARAMETRIC_REPRESENTATION_CONTEXT() REPRESENTATION_CONTEXT('2D SPACE',''
  ) );
#1264 = ADVANCED_FACE('',(#1265),#695,.F.);
#1265 = FACE_BOUND('',#1266,.F.);
#1266 = EDGE_LOOP('',(#1267,#1268,#1269,#1313));
#1267 = ORIENTED_EDGE('',*,*,#678,.F.);
#1268 = ORIENTED_EDGE('',*,*,#1244,.T.);
#1269 = ORIENTED_EDGE('',*,*,#1270,.T.);
#1270 = EDGE_CURVE('',#1202,#1000,#1271,.T.);
#1271 = SURFACE_CURVE('',#1272,(#1277,#1284),.PCURVE_S1.);
#1272 = CIRCLE('',#1273,4.6);
#1273 = AXIS2_PLACEMENT_3D('',#1274,#1275,#1276);
#1274 = CARTESIAN_POINT('',(-12.,3.37569878617E-16,20.));
#1275 = DIRECTION('',(-0.,0.,-1.));
#1276 = DIRECTION('',(-3.861645303044E-16,-1.,0.));
#1277 = PCURVE('',#695,#1278);
#1278 = DEFINITIONAL_REPRESENTATION('',(#1279),#1283);
#1279 = LINE('',#1280,#1281);
#1280 = CARTESIAN_POINT('',(0.,-21.));
#1281 = VECTOR('',#1282,1.);
#1282 = DIRECTION('',(1.,0.));
#1283 = ( GEOMETRIC_REPRESENTATION_CONTEXT(2)
PARAMETRIC_REPRESENTATION_CONTEXT() REPRESENTATION_CONTEXT('2D SPACE',''
  ) );
#1284 = PCURVE('',#1285,#1308);
#1285 = B_SPLINE_SURFACE_WITH_KNOTS('',10,1,(
    (#1286,#1287)
    ,(#1288,#1289)
    ,(#1290,#1291)
    ,(#1292,#1293)
    ,(#1294,#1295)
    ,(#1296,#1297)
    ,(#1298,#1299)
    ,(#1300,#1301)
    ,(#1302,#1303)
    ,(#1304,#1305)
    ,(#1306,#1307
    )),.UNSPECIFIED.,.F.,.F.,.F.,(11,11),(2,2),(0.,3.14159265359),(0.,1.
    ),.PIECEWISE_BEZIER_KNOTS.);
#1286 = CARTESIAN_POINT('',(-12.,-4.6,20.));
#1287 = CARTESIAN_POINT('',(-9.33746117302,-3.579360116325,43.));
#1288 = CARTESIAN_POINT('',(-13.44513262065,-4.6,20.000000000001));
#1289 = CARTESIAN_POINT('',(-9.599510791649,-2.895752415553,43.));
#1290 = CARTESIAN_POINT('',(-14.89026511577,-4.095554922966,
    19.999999999997));
#1291 = CARTESIAN_POINT('',(-9.805951714392,-2.190828529797,43.));
#1292 = CARTESIAN_POINT('',(-16.13730320018,-3.086652270819,
    20.000000000006));
#1293 = CARTESIAN_POINT('',(-9.954833246575,-1.469675801121,43.));
#1294 = CARTESIAN_POINT('',(-16.98814346699,-1.662253487855,
    19.999999999991));
#1295 = CARTESIAN_POINT('',(-10.04473672078,-0.737588746605,43.));
#1296 = CARTESIAN_POINT('',(-17.29127167285,-2.499493479197E-13,
    20.000000000009));
#1297 = CARTESIAN_POINT('',(-10.07480081095,-3.774758283726E-16,43.));
#1298 = CARTESIAN_POINT('',(-16.98814346699,1.662253487856,
    19.999999999993));
#1299 = CARTESIAN_POINT('',(-10.04473672078,0.737588746605,43.));
#1300 = CARTESIAN_POINT('',(-16.13730320018,3.086652270819,
    20.000000000004));
#1301 = CARTESIAN_POINT('',(-9.954833246575,1.469675801121,43.));
#1302 = CARTESIAN_POINT('',(-14.89026511577,4.095554922966,
    19.999999999999));
#1303 = CARTESIAN_POINT('',(-9.805951714392,2.190828529797,43.));
#1304 = CARTESIAN_POINT('',(-13.44513262065,4.6,20.));
#1305 = CARTESIAN_POINT('',(-9.599510791649,2.895752415553,43.));
#1306 = CARTESIAN_POINT('',(-12.,4.6,20.));
#1307 = CARTESIAN_POINT('',(-9.33746117302,3.579360116325,43.));
#1308 = DEFINITIONAL_REPRESENTATION('',(#1309),#1312);
#1309 = B_SPLINE_CURVE_WITH_KNOTS('',1,(#1310,#1311),.UNSPECIFIED.,.F.,
  .F.,(2,2),(0.,3.14159265359),.PIECEWISE_BEZIER_KNOTS.);
#1310 = CARTESIAN_POINT('',(0.,0.));
#1311 = CARTESIAN_POINT('',(3.14159265359,0.));
#1312 = ( GEOMETRIC_REPRESENTATION_CONTEXT(2)
PARAMETRIC_REPRESENTATION_CONTEXT() REPRESENTATION_CONTEXT('2D SPACE',''
  ) );
#1313 = ORIENTED_EDGE('',*,*,#999,.F.);
#1314 = ADVANCED_FACE('',(#1315,#1321),#827,.F.);
#1315 = FACE_BOUND('',#1316,.F.);
#1316 = EDGE_LOOP('',(#1317,#1318,#1319,#1320));
#1317 = ORIENTED_EDGE('',*,*,#811,.T.);
#1318 = ORIENTED_EDGE('',*,*,#865,.T.);
#1319 = ORIENTED_EDGE('',*,*,#915,.T.);
#1320 = ORIENTED_EDGE('',*,*,#964,.T.);
#1321 = FACE_BOUND('',#1322,.F.);
#1322 = EDGE_LOOP('',(#1323,#1424,#1513,#1721,#1810));
#1323 = ORIENTED_EDGE('',*,*,#1324,.T.);
#1324 = EDGE_CURVE('',#1325,#1327,#1329,.T.);
#1325 = VERTEX_POINT('',#1326);
#1326 = CARTESIAN_POINT('',(17.391304347826,1.119877137883E-15,23.));
#1327 = VERTEX_POINT('',#1328);
#1328 = CARTESIAN_POINT('',(11.825362288994,6.10977051598,23.));
#1329 = SURFACE_CURVE('',#1330,(#1353,#1379),.PCURVE_S1.);
#1330 = B_SPLINE_CURVE_WITH_KNOTS('',6,(#1331,#1332,#1333,#1334,#1335,
    #1336,#1337,#1338,#1339,#1340,#1341,#1342,#1343,#1344,#1345,#1346,
    #1347,#1348,#1349,#1350,#1351,#1352),.UNSPECIFIED.,.F.,.F.,(7,5,5,5,
    7),(0.,0.354254190218,0.501152537973,0.707842309936,1.),
  .UNSPECIFIED.);
#1331 = CARTESIAN_POINT('',(17.391304347826,4.296080399636E-16,23.));
#1332 = CARTESIAN_POINT('',(17.391304347826,0.536581247616,23.));
#1333 = CARTESIAN_POINT('',(17.335732141685,1.073235208391,23.));
#1334 = CARTESIAN_POINT('',(17.224560839957,1.602600432637,23.));
#1335 = CARTESIAN_POINT('',(17.059030942987,2.117568612652,23.));
#1336 = CARTESIAN_POINT('',(16.84136400836,2.611230836049,23.));
#1337 = CARTESIAN_POINT('',(16.464674301144,3.270127750777,23.));
#1338 = CARTESIAN_POINT('',(16.345894646204,3.458477305321,23.));
#1339 = CARTESIAN_POINT('',(16.218996609015,3.641575960779,23.));
#1340 = CARTESIAN_POINT('',(16.084257368641,3.818977377133,23.));
#1341 = CARTESIAN_POINT('',(15.941985685216,3.99025278614,23.));
#1342 = CARTESIAN_POINT('',(15.58222249108,4.386781903809,23.));
#1343 = CARTESIAN_POINT('',(15.357680023613,4.60563623067,23.));
#1344 = CARTESIAN_POINT('',(15.119848572291,4.810405797768,23.));
#1345 = CARTESIAN_POINT('',(14.869789877273,5.000034106685,23.));
#1346 = CARTESIAN_POINT('',(14.60867663758,5.173563136104,23.));
#1347 = CARTESIAN_POINT('',(13.954903522517,5.551463028517,23.));
#1348 = CARTESIAN_POINT('',(13.552454462055,5.738940474944,23.));
#1349 = CARTESIAN_POINT('',(13.134121861651,5.890129970481,23.));
#1350 = CARTESIAN_POINT('',(12.703905627722,6.003147144566,23.));
#1351 = CARTESIAN_POINT('',(12.266104875162,6.076599237053,23.));
#1352 = CARTESIAN_POINT('',(11.825362288994,6.10977051598,23.));
#1353 = PCURVE('',#827,#1354);
#1354 = DEFINITIONAL_REPRESENTATION('',(#1355),#1378);
#1355 = B_SPLINE_CURVE_WITH_KNOTS('',6,(#1356,#1357,#1358,#1359,#1360,
    #1361,#1362,#1363,#1364,#1365,#1366,#1367,#1368,#1369,#1370,#1371,
    #1372,#1373,#1374,#1375,#1376,#1377),.UNSPECIFIED.,.F.,.F.,(7,5,5,5,
    7),(0.,0.354254190218,0.501152537973,0.707842309936,1.),
  .UNSPECIFIED.);
#1356 = CARTESIAN_POINT('',(-17.39130434782,6.216466171961E-16));
#1357 = CARTESIAN_POINT('',(-17.39130434782,0.536581247616));
#1358 = CARTESIAN_POINT('',(-17.33573214168,1.073235208391));
#1359 = CARTESIAN_POINT('',(-17.22456083995,1.602600432637));
#1360 = CARTESIAN_POINT('',(-17.05903094298,2.117568612652));
#1361 = CARTESIAN_POINT('',(-16.84136400836,2.611230836049));
#1362 = CARTESIAN_POINT('',(-16.46467430114,3.270127750777));
#1363 = CARTESIAN_POINT('',(-16.3458946462,3.458477305321));
#1364 = CARTESIAN_POINT('',(-16.21899660901,3.641575960779));
#1365 = CARTESIAN_POINT('',(-16.08425736864,3.818977377133));
#1366 = CARTESIAN_POINT('',(-15.94198568521,3.99025278614));
#1367 = CARTESIAN_POINT('',(-15.58222249108,4.386781903809));
#1368 = CARTESIAN_POINT('',(-15.35768002361,4.60563623067));
#1369 = CARTESIAN_POINT('',(-15.11984857229,4.810405797768));
#1370 = CARTESIAN_POINT('',(-14.86978987727,5.000034106685));
#1371 = CARTESIAN_POINT('',(-14.60867663758,5.173563136104));
#1372 = CARTESIAN_POINT('',(-13.95490352251,5.551463028517));
#1373 = CARTESIAN_POINT('',(-13.55245446205,5.738940474944));
#1374 = CARTESIAN_POINT('',(-13.13412186165,5.890129970481));
#1375 = CARTESIAN_POINT('',(-12.70390562772,6.003147144566));
#1376 = CARTESIAN_POINT('',(-12.26610487516,6.076599237053));
#1377 = CARTESIAN_POINT('',(-11.82536228899,6.10977051598));
#1378 = ( GEOMETRIC_REPRESENTATION_CONTEXT(2)
PARAMETRIC_REPRESENTATION_CONTEXT() REPRESENTATION_CONTEXT('2D SPACE',''
  ) );
#1379 = PCURVE('',#1380,#1399);
#1380 = B_SPLINE_SURFACE_WITH_KNOTS('',8,1,(
    (#1381,#1382)
    ,(#1383,#1384)
    ,(#1385,#1386)
    ,(#1387,#1388)
    ,(#1389,#1390)
    ,(#1391,#1392)
    ,(#1393,#1394)
    ,(#1395,#1396)
    ,(#1397,#1398
    )),.UNSPECIFIED.,.F.,.F.,.F.,(9,9),(2,2),(0.,1.570796326795),(0.,1.)
  ,.PIECEWISE_BEZIER_KNOTS.);
#1381 = CARTESIAN_POINT('',(12.,6.2,20.));
#1382 = CARTESIAN_POINT('',(10.661110882289,5.508240622516,43.));
#1383 = CARTESIAN_POINT('',(13.217367153266,6.2,20.));
#1384 = CARTESIAN_POINT('',(10.989465277042,4.872715987511,43.));
#1385 = CARTESIAN_POINT('',(14.434734689726,5.926823108441,20.));
#1386 = CARTESIAN_POINT('',(11.274523012766,4.214821462337,43.));
#1387 = CARTESIAN_POINT('',(15.580582052878,5.380472008403,20.));
#1388 = CARTESIAN_POINT('',(11.514506139095,3.53799814732,43.));
#1389 = CARTESIAN_POINT('',(16.583404285835,4.583404285835,20.));
#1390 = CARTESIAN_POINT('',(11.707964773035,2.845857270846,43.));
#1391 = CARTESIAN_POINT('',(17.380472008403,3.580582052877,20.));
#1392 = CARTESIAN_POINT('',(11.853797651762,2.142139992805,43.));
#1393 = CARTESIAN_POINT('',(17.92682310844,2.434734689726,20.));
#1394 = CARTESIAN_POINT('',(11.951265898293,1.430675558282,43.));
#1395 = CARTESIAN_POINT('',(18.2,1.217367153266,20.));
#1396 = CARTESIAN_POINT('',(12.,0.715337801498,43.));
#1397 = CARTESIAN_POINT('',(18.2,8.881784197001E-16,20.));
#1398 = CARTESIAN_POINT('',(12.,2.6645352591E-15,43.));
#1399 = DEFINITIONAL_REPRESENTATION('',(#1400),#1423);
#1400 = B_SPLINE_CURVE_WITH_KNOTS('',6,(#1401,#1402,#1403,#1404,#1405,
    #1406,#1407,#1408,#1409,#1410,#1411,#1412,#1413,#1414,#1415,#1416,
    #1417,#1418,#1419,#1420,#1421,#1422),.UNSPECIFIED.,.F.,.F.,(7,5,5,5,
    7),(0.,0.354254190218,0.501152537973,0.707842309936,1.),
  .UNSPECIFIED.);
#1401 = CARTESIAN_POINT('',(1.570796326795,0.130434782609));
#1402 = CARTESIAN_POINT('',(1.479331054001,0.130434782609));
#1403 = CARTESIAN_POINT('',(1.387853607242,0.130434782609));
#1404 = CARTESIAN_POINT('',(1.296341272765,0.130434782609));
#1405 = CARTESIAN_POINT('',(1.204733056458,0.130434782609));
#1406 = CARTESIAN_POINT('',(1.112966322248,0.130434782609));
#1407 = CARTESIAN_POINT('',(0.982889302504,0.130434782609));
#1408 = CARTESIAN_POINT('',(0.944727740108,0.130434782609));
#1409 = CARTESIAN_POINT('',(0.906529550203,0.130434782609));
#1410 = CARTESIAN_POINT('',(0.868291350001,0.130434782609));
#1411 = CARTESIAN_POINT('',(0.830009748942,0.130434782609));
#1412 = CARTESIAN_POINT('',(0.737752298951,0.130434782609));
#1413 = CARTESIAN_POINT('',(0.68372957505,0.130434782609));
#1414 = CARTESIAN_POINT('',(0.629605713107,0.130434782609));
#1415 = CARTESIAN_POINT('',(0.575370347751,0.130434782609));
#1416 = CARTESIAN_POINT('',(0.521013107323,0.130434782609));
#1417 = CARTESIAN_POINT('',(0.389509254952,0.130434782609));
#1418 = CARTESIAN_POINT('',(0.312225279513,0.130434782609));
#1419 = CARTESIAN_POINT('',(0.234661733605,0.130434782609));
#1420 = CARTESIAN_POINT('',(0.156788200632,0.130434782609));
#1421 = CARTESIAN_POINT('',(7.857172675208E-02,0.130434782609));
#1422 = CARTESIAN_POINT('',(0.,0.130434782609));
#1423 = ( GEOMETRIC_REPRESENTATION_CONTEXT(2)
PARAMETRIC_REPRESENTATION_CONTEXT() REPRESENTATION_CONTEXT('2D SPACE',''
  ) );
#1424 = ORIENTED_EDGE('',*,*,#1425,.T.);
#1425 = EDGE_CURVE('',#1327,#1426,#1428,.T.);
#1426 = VERTEX_POINT('',#1427);
#1427 = CARTESIAN_POINT('',(-11.82536228899,6.10977051598,23.));
#1428 = SURFACE_CURVE('',#1429,(#1448,#1470),.PCURVE_S1.);
#1429 = B_SPLINE_CURVE_WITH_KNOTS('',5,(#1430,#1431,#1432,#1433,#1434,
    #1435,#1436,#1437,#1438,#1439,#1440,#1441,#1442,#1443,#1444,#1445,
    #1446,#1447),.UNSPECIFIED.,.F.,.F.,(6,4,4,4,6),(0.,0.248824339574,
    0.500000000869,0.752178375061,1.),.UNSPECIFIED.);
#1430 = CARTESIAN_POINT('',(11.825362288994,6.10977051598,23.));
#1431 = CARTESIAN_POINT('',(10.683036988672,6.264632385841,23.));
#1432 = CARTESIAN_POINT('',(9.528424103902,6.407099750772,23.));
#1433 = CARTESIAN_POINT('',(8.363009072186,6.533703993149,23.));
#1434 = CARTESIAN_POINT('',(7.188710075589,6.64188632742,23.));
#1435 = CARTESIAN_POINT('',(4.815415997346,6.818857052234,23.));
#1436 = CARTESIAN_POINT('',(3.616284976601,6.88726346774,23.));
#1437 = CARTESIAN_POINT('',(2.412435603968,6.933434939354,23.));
#1438 = CARTESIAN_POINT('',(1.206215404771,6.956521735942,23.));
#1439 = CARTESIAN_POINT('',(-1.211030711066,6.956521735942,23.));
#1440 = CARTESIAN_POINT('',(-2.422066311517,6.933250237149,23.));
#1441 = CARTESIAN_POINT('',(-3.63070252047,6.886709409276,23.));
#1442 = CARTESIAN_POINT('',(-4.834563676785,6.817762584504,23.));
#1443 = CARTESIAN_POINT('',(-7.207638041505,6.640140709631,23.));
#1444 = CARTESIAN_POINT('',(-8.37709776348,6.532172653315,23.));
#1445 = CARTESIAN_POINT('',(-9.537729685349,6.405951307826,23.));
#1446 = CARTESIAN_POINT('',(-10.68764034662,6.264008321382,23.));
#1447 = CARTESIAN_POINT('',(-11.82536228899,6.10977051598,23.));
#1448 = PCURVE('',#827,#1449);
#1449 = DEFINITIONAL_REPRESENTATION('',(#1450),#1469);
#1450 = B_SPLINE_CURVE_WITH_KNOTS('',5,(#1451,#1452,#1453,#1454,#1455,
    #1456,#1457,#1458,#1459,#1460,#1461,#1462,#1463,#1464,#1465,#1466,
    #1467,#1468),.UNSPECIFIED.,.F.,.F.,(6,4,4,4,6),(0.,0.248824339574,
    0.500000000869,0.752178375061,1.),.UNSPECIFIED.);
#1451 = CARTESIAN_POINT('',(-11.82536228899,6.10977051598));
#1452 = CARTESIAN_POINT('',(-10.68303698867,6.264632385841));
#1453 = CARTESIAN_POINT('',(-9.528424103902,6.407099750772));
#1454 = CARTESIAN_POINT('',(-8.363009072186,6.533703993149));
#1455 = CARTESIAN_POINT('',(-7.188710075589,6.64188632742));
#1456 = CARTESIAN_POINT('',(-4.815415997346,6.818857052234));
#1457 = CARTESIAN_POINT('',(-3.616284976601,6.88726346774));
#1458 = CARTESIAN_POINT('',(-2.412435603968,6.933434939354));
#1459 = CARTESIAN_POINT('',(-1.206215404771,6.956521735942));
#1460 = CARTESIAN_POINT('',(1.211030711066,6.956521735942));
#1461 = CARTESIAN_POINT('',(2.422066311517,6.933250237149));
#1462 = CARTESIAN_POINT('',(3.63070252047,6.886709409276));
#1463 = CARTESIAN_POINT('',(4.834563676785,6.817762584504));
#1464 = CARTESIAN_POINT('',(7.207638041505,6.640140709631));
#1465 = CARTESIAN_POINT('',(8.37709776348,6.532172653315));
#1466 = CARTESIAN_POINT('',(9.537729685349,6.405951307826));
#1467 = CARTESIAN_POINT('',(10.687640346622,6.264008321382));
#1468 = CARTESIAN_POINT('',(11.825362288994,6.10977051598));
#1469 = ( GEOMETRIC_REPRESENTATION_CONTEXT(2)
PARAMETRIC_REPRESENTATION_CONTEXT() REPRESENTATION_CONTEXT('2D SPACE',''
  ) );
#1470 = PCURVE('',#1471,#1492);
#1471 = B_SPLINE_SURFACE_WITH_KNOTS('',9,1,(
    (#1472,#1473)
    ,(#1474,#1475)
    ,(#1476,#1477)
    ,(#1478,#1479)
    ,(#1480,#1481)
    ,(#1482,#1483)
    ,(#1484,#1485)
    ,(#1486,#1487)
    ,(#1488,#1489)
    ,(#1490,#1491
    )),.UNSPECIFIED.,.F.,.F.,.F.,(10,10),(2,2),(0.,24.),(0.,1.),
  .PIECEWISE_BEZIER_KNOTS.);
#1472 = CARTESIAN_POINT('',(-12.,6.2,20.));
#1473 = CARTESIAN_POINT('',(-10.66111088228,5.508240622516,43.));
#1474 = CARTESIAN_POINT('',(-9.333333333333,6.2,20.));
#1475 = CARTESIAN_POINT('',(-9.322113331416,8.099848785496,
    42.999999999999));
#1476 = CARTESIAN_POINT('',(-6.666666666667,6.2,20.));
#1477 = CARTESIAN_POINT('',(-7.274372935282,10.32527430948,
    43.000000000002));
#1478 = CARTESIAN_POINT('',(-4.,6.2,20.));
#1479 = CARTESIAN_POINT('',(-4.632337406541,11.962993410092,
    42.999999999995));
#1480 = CARTESIAN_POINT('',(-1.333333333333,6.2,20.));
#1481 = CARTESIAN_POINT('',(-1.591231767507,12.833268194137,
    43.000000000007));
#1482 = CARTESIAN_POINT('',(1.333333333333,6.2,20.));
#1483 = CARTESIAN_POINT('',(1.591231767507,12.833268194133,
    42.999999999993));
#1484 = CARTESIAN_POINT('',(4.,6.2,20.));
#1485 = CARTESIAN_POINT('',(4.632337406541,11.962993410095,
    43.000000000005));
#1486 = CARTESIAN_POINT('',(6.666666666667,6.2,20.));
#1487 = CARTESIAN_POINT('',(7.274372935282,10.325274309479,
    42.999999999998));
#1488 = CARTESIAN_POINT('',(9.333333333333,6.2,20.));
#1489 = CARTESIAN_POINT('',(9.322113331416,8.099848785496,
    43.000000000001));
#1490 = CARTESIAN_POINT('',(12.,6.2,20.));
#1491 = CARTESIAN_POINT('',(10.661110882289,5.508240622516,43.));
#1492 = DEFINITIONAL_REPRESENTATION('',(#1493),#1512);
#1493 = B_SPLINE_CURVE_WITH_KNOTS('',5,(#1494,#1495,#1496,#1497,#1498,
    #1499,#1500,#1501,#1502,#1503,#1504,#1505,#1506,#1507,#1508,#1509,
    #1510,#1511),.UNSPECIFIED.,.F.,.F.,(6,4,4,4,6),(0.,0.248824339574,
    0.500000000869,0.752178375061,1.),.UNSPECIFIED.);
#1494 = CARTESIAN_POINT('',(24.,0.130434782609));
#1495 = CARTESIAN_POINT('',(22.778339665639,0.130434782609));
#1496 = CARTESIAN_POINT('',(21.566594545901,0.130434782609));
#1497 = CARTESIAN_POINT('',(20.363385807668,0.130434782609));
#1498 = CARTESIAN_POINT('',(19.16707775363,0.130434782609));
#1499 = CARTESIAN_POINT('',(16.773666888476,0.130434782609));
#1500 = CARTESIAN_POINT('',(15.576655233276,0.130434782609));
#1501 = CARTESIAN_POINT('',(14.383245014003,0.130434782609));
#1502 = CARTESIAN_POINT('',(13.191619957847,0.130434782609));
#1503 = CARTESIAN_POINT('',(10.803623002025,0.130434782609));
#1504 = CARTESIAN_POINT('',(9.607240801683,0.130434782609));
#1505 = CARTESIAN_POINT('',(8.409052059461,0.130434782609));
#1506 = CARTESIAN_POINT('',(7.207218470774,0.130434782609));
#1507 = CARTESIAN_POINT('',(4.813637989215,0.130434782609));
#1508 = CARTESIAN_POINT('',(3.622067621799,0.130434782609));
#1509 = CARTESIAN_POINT('',(2.42363906416,0.130434782609));
#1510 = CARTESIAN_POINT('',(1.216737271018,0.130434782609));
#1511 = CARTESIAN_POINT('',(0.,0.130434782609));
#1512 = ( GEOMETRIC_REPRESENTATION_CONTEXT(2)
PARAMETRIC_REPRESENTATION_CONTEXT() REPRESENTATION_CONTEXT('2D SPACE',''
  ) );
#1513 = ORIENTED_EDGE('',*,*,#1514,.T.);
#1514 = EDGE_CURVE('',#1426,#1515,#1517,.T.);
#1515 = VERTEX_POINT('',#1516);
#1516 = CARTESIAN_POINT('',(-11.82536228899,-6.10977051598,23.));
#1517 = SURFACE_CURVE('',#1518,(#1576,#1637),.PCURVE_S1.);
#1518 = B_SPLINE_CURVE_WITH_KNOTS('',6,(#1519,#1520,#1521,#1522,#1523,
    #1524,#1525,#1526,#1527,#1528,#1529,#1530,#1531,#1532,#1533,#1534,
    #1535,#1536,#1537,#1538,#1539,#1540,#1541,#1542,#1543,#1544,#1545,
    #1546,#1547,#1548,#1549,#1550,#1551,#1552,#1553,#1554,#1555,#1556,
    #1557,#1558,#1559,#1560,#1561,#1562,#1563,#1564,#1565,#1566,#1567,
    #1568,#1569,#1570,#1571,#1572,#1573,#1574,#1575),.UNSPECIFIED.,.F.,
  .F.,(7,5,5,5,5,5,5,5,5,5,5,7),(0.,0.146573953302,0.249421301434,
    0.322869777238,0.374381126543,0.410812231826,0.500000630193,
    0.625619157859,0.677130468033,0.750578888041,0.853426158044,1.),
  .UNSPECIFIED.);
#1519 = CARTESIAN_POINT('',(-11.82536228899,6.10977051598,23.));
#1520 = CARTESIAN_POINT('',(-12.26760301527,6.076486483656,23.));
#1521 = CARTESIAN_POINT('',(-12.70688209832,6.002647457306,23.));
#1522 = CARTESIAN_POINT('',(-13.13850891054,5.888976051004,23.));
#1523 = CARTESIAN_POINT('',(-13.55814158768,5.736882111681,23.));
#1524 = CARTESIAN_POINT('',(-13.96174158336,5.548272547128,23.));
#1525 = CARTESIAN_POINT('',(-14.61494723486,5.169390419905,23.));
#1526 = CARTESIAN_POINT('',(-14.8745942635,4.996387356021,23.));
#1527 = CARTESIAN_POINT('',(-15.12327598696,4.807453053962,23.));
#1528 = CARTESIAN_POINT('',(-15.359837541,4.603532749722,23.));
#1529 = CARTESIAN_POINT('',(-15.58323294985,4.385668190841,23.));
#1530 = CARTESIAN_POINT('',(-15.94198569012,3.990252806524,23.));
#1531 = CARTESIAN_POINT('',(-16.08425737701,3.81897739818,23.));
#1532 = CARTESIAN_POINT('',(-16.21899661928,3.64157598121,23.));
#1533 = CARTESIAN_POINT('',(-16.34589465658,3.458477323977,23.));
#1534 = CARTESIAN_POINT('',(-16.46467430999,3.270127766805,23.));
#1535 = CARTESIAN_POINT('',(-16.652527399,2.941539479584,23.));
#1536 = CARTESIAN_POINT('',(-16.72585117247,2.803732593964,23.));
#1537 = CARTESIAN_POINT('',(-16.79497674228,2.663730170602,23.));
#1538 = CARTESIAN_POINT('',(-16.85982755349,2.521694793356,23.));
#1539 = CARTESIAN_POINT('',(-16.92033505636,2.377792024458,23.));
#1540 = CARTESIAN_POINT('',(-17.01611768975,2.129214496925,23.));
#1541 = CARTESIAN_POINT('',(-17.05359391883,2.025388728643,23.));
#1542 = CARTESIAN_POINT('',(-17.08884599121,1.920772656899,23.));
#1543 = CARTESIAN_POINT('',(-17.12185455009,1.815426364684,23.));
#1544 = CARTESIAN_POINT('',(-17.15260228414,1.709410460746,23.));
#1545 = CARTESIAN_POINT('',(-17.25077645935,1.341754806783,23.));
#1546 = CARTESIAN_POINT('',(-17.30683793945,1.077074428037,23.));
#1547 = CARTESIAN_POINT('',(-17.34903362695,0.80964567108,23.));
#1548 = CARTESIAN_POINT('',(-17.37721399993,0.540377762499,23.));
#1549 = CARTESIAN_POINT('',(-17.3913043446,0.270187779221,23.));
#1550 = CARTESIAN_POINT('',(-17.3913043446,-0.380549394771,23.));
#1551 = CARTESIAN_POINT('',(-17.36335268661,-0.761111607645,23.));
#1552 = CARTESIAN_POINT('',(-17.30744590977,-1.139089496266,23.));
#1553 = CARTESIAN_POINT('',(-17.22388869698,-1.51192954743,23.));
#1554 = CARTESIAN_POINT('',(-17.11325638529,-1.877117682394,23.));
#1555 = CARTESIAN_POINT('',(-16.92033505636,-2.377792024457,23.));
#1556 = CARTESIAN_POINT('',(-16.8598275535,-2.521694793356,23.));
#1557 = CARTESIAN_POINT('',(-16.79497674228,-2.663730170602,23.));
#1558 = CARTESIAN_POINT('',(-16.72585117247,-2.803732593963,23.));
#1559 = CARTESIAN_POINT('',(-16.652527399,-2.941539479583,23.));
#1560 = CARTESIAN_POINT('',(-16.46467430999,-3.270127766805,23.));
#1561 = CARTESIAN_POINT('',(-16.34589465658,-3.458477323976,23.));
#1562 = CARTESIAN_POINT('',(-16.21899661928,-3.641575981209,23.));
#1563 = CARTESIAN_POINT('',(-16.08425737701,-3.818977398179,23.));
#1564 = CARTESIAN_POINT('',(-15.94198569012,-3.990252806524,23.));
#1565 = CARTESIAN_POINT('',(-15.58323294985,-4.38566819084,23.));
#1566 = CARTESIAN_POINT('',(-15.359837541,-4.603532749721,23.));
#1567 = CARTESIAN_POINT('',(-15.12327598696,-4.807453053962,23.));
#1568 = CARTESIAN_POINT('',(-14.8745942635,-4.99638735602,23.));
#1569 = CARTESIAN_POINT('',(-14.61494723486,-5.169390419904,23.));
#1570 = CARTESIAN_POINT('',(-13.96174158336,-5.548272547128,23.));
#1571 = CARTESIAN_POINT('',(-13.55814158768,-5.736882111682,23.));
#1572 = CARTESIAN_POINT('',(-13.13850891054,-5.888976051003,23.));
#1573 = CARTESIAN_POINT('',(-12.70688209832,-6.002647457306,23.));
#1574 = CARTESIAN_POINT('',(-12.26760301527,-6.076486483656,23.));
#1575 = CARTESIAN_POINT('',(-11.82536228899,-6.10977051598,23.));
#1576 = PCURVE('',#827,#1577);
#1577 = DEFINITIONAL_REPRESENTATION('',(#1578),#1636);
#1578 = B_SPLINE_CURVE_WITH_KNOTS('',6,(#1579,#1580,#1581,#1582,#1583,
    #1584,#1585,#1586,#1587,#1588,#1589,#1590,#1591,#1592,#1593,#1594,
    #1595,#1596,#1597,#1598,#1599,#1600,#1601,#1602,#1603,#1604,#1605,
    #1606,#1607,#1608,#1609,#1610,#1611,#1612,#1613,#1614,#1615,#1616,
    #1617,#1618,#1619,#1620,#1621,#1622,#1623,#1624,#1625,#1626,#1627,
    #1628,#1629,#1630,#1631,#1632,#1633,#1634,#1635),.UNSPECIFIED.,.F.,
  .F.,(7,5,5,5,5,5,5,5,5,5,5,7),(0.,0.146573953302,0.249421301434,
    0.322869777238,0.374381126543,0.410812231826,0.500000630193,
    0.625619157859,0.677130468033,0.750578888041,0.853426158044,1.),
  .UNSPECIFIED.);
#1579 = CARTESIAN_POINT('',(11.825362288994,6.10977051598));
#1580 = CARTESIAN_POINT('',(12.267603015279,6.076486483656));
#1581 = CARTESIAN_POINT('',(12.706882098323,6.002647457306));
#1582 = CARTESIAN_POINT('',(13.138508910541,5.888976051004));
#1583 = CARTESIAN_POINT('',(13.558141587684,5.736882111681));
#1584 = CARTESIAN_POINT('',(13.961741583368,5.548272547128));
#1585 = CARTESIAN_POINT('',(14.614947234862,5.169390419905));
#1586 = CARTESIAN_POINT('',(14.874594263502,4.996387356021));
#1587 = CARTESIAN_POINT('',(15.123275986964,4.807453053962));
#1588 = CARTESIAN_POINT('',(15.359837541006,4.603532749722));
#1589 = CARTESIAN_POINT('',(15.583232949857,4.385668190841));
#1590 = CARTESIAN_POINT('',(15.94198569012,3.990252806524));
#1591 = CARTESIAN_POINT('',(16.084257377011,3.81897739818));
#1592 = CARTESIAN_POINT('',(16.218996619281,3.64157598121));
#1593 = CARTESIAN_POINT('',(16.345894656586,3.458477323977));
#1594 = CARTESIAN_POINT('',(16.464674309997,3.270127766805));
#1595 = CARTESIAN_POINT('',(16.652527399005,2.941539479584));
#1596 = CARTESIAN_POINT('',(16.725851172471,2.803732593964));
#1597 = CARTESIAN_POINT('',(16.794976742282,2.663730170602));
#1598 = CARTESIAN_POINT('',(16.859827553499,2.521694793356));
#1599 = CARTESIAN_POINT('',(16.920335056363,2.377792024458));
#1600 = CARTESIAN_POINT('',(17.016117689752,2.129214496925));
#1601 = CARTESIAN_POINT('',(17.053593918832,2.025388728643));
#1602 = CARTESIAN_POINT('',(17.088845991218,1.920772656899));
#1603 = CARTESIAN_POINT('',(17.121854550096,1.815426364684));
#1604 = CARTESIAN_POINT('',(17.152602284148,1.709410460746));
#1605 = CARTESIAN_POINT('',(17.25077645935,1.341754806783));
#1606 = CARTESIAN_POINT('',(17.306837939452,1.077074428037));
#1607 = CARTESIAN_POINT('',(17.349033626957,0.80964567108));
#1608 = CARTESIAN_POINT('',(17.37721399993,0.540377762499));
#1609 = CARTESIAN_POINT('',(17.391304344607,0.270187779221));
#1610 = CARTESIAN_POINT('',(17.391304344607,-0.380549394771));
#1611 = CARTESIAN_POINT('',(17.363352686614,-0.761111607645));
#1612 = CARTESIAN_POINT('',(17.30744590977,-1.139089496266));
#1613 = CARTESIAN_POINT('',(17.223888696988,-1.51192954743));
#1614 = CARTESIAN_POINT('',(17.113256385291,-1.877117682394));
#1615 = CARTESIAN_POINT('',(16.920335056363,-2.377792024457));
#1616 = CARTESIAN_POINT('',(16.8598275535,-2.521694793356));
#1617 = CARTESIAN_POINT('',(16.794976742282,-2.663730170602));
#1618 = CARTESIAN_POINT('',(16.725851172472,-2.803732593963));
#1619 = CARTESIAN_POINT('',(16.652527399006,-2.941539479583));
#1620 = CARTESIAN_POINT('',(16.464674309998,-3.270127766805));
#1621 = CARTESIAN_POINT('',(16.345894656587,-3.458477323976));
#1622 = CARTESIAN_POINT('',(16.218996619281,-3.641575981209));
#1623 = CARTESIAN_POINT('',(16.084257377011,-3.818977398179));
#1624 = CARTESIAN_POINT('',(15.941985690121,-3.990252806524));
#1625 = CARTESIAN_POINT('',(15.583232949858,-4.38566819084));
#1626 = CARTESIAN_POINT('',(15.359837541007,-4.603532749721));
#1627 = CARTESIAN_POINT('',(15.123275986965,-4.807453053962));
#1628 = CARTESIAN_POINT('',(14.874594263502,-4.99638735602));
#1629 = CARTESIAN_POINT('',(14.614947234863,-5.169390419904));
#1630 = CARTESIAN_POINT('',(13.961741583369,-5.548272547128));
#1631 = CARTESIAN_POINT('',(13.558141587683,-5.736882111682));
#1632 = CARTESIAN_POINT('',(13.138508910543,-5.888976051003));
#1633 = CARTESIAN_POINT('',(12.706882098322,-6.002647457306));
#1634 = CARTESIAN_POINT('',(12.267603015279,-6.076486483656));
#1635 = CARTESIAN_POINT('',(11.825362288994,-6.10977051598));
#1636 = ( GEOMETRIC_REPRESENTATION_CONTEXT(2)
PARAMETRIC_REPRESENTATION_CONTEXT() REPRESENTATION_CONTEXT('2D SPACE',''
  ) );
#1637 = PCURVE('',#1638,#1661);
#1638 = B_SPLINE_SURFACE_WITH_KNOTS('',10,1,(
    (#1639,#1640)
    ,(#1641,#1642)
    ,(#1643,#1644)
    ,(#1645,#1646)
    ,(#1647,#1648)
    ,(#1649,#1650)
    ,(#1651,#1652)
    ,(#1653,#1654)
    ,(#1655,#1656)
    ,(#1657,#1658)
    ,(#1659,#1660
    )),.UNSPECIFIED.,.F.,.F.,.F.,(11,11),(2,2),(0.,3.14159265359),(0.,1.
    ),.PIECEWISE_BEZIER_KNOTS.);
#1639 = CARTESIAN_POINT('',(-12.,-6.2,20.));
#1640 = CARTESIAN_POINT('',(-10.66111088228,-5.508240622516,43.));
#1641 = CARTESIAN_POINT('',(-13.94778744522,-6.2,20.000000000001));
#1642 = CARTESIAN_POINT('',(-11.18647791389,-4.491401206507,43.));
#1643 = CARTESIAN_POINT('',(-15.89557472126,-5.520095765737,
    19.999999999998));
#1644 = CARTESIAN_POINT('',(-11.60408422871,-3.418885502399,43.));
#1645 = CARTESIAN_POINT('',(-17.57636518285,-4.160270451974,
    20.000000000005));
#1646 = CARTESIAN_POINT('',(-11.90729273785,-2.303541083992,43.));
#1647 = CARTESIAN_POINT('',(-18.7231498903,-2.240428614065,
    19.999999999994));
#1648 = CARTESIAN_POINT('',(-12.09121474147,-1.159119821343,43.));
#1649 = CARTESIAN_POINT('',(-19.13171399384,-1.253047092385E-12,
    20.000000000005));
#1650 = CARTESIAN_POINT('',(-12.15285785081,1.24344978758E-15,43.));
#1651 = CARTESIAN_POINT('',(-18.7231498903,2.240428614067,
    19.999999999997));
#1652 = CARTESIAN_POINT('',(-12.09121474147,1.159119821343,43.));
#1653 = CARTESIAN_POINT('',(-17.57636518285,4.160270451973,
    20.000000000001));
#1654 = CARTESIAN_POINT('',(-11.90729273785,2.303541083992,43.));
#1655 = CARTESIAN_POINT('',(-15.89557472126,5.520095765737,20.));
#1656 = CARTESIAN_POINT('',(-11.60408422871,3.418885502399,43.));
#1657 = CARTESIAN_POINT('',(-13.94778744522,6.2,20.));
#1658 = CARTESIAN_POINT('',(-11.18647791389,4.491401206507,43.));
#1659 = CARTESIAN_POINT('',(-12.,6.2,20.));
#1660 = CARTESIAN_POINT('',(-10.66111088228,5.508240622516,43.));
#1661 = DEFINITIONAL_REPRESENTATION('',(#1662),#1720);
#1662 = B_SPLINE_CURVE_WITH_KNOTS('',6,(#1663,#1664,#1665,#1666,#1667,
    #1668,#1669,#1670,#1671,#1672,#1673,#1674,#1675,#1676,#1677,#1678,
    #1679,#1680,#1681,#1682,#1683,#1684,#1685,#1686,#1687,#1688,#1689,
    #1690,#1691,#1692,#1693,#1694,#1695,#1696,#1697,#1698,#1699,#1700,
    #1701,#1702,#1703,#1704,#1705,#1706,#1707,#1708,#1709,#1710,#1711,
    #1712,#1713,#1714,#1715,#1716,#1717,#1718,#1719),.UNSPECIFIED.,.F.,
  .F.,(7,5,5,5,5,5,5,5,5,5,5,7),(0.,0.146573953302,0.249421301434,
    0.322869777238,0.374381126543,0.410812231826,0.500000630193,
    0.625619157859,0.677130468033,0.750578888041,0.853426158044,1.),
  .UNSPECIFIED.);
#1663 = CARTESIAN_POINT('',(3.14159265359,0.130434782609));
#1664 = CARTESIAN_POINT('',(3.062753851543,0.130434782609));
#1665 = CARTESIAN_POINT('',(2.984272671776,0.130434782609));
#1666 = CARTESIAN_POINT('',(2.906136783598,0.130434782609));
#1667 = CARTESIAN_POINT('',(2.828312787849,0.130434782609));
#1668 = CARTESIAN_POINT('',(2.750769941269,0.130434782609));
#1669 = CARTESIAN_POINT('',(2.619273661503,0.130434782609));
#1670 = CARTESIAN_POINT('',(2.56517992586,0.130434782609));
#1671 = CARTESIAN_POINT('',(2.51120675028,0.130434782609));
#1672 = CARTESIAN_POINT('',(2.457343921706,0.130434782609));
#1673 = CARTESIAN_POINT('',(2.403581231992,0.130434782609));
#1674 = CARTESIAN_POINT('',(2.311582904453,0.130434782609));
#1675 = CARTESIAN_POINT('',(2.273301303465,0.130434782609));
#1676 = CARTESIAN_POINT('',(2.235063103387,0.130434782609));
#1677 = CARTESIAN_POINT('',(2.196864913547,0.130434782609));
#1678 = CARTESIAN_POINT('',(2.158703351129,0.130434782609));
#1679 = CARTESIAN_POINT('',(2.093834653833,0.130434782609));
#1680 = CARTESIAN_POINT('',(2.067110579399,0.130434782609));
#1681 = CARTESIAN_POINT('',(2.040401637955,0.130434782609));
#1682 = CARTESIAN_POINT('',(2.013706649814,0.130434782609));
#1683 = CARTESIAN_POINT('',(1.987024435518,0.130434782609));
#1684 = CARTESIAN_POINT('',(1.941491173595,0.130434782609));
#1685 = CARTESIAN_POINT('',(1.922634324437,0.130434782609));
#1686 = CARTESIAN_POINT('',(1.903782849485,0.130434782609));
#1687 = CARTESIAN_POINT('',(1.884936329811,0.130434782609));
#1688 = CARTESIAN_POINT('',(1.866094346431,0.130434782609));
#1689 = CARTESIAN_POINT('',(1.801138771423,0.130434782609));
#1690 = CARTESIAN_POINT('',(1.755045363087,0.130434782609));
#1691 = CARTESIAN_POINT('',(1.708970892664,0.130434782609));
#1692 = CARTESIAN_POINT('',(1.662908756201,0.130434782609));
#1693 = CARTESIAN_POINT('',(1.616852352436,0.130434782609));
#1694 = CARTESIAN_POINT('',(1.505928134999,0.130434782609));
#1695 = CARTESIAN_POINT('',(1.441057777455,0.130434782609));
#1696 = CARTESIAN_POINT('',(1.376172635574,0.130434782609));
#1697 = CARTESIAN_POINT('',(1.31125309592,0.130434782609));
#1698 = CARTESIAN_POINT('',(1.246279388351,0.130434782609));
#1699 = CARTESIAN_POINT('',(1.154568218072,0.130434782609));
#1700 = CARTESIAN_POINT('',(1.127886003776,0.130434782609));
#1701 = CARTESIAN_POINT('',(1.101191015635,0.130434782609));
#1702 = CARTESIAN_POINT('',(1.07448207419,0.130434782609));
#1703 = CARTESIAN_POINT('',(1.047757999757,0.130434782609));
#1704 = CARTESIAN_POINT('',(0.982889302461,0.130434782609));
#1705 = CARTESIAN_POINT('',(0.944727740042,0.130434782609));
#1706 = CARTESIAN_POINT('',(0.906529550203,0.130434782609));
#1707 = CARTESIAN_POINT('',(0.868291350125,0.130434782609));
#1708 = CARTESIAN_POINT('',(0.830009749137,0.130434782609));
#1709 = CARTESIAN_POINT('',(0.738011421597,0.130434782609));
#1710 = CARTESIAN_POINT('',(0.684248731884,0.130434782609));
#1711 = CARTESIAN_POINT('',(0.63038590331,0.130434782609));
#1712 = CARTESIAN_POINT('',(0.57641272773,0.130434782609));
#1713 = CARTESIAN_POINT('',(0.522318992087,0.130434782609));
#1714 = CARTESIAN_POINT('',(0.390822712321,0.130434782609));
#1715 = CARTESIAN_POINT('',(0.313279865741,0.130434782609));
#1716 = CARTESIAN_POINT('',(0.235455869992,0.130434782609));
#1717 = CARTESIAN_POINT('',(0.157319981814,0.130434782609));
#1718 = CARTESIAN_POINT('',(7.88388020465E-02,0.130434782609));
#1719 = CARTESIAN_POINT('',(0.,0.130434782609));
#1720 = ( GEOMETRIC_REPRESENTATION_CONTEXT(2)
PARAMETRIC_REPRESENTATION_CONTEXT() REPRESENTATION_CONTEXT('2D SPACE',''
  ) );
#1721 = ORIENTED_EDGE('',*,*,#1722,.T.);
#1722 = EDGE_CURVE('',#1515,#1723,#1725,.T.);
#1723 = VERTEX_POINT('',#1724);
#1724 = CARTESIAN_POINT('',(11.825362288994,-6.10977051598,23.));
#1725 = SURFACE_CURVE('',#1726,(#1745,#1767),.PCURVE_S1.);
#1726 = B_SPLINE_CURVE_WITH_KNOTS('',5,(#1727,#1728,#1729,#1730,#1731,
    #1732,#1733,#1734,#1735,#1736,#1737,#1738,#1739,#1740,#1741,#1742,
    #1743,#1744),.UNSPECIFIED.,.F.,.F.,(6,4,4,4,6),(0.,0.248824339574,
    0.500000000869,0.752178375061,1.),.UNSPECIFIED.);
#1727 = CARTESIAN_POINT('',(-11.82536228899,-6.10977051598,23.));
#1728 = CARTESIAN_POINT('',(-10.68303698867,-6.264632385841,23.));
#1729 = CARTESIAN_POINT('',(-9.528424103904,-6.407099750771,23.));
#1730 = CARTESIAN_POINT('',(-8.363009072184,-6.533703993149,23.));
#1731 = CARTESIAN_POINT('',(-7.188710075589,-6.64188632742,23.));
#1732 = CARTESIAN_POINT('',(-4.815415997346,-6.818857052234,23.));
#1733 = CARTESIAN_POINT('',(-3.616284976602,-6.88726346774,23.));
#1734 = CARTESIAN_POINT('',(-2.412435603967,-6.933434939354,23.));
#1735 = CARTESIAN_POINT('',(-1.206215404771,-6.956521735942,23.));
#1736 = CARTESIAN_POINT('',(1.211030711066,-6.956521735942,23.));
#1737 = CARTESIAN_POINT('',(2.422066311517,-6.933250237149,23.));
#1738 = CARTESIAN_POINT('',(3.63070252047,-6.886709409276,23.));
#1739 = CARTESIAN_POINT('',(4.834563676786,-6.817762584504,23.));
#1740 = CARTESIAN_POINT('',(7.207638041505,-6.640140709631,23.));
#1741 = CARTESIAN_POINT('',(8.37709776348,-6.532172653315,23.));
#1742 = CARTESIAN_POINT('',(9.537729685349,-6.405951307826,23.));
#1743 = CARTESIAN_POINT('',(10.687640346622,-6.264008321382,23.));
#1744 = CARTESIAN_POINT('',(11.825362288994,-6.10977051598,23.));
#1745 = PCURVE('',#827,#1746);
#1746 = DEFINITIONAL_REPRESENTATION('',(#1747),#1766);
#1747 = B_SPLINE_CURVE_WITH_KNOTS('',5,(#1748,#1749,#1750,#1751,#1752,
    #1753,#1754,#1755,#1756,#1757,#1758,#1759,#1760,#1761,#1762,#1763,
    #1764,#1765),.UNSPECIFIED.,.F.,.F.,(6,4,4,4,6),(0.,0.248824339574,
    0.500000000869,0.752178375061,1.),.UNSPECIFIED.);
#1748 = CARTESIAN_POINT('',(11.825362288994,-6.10977051598));
#1749 = CARTESIAN_POINT('',(10.683036988672,-6.264632385841));
#1750 = CARTESIAN_POINT('',(9.528424103904,-6.407099750771));
#1751 = CARTESIAN_POINT('',(8.363009072184,-6.533703993149));
#1752 = CARTESIAN_POINT('',(7.188710075589,-6.64188632742));
#1753 = CARTESIAN_POINT('',(4.815415997346,-6.818857052234));
#1754 = CARTESIAN_POINT('',(3.616284976602,-6.88726346774));
#1755 = CARTESIAN_POINT('',(2.412435603967,-6.933434939354));
#1756 = CARTESIAN_POINT('',(1.206215404771,-6.956521735942));
#1757 = CARTESIAN_POINT('',(-1.211030711066,-6.956521735942));
#1758 = CARTESIAN_POINT('',(-2.422066311517,-6.933250237149));
#1759 = CARTESIAN_POINT('',(-3.63070252047,-6.886709409276));
#1760 = CARTESIAN_POINT('',(-4.834563676786,-6.817762584504));
#1761 = CARTESIAN_POINT('',(-7.207638041505,-6.640140709631));
#1762 = CARTESIAN_POINT('',(-8.37709776348,-6.532172653315));
#1763 = CARTESIAN_POINT('',(-9.537729685349,-6.405951307826));
#1764 = CARTESIAN_POINT('',(-10.68764034662,-6.264008321382));
#1765 = CARTESIAN_POINT('',(-11.82536228899,-6.10977051598));
#1766 = ( GEOMETRIC_REPRESENTATION_CONTEXT(2)
PARAMETRIC_REPRESENTATION_CONTEXT() REPRESENTATION_CONTEXT('2D SPACE',''
  ) );
#1767 = PCURVE('',#1768,#1789);
#1768 = B_SPLINE_SURFACE_WITH_KNOTS('',9,1,(
    (#1769,#1770)
    ,(#1771,#1772)
    ,(#1773,#1774)
    ,(#1775,#1776)
    ,(#1777,#1778)
    ,(#1779,#1780)
    ,(#1781,#1782)
    ,(#1783,#1784)
    ,(#1785,#1786)
    ,(#1787,#1788
    )),.UNSPECIFIED.,.F.,.F.,.F.,(10,10),(2,2),(0.,24.),(0.,1.),
  .PIECEWISE_BEZIER_KNOTS.);
#1769 = CARTESIAN_POINT('',(12.,-6.2,20.));
#1770 = CARTESIAN_POINT('',(10.661110882289,-5.508240622516,43.));
#1771 = CARTESIAN_POINT('',(9.333333333333,-6.2,20.));
#1772 = CARTESIAN_POINT('',(9.322113331416,-8.099848785496,43.));
#1773 = CARTESIAN_POINT('',(6.666666666667,-6.2,20.));
#1774 = CARTESIAN_POINT('',(7.274372935283,-10.32527430948,43.));
#1775 = CARTESIAN_POINT('',(4.,-6.2,20.));
#1776 = CARTESIAN_POINT('',(4.632337406541,-11.96299341009,43.));
#1777 = CARTESIAN_POINT('',(1.333333333333,-6.2,20.));
#1778 = CARTESIAN_POINT('',(1.591231767507,-12.83326819413,
    42.999999999999));
#1779 = CARTESIAN_POINT('',(-1.333333333333,-6.2,20.));
#1780 = CARTESIAN_POINT('',(-1.591231767507,-12.83326819413,
    43.000000000002));
#1781 = CARTESIAN_POINT('',(-4.,-6.2,20.));
#1782 = CARTESIAN_POINT('',(-4.632337406541,-11.96299341009,
    42.999999999998));
#1783 = CARTESIAN_POINT('',(-6.666666666667,-6.2,20.));
#1784 = CARTESIAN_POINT('',(-7.274372935282,-10.32527430948,
    43.000000000001));
#1785 = CARTESIAN_POINT('',(-9.333333333333,-6.2,20.));
#1786 = CARTESIAN_POINT('',(-9.322113331416,-8.099848785496,43.));
#1787 = CARTESIAN_POINT('',(-12.,-6.2,20.));
#1788 = CARTESIAN_POINT('',(-10.66111088228,-5.508240622516,43.));
#1789 = DEFINITIONAL_REPRESENTATION('',(#1790),#1809);
#1790 = B_SPLINE_CURVE_WITH_KNOTS('',5,(#1791,#1792,#1793,#1794,#1795,
    #1796,#1797,#1798,#1799,#1800,#1801,#1802,#1803,#1804,#1805,#1806,
    #1807,#1808),.UNSPECIFIED.,.F.,.F.,(6,4,4,4,6),(0.,0.248824339574,
    0.500000000869,0.752178375061,1.),.UNSPECIFIED.);
#1791 = CARTESIAN_POINT('',(24.,0.130434782609));
#1792 = CARTESIAN_POINT('',(22.778339665638,0.130434782609));
#1793 = CARTESIAN_POINT('',(21.566594545903,0.130434782609));
#1794 = CARTESIAN_POINT('',(20.363385807667,0.130434782609));
#1795 = CARTESIAN_POINT('',(19.16707775363,0.130434782609));
#1796 = CARTESIAN_POINT('',(16.773666888476,0.130434782609));
#1797 = CARTESIAN_POINT('',(15.576655233277,0.130434782609));
#1798 = CARTESIAN_POINT('',(14.383245014002,0.130434782609));
#1799 = CARTESIAN_POINT('',(13.191619957847,0.130434782609));
#1800 = CARTESIAN_POINT('',(10.803623002025,0.130434782609));
#1801 = CARTESIAN_POINT('',(9.607240801683,0.130434782609));
#1802 = CARTESIAN_POINT('',(8.409052059461,0.130434782609));
#1803 = CARTESIAN_POINT('',(7.207218470773,0.130434782609));
#1804 = CARTESIAN_POINT('',(4.813637989215,0.130434782609));
#1805 = CARTESIAN_POINT('',(3.622067621798,0.130434782609));
#1806 = CARTESIAN_POINT('',(2.42363906416,0.130434782609));
#1807 = CARTESIAN_POINT('',(1.216737271018,0.130434782609));
#1808 = CARTESIAN_POINT('',(0.,0.130434782609));
#1809 = ( GEOMETRIC_REPRESENTATION_CONTEXT(2)
PARAMETRIC_REPRESENTATION_CONTEXT() REPRESENTATION_CONTEXT('2D SPACE',''
  ) );
#1810 = ORIENTED_EDGE('',*,*,#1811,.T.);
#1811 = EDGE_CURVE('',#1723,#1325,#1812,.T.);
#1812 = SURFACE_CURVE('',#1813,(#1836,#1862),.PCURVE_S1.);
#1813 = B_SPLINE_CURVE_WITH_KNOTS('',6,(#1814,#1815,#1816,#1817,#1818,
    #1819,#1820,#1821,#1822,#1823,#1824,#1825,#1826,#1827,#1828,#1829,
    #1830,#1831,#1832,#1833,#1834,#1835),.UNSPECIFIED.,.F.,.F.,(7,5,5,5,
    7),(0.,0.292157690064,0.498847462027,0.645745809782,1.),
  .UNSPECIFIED.);
#1814 = CARTESIAN_POINT('',(11.825362288994,-6.10977051598,23.));
#1815 = CARTESIAN_POINT('',(12.266104875162,-6.076599237053,23.));
#1816 = CARTESIAN_POINT('',(12.703905627721,-6.003147144565,23.));
#1817 = CARTESIAN_POINT('',(13.134121861652,-5.890129970482,23.));
#1818 = CARTESIAN_POINT('',(13.552454462055,-5.738940474944,23.));
#1819 = CARTESIAN_POINT('',(13.954903522517,-5.551463028517,23.));
#1820 = CARTESIAN_POINT('',(14.608676637579,-5.173563136104,23.));
#1821 = CARTESIAN_POINT('',(14.869789877273,-5.000034106685,23.));
#1822 = CARTESIAN_POINT('',(15.119848572291,-4.810405797768,23.));
#1823 = CARTESIAN_POINT('',(15.357680023613,-4.605636230671,23.));
#1824 = CARTESIAN_POINT('',(15.582222491079,-4.386781903809,23.));
#1825 = CARTESIAN_POINT('',(15.941985685216,-3.99025278614,23.));
#1826 = CARTESIAN_POINT('',(16.084257368641,-3.818977377133,23.));
#1827 = CARTESIAN_POINT('',(16.218996609015,-3.64157596078,23.));
#1828 = CARTESIAN_POINT('',(16.345894646204,-3.458477305322,23.));
#1829 = CARTESIAN_POINT('',(16.464674301144,-3.270127750778,23.));
#1830 = CARTESIAN_POINT('',(16.841364008359,-2.61123083605,23.));
#1831 = CARTESIAN_POINT('',(17.059030942987,-2.117568612651,23.));
#1832 = CARTESIAN_POINT('',(17.224560839956,-1.602600432638,23.));
#1833 = CARTESIAN_POINT('',(17.335732141685,-1.073235208391,23.));
#1834 = CARTESIAN_POINT('',(17.391304347826,-0.536581247616,23.));
#1835 = CARTESIAN_POINT('',(17.391304347826,6.961398424677E-16,23.));
#1836 = PCURVE('',#827,#1837);
#1837 = DEFINITIONAL_REPRESENTATION('',(#1838),#1861);
#1838 = B_SPLINE_CURVE_WITH_KNOTS('',6,(#1839,#1840,#1841,#1842,#1843,
    #1844,#1845,#1846,#1847,#1848,#1849,#1850,#1851,#1852,#1853,#1854,
    #1855,#1856,#1857,#1858,#1859,#1860),.UNSPECIFIED.,.F.,.F.,(7,5,5,5,
    7),(0.,0.292157690064,0.498847462027,0.645745809782,1.),
  .UNSPECIFIED.);
#1839 = CARTESIAN_POINT('',(-11.82536228899,-6.10977051598));
#1840 = CARTESIAN_POINT('',(-12.26610487516,-6.076599237053));
#1841 = CARTESIAN_POINT('',(-12.70390562772,-6.003147144565));
#1842 = CARTESIAN_POINT('',(-13.13412186165,-5.890129970482));
#1843 = CARTESIAN_POINT('',(-13.55245446205,-5.738940474944));
#1844 = CARTESIAN_POINT('',(-13.95490352251,-5.551463028517));
#1845 = CARTESIAN_POINT('',(-14.60867663757,-5.173563136104));
#1846 = CARTESIAN_POINT('',(-14.86978987727,-5.000034106685));
#1847 = CARTESIAN_POINT('',(-15.11984857229,-4.810405797768));
#1848 = CARTESIAN_POINT('',(-15.35768002361,-4.605636230671));
#1849 = CARTESIAN_POINT('',(-15.58222249107,-4.386781903809));
#1850 = CARTESIAN_POINT('',(-15.94198568521,-3.99025278614));
#1851 = CARTESIAN_POINT('',(-16.08425736864,-3.818977377133));
#1852 = CARTESIAN_POINT('',(-16.21899660901,-3.64157596078));
#1853 = CARTESIAN_POINT('',(-16.3458946462,-3.458477305322));
#1854 = CARTESIAN_POINT('',(-16.46467430114,-3.270127750778));
#1855 = CARTESIAN_POINT('',(-16.84136400835,-2.61123083605));
#1856 = CARTESIAN_POINT('',(-17.05903094298,-2.117568612651));
#1857 = CARTESIAN_POINT('',(-17.22456083995,-1.602600432638));
#1858 = CARTESIAN_POINT('',(-17.33573214168,-1.073235208391));
#1859 = CARTESIAN_POINT('',(-17.39130434782,-0.536581247616));
#1860 = CARTESIAN_POINT('',(-17.39130434782,8.881784197001E-16));
#1861 = ( GEOMETRIC_REPRESENTATION_CONTEXT(2)
PARAMETRIC_REPRESENTATION_CONTEXT() REPRESENTATION_CONTEXT('2D SPACE',''
  ) );
#1862 = PCURVE('',#1863,#1882);
#1863 = B_SPLINE_SURFACE_WITH_KNOTS('',8,1,(
    (#1864,#1865)
    ,(#1866,#1867)
    ,(#1868,#1869)
    ,(#1870,#1871)
    ,(#1872,#1873)
    ,(#1874,#1875)
    ,(#1876,#1877)
    ,(#1878,#1879)
    ,(#1880,#1881
    )),.UNSPECIFIED.,.F.,.F.,.F.,(9,9),(2,2),(1.570796326795,
    3.14159265359),(0.,1.),.PIECEWISE_BEZIER_KNOTS.);
#1864 = CARTESIAN_POINT('',(18.2,0.,20.));
#1865 = CARTESIAN_POINT('',(12.,0.,43.));
#1866 = CARTESIAN_POINT('',(18.2,-1.217367153266,20.));
#1867 = CARTESIAN_POINT('',(12.,-0.715337801498,43.));
#1868 = CARTESIAN_POINT('',(17.926823108441,-2.434734689726,20.));
#1869 = CARTESIAN_POINT('',(11.951265898293,-1.430675558282,43.));
#1870 = CARTESIAN_POINT('',(17.380472008402,-3.580582052877,
    19.999999999999));
#1871 = CARTESIAN_POINT('',(11.853797651762,-2.142139992805,43.));
#1872 = CARTESIAN_POINT('',(16.583404285836,-4.583404285836,
    20.000000000001));
#1873 = CARTESIAN_POINT('',(11.707964773035,-2.845857270846,43.));
#1874 = CARTESIAN_POINT('',(15.580582052877,-5.380472008403,20.));
#1875 = CARTESIAN_POINT('',(11.514506139095,-3.53799814732,43.));
#1876 = CARTESIAN_POINT('',(14.434734689726,-5.926823108441,20.));
#1877 = CARTESIAN_POINT('',(11.274523012766,-4.214821462337,43.));
#1878 = CARTESIAN_POINT('',(13.217367153266,-6.2,20.));
#1879 = CARTESIAN_POINT('',(10.989465277042,-4.872715987511,43.));
#1880 = CARTESIAN_POINT('',(12.,-6.2,20.));
#1881 = CARTESIAN_POINT('',(10.661110882289,-5.508240622516,43.));
#1882 = DEFINITIONAL_REPRESENTATION('',(#1883),#1906);
#1883 = B_SPLINE_CURVE_WITH_KNOTS('',6,(#1884,#1885,#1886,#1887,#1888,
    #1889,#1890,#1891,#1892,#1893,#1894,#1895,#1896,#1897,#1898,#1899,
    #1900,#1901,#1902,#1903,#1904,#1905),.UNSPECIFIED.,.F.,.F.,(7,5,5,5,
    7),(0.,0.292157690064,0.498847462027,0.645745809782,1.),
  .UNSPECIFIED.);
#1884 = CARTESIAN_POINT('',(3.14159265359,0.130434782609));
#1885 = CARTESIAN_POINT('',(3.063020926838,0.130434782609));
#1886 = CARTESIAN_POINT('',(2.984804452958,0.130434782609));
#1887 = CARTESIAN_POINT('',(2.906930919984,0.130434782609));
#1888 = CARTESIAN_POINT('',(2.829367374077,0.130434782609));
#1889 = CARTESIAN_POINT('',(2.752083398638,0.130434782609));
#1890 = CARTESIAN_POINT('',(2.620579546267,0.130434782609));
#1891 = CARTESIAN_POINT('',(2.566222305839,0.130434782609));
#1892 = CARTESIAN_POINT('',(2.511986940483,0.130434782609));
#1893 = CARTESIAN_POINT('',(2.45786307854,0.130434782609));
#1894 = CARTESIAN_POINT('',(2.403840354639,0.130434782609));
#1895 = CARTESIAN_POINT('',(2.311582904647,0.130434782609));
#1896 = CARTESIAN_POINT('',(2.273301303589,0.130434782609));
#1897 = CARTESIAN_POINT('',(2.235063103387,0.130434782609));
#1898 = CARTESIAN_POINT('',(2.196864913482,0.130434782609));
#1899 = CARTESIAN_POINT('',(2.158703351086,0.130434782609));
#1900 = CARTESIAN_POINT('',(2.028626331342,0.130434782609));
#1901 = CARTESIAN_POINT('',(1.936859597132,0.130434782609));
#1902 = CARTESIAN_POINT('',(1.845251380825,0.130434782609));
#1903 = CARTESIAN_POINT('',(1.753739046347,0.130434782609));
#1904 = CARTESIAN_POINT('',(1.662261599589,0.130434782609));
#1905 = CARTESIAN_POINT('',(1.570796326795,0.130434782609));
#1906 = ( GEOMETRIC_REPRESENTATION_CONTEXT(2)
PARAMETRIC_REPRESENTATION_CONTEXT() REPRESENTATION_CONTEXT('2D SPACE',''
  ) );
#1907 = ADVANCED_FACE('',(#1908),#1038,.T.);
#1908 = FACE_BOUND('',#1909,.T.);
#1909 = EDGE_LOOP('',(#1910,#1911,#1933,#1960));
#1910 = ORIENTED_EDGE('',*,*,#1022,.T.);
#1911 = ORIENTED_EDGE('',*,*,#1912,.T.);
#1912 = EDGE_CURVE('',#1023,#1913,#1915,.T.);
#1913 = VERTEX_POINT('',#1914);
#1914 = CARTESIAN_POINT('',(9.33746117302,3.579360116325,43.));
#1915 = SURFACE_CURVE('',#1916,(#1919,#1926),.PCURVE_S1.);
#1916 = B_SPLINE_CURVE_WITH_KNOTS('',1,(#1917,#1918),.UNSPECIFIED.,.F.,
  .F.,(2,2),(0.,1.),.PIECEWISE_BEZIER_KNOTS.);
#1917 = CARTESIAN_POINT('',(12.,4.6,20.));
#1918 = CARTESIAN_POINT('',(9.33746117302,3.579360116325,43.));
#1919 = PCURVE('',#1038,#1920);
#1920 = DEFINITIONAL_REPRESENTATION('',(#1921),#1925);
#1921 = LINE('',#1922,#1923);
#1922 = CARTESIAN_POINT('',(24.,0.));
#1923 = VECTOR('',#1924,1.);
#1924 = DIRECTION('',(0.,1.));
#1925 = ( GEOMETRIC_REPRESENTATION_CONTEXT(2)
PARAMETRIC_REPRESENTATION_CONTEXT() REPRESENTATION_CONTEXT('2D SPACE',''
  ) );
#1926 = PCURVE('',#1108,#1927);
#1927 = DEFINITIONAL_REPRESENTATION('',(#1928),#1932);
#1928 = LINE('',#1929,#1930);
#1929 = CARTESIAN_POINT('',(0.,0.));
#1930 = VECTOR('',#1931,1.);
#1931 = DIRECTION('',(0.,1.));
#1932 = ( GEOMETRIC_REPRESENTATION_CONTEXT(2)
PARAMETRIC_REPRESENTATION_CONTEXT() REPRESENTATION_CONTEXT('2D SPACE',''
  ) );
#1933 = ORIENTED_EDGE('',*,*,#1934,.T.);
#1934 = EDGE_CURVE('',#1913,#1935,#1937,.T.);
#1935 = VERTEX_POINT('',#1936);
#1936 = CARTESIAN_POINT('',(-9.33746117302,3.579360116325,43.));
#1937 = SURFACE_CURVE('',#1938,(#1943,#1949),.PCURVE_S1.);
#1938 = CIRCLE('',#1939,10.);
#1939 = AXIS2_PLACEMENT_3D('',#1940,#1941,#1942);
#1940 = CARTESIAN_POINT('',(0.,0.,43.));
#1941 = DIRECTION('',(0.,0.,1.));
#1942 = DIRECTION('',(1.,0.,0.));
#1943 = PCURVE('',#1038,#1944);
#1944 = DEFINITIONAL_REPRESENTATION('',(#1945),#1948);
#1945 = B_SPLINE_CURVE_WITH_KNOTS('',1,(#1946,#1947),.UNSPECIFIED.,.F.,
  .F.,(2,2),(0.366056515847,2.775536137742),.PIECEWISE_BEZIER_KNOTS.);
#1946 = CARTESIAN_POINT('',(24.,1.));
#1947 = CARTESIAN_POINT('',(0.,1.));
#1948 = ( GEOMETRIC_REPRESENTATION_CONTEXT(2)
PARAMETRIC_REPRESENTATION_CONTEXT() REPRESENTATION_CONTEXT('2D SPACE',''
  ) );
#1949 = PCURVE('',#1950,#1955);
#1950 = CYLINDRICAL_SURFACE('',#1951,10.);
#1951 = AXIS2_PLACEMENT_3D('',#1952,#1953,#1954);
#1952 = CARTESIAN_POINT('',(0.,0.,43.));
#1953 = DIRECTION('',(-0.,-0.,-1.));
#1954 = DIRECTION('',(1.,0.,0.));
#1955 = DEFINITIONAL_REPRESENTATION('',(#1956),#1959);
#1956 = B_SPLINE_CURVE_WITH_KNOTS('',1,(#1957,#1958),.UNSPECIFIED.,.F.,
  .F.,(2,2),(0.366056515847,2.775536137742),.PIECEWISE_BEZIER_KNOTS.);
#1957 = CARTESIAN_POINT('',(-0.366056515847,0.));
#1958 = CARTESIAN_POINT('',(-2.775536137742,0.));
#1959 = ( GEOMETRIC_REPRESENTATION_CONTEXT(2)
PARAMETRIC_REPRESENTATION_CONTEXT() REPRESENTATION_CONTEXT('2D SPACE',''
  ) );
#1960 = ORIENTED_EDGE('',*,*,#1961,.F.);
#1961 = EDGE_CURVE('',#1000,#1935,#1962,.T.);
#1962 = SURFACE_CURVE('',#1963,(#1966,#1973),.PCURVE_S1.);
#1963 = B_SPLINE_CURVE_WITH_KNOTS('',1,(#1964,#1965),.UNSPECIFIED.,.F.,
  .F.,(2,2),(0.,1.),.PIECEWISE_BEZIER_KNOTS.);
#1964 = CARTESIAN_POINT('',(-12.,4.6,20.));
#1965 = CARTESIAN_POINT('',(-9.33746117302,3.579360116325,43.));
#1966 = PCURVE('',#1038,#1967);
#1967 = DEFINITIONAL_REPRESENTATION('',(#1968),#1972);
#1968 = LINE('',#1969,#1970);
#1969 = CARTESIAN_POINT('',(0.,0.));
#1970 = VECTOR('',#1971,1.);
#1971 = DIRECTION('',(0.,1.));
#1972 = ( GEOMETRIC_REPRESENTATION_CONTEXT(2)
PARAMETRIC_REPRESENTATION_CONTEXT() REPRESENTATION_CONTEXT('2D SPACE',''
  ) );
#1973 = PCURVE('',#1285,#1974);
#1974 = DEFINITIONAL_REPRESENTATION('',(#1975),#1979);
#1975 = LINE('',#1976,#1977);
#1976 = CARTESIAN_POINT('',(3.14159265359,0.));
#1977 = VECTOR('',#1978,1.);
#1978 = DIRECTION('',(0.,1.));
#1979 = ( GEOMETRIC_REPRESENTATION_CONTEXT(2)
PARAMETRIC_REPRESENTATION_CONTEXT() REPRESENTATION_CONTEXT('2D SPACE',''
  ) );
#1980 = ADVANCED_FACE('',(#1981),#1150,.T.);
#1981 = FACE_BOUND('',#1982,.T.);
#1982 = EDGE_LOOP('',(#1983,#1984,#2006,#2028));
#1983 = ORIENTED_EDGE('',*,*,#1133,.T.);
#1984 = ORIENTED_EDGE('',*,*,#1985,.T.);
#1985 = EDGE_CURVE('',#1134,#1986,#1988,.T.);
#1986 = VERTEX_POINT('',#1987);
#1987 = CARTESIAN_POINT('',(9.33746117302,-3.579360116325,43.));
#1988 = SURFACE_CURVE('',#1989,(#1992,#1999),.PCURVE_S1.);
#1989 = B_SPLINE_CURVE_WITH_KNOTS('',1,(#1990,#1991),.UNSPECIFIED.,.F.,
  .F.,(2,2),(0.,1.),.PIECEWISE_BEZIER_KNOTS.);
#1990 = CARTESIAN_POINT('',(12.,-4.6,20.));
#1991 = CARTESIAN_POINT('',(9.33746117302,-3.579360116325,43.));
#1992 = PCURVE('',#1150,#1993);
#1993 = DEFINITIONAL_REPRESENTATION('',(#1994),#1998);
#1994 = LINE('',#1995,#1996);
#1995 = CARTESIAN_POINT('',(3.14159265359,0.));
#1996 = VECTOR('',#1997,1.);
#1997 = DIRECTION('',(0.,1.));
#1998 = ( GEOMETRIC_REPRESENTATION_CONTEXT(2)
PARAMETRIC_REPRESENTATION_CONTEXT() REPRESENTATION_CONTEXT('2D SPACE',''
  ) );
#1999 = PCURVE('',#1217,#2000);
#2000 = DEFINITIONAL_REPRESENTATION('',(#2001),#2005);
#2001 = LINE('',#2002,#2003);
#2002 = CARTESIAN_POINT('',(0.,0.));
#2003 = VECTOR('',#2004,1.);
#2004 = DIRECTION('',(0.,1.));
#2005 = ( GEOMETRIC_REPRESENTATION_CONTEXT(2)
PARAMETRIC_REPRESENTATION_CONTEXT() REPRESENTATION_CONTEXT('2D SPACE',''
  ) );
#2006 = ORIENTED_EDGE('',*,*,#2007,.T.);
#2007 = EDGE_CURVE('',#1986,#2008,#2010,.T.);
#2008 = VERTEX_POINT('',#2009);
#2009 = CARTESIAN_POINT('',(10.,0.,43.));
#2010 = SURFACE_CURVE('',#2011,(#2016,#2022),.PCURVE_S1.);
#2011 = CIRCLE('',#2012,10.);
#2012 = AXIS2_PLACEMENT_3D('',#2013,#2014,#2015);
#2013 = CARTESIAN_POINT('',(0.,0.,43.));
#2014 = DIRECTION('',(0.,0.,1.));
#2015 = DIRECTION('',(1.,0.,0.));
#2016 = PCURVE('',#1150,#2017);
#2017 = DEFINITIONAL_REPRESENTATION('',(#2018),#2021);
#2018 = B_SPLINE_CURVE_WITH_KNOTS('',1,(#2019,#2020),.UNSPECIFIED.,.F.,
  .F.,(2,2),(5.917128791332,6.28318530718),.PIECEWISE_BEZIER_KNOTS.);
#2019 = CARTESIAN_POINT('',(3.14159265359,1.));
#2020 = CARTESIAN_POINT('',(1.570796326795,1.));
#2021 = ( GEOMETRIC_REPRESENTATION_CONTEXT(2)
PARAMETRIC_REPRESENTATION_CONTEXT() REPRESENTATION_CONTEXT('2D SPACE',''
  ) );
#2022 = PCURVE('',#1950,#2023);
#2023 = DEFINITIONAL_REPRESENTATION('',(#2024),#2027);
#2024 = B_SPLINE_CURVE_WITH_KNOTS('',1,(#2025,#2026),.UNSPECIFIED.,.F.,
  .F.,(2,2),(5.917128791332,6.28318530718),.PIECEWISE_BEZIER_KNOTS.);
#2025 = CARTESIAN_POINT('',(-5.917128791332,0.));
#2026 = CARTESIAN_POINT('',(-6.28318530718,0.));
#2027 = ( GEOMETRIC_REPRESENTATION_CONTEXT(2)
PARAMETRIC_REPRESENTATION_CONTEXT() REPRESENTATION_CONTEXT('2D SPACE',''
  ) );
#2028 = ORIENTED_EDGE('',*,*,#2029,.F.);
#2029 = EDGE_CURVE('',#1092,#2008,#2030,.T.);
#2030 = SURFACE_CURVE('',#2031,(#2034,#2041),.PCURVE_S1.);
#2031 = B_SPLINE_CURVE_WITH_KNOTS('',1,(#2032,#2033),.UNSPECIFIED.,.F.,
  .F.,(2,2),(0.,1.),.PIECEWISE_BEZIER_KNOTS.);
#2032 = CARTESIAN_POINT('',(16.6,6.040236570535E-16,20.));
#2033 = CARTESIAN_POINT('',(10.,2.442490654175E-15,43.));
#2034 = PCURVE('',#1150,#2035);
#2035 = DEFINITIONAL_REPRESENTATION('',(#2036),#2040);
#2036 = LINE('',#2037,#2038);
#2037 = CARTESIAN_POINT('',(1.570796326795,0.));
#2038 = VECTOR('',#2039,1.);
#2039 = DIRECTION('',(0.,1.));
#2040 = ( GEOMETRIC_REPRESENTATION_CONTEXT(2)
PARAMETRIC_REPRESENTATION_CONTEXT() REPRESENTATION_CONTEXT('2D SPACE',''
  ) );
#2041 = PCURVE('',#1108,#2042);
#2042 = DEFINITIONAL_REPRESENTATION('',(#2043),#2047);
#2043 = LINE('',#2044,#2045);
#2044 = CARTESIAN_POINT('',(1.570796326795,0.));
#2045 = VECTOR('',#2046,1.);
#2046 = DIRECTION('',(0.,1.));
#2047 = ( GEOMETRIC_REPRESENTATION_CONTEXT(2)
PARAMETRIC_REPRESENTATION_CONTEXT() REPRESENTATION_CONTEXT('2D SPACE',''
  ) );
#2048 = ADVANCED_FACE('',(#2049),#1108,.T.);
#2049 = FACE_BOUND('',#2050,.T.);
#2050 = EDGE_LOOP('',(#2051,#2052,#2053,#2073));
#2051 = ORIENTED_EDGE('',*,*,#1091,.T.);
#2052 = ORIENTED_EDGE('',*,*,#2029,.T.);
#2053 = ORIENTED_EDGE('',*,*,#2054,.T.);
#2054 = EDGE_CURVE('',#2008,#1913,#2055,.T.);
#2055 = SURFACE_CURVE('',#2056,(#2061,#2067),.PCURVE_S1.);
#2056 = CIRCLE('',#2057,10.);
#2057 = AXIS2_PLACEMENT_3D('',#2058,#2059,#2060);
#2058 = CARTESIAN_POINT('',(0.,0.,43.));
#2059 = DIRECTION('',(0.,0.,1.));
#2060 = DIRECTION('',(1.,0.,0.));
#2061 = PCURVE('',#1108,#2062);
#2062 = DEFINITIONAL_REPRESENTATION('',(#2063),#2066);
#2063 = B_SPLINE_CURVE_WITH_KNOTS('',1,(#2064,#2065),.UNSPECIFIED.,.F.,
  .F.,(2,2),(0.,0.366056515847),.PIECEWISE_BEZIER_KNOTS.);
#2064 = CARTESIAN_POINT('',(1.570796326795,1.));
#2065 = CARTESIAN_POINT('',(0.,1.));
#2066 = ( GEOMETRIC_REPRESENTATION_CONTEXT(2)
PARAMETRIC_REPRESENTATION_CONTEXT() REPRESENTATION_CONTEXT('2D SPACE',''
  ) );
#2067 = PCURVE('',#1950,#2068);
#2068 = DEFINITIONAL_REPRESENTATION('',(#2069),#2072);
#2069 = B_SPLINE_CURVE_WITH_KNOTS('',1,(#2070,#2071),.UNSPECIFIED.,.F.,
  .F.,(2,2),(0.,0.366056515847),.PIECEWISE_BEZIER_KNOTS.);
#2070 = CARTESIAN_POINT('',(0.,0.));
#2071 = CARTESIAN_POINT('',(-0.366056515847,0.));
#2072 = ( GEOMETRIC_REPRESENTATION_CONTEXT(2)
PARAMETRIC_REPRESENTATION_CONTEXT() REPRESENTATION_CONTEXT('2D SPACE',''
  ) );
#2073 = ORIENTED_EDGE('',*,*,#1912,.F.);
#2074 = ADVANCED_FACE('',(#2075),#1217,.T.);
#2075 = FACE_BOUND('',#2076,.T.);
#2076 = EDGE_LOOP('',(#2077,#2078,#2100,#2120));
#2077 = ORIENTED_EDGE('',*,*,#1201,.T.);
#2078 = ORIENTED_EDGE('',*,*,#2079,.T.);
#2079 = EDGE_CURVE('',#1202,#2080,#2082,.T.);
#2080 = VERTEX_POINT('',#2081);
#2081 = CARTESIAN_POINT('',(-9.33746117302,-3.579360116325,43.));
#2082 = SURFACE_CURVE('',#2083,(#2086,#2093),.PCURVE_S1.);
#2083 = B_SPLINE_CURVE_WITH_KNOTS('',1,(#2084,#2085),.UNSPECIFIED.,.F.,
  .F.,(2,2),(0.,1.),.PIECEWISE_BEZIER_KNOTS.);
#2084 = CARTESIAN_POINT('',(-12.,-4.6,20.));
#2085 = CARTESIAN_POINT('',(-9.33746117302,-3.579360116325,43.));
#2086 = PCURVE('',#1217,#2087);
#2087 = DEFINITIONAL_REPRESENTATION('',(#2088),#2092);
#2088 = LINE('',#2089,#2090);
#2089 = CARTESIAN_POINT('',(24.,0.));
#2090 = VECTOR('',#2091,1.);
#2091 = DIRECTION('',(0.,1.));
#2092 = ( GEOMETRIC_REPRESENTATION_CONTEXT(2)
PARAMETRIC_REPRESENTATION_CONTEXT() REPRESENTATION_CONTEXT('2D SPACE',''
  ) );
#2093 = PCURVE('',#1285,#2094);
#2094 = DEFINITIONAL_REPRESENTATION('',(#2095),#2099);
#2095 = LINE('',#2096,#2097);
#2096 = CARTESIAN_POINT('',(0.,0.));
#2097 = VECTOR('',#2098,1.);
#2098 = DIRECTION('',(0.,1.));
#2099 = ( GEOMETRIC_REPRESENTATION_CONTEXT(2)
PARAMETRIC_REPRESENTATION_CONTEXT() REPRESENTATION_CONTEXT('2D SPACE',''
  ) );
#2100 = ORIENTED_EDGE('',*,*,#2101,.T.);
#2101 = EDGE_CURVE('',#2080,#1986,#2102,.T.);
#2102 = SURFACE_CURVE('',#2103,(#2108,#2114),.PCURVE_S1.);
#2103 = CIRCLE('',#2104,10.);
#2104 = AXIS2_PLACEMENT_3D('',#2105,#2106,#2107);
#2105 = CARTESIAN_POINT('',(0.,0.,43.));
#2106 = DIRECTION('',(0.,0.,1.));
#2107 = DIRECTION('',(1.,0.,0.));
#2108 = PCURVE('',#1217,#2109);
#2109 = DEFINITIONAL_REPRESENTATION('',(#2110),#2113);
#2110 = B_SPLINE_CURVE_WITH_KNOTS('',1,(#2111,#2112),.UNSPECIFIED.,.F.,
  .F.,(2,2),(3.507649169437,5.917128791332),.PIECEWISE_BEZIER_KNOTS.);
#2111 = CARTESIAN_POINT('',(24.,1.));
#2112 = CARTESIAN_POINT('',(0.,1.));
#2113 = ( GEOMETRIC_REPRESENTATION_CONTEXT(2)
PARAMETRIC_REPRESENTATION_CONTEXT() REPRESENTATION_CONTEXT('2D SPACE',''
  ) );
#2114 = PCURVE('',#1950,#2115);
#2115 = DEFINITIONAL_REPRESENTATION('',(#2116),#2119);
#2116 = B_SPLINE_CURVE_WITH_KNOTS('',1,(#2117,#2118),.UNSPECIFIED.,.F.,
  .F.,(2,2),(3.507649169437,5.917128791332),.PIECEWISE_BEZIER_KNOTS.);
#2117 = CARTESIAN_POINT('',(-3.507649169437,0.));
#2118 = CARTESIAN_POINT('',(-5.917128791332,0.));
#2119 = ( GEOMETRIC_REPRESENTATION_CONTEXT(2)
PARAMETRIC_REPRESENTATION_CONTEXT() REPRESENTATION_CONTEXT('2D SPACE',''
  ) );
#2120 = ORIENTED_EDGE('',*,*,#1985,.F.);
#2121 = ADVANCED_FACE('',(#2122),#1285,.T.);
#2122 = FACE_BOUND('',#2123,.T.);
#2123 = EDGE_LOOP('',(#2124,#2125,#2126,#2146));
#2124 = ORIENTED_EDGE('',*,*,#1270,.T.);
#2125 = ORIENTED_EDGE('',*,*,#1961,.T.);
#2126 = ORIENTED_EDGE('',*,*,#2127,.T.);
#2127 = EDGE_CURVE('',#1935,#2080,#2128,.T.);
#2128 = SURFACE_CURVE('',#2129,(#2134,#2140),.PCURVE_S1.);
#2129 = CIRCLE('',#2130,10.);
#2130 = AXIS2_PLACEMENT_3D('',#2131,#2132,#2133);
#2131 = CARTESIAN_POINT('',(0.,0.,43.));
#2132 = DIRECTION('',(0.,0.,1.));
#2133 = DIRECTION('',(1.,0.,0.));
#2134 = PCURVE('',#1285,#2135);
#2135 = DEFINITIONAL_REPRESENTATION('',(#2136),#2139);
#2136 = B_SPLINE_CURVE_WITH_KNOTS('',1,(#2137,#2138),.UNSPECIFIED.,.F.,
  .F.,(2,2),(2.775536137742,3.507649169437),.PIECEWISE_BEZIER_KNOTS.);
#2137 = CARTESIAN_POINT('',(3.14159265359,1.));
#2138 = CARTESIAN_POINT('',(0.,1.));
#2139 = ( GEOMETRIC_REPRESENTATION_CONTEXT(2)
PARAMETRIC_REPRESENTATION_CONTEXT() REPRESENTATION_CONTEXT('2D SPACE',''
  ) );
#2140 = PCURVE('',#1950,#2141);
#2141 = DEFINITIONAL_REPRESENTATION('',(#2142),#2145);
#2142 = B_SPLINE_CURVE_WITH_KNOTS('',1,(#2143,#2144),.UNSPECIFIED.,.F.,
  .F.,(2,2),(2.775536137742,3.507649169437),.PIECEWISE_BEZIER_KNOTS.);
#2143 = CARTESIAN_POINT('',(-2.775536137742,0.));
#2144 = CARTESIAN_POINT('',(-3.507649169437,0.));
#2145 = ( GEOMETRIC_REPRESENTATION_CONTEXT(2)
PARAMETRIC_REPRESENTATION_CONTEXT() REPRESENTATION_CONTEXT('2D SPACE',''
  ) );
#2146 = ORIENTED_EDGE('',*,*,#2079,.F.);
#2147 = ADVANCED_FACE('',(#2148),#1380,.F.);
#2148 = FACE_BOUND('',#2149,.F.);
#2149 = EDGE_LOOP('',(#2150,#2172,#2173,#2195));
#2150 = ORIENTED_EDGE('',*,*,#2151,.F.);
#2151 = EDGE_CURVE('',#1327,#2152,#2154,.T.);
#2152 = VERTEX_POINT('',#2153);
#2153 = CARTESIAN_POINT('',(10.661110882289,5.508240622516,43.));
#2154 = SURFACE_CURVE('',#2155,(#2158,#2165),.PCURVE_S1.);
#2155 = B_SPLINE_CURVE_WITH_KNOTS('',1,(#2156,#2157),.UNSPECIFIED.,.F.,
  .F.,(2,2),(0.,1.),.PIECEWISE_BEZIER_KNOTS.);
#2156 = CARTESIAN_POINT('',(12.,6.2,20.));
#2157 = CARTESIAN_POINT('',(10.661110882289,5.508240622516,43.));
#2158 = PCURVE('',#1380,#2159);
#2159 = DEFINITIONAL_REPRESENTATION('',(#2160),#2164);
#2160 = LINE('',#2161,#2162);
#2161 = CARTESIAN_POINT('',(0.,0.));
#2162 = VECTOR('',#2163,1.);
#2163 = DIRECTION('',(0.,1.));
#2164 = ( GEOMETRIC_REPRESENTATION_CONTEXT(2)
PARAMETRIC_REPRESENTATION_CONTEXT() REPRESENTATION_CONTEXT('2D SPACE',''
  ) );
#2165 = PCURVE('',#1471,#2166);
#2166 = DEFINITIONAL_REPRESENTATION('',(#2167),#2171);
#2167 = LINE('',#2168,#2169);
#2168 = CARTESIAN_POINT('',(24.,0.));
#2169 = VECTOR('',#2170,1.);
#2170 = DIRECTION('',(0.,1.));
#2171 = ( GEOMETRIC_REPRESENTATION_CONTEXT(2)
PARAMETRIC_REPRESENTATION_CONTEXT() REPRESENTATION_CONTEXT('2D SPACE',''
  ) );
#2172 = ORIENTED_EDGE('',*,*,#1324,.F.);
#2173 = ORIENTED_EDGE('',*,*,#2174,.T.);
#2174 = EDGE_CURVE('',#1325,#2175,#2177,.T.);
#2175 = VERTEX_POINT('',#2176);
#2176 = CARTESIAN_POINT('',(12.,0.,43.));
#2177 = SURFACE_CURVE('',#2178,(#2181,#2188),.PCURVE_S1.);
#2178 = B_SPLINE_CURVE_WITH_KNOTS('',1,(#2179,#2180),.UNSPECIFIED.,.F.,
  .F.,(2,2),(0.,1.),.PIECEWISE_BEZIER_KNOTS.);
#2179 = CARTESIAN_POINT('',(18.2,8.881784197001E-16,20.));
#2180 = CARTESIAN_POINT('',(12.,2.6645352591E-15,43.));
#2181 = PCURVE('',#1380,#2182);
#2182 = DEFINITIONAL_REPRESENTATION('',(#2183),#2187);
#2183 = LINE('',#2184,#2185);
#2184 = CARTESIAN_POINT('',(1.570796326795,0.));
#2185 = VECTOR('',#2186,1.);
#2186 = DIRECTION('',(0.,1.));
#2187 = ( GEOMETRIC_REPRESENTATION_CONTEXT(2)
PARAMETRIC_REPRESENTATION_CONTEXT() REPRESENTATION_CONTEXT('2D SPACE',''
  ) );
#2188 = PCURVE('',#1863,#2189);
#2189 = DEFINITIONAL_REPRESENTATION('',(#2190),#2194);
#2190 = LINE('',#2191,#2192);
#2191 = CARTESIAN_POINT('',(1.570796326795,0.));
#2192 = VECTOR('',#2193,1.);
#2193 = DIRECTION('',(0.,1.));
#2194 = ( GEOMETRIC_REPRESENTATION_CONTEXT(2)
PARAMETRIC_REPRESENTATION_CONTEXT() REPRESENTATION_CONTEXT('2D SPACE',''
  ) );
#2195 = ORIENTED_EDGE('',*,*,#2196,.T.);
#2196 = EDGE_CURVE('',#2175,#2152,#2197,.T.);
#2197 = SURFACE_CURVE('',#2198,(#2203,#2209),.PCURVE_S1.);
#2198 = CIRCLE('',#2199,12.);
#2199 = AXIS2_PLACEMENT_3D('',#2200,#2201,#2202);
#2200 = CARTESIAN_POINT('',(0.,0.,43.));
#2201 = DIRECTION('',(0.,0.,1.));
#2202 = DIRECTION('',(1.,0.,0.));
#2203 = PCURVE('',#1380,#2204);
#2204 = DEFINITIONAL_REPRESENTATION('',(#2205),#2208);
#2205 = B_SPLINE_CURVE_WITH_KNOTS('',1,(#2206,#2207),.UNSPECIFIED.,.F.,
  .F.,(2,2),(0.,0.476891867666),.PIECEWISE_BEZIER_KNOTS.);
#2206 = CARTESIAN_POINT('',(1.570796326795,1.));
#2207 = CARTESIAN_POINT('',(0.,1.));
#2208 = ( GEOMETRIC_REPRESENTATION_CONTEXT(2)
PARAMETRIC_REPRESENTATION_CONTEXT() REPRESENTATION_CONTEXT('2D SPACE',''
  ) );
#2209 = PCURVE('',#2210,#2215);
#2210 = CONICAL_SURFACE('',#2211,12.,0.785398163397);
#2211 = AXIS2_PLACEMENT_3D('',#2212,#2213,#2214);
#2212 = CARTESIAN_POINT('',(0.,0.,43.));
#2213 = DIRECTION('',(0.,0.,1.));
#2214 = DIRECTION('',(1.,0.,0.));
#2215 = DEFINITIONAL_REPRESENTATION('',(#2216),#2219);
#2216 = B_SPLINE_CURVE_WITH_KNOTS('',1,(#2217,#2218),.UNSPECIFIED.,.F.,
  .F.,(2,2),(0.,0.476891867666),.PIECEWISE_BEZIER_KNOTS.);
#2217 = CARTESIAN_POINT('',(0.,0.));
#2218 = CARTESIAN_POINT('',(0.476891867666,0.));
#2219 = ( GEOMETRIC_REPRESENTATION_CONTEXT(2)
PARAMETRIC_REPRESENTATION_CONTEXT() REPRESENTATION_CONTEXT('2D SPACE',''
  ) );
#2220 = ADVANCED_FACE('',(#2221),#1863,.F.);
#2221 = FACE_BOUND('',#2222,.F.);
#2222 = EDGE_LOOP('',(#2223,#2224,#2225,#2247));
#2223 = ORIENTED_EDGE('',*,*,#2174,.F.);
#2224 = ORIENTED_EDGE('',*,*,#1811,.F.);
#2225 = ORIENTED_EDGE('',*,*,#2226,.T.);
#2226 = EDGE_CURVE('',#1723,#2227,#2229,.T.);
#2227 = VERTEX_POINT('',#2228);
#2228 = CARTESIAN_POINT('',(10.661110882289,-5.508240622516,43.));
#2229 = SURFACE_CURVE('',#2230,(#2233,#2240),.PCURVE_S1.);
#2230 = B_SPLINE_CURVE_WITH_KNOTS('',1,(#2231,#2232),.UNSPECIFIED.,.F.,
  .F.,(2,2),(0.,1.),.PIECEWISE_BEZIER_KNOTS.);
#2231 = CARTESIAN_POINT('',(12.,-6.2,20.));
#2232 = CARTESIAN_POINT('',(10.661110882289,-5.508240622516,43.));
#2233 = PCURVE('',#1863,#2234);
#2234 = DEFINITIONAL_REPRESENTATION('',(#2235),#2239);
#2235 = LINE('',#2236,#2237);
#2236 = CARTESIAN_POINT('',(3.14159265359,0.));
#2237 = VECTOR('',#2238,1.);
#2238 = DIRECTION('',(0.,1.));
#2239 = ( GEOMETRIC_REPRESENTATION_CONTEXT(2)
PARAMETRIC_REPRESENTATION_CONTEXT() REPRESENTATION_CONTEXT('2D SPACE',''
  ) );
#2240 = PCURVE('',#1768,#2241);
#2241 = DEFINITIONAL_REPRESENTATION('',(#2242),#2246);
#2242 = LINE('',#2243,#2244);
#2243 = CARTESIAN_POINT('',(0.,0.));
#2244 = VECTOR('',#2245,1.);
#2245 = DIRECTION('',(0.,1.));
#2246 = ( GEOMETRIC_REPRESENTATION_CONTEXT(2)
PARAMETRIC_REPRESENTATION_CONTEXT() REPRESENTATION_CONTEXT('2D SPACE',''
  ) );
#2247 = ORIENTED_EDGE('',*,*,#2248,.T.);
#2248 = EDGE_CURVE('',#2227,#2175,#2249,.T.);
#2249 = SURFACE_CURVE('',#2250,(#2255,#2261),.PCURVE_S1.);
#2250 = CIRCLE('',#2251,12.);
#2251 = AXIS2_PLACEMENT_3D('',#2252,#2253,#2254);
#2252 = CARTESIAN_POINT('',(0.,0.,43.));
#2253 = DIRECTION('',(0.,0.,1.));
#2254 = DIRECTION('',(1.,0.,0.));
#2255 = PCURVE('',#1863,#2256);
#2256 = DEFINITIONAL_REPRESENTATION('',(#2257),#2260);
#2257 = B_SPLINE_CURVE_WITH_KNOTS('',1,(#2258,#2259),.UNSPECIFIED.,.F.,
  .F.,(2,2),(5.806293439514,6.28318530718),.PIECEWISE_BEZIER_KNOTS.);
#2258 = CARTESIAN_POINT('',(3.14159265359,1.));
#2259 = CARTESIAN_POINT('',(1.570796326795,1.));
#2260 = ( GEOMETRIC_REPRESENTATION_CONTEXT(2)
PARAMETRIC_REPRESENTATION_CONTEXT() REPRESENTATION_CONTEXT('2D SPACE',''
  ) );
#2261 = PCURVE('',#2210,#2262);
#2262 = DEFINITIONAL_REPRESENTATION('',(#2263),#2266);
#2263 = B_SPLINE_CURVE_WITH_KNOTS('',1,(#2264,#2265),.UNSPECIFIED.,.F.,
  .F.,(2,2),(5.806293439514,6.28318530718),.PIECEWISE_BEZIER_KNOTS.);
#2264 = CARTESIAN_POINT('',(5.806293439514,0.));
#2265 = CARTESIAN_POINT('',(6.28318530718,0.));
#2266 = ( GEOMETRIC_REPRESENTATION_CONTEXT(2)
PARAMETRIC_REPRESENTATION_CONTEXT() REPRESENTATION_CONTEXT('2D SPACE',''
  ) );
#2267 = ADVANCED_FACE('',(#2268),#1768,.F.);
#2268 = FACE_BOUND('',#2269,.F.);
#2269 = EDGE_LOOP('',(#2270,#2271,#2272,#2294));
#2270 = ORIENTED_EDGE('',*,*,#2226,.F.);
#2271 = ORIENTED_EDGE('',*,*,#1722,.F.);
#2272 = ORIENTED_EDGE('',*,*,#2273,.T.);
#2273 = EDGE_CURVE('',#1515,#2274,#2276,.T.);
#2274 = VERTEX_POINT('',#2275);
#2275 = CARTESIAN_POINT('',(-10.66111088228,-5.508240622516,43.));
#2276 = SURFACE_CURVE('',#2277,(#2280,#2287),.PCURVE_S1.);
#2277 = B_SPLINE_CURVE_WITH_KNOTS('',1,(#2278,#2279),.UNSPECIFIED.,.F.,
  .F.,(2,2),(0.,1.),.PIECEWISE_BEZIER_KNOTS.);
#2278 = CARTESIAN_POINT('',(-12.,-6.2,20.));
#2279 = CARTESIAN_POINT('',(-10.66111088228,-5.508240622516,43.));
#2280 = PCURVE('',#1768,#2281);
#2281 = DEFINITIONAL_REPRESENTATION('',(#2282),#2286);
#2282 = LINE('',#2283,#2284);
#2283 = CARTESIAN_POINT('',(24.,0.));
#2284 = VECTOR('',#2285,1.);
#2285 = DIRECTION('',(0.,1.));
#2286 = ( GEOMETRIC_REPRESENTATION_CONTEXT(2)
PARAMETRIC_REPRESENTATION_CONTEXT() REPRESENTATION_CONTEXT('2D SPACE',''
  ) );
#2287 = PCURVE('',#1638,#2288);
#2288 = DEFINITIONAL_REPRESENTATION('',(#2289),#2293);
#2289 = LINE('',#2290,#2291);
#2290 = CARTESIAN_POINT('',(0.,0.));
#2291 = VECTOR('',#2292,1.);
#2292 = DIRECTION('',(0.,1.));
#2293 = ( GEOMETRIC_REPRESENTATION_CONTEXT(2)
PARAMETRIC_REPRESENTATION_CONTEXT() REPRESENTATION_CONTEXT('2D SPACE',''
  ) );
#2294 = ORIENTED_EDGE('',*,*,#2295,.T.);
#2295 = EDGE_CURVE('',#2274,#2227,#2296,.T.);
#2296 = SURFACE_CURVE('',#2297,(#2302,#2308),.PCURVE_S1.);
#2297 = CIRCLE('',#2298,12.);
#2298 = AXIS2_PLACEMENT_3D('',#2299,#2300,#2301);
#2299 = CARTESIAN_POINT('',(0.,0.,43.));
#2300 = DIRECTION('',(0.,0.,1.));
#2301 = DIRECTION('',(1.,0.,0.));
#2302 = PCURVE('',#1768,#2303);
#2303 = DEFINITIONAL_REPRESENTATION('',(#2304),#2307);
#2304 = B_SPLINE_CURVE_WITH_KNOTS('',1,(#2305,#2306),.UNSPECIFIED.,.F.,
  .F.,(2,2),(3.618484521255,5.806293439514),.PIECEWISE_BEZIER_KNOTS.);
#2305 = CARTESIAN_POINT('',(24.,1.));
#2306 = CARTESIAN_POINT('',(0.,1.));
#2307 = ( GEOMETRIC_REPRESENTATION_CONTEXT(2)
PARAMETRIC_REPRESENTATION_CONTEXT() REPRESENTATION_CONTEXT('2D SPACE',''
  ) );
#2308 = PCURVE('',#2210,#2309);
#2309 = DEFINITIONAL_REPRESENTATION('',(#2310),#2313);
#2310 = B_SPLINE_CURVE_WITH_KNOTS('',1,(#2311,#2312),.UNSPECIFIED.,.F.,
  .F.,(2,2),(3.618484521255,5.806293439514),.PIECEWISE_BEZIER_KNOTS.);
#2311 = CARTESIAN_POINT('',(3.618484521255,0.));
#2312 = CARTESIAN_POINT('',(5.806293439514,0.));
#2313 = ( GEOMETRIC_REPRESENTATION_CONTEXT(2)
PARAMETRIC_REPRESENTATION_CONTEXT() REPRESENTATION_CONTEXT('2D SPACE',''
  ) );
#2314 = ADVANCED_FACE('',(#2315),#1638,.F.);
#2315 = FACE_BOUND('',#2316,.F.);
#2316 = EDGE_LOOP('',(#2317,#2318,#2319,#2341));
#2317 = ORIENTED_EDGE('',*,*,#2273,.F.);
#2318 = ORIENTED_EDGE('',*,*,#1514,.F.);
#2319 = ORIENTED_EDGE('',*,*,#2320,.T.);
#2320 = EDGE_CURVE('',#1426,#2321,#2323,.T.);
#2321 = VERTEX_POINT('',#2322);
#2322 = CARTESIAN_POINT('',(-10.66111088228,5.508240622516,43.));
#2323 = SURFACE_CURVE('',#2324,(#2327,#2334),.PCURVE_S1.);
#2324 = B_SPLINE_CURVE_WITH_KNOTS('',1,(#2325,#2326),.UNSPECIFIED.,.F.,
  .F.,(2,2),(0.,1.),.PIECEWISE_BEZIER_KNOTS.);
#2325 = CARTESIAN_POINT('',(-12.,6.2,20.));
#2326 = CARTESIAN_POINT('',(-10.66111088228,5.508240622516,43.));
#2327 = PCURVE('',#1638,#2328);
#2328 = DEFINITIONAL_REPRESENTATION('',(#2329),#2333);
#2329 = LINE('',#2330,#2331);
#2330 = CARTESIAN_POINT('',(3.14159265359,0.));
#2331 = VECTOR('',#2332,1.);
#2332 = DIRECTION('',(0.,1.));
#2333 = ( GEOMETRIC_REPRESENTATION_CONTEXT(2)
PARAMETRIC_REPRESENTATION_CONTEXT() REPRESENTATION_CONTEXT('2D SPACE',''
  ) );
#2334 = PCURVE('',#1471,#2335);
#2335 = DEFINITIONAL_REPRESENTATION('',(#2336),#2340);
#2336 = LINE('',#2337,#2338);
#2337 = CARTESIAN_POINT('',(0.,0.));
#2338 = VECTOR('',#2339,1.);
#2339 = DIRECTION('',(0.,1.));
#2340 = ( GEOMETRIC_REPRESENTATION_CONTEXT(2)
PARAMETRIC_REPRESENTATION_CONTEXT() REPRESENTATION_CONTEXT('2D SPACE',''
  ) );
#2341 = ORIENTED_EDGE('',*,*,#2342,.T.);
#2342 = EDGE_CURVE('',#2321,#2274,#2343,.T.);
#2343 = SURFACE_CURVE('',#2344,(#2349,#2355),.PCURVE_S1.);
#2344 = CIRCLE('',#2345,12.);
#2345 = AXIS2_PLACEMENT_3D('',#2346,#2347,#2348);
#2346 = CARTESIAN_POINT('',(0.,0.,43.));
#2347 = DIRECTION('',(0.,0.,1.));
#2348 = DIRECTION('',(1.,0.,0.));
#2349 = PCURVE('',#1638,#2350);
#2350 = DEFINITIONAL_REPRESENTATION('',(#2351),#2354);
#2351 = B_SPLINE_CURVE_WITH_KNOTS('',1,(#2352,#2353),.UNSPECIFIED.,.F.,
  .F.,(2,2),(2.664700785924,3.618484521255),.PIECEWISE_BEZIER_KNOTS.);
#2352 = CARTESIAN_POINT('',(3.14159265359,1.));
#2353 = CARTESIAN_POINT('',(0.,1.));
#2354 = ( GEOMETRIC_REPRESENTATION_CONTEXT(2)
PARAMETRIC_REPRESENTATION_CONTEXT() REPRESENTATION_CONTEXT('2D SPACE',''
  ) );
#2355 = PCURVE('',#2210,#2356);
#2356 = DEFINITIONAL_REPRESENTATION('',(#2357),#2360);
#2357 = B_SPLINE_CURVE_WITH_KNOTS('',1,(#2358,#2359),.UNSPECIFIED.,.F.,
  .F.,(2,2),(2.664700785924,3.618484521255),.PIECEWISE_BEZIER_KNOTS.);
#2358 = CARTESIAN_POINT('',(2.664700785924,0.));
#2359 = CARTESIAN_POINT('',(3.618484521255,0.));
#2360 = ( GEOMETRIC_REPRESENTATION_CONTEXT(2)
PARAMETRIC_REPRESENTATION_CONTEXT() REPRESENTATION_CONTEXT('2D SPACE',''
  ) );
#2361 = ADVANCED_FACE('',(#2362),#1471,.F.);
#2362 = FACE_BOUND('',#2363,.F.);
#2363 = EDGE_LOOP('',(#2364,#2365,#2366,#2367));
#2364 = ORIENTED_EDGE('',*,*,#2320,.F.);
#2365 = ORIENTED_EDGE('',*,*,#1425,.F.);
#2366 = ORIENTED_EDGE('',*,*,#2151,.T.);
#2367 = ORIENTED_EDGE('',*,*,#2368,.T.);
#2368 = EDGE_CURVE('',#2152,#2321,#2369,.T.);
#2369 = SURFACE_CURVE('',#2370,(#2375,#2381),.PCURVE_S1.);
#2370 = CIRCLE('',#2371,12.);
#2371 = AXIS2_PLACEMENT_3D('',#2372,#2373,#2374);
#2372 = CARTESIAN_POINT('',(0.,0.,43.));
#2373 = DIRECTION('',(0.,0.,1.));
#2374 = DIRECTION('',(1.,0.,0.));
#2375 = PCURVE('',#1471,#2376);
#2376 = DEFINITIONAL_REPRESENTATION('',(#2377),#2380);
#2377 = B_SPLINE_CURVE_WITH_KNOTS('',1,(#2378,#2379),.UNSPECIFIED.,.F.,
  .F.,(2,2),(0.476891867666,2.664700785924),.PIECEWISE_BEZIER_KNOTS.);
#2378 = CARTESIAN_POINT('',(24.,1.));
#2379 = CARTESIAN_POINT('',(0.,1.));
#2380 = ( GEOMETRIC_REPRESENTATION_CONTEXT(2)
PARAMETRIC_REPRESENTATION_CONTEXT() REPRESENTATION_CONTEXT('2D SPACE',''
  ) );
#2381 = PCURVE('',#2210,#2382);
#2382 = DEFINITIONAL_REPRESENTATION('',(#2383),#2386);
#2383 = B_SPLINE_CURVE_WITH_KNOTS('',1,(#2384,#2385),.UNSPECIFIED.,.F.,
  .F.,(2,2),(0.476891867666,2.664700785924),.PIECEWISE_BEZIER_KNOTS.);
#2384 = CARTESIAN_POINT('',(0.476891867666,0.));
#2385 = CARTESIAN_POINT('',(2.664700785924,0.));
#2386 = ( GEOMETRIC_REPRESENTATION_CONTEXT(2)
PARAMETRIC_REPRESENTATION_CONTEXT() REPRESENTATION_CONTEXT('2D SPACE',''
  ) );
#2387 = ADVANCED_FACE('',(#2388),#1950,.F.);
#2388 = FACE_BOUND('',#2389,.T.);
#2389 = EDGE_LOOP('',(#2390,#2413,#2414,#2415,#2416,#2417,#2418,#2419));
#2390 = ORIENTED_EDGE('',*,*,#2391,.F.);
#2391 = EDGE_CURVE('',#2008,#2392,#2394,.T.);
#2392 = VERTEX_POINT('',#2393);
#2393 = CARTESIAN_POINT('',(10.,0.,58.));
#2394 = SEAM_CURVE('',#2395,(#2399,#2406),.PCURVE_S1.);
#2395 = LINE('',#2396,#2397);
#2396 = CARTESIAN_POINT('',(10.,0.,43.));
#2397 = VECTOR('',#2398,1.);
#2398 = DIRECTION('',(0.,0.,1.));
#2399 = PCURVE('',#1950,#2400);
#2400 = DEFINITIONAL_REPRESENTATION('',(#2401),#2405);
#2401 = LINE('',#2402,#2403);
#2402 = CARTESIAN_POINT('',(-6.28318530718,0.));
#2403 = VECTOR('',#2404,1.);
#2404 = DIRECTION('',(-0.,-1.));
#2405 = ( GEOMETRIC_REPRESENTATION_CONTEXT(2)
PARAMETRIC_REPRESENTATION_CONTEXT() REPRESENTATION_CONTEXT('2D SPACE',''
  ) );
#2406 = PCURVE('',#1950,#2407);
#2407 = DEFINITIONAL_REPRESENTATION('',(#2408),#2412);
#2408 = LINE('',#2409,#2410);
#2409 = CARTESIAN_POINT('',(-0.,0.));
#2410 = VECTOR('',#2411,1.);
#2411 = DIRECTION('',(-0.,-1.));
#2412 = ( GEOMETRIC_REPRESENTATION_CONTEXT(2)
PARAMETRIC_REPRESENTATION_CONTEXT() REPRESENTATION_CONTEXT('2D SPACE',''
  ) );
#2413 = ORIENTED_EDGE('',*,*,#2007,.F.);
#2414 = ORIENTED_EDGE('',*,*,#2101,.F.);
#2415 = ORIENTED_EDGE('',*,*,#2127,.F.);
#2416 = ORIENTED_EDGE('',*,*,#1934,.F.);
#2417 = ORIENTED_EDGE('',*,*,#2054,.F.);
#2418 = ORIENTED_EDGE('',*,*,#2391,.T.);
#2419 = ORIENTED_EDGE('',*,*,#2420,.F.);
#2420 = EDGE_CURVE('',#2392,#2392,#2421,.T.);
#2421 = SURFACE_CURVE('',#2422,(#2427,#2434),.PCURVE_S1.);
#2422 = CIRCLE('',#2423,10.);
#2423 = AXIS2_PLACEMENT_3D('',#2424,#2425,#2426);
#2424 = CARTESIAN_POINT('',(0.,0.,58.));
#2425 = DIRECTION('',(0.,0.,-1.));
#2426 = DIRECTION('',(1.,0.,0.));
#2427 = PCURVE('',#1950,#2428);
#2428 = DEFINITIONAL_REPRESENTATION('',(#2429),#2433);
#2429 = LINE('',#2430,#2431);
#2430 = CARTESIAN_POINT('',(-6.28318530718,-15.));
#2431 = VECTOR('',#2432,1.);
#2432 = DIRECTION('',(1.,-0.));
#2433 = ( GEOMETRIC_REPRESENTATION_CONTEXT(2)
PARAMETRIC_REPRESENTATION_CONTEXT() REPRESENTATION_CONTEXT('2D SPACE',''
  ) );
#2434 = PCURVE('',#2435,#2440);
#2435 = PLANE('',#2436);
#2436 = AXIS2_PLACEMENT_3D('',#2437,#2438,#2439);
#2437 = CARTESIAN_POINT('',(0.,0.,58.));
#2438 = DIRECTION('',(0.,0.,1.));
#2439 = DIRECTION('',(1.,0.,0.));
#2440 = DEFINITIONAL_REPRESENTATION('',(#2441),#2449);
#2441 = ( BOUNDED_CURVE() B_SPLINE_CURVE(2,(#2442,#2443,#2444,#2445,
#2446,#2447,#2448),.UNSPECIFIED.,.T.,.F.) B_SPLINE_CURVE_WITH_KNOTS((1,2
    ,2,2,2,1),(-2.094395102393,0.,2.094395102393,4.188790204786,
6.28318530718,8.377580409573),.UNSPECIFIED.) CURVE()
GEOMETRIC_REPRESENTATION_ITEM() RATIONAL_B_SPLINE_CURVE((1.,0.5,1.,0.5,
1.,0.5,1.)) REPRESENTATION_ITEM('') );
#2442 = CARTESIAN_POINT('',(10.,0.));
#2443 = CARTESIAN_POINT('',(10.,-17.32050807568));
#2444 = CARTESIAN_POINT('',(-5.,-8.660254037844));
#2445 = CARTESIAN_POINT('',(-20.,-2.449293598295E-15));
#2446 = CARTESIAN_POINT('',(-5.,8.660254037844));
#2447 = CARTESIAN_POINT('',(10.,17.320508075689));
#2448 = CARTESIAN_POINT('',(10.,0.));
#2449 = ( GEOMETRIC_REPRESENTATION_CONTEXT(2)
PARAMETRIC_REPRESENTATION_CONTEXT() REPRESENTATION_CONTEXT('2D SPACE',''
  ) );
#2450 = ADVANCED_FACE('',(#2451),#2210,.T.);
#2451 = FACE_BOUND('',#2452,.T.);
#2452 = EDGE_LOOP('',(#2453,#2454,#2474,#2500,#2501,#2502,#2503,#2504));
#2453 = ORIENTED_EDGE('',*,*,#2248,.T.);
#2454 = ORIENTED_EDGE('',*,*,#2455,.T.);
#2455 = EDGE_CURVE('',#2175,#2456,#2458,.T.);
#2456 = VERTEX_POINT('',#2457);
#2457 = CARTESIAN_POINT('',(18.,0.,49.));
#2458 = SEAM_CURVE('',#2459,(#2462,#2468),.PCURVE_S1.);
#2459 = B_SPLINE_CURVE_WITH_KNOTS('',1,(#2460,#2461),.UNSPECIFIED.,.F.,
  .F.,(2,2),(0.,1.),.PIECEWISE_BEZIER_KNOTS.);
#2460 = CARTESIAN_POINT('',(12.,0.,43.));
#2461 = CARTESIAN_POINT('',(18.,0.,49.));
#2462 = PCURVE('',#2210,#2463);
#2463 = DEFINITIONAL_REPRESENTATION('',(#2464),#2467);
#2464 = B_SPLINE_CURVE_WITH_KNOTS('',1,(#2465,#2466),.UNSPECIFIED.,.F.,
  .F.,(2,2),(0.,1.),.PIECEWISE_BEZIER_KNOTS.);
#2465 = CARTESIAN_POINT('',(0.,0.));
#2466 = CARTESIAN_POINT('',(0.,6.));
#2467 = ( GEOMETRIC_REPRESENTATION_CONTEXT(2)
PARAMETRIC_REPRESENTATION_CONTEXT() REPRESENTATION_CONTEXT('2D SPACE',''
  ) );
#2468 = PCURVE('',#2210,#2469);
#2469 = DEFINITIONAL_REPRESENTATION('',(#2470),#2473);
#2470 = B_SPLINE_CURVE_WITH_KNOTS('',1,(#2471,#2472),.UNSPECIFIED.,.F.,
  .F.,(2,2),(0.,1.),.PIECEWISE_BEZIER_KNOTS.);
#2471 = CARTESIAN_POINT('',(6.28318530718,0.));
#2472 = CARTESIAN_POINT('',(6.28318530718,6.));
#2473 = ( GEOMETRIC_REPRESENTATION_CONTEXT(2)
PARAMETRIC_REPRESENTATION_CONTEXT() REPRESENTATION_CONTEXT('2D SPACE',''
  ) );
#2474 = ORIENTED_EDGE('',*,*,#2475,.F.);
#2475 = EDGE_CURVE('',#2456,#2456,#2476,.T.);
#2476 = SURFACE_CURVE('',#2477,(#2482,#2489),.PCURVE_S1.);
#2477 = CIRCLE('',#2478,18.);
#2478 = AXIS2_PLACEMENT_3D('',#2479,#2480,#2481);
#2479 = CARTESIAN_POINT('',(0.,0.,49.));
#2480 = DIRECTION('',(0.,0.,1.));
#2481 = DIRECTION('',(1.,0.,0.));
#2482 = PCURVE('',#2210,#2483);
#2483 = DEFINITIONAL_REPRESENTATION('',(#2484),#2488);
#2484 = LINE('',#2485,#2486);
#2485 = CARTESIAN_POINT('',(0.,6.));
#2486 = VECTOR('',#2487,1.);
#2487 = DIRECTION('',(1.,0.));
#2488 = ( GEOMETRIC_REPRESENTATION_CONTEXT(2)
PARAMETRIC_REPRESENTATION_CONTEXT() REPRESENTATION_CONTEXT('2D SPACE',''
  ) );
#2489 = PCURVE('',#2490,#2495);
#2490 = CYLINDRICAL_SURFACE('',#2491,18.);
#2491 = AXIS2_PLACEMENT_3D('',#2492,#2493,#2494);
#2492 = CARTESIAN_POINT('',(0.,0.,49.));
#2493 = DIRECTION('',(-0.,-0.,-1.));
#2494 = DIRECTION('',(1.,0.,0.));
#2495 = DEFINITIONAL_REPRESENTATION('',(#2496),#2499);
#2496 = B_SPLINE_CURVE_WITH_KNOTS('',1,(#2497,#2498),.UNSPECIFIED.,.F.,
  .F.,(2,2),(0.,6.28318530718),.PIECEWISE_BEZIER_KNOTS.);
#2497 = CARTESIAN_POINT('',(0.,0.));
#2498 = CARTESIAN_POINT('',(-6.28318530718,0.));
#2499 = ( GEOMETRIC_REPRESENTATION_CONTEXT(2)
PARAMETRIC_REPRESENTATION_CONTEXT() REPRESENTATION_CONTEXT('2D SPACE',''
  ) );
#2500 = ORIENTED_EDGE('',*,*,#2455,.F.);
#2501 = ORIENTED_EDGE('',*,*,#2196,.T.);
#2502 = ORIENTED_EDGE('',*,*,#2368,.T.);
#2503 = ORIENTED_EDGE('',*,*,#2342,.T.);
#2504 = ORIENTED_EDGE('',*,*,#2295,.T.);
#2505 = ADVANCED_FACE('',(#2506,#2537),#2435,.T.);
#2506 = FACE_BOUND('',#2507,.T.);
#2507 = EDGE_LOOP('',(#2508));
#2508 = ORIENTED_EDGE('',*,*,#2509,.T.);
#2509 = EDGE_CURVE('',#2510,#2510,#2512,.T.);
#2510 = VERTEX_POINT('',#2511);
#2511 = CARTESIAN_POINT('',(11.,0.,58.));
#2512 = SURFACE_CURVE('',#2513,(#2518,#2525),.PCURVE_S1.);
#2513 = CIRCLE('',#2514,11.);
#2514 = AXIS2_PLACEMENT_3D('',#2515,#2516,#2517);
#2515 = CARTESIAN_POINT('',(0.,0.,58.));
#2516 = DIRECTION('',(0.,0.,1.));
#2517 = DIRECTION('',(1.,0.,0.));
#2518 = PCURVE('',#2435,#2519);
#2519 = DEFINITIONAL_REPRESENTATION('',(#2520),#2524);
#2520 = CIRCLE('',#2521,11.);
#2521 = AXIS2_PLACEMENT_2D('',#2522,#2523);
#2522 = CARTESIAN_POINT('',(0.,0.));
#2523 = DIRECTION('',(1.,0.));
#2524 = ( GEOMETRIC_REPRESENTATION_CONTEXT(2)
PARAMETRIC_REPRESENTATION_CONTEXT() REPRESENTATION_CONTEXT('2D SPACE',''
  ) );
#2525 = PCURVE('',#2526,#2531);
#2526 = CONICAL_SURFACE('',#2527,12.,0.124354994547);
#2527 = AXIS2_PLACEMENT_3D('',#2528,#2529,#2530);
#2528 = CARTESIAN_POINT('',(0.,0.,50.));
#2529 = DIRECTION('',(-0.,-0.,-1.));
#2530 = DIRECTION('',(1.,0.,0.));
#2531 = DEFINITIONAL_REPRESENTATION('',(#2532),#2536);
#2532 = LINE('',#2533,#2534);
#2533 = CARTESIAN_POINT('',(-0.,-8.));
#2534 = VECTOR('',#2535,1.);
#2535 = DIRECTION('',(-1.,-0.));
#2536 = ( GEOMETRIC_REPRESENTATION_CONTEXT(2)
PARAMETRIC_REPRESENTATION_CONTEXT() REPRESENTATION_CONTEXT('2D SPACE',''
  ) );
#2537 = FACE_BOUND('',#2538,.T.);
#2538 = EDGE_LOOP('',(#2539));
#2539 = ORIENTED_EDGE('',*,*,#2420,.T.);
#2540 = ADVANCED_FACE('',(#2541),#2490,.T.);
#2541 = FACE_BOUND('',#2542,.F.);
#2542 = EDGE_LOOP('',(#2543,#2566,#2593,#2594));
#2543 = ORIENTED_EDGE('',*,*,#2544,.T.);
#2544 = EDGE_CURVE('',#2456,#2545,#2547,.T.);
#2545 = VERTEX_POINT('',#2546);
#2546 = CARTESIAN_POINT('',(18.,0.,50.));
#2547 = SEAM_CURVE('',#2548,(#2552,#2559),.PCURVE_S1.);
#2548 = LINE('',#2549,#2550);
#2549 = CARTESIAN_POINT('',(18.,0.,49.));
#2550 = VECTOR('',#2551,1.);
#2551 = DIRECTION('',(0.,0.,1.));
#2552 = PCURVE('',#2490,#2553);
#2553 = DEFINITIONAL_REPRESENTATION('',(#2554),#2558);
#2554 = LINE('',#2555,#2556);
#2555 = CARTESIAN_POINT('',(-0.,0.));
#2556 = VECTOR('',#2557,1.);
#2557 = DIRECTION('',(-0.,-1.));
#2558 = ( GEOMETRIC_REPRESENTATION_CONTEXT(2)
PARAMETRIC_REPRESENTATION_CONTEXT() REPRESENTATION_CONTEXT('2D SPACE',''
  ) );
#2559 = PCURVE('',#2490,#2560);
#2560 = DEFINITIONAL_REPRESENTATION('',(#2561),#2565);
#2561 = LINE('',#2562,#2563);
#2562 = CARTESIAN_POINT('',(-6.28318530718,0.));
#2563 = VECTOR('',#2564,1.);
#2564 = DIRECTION('',(-0.,-1.));
#2565 = ( GEOMETRIC_REPRESENTATION_CONTEXT(2)
PARAMETRIC_REPRESENTATION_CONTEXT() REPRESENTATION_CONTEXT('2D SPACE',''
  ) );
#2566 = ORIENTED_EDGE('',*,*,#2567,.T.);
#2567 = EDGE_CURVE('',#2545,#2545,#2568,.T.);
#2568 = SURFACE_CURVE('',#2569,(#2574,#2581),.PCURVE_S1.);
#2569 = CIRCLE('',#2570,18.);
#2570 = AXIS2_PLACEMENT_3D('',#2571,#2572,#2573);
#2571 = CARTESIAN_POINT('',(0.,0.,50.));
#2572 = DIRECTION('',(0.,0.,1.));
#2573 = DIRECTION('',(1.,0.,0.));
#2574 = PCURVE('',#2490,#2575);
#2575 = DEFINITIONAL_REPRESENTATION('',(#2576),#2580);
#2576 = LINE('',#2577,#2578);
#2577 = CARTESIAN_POINT('',(-0.,-1.));
#2578 = VECTOR('',#2579,1.);
#2579 = DIRECTION('',(-1.,0.));
#2580 = ( GEOMETRIC_REPRESENTATION_CONTEXT(2)
PARAMETRIC_REPRESENTATION_CONTEXT() REPRESENTATION_CONTEXT('2D SPACE',''
  ) );
#2581 = PCURVE('',#2582,#2587);
#2582 = PLANE('',#2583);
#2583 = AXIS2_PLACEMENT_3D('',#2584,#2585,#2586);
#2584 = CARTESIAN_POINT('',(-6.077511700175E-16,4.807142605466E-16,50.)
  );
#2585 = DIRECTION('',(0.,0.,1.));
#2586 = DIRECTION('',(1.,0.,-0.));
#2587 = DEFINITIONAL_REPRESENTATION('',(#2588),#2592);
#2588 = CIRCLE('',#2589,18.);
#2589 = AXIS2_PLACEMENT_2D('',#2590,#2591);
#2590 = CARTESIAN_POINT('',(6.077511700175E-16,-4.807142605466E-16));
#2591 = DIRECTION('',(1.,0.));
#2592 = ( GEOMETRIC_REPRESENTATION_CONTEXT(2)
PARAMETRIC_REPRESENTATION_CONTEXT() REPRESENTATION_CONTEXT('2D SPACE',''
  ) );
#2593 = ORIENTED_EDGE('',*,*,#2544,.F.);
#2594 = ORIENTED_EDGE('',*,*,#2475,.F.);
#2595 = ADVANCED_FACE('',(#2596),#2526,.T.);
#2596 = FACE_BOUND('',#2597,.T.);
#2597 = EDGE_LOOP('',(#2598,#2622,#2640,#2641));
#2598 = ORIENTED_EDGE('',*,*,#2599,.T.);
#2599 = EDGE_CURVE('',#2600,#2600,#2602,.T.);
#2600 = VERTEX_POINT('',#2601);
#2601 = CARTESIAN_POINT('',(12.,0.,50.));
#2602 = SURFACE_CURVE('',#2603,(#2608,#2615),.PCURVE_S1.);
#2603 = CIRCLE('',#2604,12.);
#2604 = AXIS2_PLACEMENT_3D('',#2605,#2606,#2607);
#2605 = CARTESIAN_POINT('',(0.,0.,50.));
#2606 = DIRECTION('',(0.,0.,1.));
#2607 = DIRECTION('',(1.,0.,0.));
#2608 = PCURVE('',#2526,#2609);
#2609 = DEFINITIONAL_REPRESENTATION('',(#2610),#2614);
#2610 = LINE('',#2611,#2612);
#2611 = CARTESIAN_POINT('',(-0.,-0.));
#2612 = VECTOR('',#2613,1.);
#2613 = DIRECTION('',(-1.,-0.));
#2614 = ( GEOMETRIC_REPRESENTATION_CONTEXT(2)
PARAMETRIC_REPRESENTATION_CONTEXT() REPRESENTATION_CONTEXT('2D SPACE',''
  ) );
#2615 = PCURVE('',#2582,#2616);
#2616 = DEFINITIONAL_REPRESENTATION('',(#2617),#2621);
#2617 = CIRCLE('',#2618,12.);
#2618 = AXIS2_PLACEMENT_2D('',#2619,#2620);
#2619 = CARTESIAN_POINT('',(6.077511700175E-16,-4.807142605466E-16));
#2620 = DIRECTION('',(1.,0.));
#2621 = ( GEOMETRIC_REPRESENTATION_CONTEXT(2)
PARAMETRIC_REPRESENTATION_CONTEXT() REPRESENTATION_CONTEXT('2D SPACE',''
  ) );
#2622 = ORIENTED_EDGE('',*,*,#2623,.T.);
#2623 = EDGE_CURVE('',#2600,#2510,#2624,.T.);
#2624 = SEAM_CURVE('',#2625,(#2628,#2634),.PCURVE_S1.);
#2625 = B_SPLINE_CURVE_WITH_KNOTS('',1,(#2626,#2627),.UNSPECIFIED.,.F.,
  .F.,(2,2),(0.,1.),.PIECEWISE_BEZIER_KNOTS.);
#2626 = CARTESIAN_POINT('',(12.,0.,50.));
#2627 = CARTESIAN_POINT('',(11.,0.,58.));
#2628 = PCURVE('',#2526,#2629);
#2629 = DEFINITIONAL_REPRESENTATION('',(#2630),#2633);
#2630 = B_SPLINE_CURVE_WITH_KNOTS('',1,(#2631,#2632),.UNSPECIFIED.,.F.,
  .F.,(2,2),(0.,1.),.PIECEWISE_BEZIER_KNOTS.);
#2631 = CARTESIAN_POINT('',(-6.28318530718,0.));
#2632 = CARTESIAN_POINT('',(-6.28318530718,-8.));
#2633 = ( GEOMETRIC_REPRESENTATION_CONTEXT(2)
PARAMETRIC_REPRESENTATION_CONTEXT() REPRESENTATION_CONTEXT('2D SPACE',''
  ) );
#2634 = PCURVE('',#2526,#2635);
#2635 = DEFINITIONAL_REPRESENTATION('',(#2636),#2639);
#2636 = B_SPLINE_CURVE_WITH_KNOTS('',1,(#2637,#2638),.UNSPECIFIED.,.F.,
  .F.,(2,2),(0.,1.),.PIECEWISE_BEZIER_KNOTS.);
#2637 = CARTESIAN_POINT('',(0.,0.));
#2638 = CARTESIAN_POINT('',(0.,-8.));
#2639 = ( GEOMETRIC_REPRESENTATION_CONTEXT(2)
PARAMETRIC_REPRESENTATION_CONTEXT() REPRESENTATION_CONTEXT('2D SPACE',''
  ) );
#2640 = ORIENTED_EDGE('',*,*,#2509,.F.);
#2641 = ORIENTED_EDGE('',*,*,#2623,.F.);
#2642 = ADVANCED_FACE('',(#2643,#2646),#2582,.T.);
#2643 = FACE_BOUND('',#2644,.T.);
#2644 = EDGE_LOOP('',(#2645));
#2645 = ORIENTED_EDGE('',*,*,#2567,.T.);
#2646 = FACE_BOUND('',#2647,.T.);
#2647 = EDGE_LOOP('',(#2648));
#2648 = ORIENTED_EDGE('',*,*,#2599,.F.);
#2649 = ( GEOMETRIC_REPRESENTATION_CONTEXT(3)
GLOBAL_UNCERTAINTY_ASSIGNED_CONTEXT((#2653))
GLOBAL_UNIT_ASSIGNED_CONTEXT((#2650,#2651,#2652)) REPRESENTATION_CONTEXT
('Context #1','3D Context with UNIT and UNCERTAINTY') );
#2650 = ( LENGTH_UNIT() NAMED_UNIT(*) SI_UNIT(.MILLI.,.METRE.) );
#2651 = ( NAMED_UNIT(*) PLANE_ANGLE_UNIT() SI_UNIT($,.RADIAN.) );
#2652 = ( NAMED_UNIT(*) SI_UNIT($,.STERADIAN.) SOLID_ANGLE_UNIT() );
#2653 = UNCERTAINTY_MEASURE_WITH_UNIT(LENGTH_MEASURE(5.E-07),#2650,
  'distance_accuracy_value','confusion accuracy');
#2654 = PRODUCT_RELATED_PRODUCT_CATEGORY('part',$,(#7));
ENDSEC;
END-ISO-10303-21;
