ISO-10303-21;
HEADER;
FILE_DESCRIPTION(('Open CASCADE Model'),'2;1');
FILE_NAME('Open CASCADE Shape Model','2026-09-21T15:27:16',('Author'),(
    'Open CASCADE'),'Open CASCADE STEP processor 7.9','Open CASCADE 7.9'
  ,'Unknown');
FILE_SCHEMA(('AUTOMOTIVE_DESIGN { 1 0 10303 214 1 1 1 1 }'));
ENDSEC;
DATA;
#1 = APPLICATION_PROTOCOL_DEFINITION('international standard',
  'automotive_design',2000,#2);
#2 = APPLICATION_CONTEXT(
  'core data for automotive mechanical design processes');
#3 = SHAPE_DEFINITION_REPRESENTATION(#4,#10);
#4 = PRODUCT_DEFINITION_SHAPE('','',#5);
#5 = PRODUCT_DEFINITION('design','',#6,#9);
#6 = PRODUCT_DEFINITION_FORMATION('','',#7);
#7 = PRODUCT('Open CASCADE STEP translator 7.9 2',
  'Open CASCADE STEP translator 7.9 2','',(#8));
#8 = PRODUCT_CONTEXT('',#2,'mechanical');
#9 = PRODUCT_DEFINITION_CONTEXT('part definition',#2,'design');
#10 = ADVANCED_BREP_SHAPE_REPRESENTATION('',(#11,#15),#6950);
#11 = AXIS2_PLACEMENT_3D('',#12,#13,#14);
#12 = CARTESIAN_POINT('',(0.,0.,0.));
#13 = DIRECTION('',(0.,0.,1.));
#14 = DIRECTION('',(1.,0.,-0.));
#15 = MANIFOLD_SOLID_BREP('',#16);
#16 = CLOSED_SHELL('',(#17,#137,#215,#288,#2292,#2435,#2442,#2518,#2567,
    #2616,#2665,#2714,#2763,#2812,#2861,#2910,#2959,#3008,#3035,#3111,
    #3160,#3209,#3258,#3307,#3356,#3405,#3454,#3503,#3552,#3601,#3650,
    #3699,#3748,#3797,#3846,#3895,#3944,#3993,#4042,#4091,#4140,#4189,
    #4238,#4287,#4336,#4385,#4434,#4483,#4510,#4928,#4983,#5038,#5070,
    #5146,#5196,#5245,#5273,#5530,#5563,#5634,#5710,#5759,#5808,#5835,
    #5911,#5960,#6009,#6036,#6112,#6161,#6210,#6237,#6287,#6337,#6364,
    #6377,#6468,#6538,#6608,#6672,#6736,#6806,#6876,#6918,#6925,#6932,
    #6939));
#17 = ADVANCED_FACE('',(#18),#32,.T.);
#18 = FACE_BOUND('',#19,.T.);
#19 = EDGE_LOOP('',(#20,#55,#83,#111));
#20 = ORIENTED_EDGE('',*,*,#21,.T.);
#21 = EDGE_CURVE('',#22,#24,#26,.T.);
#22 = VERTEX_POINT('',#23);
#23 = CARTESIAN_POINT('',(-12.,-10.5,3.));
#24 = VERTEX_POINT('',#25);
#25 = CARTESIAN_POINT('',(-12.,-10.5,0.));
#26 = SURFACE_CURVE('',#27,(#31,#43),.PCURVE_S1.);
#27 = LINE('',#28,#29);
#28 = CARTESIAN_POINT('',(-12.,-10.5,3.));
#29 = VECTOR('',#30,1.);
#30 = DIRECTION('',(0.,-1.224646799147E-16,-1.));
#31 = PCURVE('',#32,#37);
#32 = PLANE('',#33);
#33 = AXIS2_PLACEMENT_3D('',#34,#35,#36);
#34 = CARTESIAN_POINT('',(-12.,-10.5,3.));
#35 = DIRECTION('',(0.,-1.,1.224646799147E-16));
#36 = DIRECTION('',(1.,0.,0.));
#37 = DEFINITIONAL_REPRESENTATION('',(#38),#42);
#38 = LINE('',#39,#40);
#39 = CARTESIAN_POINT('',(0.,0.));
#40 = VECTOR('',#41,1.);
#41 = DIRECTION('',(0.,-1.));
#42 = ( GEOMETRIC_REPRESENTATION_CONTEXT(2)
PARAMETRIC_REPRESENTATION_CONTEXT() REPRESENTATION_CONTEXT('2D SPACE',''
  ) );
#43 = PCURVE('',#44,#49);
#44 = CYLINDRICAL_SURFACE('',#45,10.5);
#45 = AXIS2_PLACEMENT_3D('',#46,#47,#48);
#46 = CARTESIAN_POINT('',(-12.,-2.449293598295E-15,3.));
#47 = DIRECTION('',(0.,1.224646799147E-16,1.));
#48 = DIRECTION('',(0.,1.,-1.224646799147E-16));
#49 = DEFINITIONAL_REPRESENTATION('',(#50),#54);
#50 = LINE('',#51,#52);
#51 = CARTESIAN_POINT('',(3.14159265359,0.));
#52 = VECTOR('',#53,1.);
#53 = DIRECTION('',(0.,-1.));
#54 = ( GEOMETRIC_REPRESENTATION_CONTEXT(2)
PARAMETRIC_REPRESENTATION_CONTEXT() REPRESENTATION_CONTEXT('2D SPACE',''
  ) );
#55 = ORIENTED_EDGE('',*,*,#56,.T.);
#56 = EDGE_CURVE('',#24,#57,#59,.T.);
#57 = VERTEX_POINT('',#58);
#58 = CARTESIAN_POINT('',(12.,-10.5,0.));
#59 = SURFACE_CURVE('',#60,(#64,#71),.PCURVE_S1.);
#60 = LINE('',#61,#62);
#61 = CARTESIAN_POINT('',(-12.,-10.5,0.));
#62 = VECTOR('',#63,1.);
#63 = DIRECTION('',(1.,0.,0.));
#64 = PCURVE('',#32,#65);
#65 = DEFINITIONAL_REPRESENTATION('',(#66),#70);
#66 = LINE('',#67,#68);
#67 = CARTESIAN_POINT('',(0.,-3.));
#68 = VECTOR('',#69,1.);
#69 = DIRECTION('',(1.,0.));
#70 = ( GEOMETRIC_REPRESENTATION_CONTEXT(2)
PARAMETRIC_REPRESENTATION_CONTEXT() REPRESENTATION_CONTEXT('2D SPACE',''
  ) );
#71 = PCURVE('',#72,#77);
#72 = PLANE('',#73);
#73 = AXIS2_PLACEMENT_3D('',#74,#75,#76);
#74 = CARTESIAN_POINT('',(-6.401285907749E-17,-2.624649060806E-15,0.));
#75 = DIRECTION('',(-0.,1.224646799147E-16,1.));
#76 = DIRECTION('',(-1.,-0.,0.));
#77 = DEFINITIONAL_REPRESENTATION('',(#78),#82);
#78 = LINE('',#79,#80);
#79 = CARTESIAN_POINT('',(12.,10.5));
#80 = VECTOR('',#81,1.);
#81 = DIRECTION('',(-1.,0.));
#82 = ( GEOMETRIC_REPRESENTATION_CONTEXT(2)
PARAMETRIC_REPRESENTATION_CONTEXT() REPRESENTATION_CONTEXT('2D SPACE',''
  ) );
#83 = ORIENTED_EDGE('',*,*,#84,.F.);
#84 = EDGE_CURVE('',#85,#57,#87,.T.);
#85 = VERTEX_POINT('',#86);
#86 = CARTESIAN_POINT('',(12.,-10.5,3.));
#87 = SURFACE_CURVE('',#88,(#92,#99),.PCURVE_S1.);
#88 = LINE('',#89,#90);
#89 = CARTESIAN_POINT('',(12.,-10.5,3.));
#90 = VECTOR('',#91,1.);
#91 = DIRECTION('',(0.,-1.224646799147E-16,-1.));
#92 = PCURVE('',#32,#93);
#93 = DEFINITIONAL_REPRESENTATION('',(#94),#98);
#94 = LINE('',#95,#96);
#95 = CARTESIAN_POINT('',(24.,0.));
#96 = VECTOR('',#97,1.);
#97 = DIRECTION('',(0.,-1.));
#98 = ( GEOMETRIC_REPRESENTATION_CONTEXT(2)
PARAMETRIC_REPRESENTATION_CONTEXT() REPRESENTATION_CONTEXT('2D SPACE',''
  ) );
#99 = PCURVE('',#100,#105);
#100 = CYLINDRICAL_SURFACE('',#101,10.5);
#101 = AXIS2_PLACEMENT_3D('',#102,#103,#104);
#102 = CARTESIAN_POINT('',(12.,-2.449293598295E-15,3.));
#103 = DIRECTION('',(0.,1.224646799147E-16,1.));
#104 = DIRECTION('',(0.,-1.,1.224646799147E-16));
#105 = DEFINITIONAL_REPRESENTATION('',(#106),#110);
#106 = LINE('',#107,#108);
#107 = CARTESIAN_POINT('',(0.,0.));
#108 = VECTOR('',#109,1.);
#109 = DIRECTION('',(0.,-1.));
#110 = ( GEOMETRIC_REPRESENTATION_CONTEXT(2)
PARAMETRIC_REPRESENTATION_CONTEXT() REPRESENTATION_CONTEXT('2D SPACE',''
  ) );
#111 = ORIENTED_EDGE('',*,*,#112,.F.);
#112 = EDGE_CURVE('',#22,#85,#113,.T.);
#113 = SURFACE_CURVE('',#114,(#118,#125),.PCURVE_S1.);
#114 = LINE('',#115,#116);
#115 = CARTESIAN_POINT('',(-12.,-10.5,3.));
#116 = VECTOR('',#117,1.);
#117 = DIRECTION('',(1.,0.,0.));
#118 = PCURVE('',#32,#119);
#119 = DEFINITIONAL_REPRESENTATION('',(#120),#124);
#120 = LINE('',#121,#122);
#121 = CARTESIAN_POINT('',(0.,0.));
#122 = VECTOR('',#123,1.);
#123 = DIRECTION('',(1.,0.));
#124 = ( GEOMETRIC_REPRESENTATION_CONTEXT(2)
PARAMETRIC_REPRESENTATION_CONTEXT() REPRESENTATION_CONTEXT('2D SPACE',''
  ) );
#125 = PCURVE('',#126,#131);
#126 = PLANE('',#127);
#127 = AXIS2_PLACEMENT_3D('',#128,#129,#130);
#128 = CARTESIAN_POINT('',(-6.401285907749E-17,-2.257255021062E-15,3.));
#129 = DIRECTION('',(-0.,1.224646799147E-16,1.));
#130 = DIRECTION('',(-1.,-0.,0.));
#131 = DEFINITIONAL_REPRESENTATION('',(#132),#136);
#132 = LINE('',#133,#134);
#133 = CARTESIAN_POINT('',(12.,10.5));
#134 = VECTOR('',#135,1.);
#135 = DIRECTION('',(-1.,0.));
#136 = ( GEOMETRIC_REPRESENTATION_CONTEXT(2)
PARAMETRIC_REPRESENTATION_CONTEXT() REPRESENTATION_CONTEXT('2D SPACE',''
  ) );
#137 = ADVANCED_FACE('',(#138),#44,.T.);
#138 = FACE_BOUND('',#139,.T.);
#139 = EDGE_LOOP('',(#140,#170,#192,#193));
#140 = ORIENTED_EDGE('',*,*,#141,.T.);
#141 = EDGE_CURVE('',#142,#144,#146,.T.);
#142 = VERTEX_POINT('',#143);
#143 = CARTESIAN_POINT('',(-12.,10.5,3.));
#144 = VERTEX_POINT('',#145);
#145 = CARTESIAN_POINT('',(-12.,10.5,0.));
#146 = SURFACE_CURVE('',#147,(#151,#158),.PCURVE_S1.);
#147 = LINE('',#148,#149);
#148 = CARTESIAN_POINT('',(-12.,10.5,3.));
#149 = VECTOR('',#150,1.);
#150 = DIRECTION('',(0.,-1.224646799147E-16,-1.));
#151 = PCURVE('',#44,#152);
#152 = DEFINITIONAL_REPRESENTATION('',(#153),#157);
#153 = LINE('',#154,#155);
#154 = CARTESIAN_POINT('',(0.,0.));
#155 = VECTOR('',#156,1.);
#156 = DIRECTION('',(0.,-1.));
#157 = ( GEOMETRIC_REPRESENTATION_CONTEXT(2)
PARAMETRIC_REPRESENTATION_CONTEXT() REPRESENTATION_CONTEXT('2D SPACE',''
  ) );
#158 = PCURVE('',#159,#164);
#159 = PLANE('',#160);
#160 = AXIS2_PLACEMENT_3D('',#161,#162,#163);
#161 = CARTESIAN_POINT('',(12.,10.5,3.));
#162 = DIRECTION('',(0.,1.,-1.224646799147E-16));
#163 = DIRECTION('',(-1.,-0.,0.));
#164 = DEFINITIONAL_REPRESENTATION('',(#165),#169);
#165 = LINE('',#166,#167);
#166 = CARTESIAN_POINT('',(24.,0.));
#167 = VECTOR('',#168,1.);
#168 = DIRECTION('',(0.,-1.));
#169 = ( GEOMETRIC_REPRESENTATION_CONTEXT(2)
PARAMETRIC_REPRESENTATION_CONTEXT() REPRESENTATION_CONTEXT('2D SPACE',''
  ) );
#170 = ORIENTED_EDGE('',*,*,#171,.T.);
#171 = EDGE_CURVE('',#144,#24,#172,.T.);
#172 = SURFACE_CURVE('',#173,(#178,#185),.PCURVE_S1.);
#173 = CIRCLE('',#174,10.5);
#174 = AXIS2_PLACEMENT_3D('',#175,#176,#177);
#175 = CARTESIAN_POINT('',(-12.,-2.816687638039E-15,0.));
#176 = DIRECTION('',(0.,1.224646799147E-16,1.));
#177 = DIRECTION('',(0.,1.,-1.224646799147E-16));
#178 = PCURVE('',#44,#179);
#179 = DEFINITIONAL_REPRESENTATION('',(#180),#184);
#180 = LINE('',#181,#182);
#181 = CARTESIAN_POINT('',(0.,-3.));
#182 = VECTOR('',#183,1.);
#183 = DIRECTION('',(1.,0.));
#184 = ( GEOMETRIC_REPRESENTATION_CONTEXT(2)
PARAMETRIC_REPRESENTATION_CONTEXT() REPRESENTATION_CONTEXT('2D SPACE',''
  ) );
#185 = PCURVE('',#72,#186);
#186 = DEFINITIONAL_REPRESENTATION('',(#187),#191);
#187 = CIRCLE('',#188,10.5);
#188 = AXIS2_PLACEMENT_2D('',#189,#190);
#189 = CARTESIAN_POINT('',(12.,1.920385772325E-16));
#190 = DIRECTION('',(-0.,-1.));
#191 = ( GEOMETRIC_REPRESENTATION_CONTEXT(2)
PARAMETRIC_REPRESENTATION_CONTEXT() REPRESENTATION_CONTEXT('2D SPACE',''
  ) );
#192 = ORIENTED_EDGE('',*,*,#21,.F.);
#193 = ORIENTED_EDGE('',*,*,#194,.F.);
#194 = EDGE_CURVE('',#142,#22,#195,.T.);
#195 = SURFACE_CURVE('',#196,(#201,#208),.PCURVE_S1.);
#196 = CIRCLE('',#197,10.5);
#197 = AXIS2_PLACEMENT_3D('',#198,#199,#200);
#198 = CARTESIAN_POINT('',(-12.,-2.449293598295E-15,3.));
#199 = DIRECTION('',(0.,1.224646799147E-16,1.));
#200 = DIRECTION('',(0.,1.,-1.224646799147E-16));
#201 = PCURVE('',#44,#202);
#202 = DEFINITIONAL_REPRESENTATION('',(#203),#207);
#203 = LINE('',#204,#205);
#204 = CARTESIAN_POINT('',(0.,0.));
#205 = VECTOR('',#206,1.);
#206 = DIRECTION('',(1.,0.));
#207 = ( GEOMETRIC_REPRESENTATION_CONTEXT(2)
PARAMETRIC_REPRESENTATION_CONTEXT() REPRESENTATION_CONTEXT('2D SPACE',''
  ) );
#208 = PCURVE('',#126,#209);
#209 = DEFINITIONAL_REPRESENTATION('',(#210),#214);
#210 = CIRCLE('',#211,10.5);
#211 = AXIS2_PLACEMENT_2D('',#212,#213);
#212 = CARTESIAN_POINT('',(12.,1.920385772325E-16));
#213 = DIRECTION('',(-0.,-1.));
#214 = ( GEOMETRIC_REPRESENTATION_CONTEXT(2)
PARAMETRIC_REPRESENTATION_CONTEXT() REPRESENTATION_CONTEXT('2D SPACE',''
  ) );
#215 = ADVANCED_FACE('',(#216),#100,.T.);
#216 = FACE_BOUND('',#217,.T.);
#217 = EDGE_LOOP('',(#218,#219,#243,#266));
#218 = ORIENTED_EDGE('',*,*,#84,.T.);
#219 = ORIENTED_EDGE('',*,*,#220,.T.);
#220 = EDGE_CURVE('',#57,#221,#223,.T.);
#221 = VERTEX_POINT('',#222);
#222 = CARTESIAN_POINT('',(12.,10.5,0.));
#223 = SURFACE_CURVE('',#224,(#229,#236),.PCURVE_S1.);
#224 = CIRCLE('',#225,10.5);
#225 = AXIS2_PLACEMENT_3D('',#226,#227,#228);
#226 = CARTESIAN_POINT('',(12.,-2.816687638039E-15,0.));
#227 = DIRECTION('',(-0.,1.224646799147E-16,1.));
#228 = DIRECTION('',(0.,-1.,1.224646799147E-16));
#229 = PCURVE('',#100,#230);
#230 = DEFINITIONAL_REPRESENTATION('',(#231),#235);
#231 = LINE('',#232,#233);
#232 = CARTESIAN_POINT('',(0.,-3.));
#233 = VECTOR('',#234,1.);
#234 = DIRECTION('',(1.,0.));
#235 = ( GEOMETRIC_REPRESENTATION_CONTEXT(2)
PARAMETRIC_REPRESENTATION_CONTEXT() REPRESENTATION_CONTEXT('2D SPACE',''
  ) );
#236 = PCURVE('',#72,#237);
#237 = DEFINITIONAL_REPRESENTATION('',(#238),#242);
#238 = CIRCLE('',#239,10.5);
#239 = AXIS2_PLACEMENT_2D('',#240,#241);
#240 = CARTESIAN_POINT('',(-12.,1.920385772325E-16));
#241 = DIRECTION('',(0.,1.));
#242 = ( GEOMETRIC_REPRESENTATION_CONTEXT(2)
PARAMETRIC_REPRESENTATION_CONTEXT() REPRESENTATION_CONTEXT('2D SPACE',''
  ) );
#243 = ORIENTED_EDGE('',*,*,#244,.F.);
#244 = EDGE_CURVE('',#245,#221,#247,.T.);
#245 = VERTEX_POINT('',#246);
#246 = CARTESIAN_POINT('',(12.,10.5,3.));
#247 = SURFACE_CURVE('',#248,(#252,#259),.PCURVE_S1.);
#248 = LINE('',#249,#250);
#249 = CARTESIAN_POINT('',(12.,10.5,3.));
#250 = VECTOR('',#251,1.);
#251 = DIRECTION('',(0.,-1.224646799147E-16,-1.));
#252 = PCURVE('',#100,#253);
#253 = DEFINITIONAL_REPRESENTATION('',(#254),#258);
#254 = LINE('',#255,#256);
#255 = CARTESIAN_POINT('',(3.14159265359,0.));
#256 = VECTOR('',#257,1.);
#257 = DIRECTION('',(0.,-1.));
#258 = ( GEOMETRIC_REPRESENTATION_CONTEXT(2)
PARAMETRIC_REPRESENTATION_CONTEXT() REPRESENTATION_CONTEXT('2D SPACE',''
  ) );
#259 = PCURVE('',#159,#260);
#260 = DEFINITIONAL_REPRESENTATION('',(#261),#265);
#261 = LINE('',#262,#263);
#262 = CARTESIAN_POINT('',(0.,0.));
#263 = VECTOR('',#264,1.);
#264 = DIRECTION('',(0.,-1.));
#265 = ( GEOMETRIC_REPRESENTATION_CONTEXT(2)
PARAMETRIC_REPRESENTATION_CONTEXT() REPRESENTATION_CONTEXT('2D SPACE',''
  ) );
#266 = ORIENTED_EDGE('',*,*,#267,.F.);
#267 = EDGE_CURVE('',#85,#245,#268,.T.);
#268 = SURFACE_CURVE('',#269,(#274,#281),.PCURVE_S1.);
#269 = CIRCLE('',#270,10.5);
#270 = AXIS2_PLACEMENT_3D('',#271,#272,#273);
#271 = CARTESIAN_POINT('',(12.,-2.449293598295E-15,3.));
#272 = DIRECTION('',(-0.,1.224646799147E-16,1.));
#273 = DIRECTION('',(0.,-1.,1.224646799147E-16));
#274 = PCURVE('',#100,#275);
#275 = DEFINITIONAL_REPRESENTATION('',(#276),#280);
#276 = LINE('',#277,#278);
#277 = CARTESIAN_POINT('',(0.,0.));
#278 = VECTOR('',#279,1.);
#279 = DIRECTION('',(1.,0.));
#280 = ( GEOMETRIC_REPRESENTATION_CONTEXT(2)
PARAMETRIC_REPRESENTATION_CONTEXT() REPRESENTATION_CONTEXT('2D SPACE',''
  ) );
#281 = PCURVE('',#126,#282);
#282 = DEFINITIONAL_REPRESENTATION('',(#283),#287);
#283 = CIRCLE('',#284,10.5);
#284 = AXIS2_PLACEMENT_2D('',#285,#286);
#285 = CARTESIAN_POINT('',(-12.,1.920385772325E-16));
#286 = DIRECTION('',(0.,1.));
#287 = ( GEOMETRIC_REPRESENTATION_CONTEXT(2)
PARAMETRIC_REPRESENTATION_CONTEXT() REPRESENTATION_CONTEXT('2D SPACE',''
  ) );
#288 = ADVANCED_FACE('',(#289,#315,#851,#2176),#126,.T.);
#289 = FACE_BOUND('',#290,.T.);
#290 = EDGE_LOOP('',(#291,#292,#293,#314));
#291 = ORIENTED_EDGE('',*,*,#112,.T.);
#292 = ORIENTED_EDGE('',*,*,#267,.T.);
#293 = ORIENTED_EDGE('',*,*,#294,.T.);
#294 = EDGE_CURVE('',#245,#142,#295,.T.);
#295 = SURFACE_CURVE('',#296,(#300,#307),.PCURVE_S1.);
#296 = LINE('',#297,#298);
#297 = CARTESIAN_POINT('',(12.,10.5,3.));
#298 = VECTOR('',#299,1.);
#299 = DIRECTION('',(-1.,-0.,0.));
#300 = PCURVE('',#126,#301);
#301 = DEFINITIONAL_REPRESENTATION('',(#302),#306);
#302 = LINE('',#303,#304);
#303 = CARTESIAN_POINT('',(-12.,-10.5));
#304 = VECTOR('',#305,1.);
#305 = DIRECTION('',(1.,0.));
#306 = ( GEOMETRIC_REPRESENTATION_CONTEXT(2)
PARAMETRIC_REPRESENTATION_CONTEXT() REPRESENTATION_CONTEXT('2D SPACE',''
  ) );
#307 = PCURVE('',#159,#308);
#308 = DEFINITIONAL_REPRESENTATION('',(#309),#313);
#309 = LINE('',#310,#311);
#310 = CARTESIAN_POINT('',(0.,0.));
#311 = VECTOR('',#312,1.);
#312 = DIRECTION('',(1.,0.));
#313 = ( GEOMETRIC_REPRESENTATION_CONTEXT(2)
PARAMETRIC_REPRESENTATION_CONTEXT() REPRESENTATION_CONTEXT('2D SPACE',''
  ) );
#314 = ORIENTED_EDGE('',*,*,#194,.T.);
#315 = FACE_BOUND('',#316,.T.);
#316 = EDGE_LOOP('',(#317,#361,#400,#451,#490,#535,#574,#613,#655,#694,
    #745,#796));
#317 = ORIENTED_EDGE('',*,*,#318,.F.);
#318 = EDGE_CURVE('',#319,#321,#323,.T.);
#319 = VERTEX_POINT('',#320);
#320 = CARTESIAN_POINT('',(0.1623046875,8.844921875,3.));
#321 = VERTEX_POINT('',#322);
#322 = CARTESIAN_POINT('',(9.9609375E-02,8.3544921875,3.));
#323 = SURFACE_CURVE('',#324,(#332,#343),.PCURVE_S1.);
#324 = B_SPLINE_CURVE_WITH_KNOTS('',6,(#325,#326,#327,#328,#329,#330,
    #331),.UNSPECIFIED.,.F.,.F.,(7,7),(0.,1.),.PIECEWISE_BEZIER_KNOTS.);
#325 = CARTESIAN_POINT('',(0.1623046875,8.844921875,3.));
#326 = CARTESIAN_POINT('',(0.140554222454,8.780483581359,3.));
#327 = CARTESIAN_POINT('',(0.123616742037,8.708301703623,3.));
#328 = CARTESIAN_POINT('',(0.11132445169,8.628962756734,3.));
#329 = CARTESIAN_POINT('',(0.103418172883,8.54312872951,3.));
#330 = CARTESIAN_POINT('',(9.9609375E-02,8.451444116025,3.));
#331 = CARTESIAN_POINT('',(9.9609375E-02,8.3544921875,3.));
#332 = PCURVE('',#126,#333);
#333 = DEFINITIONAL_REPRESENTATION('',(#334),#342);
#334 = B_SPLINE_CURVE_WITH_KNOTS('',6,(#335,#336,#337,#338,#339,#340,
    #341),.UNSPECIFIED.,.F.,.F.,(7,7),(0.,1.),.PIECEWISE_BEZIER_KNOTS.);
#335 = CARTESIAN_POINT('',(-0.1623046875,-8.844921875));
#336 = CARTESIAN_POINT('',(-0.140554222454,-8.780483581359));
#337 = CARTESIAN_POINT('',(-0.123616742037,-8.708301703623));
#338 = CARTESIAN_POINT('',(-0.11132445169,-8.628962756734));
#339 = CARTESIAN_POINT('',(-0.103418172883,-8.54312872951));
#340 = CARTESIAN_POINT('',(-9.9609375E-02,-8.451444116025));
#341 = CARTESIAN_POINT('',(-9.9609375E-02,-8.3544921875));
#342 = ( GEOMETRIC_REPRESENTATION_CONTEXT(2)
PARAMETRIC_REPRESENTATION_CONTEXT() REPRESENTATION_CONTEXT('2D SPACE',''
  ) );
#343 = PCURVE('',#344,#351);
#344 = SURFACE_OF_LINEAR_EXTRUSION('',#345,#349);
#345 = B_SPLINE_CURVE_WITH_KNOTS('',2,(#346,#347,#348),.UNSPECIFIED.,.F.
  ,.F.,(3,3),(0.,1.),.PIECEWISE_BEZIER_KNOTS.);
#346 = CARTESIAN_POINT('',(9.9609375E-02,8.3544921875,2.55));
#347 = CARTESIAN_POINT('',(9.9609375E-02,8.6591796875,2.55));
#348 = CARTESIAN_POINT('',(0.1623046875,8.844921875,2.55));
#349 = VECTOR('',#350,1.);
#350 = DIRECTION('',(-0.,-0.,-1.));
#351 = DEFINITIONAL_REPRESENTATION('',(#352),#360);
#352 = B_SPLINE_CURVE_WITH_KNOTS('',6,(#353,#354,#355,#356,#357,#358,
    #359),.UNSPECIFIED.,.F.,.F.,(7,7),(0.,1.),.PIECEWISE_BEZIER_KNOTS.);
#353 = CARTESIAN_POINT('',(1.,-0.45));
#354 = CARTESIAN_POINT('',(0.826538347297,-0.45));
#355 = CARTESIAN_POINT('',(0.655353769221,-0.45));
#356 = CARTESIAN_POINT('',(0.486886349023,-0.45));
#357 = CARTESIAN_POINT('',(0.321415514446,-0.45));
#358 = CARTESIAN_POINT('',(0.159100600656,-0.45));
#359 = CARTESIAN_POINT('',(0.,-0.45));
#360 = ( GEOMETRIC_REPRESENTATION_CONTEXT(2)
PARAMETRIC_REPRESENTATION_CONTEXT() REPRESENTATION_CONTEXT('2D SPACE',''
  ) );
#361 = ORIENTED_EDGE('',*,*,#362,.F.);
#362 = EDGE_CURVE('',#363,#319,#365,.T.);
#363 = VERTEX_POINT('',#364);
#364 = CARTESIAN_POINT('',(0.3486328125,9.1314453125,3.));
#365 = SURFACE_CURVE('',#366,(#373,#383),.PCURVE_S1.);
#366 = B_SPLINE_CURVE_WITH_KNOTS('',5,(#367,#368,#369,#370,#371,#372),
  .UNSPECIFIED.,.F.,.F.,(6,6),(0.,1.),.PIECEWISE_BEZIER_KNOTS.);
#367 = CARTESIAN_POINT('',(0.3486328125,9.1314453125,3.));
#368 = CARTESIAN_POINT('',(0.298763655331,9.090793677272,3.));
#369 = CARTESIAN_POINT('',(0.255135651496,9.04153863921,3.));
#370 = CARTESIAN_POINT('',(0.217902214795,8.983853961225,3.));
#371 = CARTESIAN_POINT('',(0.18701769256,8.918137039523,3.));
#372 = CARTESIAN_POINT('',(0.1623046875,8.844921875,3.));
#373 = PCURVE('',#126,#374);
#374 = DEFINITIONAL_REPRESENTATION('',(#375),#382);
#375 = B_SPLINE_CURVE_WITH_KNOTS('',5,(#376,#377,#378,#379,#380,#381),
  .UNSPECIFIED.,.F.,.F.,(6,6),(0.,1.),.PIECEWISE_BEZIER_KNOTS.);
#376 = CARTESIAN_POINT('',(-0.3486328125,-9.1314453125));
#377 = CARTESIAN_POINT('',(-0.298763655331,-9.090793677272));
#378 = CARTESIAN_POINT('',(-0.255135651496,-9.04153863921));
#379 = CARTESIAN_POINT('',(-0.217902214795,-8.983853961225));
#380 = CARTESIAN_POINT('',(-0.18701769256,-8.918137039523));
#381 = CARTESIAN_POINT('',(-0.1623046875,-8.844921875));
#382 = ( GEOMETRIC_REPRESENTATION_CONTEXT(2)
PARAMETRIC_REPRESENTATION_CONTEXT() REPRESENTATION_CONTEXT('2D SPACE',''
  ) );
#383 = PCURVE('',#384,#391);
#384 = SURFACE_OF_LINEAR_EXTRUSION('',#385,#389);
#385 = B_SPLINE_CURVE_WITH_KNOTS('',2,(#386,#387,#388),.UNSPECIFIED.,.F.
  ,.F.,(3,3),(0.,1.),.PIECEWISE_BEZIER_KNOTS.);
#386 = CARTESIAN_POINT('',(0.1623046875,8.844921875,2.55));
#387 = CARTESIAN_POINT('',(0.225,9.0306640625,2.55));
#388 = CARTESIAN_POINT('',(0.3486328125,9.1314453125,2.55));
#389 = VECTOR('',#390,1.);
#390 = DIRECTION('',(-0.,-0.,-1.));
#391 = DEFINITIONAL_REPRESENTATION('',(#392),#399);
#392 = B_SPLINE_CURVE_WITH_KNOTS('',5,(#393,#394,#395,#396,#397,#398),
  .UNSPECIFIED.,.F.,.F.,(6,6),(0.,1.),.PIECEWISE_BEZIER_KNOTS.);
#393 = CARTESIAN_POINT('',(1.,-0.45));
#394 = CARTESIAN_POINT('',(0.798317468636,-0.45));
#395 = CARTESIAN_POINT('',(0.596814698887,-0.45));
#396 = CARTESIAN_POINT('',(0.396201285458,-0.45));
#397 = CARTESIAN_POINT('',(0.19708814004,-0.45));
#398 = CARTESIAN_POINT('',(0.,-0.45));
#399 = ( GEOMETRIC_REPRESENTATION_CONTEXT(2)
PARAMETRIC_REPRESENTATION_CONTEXT() REPRESENTATION_CONTEXT('2D SPACE',''
  ) );
#400 = ORIENTED_EDGE('',*,*,#401,.F.);
#401 = EDGE_CURVE('',#402,#363,#404,.T.);
#402 = VERTEX_POINT('',#403);
#403 = CARTESIAN_POINT('',(0.659765625,9.2322265625,3.));
#404 = SURFACE_CURVE('',#405,(#416,#430),.PCURVE_S1.);
#405 = B_SPLINE_CURVE_WITH_KNOTS('',5,(#406,#407,#408,#409,#410,#411,
    #412,#413,#414,#415),.UNSPECIFIED.,.F.,.F.,(6,4,6),(0.,
    0.840782696208,1.),.UNSPECIFIED.);
#406 = CARTESIAN_POINT('',(0.659765625,9.2322265625,3.));
#407 = CARTESIAN_POINT('',(0.597513024056,9.2322265625,3.));
#408 = CARTESIAN_POINT('',(0.539114888312,9.225283180325,3.));
#409 = CARTESIAN_POINT('',(0.484887292402,9.211152844547,3.));
#410 = CARTESIAN_POINT('',(0.435077400725,9.189732451822,3.));
#411 = CARTESIAN_POINT('',(0.381261963717,9.155696143212,3.));
#412 = CARTESIAN_POINT('',(0.372857163868,9.150018848672,3.));
#413 = CARTESIAN_POINT('',(0.364616862385,9.144084026441,3.));
#414 = CARTESIAN_POINT('',(0.35654186075,9.137892498751,3.));
#415 = CARTESIAN_POINT('',(0.3486328125,9.1314453125,3.));
#416 = PCURVE('',#126,#417);
#417 = DEFINITIONAL_REPRESENTATION('',(#418),#429);
#418 = B_SPLINE_CURVE_WITH_KNOTS('',5,(#419,#420,#421,#422,#423,#424,
    #425,#426,#427,#428),.UNSPECIFIED.,.F.,.F.,(6,4,6),(0.,
    0.840782696208,1.),.UNSPECIFIED.);
#419 = CARTESIAN_POINT('',(-0.659765625,-9.2322265625));
#420 = CARTESIAN_POINT('',(-0.597513024056,-9.2322265625));
#421 = CARTESIAN_POINT('',(-0.539114888312,-9.225283180325));
#422 = CARTESIAN_POINT('',(-0.484887292402,-9.211152844547));
#423 = CARTESIAN_POINT('',(-0.435077400725,-9.189732451822));
#424 = CARTESIAN_POINT('',(-0.381261963717,-9.155696143212));
#425 = CARTESIAN_POINT('',(-0.372857163868,-9.150018848672));
#426 = CARTESIAN_POINT('',(-0.364616862385,-9.144084026441));
#427 = CARTESIAN_POINT('',(-0.35654186075,-9.137892498751));
#428 = CARTESIAN_POINT('',(-0.3486328125,-9.1314453125));
#429 = ( GEOMETRIC_REPRESENTATION_CONTEXT(2)
PARAMETRIC_REPRESENTATION_CONTEXT() REPRESENTATION_CONTEXT('2D SPACE',''
  ) );
#430 = PCURVE('',#431,#438);
#431 = SURFACE_OF_LINEAR_EXTRUSION('',#432,#436);
#432 = B_SPLINE_CURVE_WITH_KNOTS('',2,(#433,#434,#435),.UNSPECIFIED.,.F.
  ,.F.,(3,3),(0.,1.),.PIECEWISE_BEZIER_KNOTS.);
#433 = CARTESIAN_POINT('',(0.3486328125,9.1314453125,2.55));
#434 = CARTESIAN_POINT('',(0.472265625,9.2322265625,2.55));
#435 = CARTESIAN_POINT('',(0.659765625,9.2322265625,2.55));
#436 = VECTOR('',#437,1.);
#437 = DIRECTION('',(-0.,-0.,-1.));
#438 = DEFINITIONAL_REPRESENTATION('',(#439),#450);
#439 = B_SPLINE_CURVE_WITH_KNOTS('',5,(#440,#441,#442,#443,#444,#445,
    #446,#447,#448,#449),.UNSPECIFIED.,.F.,.F.,(6,4,6),(0.,
    0.840782696208,1.),.UNSPECIFIED.);
#440 = CARTESIAN_POINT('',(1.,-0.45));
#441 = CARTESIAN_POINT('',(0.833993064148,-0.45));
#442 = CARTESIAN_POINT('',(0.666530924537,-0.45));
#443 = CARTESIAN_POINT('',(0.49804483002,-0.45));
#444 = CARTESIAN_POINT('',(0.329019649003,-0.45));
#445 = CARTESIAN_POINT('',(0.127993093907,-0.45));
#446 = CARTESIAN_POINT('',(9.598610663638E-02,-0.45));
#447 = CARTESIAN_POINT('',(6.3982579841E-02,-0.45));
#448 = CARTESIAN_POINT('',(3.19860403161E-02,-0.45));
#449 = CARTESIAN_POINT('',(0.,-0.45));
#450 = ( GEOMETRIC_REPRESENTATION_CONTEXT(2)
PARAMETRIC_REPRESENTATION_CONTEXT() REPRESENTATION_CONTEXT('2D SPACE',''
  ) );
#451 = ORIENTED_EDGE('',*,*,#452,.F.);
#452 = EDGE_CURVE('',#453,#402,#455,.T.);
#453 = VERTEX_POINT('',#454);
#454 = CARTESIAN_POINT('',(0.90234375,9.1765625,3.));
#455 = SURFACE_CURVE('',#456,(#463,#473),.PCURVE_S1.);
#456 = B_SPLINE_CURVE_WITH_KNOTS('',5,(#457,#458,#459,#460,#461,#462),
  .UNSPECIFIED.,.F.,.F.,(6,6),(0.,1.),.PIECEWISE_BEZIER_KNOTS.);
#457 = CARTESIAN_POINT('',(0.90234375,9.1765625,3.));
#458 = CARTESIAN_POINT('',(0.860478238504,9.198906452765,3.));
#459 = CARTESIAN_POINT('',(0.815207684941,9.215635514876,3.));
#460 = CARTESIAN_POINT('',(0.766595511615,9.226728107161,3.));
#461 = CARTESIAN_POINT('',(0.714739504473,9.2322265625,3.));
#462 = CARTESIAN_POINT('',(0.659765625,9.2322265625,3.));
#463 = PCURVE('',#126,#464);
#464 = DEFINITIONAL_REPRESENTATION('',(#465),#472);
#465 = B_SPLINE_CURVE_WITH_KNOTS('',5,(#466,#467,#468,#469,#470,#471),
  .UNSPECIFIED.,.F.,.F.,(6,6),(0.,1.),.PIECEWISE_BEZIER_KNOTS.);
#466 = CARTESIAN_POINT('',(-0.90234375,-9.1765625));
#467 = CARTESIAN_POINT('',(-0.860478238504,-9.198906452765));
#468 = CARTESIAN_POINT('',(-0.815207684941,-9.215635514876));
#469 = CARTESIAN_POINT('',(-0.766595511615,-9.226728107161));
#470 = CARTESIAN_POINT('',(-0.714739504473,-9.2322265625));
#471 = CARTESIAN_POINT('',(-0.659765625,-9.2322265625));
#472 = ( GEOMETRIC_REPRESENTATION_CONTEXT(2)
PARAMETRIC_REPRESENTATION_CONTEXT() REPRESENTATION_CONTEXT('2D SPACE',''
  ) );
#473 = PCURVE('',#474,#481);
#474 = SURFACE_OF_LINEAR_EXTRUSION('',#475,#479);
#475 = B_SPLINE_CURVE_WITH_KNOTS('',2,(#476,#477,#478),.UNSPECIFIED.,.F.
  ,.F.,(3,3),(0.,1.),.PIECEWISE_BEZIER_KNOTS.);
#476 = CARTESIAN_POINT('',(0.659765625,9.2322265625,2.55));
#477 = CARTESIAN_POINT('',(0.798046875,9.2322265625,2.55));
#478 = CARTESIAN_POINT('',(0.90234375,9.1765625,2.55));
#479 = VECTOR('',#480,1.);
#480 = DIRECTION('',(-0.,-0.,-1.));
#481 = DEFINITIONAL_REPRESENTATION('',(#482),#489);
#482 = B_SPLINE_CURVE_WITH_KNOTS('',5,(#483,#484,#485,#486,#487,#488),
  .UNSPECIFIED.,.F.,.F.,(6,6),(0.,1.),.PIECEWISE_BEZIER_KNOTS.);
#483 = CARTESIAN_POINT('',(1.,-0.45));
#484 = CARTESIAN_POINT('',(0.799296424287,-0.45));
#485 = CARTESIAN_POINT('',(0.598675999538,-0.45));
#486 = CARTESIAN_POINT('',(0.398415686494,-0.45));
#487 = CARTESIAN_POINT('',(0.198775609393,-0.45));
#488 = CARTESIAN_POINT('',(0.,-0.45));
#489 = ( GEOMETRIC_REPRESENTATION_CONTEXT(2)
PARAMETRIC_REPRESENTATION_CONTEXT() REPRESENTATION_CONTEXT('2D SPACE',''
  ) );
#490 = ORIENTED_EDGE('',*,*,#491,.F.);
#491 = EDGE_CURVE('',#492,#453,#494,.T.);
#492 = VERTEX_POINT('',#493);
#493 = CARTESIAN_POINT('',(1.074609375,9.016015625,3.));
#494 = SURFACE_CURVE('',#495,(#504,#516),.PCURVE_S1.);
#495 = B_SPLINE_CURVE_WITH_KNOTS('',4,(#496,#497,#498,#499,#500,#501,
    #502,#503),.UNSPECIFIED.,.F.,.F.,(5,3,5),(0.,0.720208744571,1.),
  .UNSPECIFIED.);
#496 = CARTESIAN_POINT('',(1.074609375,9.016015625,3.));
#497 = CARTESIAN_POINT('',(1.050200248556,9.053681432185,3.));
#498 = CARTESIAN_POINT('',(1.022608381557,9.087207049456,3.));
#499 = CARTESIAN_POINT('',(0.991828300628,9.116500998722,3.));
#500 = CARTESIAN_POINT('',(0.944721922257,9.151256028381,3.));
#501 = CARTESIAN_POINT('',(0.931067110642,9.160336813002,3.));
#502 = CARTESIAN_POINT('',(0.916939890979,9.168772424758,3.));
#503 = CARTESIAN_POINT('',(0.90234375,9.1765625,3.));
#504 = PCURVE('',#126,#505);
#505 = DEFINITIONAL_REPRESENTATION('',(#506),#515);
#506 = B_SPLINE_CURVE_WITH_KNOTS('',4,(#507,#508,#509,#510,#511,#512,
    #513,#514),.UNSPECIFIED.,.F.,.F.,(5,3,5),(0.,0.720208744571,1.),
  .UNSPECIFIED.);
#507 = CARTESIAN_POINT('',(-1.074609375,-9.016015625));
#508 = CARTESIAN_POINT('',(-1.050200248556,-9.053681432185));
#509 = CARTESIAN_POINT('',(-1.022608381557,-9.087207049456));
#510 = CARTESIAN_POINT('',(-0.991828300628,-9.116500998722));
#511 = CARTESIAN_POINT('',(-0.944721922257,-9.151256028381));
#512 = CARTESIAN_POINT('',(-0.931067110642,-9.160336813002));
#513 = CARTESIAN_POINT('',(-0.916939890979,-9.168772424758));
#514 = CARTESIAN_POINT('',(-0.90234375,-9.1765625));
#515 = ( GEOMETRIC_REPRESENTATION_CONTEXT(2)
PARAMETRIC_REPRESENTATION_CONTEXT() REPRESENTATION_CONTEXT('2D SPACE',''
  ) );
#516 = PCURVE('',#517,#524);
#517 = SURFACE_OF_LINEAR_EXTRUSION('',#518,#522);
#518 = B_SPLINE_CURVE_WITH_KNOTS('',2,(#519,#520,#521),.UNSPECIFIED.,.F.
  ,.F.,(3,3),(0.,1.),.PIECEWISE_BEZIER_KNOTS.);
#519 = CARTESIAN_POINT('',(0.90234375,9.1765625,2.55));
#520 = CARTESIAN_POINT('',(1.006640625,9.1208984375,2.55));
#521 = CARTESIAN_POINT('',(1.074609375,9.016015625,2.55));
#522 = VECTOR('',#523,1.);
#523 = DIRECTION('',(-0.,-0.,-1.));
#524 = DEFINITIONAL_REPRESENTATION('',(#525),#534);
#525 = B_SPLINE_CURVE_WITH_KNOTS('',4,(#526,#527,#528,#529,#530,#531,
    #532,#533),.UNSPECIFIED.,.F.,.F.,(5,3,5),(0.,0.720208744571,1.),
  .UNSPECIFIED.);
#526 = CARTESIAN_POINT('',(1.,-0.45));
#527 = CARTESIAN_POINT('',(0.820438610069,-0.45));
#528 = CARTESIAN_POINT('',(0.640440832299,-0.45));
#529 = CARTESIAN_POINT('',(0.460220056454,-0.45));
#530 = CARTESIAN_POINT('',(0.209986970821,-0.45));
#531 = CARTESIAN_POINT('',(0.139973971033,-0.45));
#532 = CARTESIAN_POINT('',(6.997400918695E-02,-0.45));
#533 = CARTESIAN_POINT('',(0.,-0.45));
#534 = ( GEOMETRIC_REPRESENTATION_CONTEXT(2)
PARAMETRIC_REPRESENTATION_CONTEXT() REPRESENTATION_CONTEXT('2D SPACE',''
  ) );
#535 = ORIENTED_EDGE('',*,*,#536,.F.);
#536 = EDGE_CURVE('',#537,#492,#539,.T.);
#537 = VERTEX_POINT('',#538);
#538 = CARTESIAN_POINT('',(1.18125,8.760546875,3.));
#539 = SURFACE_CURVE('',#540,(#547,#557),.PCURVE_S1.);
#540 = B_SPLINE_CURVE_WITH_KNOTS('',5,(#541,#542,#543,#544,#545,#546),
  .UNSPECIFIED.,.F.,.F.,(6,6),(0.,1.),.PIECEWISE_BEZIER_KNOTS.);
#541 = CARTESIAN_POINT('',(1.18125,8.760546875,3.));
#542 = CARTESIAN_POINT('',(1.165916491608,8.820254627376,3.));
#543 = CARTESIAN_POINT('',(1.147624553011,8.875782154723,3.));
#544 = CARTESIAN_POINT('',(1.12632576545,8.926991435669,3.));
#545 = CARTESIAN_POINT('',(1.101989564192,8.973765160643,3.));
#546 = CARTESIAN_POINT('',(1.074609375,9.016015625,3.));
#547 = PCURVE('',#126,#548);
#548 = DEFINITIONAL_REPRESENTATION('',(#549),#556);
#549 = B_SPLINE_CURVE_WITH_KNOTS('',5,(#550,#551,#552,#553,#554,#555),
  .UNSPECIFIED.,.F.,.F.,(6,6),(0.,1.),.PIECEWISE_BEZIER_KNOTS.);
#550 = CARTESIAN_POINT('',(-1.18125,-8.760546875));
#551 = CARTESIAN_POINT('',(-1.165916491608,-8.820254627376));
#552 = CARTESIAN_POINT('',(-1.147624553011,-8.875782154723));
#553 = CARTESIAN_POINT('',(-1.12632576545,-8.926991435669));
#554 = CARTESIAN_POINT('',(-1.101989564192,-8.973765160643));
#555 = CARTESIAN_POINT('',(-1.074609375,-9.016015625));
#556 = ( GEOMETRIC_REPRESENTATION_CONTEXT(2)
PARAMETRIC_REPRESENTATION_CONTEXT() REPRESENTATION_CONTEXT('2D SPACE',''
  ) );
#557 = PCURVE('',#558,#565);
#558 = SURFACE_OF_LINEAR_EXTRUSION('',#559,#563);
#559 = B_SPLINE_CURVE_WITH_KNOTS('',2,(#560,#561,#562),.UNSPECIFIED.,.F.
  ,.F.,(3,3),(0.,1.),.PIECEWISE_BEZIER_KNOTS.);
#560 = CARTESIAN_POINT('',(1.074609375,9.016015625,2.55));
#561 = CARTESIAN_POINT('',(1.142578125,8.9111328125,2.55));
#562 = CARTESIAN_POINT('',(1.18125,8.760546875,2.55));
#563 = VECTOR('',#564,1.);
#564 = DIRECTION('',(-0.,-0.,-1.));
#565 = DEFINITIONAL_REPRESENTATION('',(#566),#573);
#566 = B_SPLINE_CURVE_WITH_KNOTS('',5,(#567,#568,#569,#570,#571,#572),
  .UNSPECIFIED.,.F.,.F.,(6,6),(0.,1.),.PIECEWISE_BEZIER_KNOTS.);
#567 = CARTESIAN_POINT('',(1.,-0.45));
#568 = CARTESIAN_POINT('',(0.801748578362,-0.45));
#569 = CARTESIAN_POINT('',(0.602466106247,-0.45));
#570 = CARTESIAN_POINT('',(0.402300720069,-0.45));
#571 = CARTESIAN_POINT('',(0.201417483714,-0.45));
#572 = CARTESIAN_POINT('',(0.,-0.45));
#573 = ( GEOMETRIC_REPRESENTATION_CONTEXT(2)
PARAMETRIC_REPRESENTATION_CONTEXT() REPRESENTATION_CONTEXT('2D SPACE',''
  ) );
#574 = ORIENTED_EDGE('',*,*,#575,.F.);
#575 = EDGE_CURVE('',#576,#537,#578,.T.);
#576 = VERTEX_POINT('',#577);
#577 = CARTESIAN_POINT('',(1.219921875,8.3544921875,3.));
#578 = SURFACE_CURVE('',#579,(#586,#596),.PCURVE_S1.);
#579 = B_SPLINE_CURVE_WITH_KNOTS('',5,(#580,#581,#582,#583,#584,#585),
  .UNSPECIFIED.,.F.,.F.,(6,6),(0.,1.),.PIECEWISE_BEZIER_KNOTS.);
#580 = CARTESIAN_POINT('',(1.219921875,8.3544921875,3.));
#581 = CARTESIAN_POINT('',(1.219921875,8.452923000503,3.));
#582 = CARTESIAN_POINT('',(1.216333570597,8.543638415984,3.));
#583 = CARTESIAN_POINT('',(1.208864366536,8.625760545721,3.));
#584 = CARTESIAN_POINT('',(1.197227898211,8.698329907722,3.));
#585 = CARTESIAN_POINT('',(1.18125,8.760546875,3.));
#586 = PCURVE('',#126,#587);
#587 = DEFINITIONAL_REPRESENTATION('',(#588),#595);
#588 = B_SPLINE_CURVE_WITH_KNOTS('',5,(#589,#590,#591,#592,#593,#594),
  .UNSPECIFIED.,.F.,.F.,(6,6),(0.,1.),.PIECEWISE_BEZIER_KNOTS.);
#589 = CARTESIAN_POINT('',(-1.219921875,-8.3544921875));
#590 = CARTESIAN_POINT('',(-1.219921875,-8.452923000503));
#591 = CARTESIAN_POINT('',(-1.216333570597,-8.543638415984));
#592 = CARTESIAN_POINT('',(-1.208864366536,-8.625760545721));
#593 = CARTESIAN_POINT('',(-1.197227898211,-8.698329907722));
#594 = CARTESIAN_POINT('',(-1.18125,-8.760546875));
#595 = ( GEOMETRIC_REPRESENTATION_CONTEXT(2)
PARAMETRIC_REPRESENTATION_CONTEXT() REPRESENTATION_CONTEXT('2D SPACE',''
  ) );
#596 = PCURVE('',#597,#604);
#597 = SURFACE_OF_LINEAR_EXTRUSION('',#598,#602);
#598 = B_SPLINE_CURVE_WITH_KNOTS('',2,(#599,#600,#601),.UNSPECIFIED.,.F.
  ,.F.,(3,3),(0.,1.),.PIECEWISE_BEZIER_KNOTS.);
#599 = CARTESIAN_POINT('',(1.18125,8.760546875,2.55));
#600 = CARTESIAN_POINT('',(1.219921875,8.6099609375,2.55));
#601 = CARTESIAN_POINT('',(1.219921875,8.3544921875,2.55));
#602 = VECTOR('',#603,1.);
#603 = DIRECTION('',(-0.,-0.,-1.));
#604 = DEFINITIONAL_REPRESENTATION('',(#605),#612);
#605 = B_SPLINE_CURVE_WITH_KNOTS('',5,(#606,#607,#608,#609,#610,#611),
  .UNSPECIFIED.,.F.,.F.,(6,6),(0.,1.),.PIECEWISE_BEZIER_KNOTS.);
#606 = CARTESIAN_POINT('',(1.,-0.45));
#607 = CARTESIAN_POINT('',(0.807352537242,-0.45));
#608 = CARTESIAN_POINT('',(0.610758370702,-0.45));
#609 = CARTESIAN_POINT('',(0.410382558572,-0.45));
#610 = CARTESIAN_POINT('',(0.20658292637,-0.45));
#611 = CARTESIAN_POINT('',(0.,-0.45));
#612 = ( GEOMETRIC_REPRESENTATION_CONTEXT(2)
PARAMETRIC_REPRESENTATION_CONTEXT() REPRESENTATION_CONTEXT('2D SPACE',''
  ) );
#613 = ORIENTED_EDGE('',*,*,#614,.F.);
#614 = EDGE_CURVE('',#615,#576,#617,.T.);
#615 = VERTEX_POINT('',#616);
#616 = CARTESIAN_POINT('',(1.1578125,7.86640625,3.));
#617 = SURFACE_CURVE('',#618,(#626,#637),.PCURVE_S1.);
#618 = B_SPLINE_CURVE_WITH_KNOTS('',6,(#619,#620,#621,#622,#623,#624,
    #625),.UNSPECIFIED.,.F.,.F.,(7,7),(0.,1.),.PIECEWISE_BEZIER_KNOTS.);
#619 = CARTESIAN_POINT('',(1.1578125,7.86640625,3.));
#620 = CARTESIAN_POINT('',(1.179340500718,7.930787157808,3.));
#621 = CARTESIAN_POINT('',(1.196114605938,8.002745711819,3.));
#622 = CARTESIAN_POINT('',(1.208297928254,8.081718669768,3.));
#623 = CARTESIAN_POINT('',(1.21614063564,8.167071282046,3.));
#624 = CARTESIAN_POINT('',(1.219921875,8.258183651318,3.));
#625 = CARTESIAN_POINT('',(1.219921875,8.3544921875,3.));
#626 = PCURVE('',#126,#627);
#627 = DEFINITIONAL_REPRESENTATION('',(#628),#636);
#628 = B_SPLINE_CURVE_WITH_KNOTS('',6,(#629,#630,#631,#632,#633,#634,
    #635),.UNSPECIFIED.,.F.,.F.,(7,7),(0.,1.),.PIECEWISE_BEZIER_KNOTS.);
#629 = CARTESIAN_POINT('',(-1.1578125,-7.86640625));
#630 = CARTESIAN_POINT('',(-1.179340500718,-7.930787157808));
#631 = CARTESIAN_POINT('',(-1.196114605938,-8.002745711819));
#632 = CARTESIAN_POINT('',(-1.208297928254,-8.081718669768));
#633 = CARTESIAN_POINT('',(-1.21614063564,-8.167071282046));
#634 = CARTESIAN_POINT('',(-1.219921875,-8.258183651318));
#635 = CARTESIAN_POINT('',(-1.219921875,-8.3544921875));
#636 = ( GEOMETRIC_REPRESENTATION_CONTEXT(2)
PARAMETRIC_REPRESENTATION_CONTEXT() REPRESENTATION_CONTEXT('2D SPACE',''
  ) );
#637 = PCURVE('',#638,#645);
#638 = SURFACE_OF_LINEAR_EXTRUSION('',#639,#643);
#639 = B_SPLINE_CURVE_WITH_KNOTS('',2,(#640,#641,#642),.UNSPECIFIED.,.F.
  ,.F.,(3,3),(0.,1.),.PIECEWISE_BEZIER_KNOTS.);
#640 = CARTESIAN_POINT('',(1.219921875,8.3544921875,2.55));
#641 = CARTESIAN_POINT('',(1.219921875,8.0521484375,2.55));
#642 = CARTESIAN_POINT('',(1.1578125,7.86640625,2.55));
#643 = VECTOR('',#644,1.);
#644 = DIRECTION('',(-0.,-0.,-1.));
#645 = DEFINITIONAL_REPRESENTATION('',(#646),#654);
#646 = B_SPLINE_CURVE_WITH_KNOTS('',6,(#647,#648,#649,#650,#651,#652,
    #653),.UNSPECIFIED.,.F.,.F.,(7,7),(0.,1.),.PIECEWISE_BEZIER_KNOTS.);
#647 = CARTESIAN_POINT('',(1.,-0.45));
#648 = CARTESIAN_POINT('',(0.826692824408,-0.45));
#649 = CARTESIAN_POINT('',(0.655613443957,-0.45));
#650 = CARTESIAN_POINT('',(0.487186907039,-0.45));
#651 = CARTESIAN_POINT('',(0.32168623838,-0.45));
#652 = CARTESIAN_POINT('',(0.159269930638,-0.45));
#653 = CARTESIAN_POINT('',(0.,-0.45));
#654 = ( GEOMETRIC_REPRESENTATION_CONTEXT(2)
PARAMETRIC_REPRESENTATION_CONTEXT() REPRESENTATION_CONTEXT('2D SPACE',''
  ) );
#655 = ORIENTED_EDGE('',*,*,#656,.F.);
#656 = EDGE_CURVE('',#657,#615,#659,.T.);
#657 = VERTEX_POINT('',#658);
#658 = CARTESIAN_POINT('',(0.9720703125,7.579296875,3.));
#659 = SURFACE_CURVE('',#660,(#667,#677),.PCURVE_S1.);
#660 = B_SPLINE_CURVE_WITH_KNOTS('',5,(#661,#662,#663,#664,#665,#666),
  .UNSPECIFIED.,.F.,.F.,(6,6),(0.,1.),.PIECEWISE_BEZIER_KNOTS.);
#661 = CARTESIAN_POINT('',(0.9720703125,7.579296875,3.));
#662 = CARTESIAN_POINT('',(1.021931206534,7.620178081957,3.));
#663 = CARTESIAN_POINT('',(1.06549721546,7.669603149591,3.));
#664 = CARTESIAN_POINT('',(1.102613787118,7.727400767983,3.));
#665 = CARTESIAN_POINT('',(1.133326145355,7.793178189411,3.));
#666 = CARTESIAN_POINT('',(1.1578125,7.86640625,3.));
#667 = PCURVE('',#126,#668);
#668 = DEFINITIONAL_REPRESENTATION('',(#669),#676);
#669 = B_SPLINE_CURVE_WITH_KNOTS('',5,(#670,#671,#672,#673,#674,#675),
  .UNSPECIFIED.,.F.,.F.,(6,6),(0.,1.),.PIECEWISE_BEZIER_KNOTS.);
#670 = CARTESIAN_POINT('',(-0.9720703125,-7.579296875));
#671 = CARTESIAN_POINT('',(-1.021931206534,-7.620178081957));
#672 = CARTESIAN_POINT('',(-1.06549721546,-7.669603149591));
#673 = CARTESIAN_POINT('',(-1.102613787118,-7.727400767983));
#674 = CARTESIAN_POINT('',(-1.133326145355,-7.793178189411));
#675 = CARTESIAN_POINT('',(-1.1578125,-7.86640625));
#676 = ( GEOMETRIC_REPRESENTATION_CONTEXT(2)
PARAMETRIC_REPRESENTATION_CONTEXT() REPRESENTATION_CONTEXT('2D SPACE',''
  ) );
#677 = PCURVE('',#678,#685);
#678 = SURFACE_OF_LINEAR_EXTRUSION('',#679,#683);
#679 = B_SPLINE_CURVE_WITH_KNOTS('',2,(#680,#681,#682),.UNSPECIFIED.,.F.
  ,.F.,(3,3),(0.,1.),.PIECEWISE_BEZIER_KNOTS.);
#680 = CARTESIAN_POINT('',(1.1578125,7.86640625,2.55));
#681 = CARTESIAN_POINT('',(1.095703125,7.6806640625,2.55));
#682 = CARTESIAN_POINT('',(0.9720703125,7.579296875,2.55));
#683 = VECTOR('',#684,1.);
#684 = DIRECTION('',(-0.,-0.,-1.));
#685 = DEFINITIONAL_REPRESENTATION('',(#686),#693);
#686 = B_SPLINE_CURVE_WITH_KNOTS('',5,(#687,#688,#689,#690,#691,#692),
  .UNSPECIFIED.,.F.,.F.,(6,6),(0.,1.),.PIECEWISE_BEZIER_KNOTS.);
#687 = CARTESIAN_POINT('',(1.,-0.45));
#688 = CARTESIAN_POINT('',(0.798350886688,-0.45));
#689 = CARTESIAN_POINT('',(0.596866258027,-0.45));
#690 = CARTESIAN_POINT('',(0.39625345584,-0.45));
#691 = CARTESIAN_POINT('',(0.197122855003,-0.45));
#692 = CARTESIAN_POINT('',(0.,-0.45));
#693 = ( GEOMETRIC_REPRESENTATION_CONTEXT(2)
PARAMETRIC_REPRESENTATION_CONTEXT() REPRESENTATION_CONTEXT('2D SPACE',''
  ) );
#694 = ORIENTED_EDGE('',*,*,#695,.F.);
#695 = EDGE_CURVE('',#696,#657,#698,.T.);
#696 = VERTEX_POINT('',#697);
#697 = CARTESIAN_POINT('',(0.659765625,7.4779296875,3.));
#698 = SURFACE_CURVE('',#699,(#710,#724),.PCURVE_S1.);
#699 = B_SPLINE_CURVE_WITH_KNOTS('',5,(#700,#701,#702,#703,#704,#705,
    #706,#707,#708,#709),.UNSPECIFIED.,.F.,.F.,(6,4,6),(0.,
    0.846781824384,1.),.UNSPECIFIED.);
#700 = CARTESIAN_POINT('',(0.659765625,7.4779296875,3.));
#701 = CARTESIAN_POINT('',(0.722832061835,7.4779296875,3.));
#702 = CARTESIAN_POINT('',(0.781926196538,7.485008469152,3.));
#703 = CARTESIAN_POINT('',(0.836715422658,7.499421869724,3.));
#704 = CARTESIAN_POINT('',(0.886939906207,7.52127863777,3.));
#705 = CARTESIAN_POINT('',(0.940683423517,7.555763515525,3.));
#706 = CARTESIAN_POINT('',(0.94876359609,7.561287728281,3.));
#707 = CARTESIAN_POINT('',(0.956688598284,7.567051891727,3.));
#708 = CARTESIAN_POINT('',(0.964457702438,7.573055256323,3.));
#709 = CARTESIAN_POINT('',(0.9720703125,7.579296875,3.));
#710 = PCURVE('',#126,#711);
#711 = DEFINITIONAL_REPRESENTATION('',(#712),#723);
#712 = B_SPLINE_CURVE_WITH_KNOTS('',5,(#713,#714,#715,#716,#717,#718,
    #719,#720,#721,#722),.UNSPECIFIED.,.F.,.F.,(6,4,6),(0.,
    0.846781824384,1.),.UNSPECIFIED.);
#713 = CARTESIAN_POINT('',(-0.659765625,-7.4779296875));
#714 = CARTESIAN_POINT('',(-0.722832061835,-7.4779296875));
#715 = CARTESIAN_POINT('',(-0.781926196538,-7.485008469152));
#716 = CARTESIAN_POINT('',(-0.836715422658,-7.499421869724));
#717 = CARTESIAN_POINT('',(-0.886939906207,-7.52127863777));
#718 = CARTESIAN_POINT('',(-0.940683423517,-7.555763515525));
#719 = CARTESIAN_POINT('',(-0.94876359609,-7.561287728281));
#720 = CARTESIAN_POINT('',(-0.956688598284,-7.567051891727));
#721 = CARTESIAN_POINT('',(-0.964457702438,-7.573055256323));
#722 = CARTESIAN_POINT('',(-0.9720703125,-7.579296875));
#723 = ( GEOMETRIC_REPRESENTATION_CONTEXT(2)
PARAMETRIC_REPRESENTATION_CONTEXT() REPRESENTATION_CONTEXT('2D SPACE',''
  ) );
#724 = PCURVE('',#725,#732);
#725 = SURFACE_OF_LINEAR_EXTRUSION('',#726,#730);
#726 = B_SPLINE_CURVE_WITH_KNOTS('',2,(#727,#728,#729),.UNSPECIFIED.,.F.
  ,.F.,(3,3),(0.,1.),.PIECEWISE_BEZIER_KNOTS.);
#727 = CARTESIAN_POINT('',(0.9720703125,7.579296875,2.55));
#728 = CARTESIAN_POINT('',(0.8484375,7.4779296875,2.55));
#729 = CARTESIAN_POINT('',(0.659765625,7.4779296875,2.55));
#730 = VECTOR('',#731,1.);
#731 = DIRECTION('',(-0.,-0.,-1.));
#732 = DEFINITIONAL_REPRESENTATION('',(#733),#744);
#733 = B_SPLINE_CURVE_WITH_KNOTS('',5,(#734,#735,#736,#737,#738,#739,
    #740,#741,#742,#743),.UNSPECIFIED.,.F.,.F.,(6,4,6),(0.,
    0.846781824384,1.),.UNSPECIFIED.);
#734 = CARTESIAN_POINT('',(1.,-0.45));
#735 = CARTESIAN_POINT('',(0.832867413769,-0.45));
#736 = CARTESIAN_POINT('',(0.664225394531,-0.45));
#737 = CARTESIAN_POINT('',(0.494520369515,-0.45));
#738 = CARTESIAN_POINT('',(0.324256014494,-0.45));
#739 = CARTESIAN_POINT('',(0.123193580711,-0.45));
#740 = CARTESIAN_POINT('',(9.238716173864E-02,-0.45));
#741 = CARTESIAN_POINT('',(6.158395887083E-02,-0.45));
#742 = CARTESIAN_POINT('',(3.078717497508E-02,-0.45));
#743 = CARTESIAN_POINT('',(0.,-0.45));
#744 = ( GEOMETRIC_REPRESENTATION_CONTEXT(2)
PARAMETRIC_REPRESENTATION_CONTEXT() REPRESENTATION_CONTEXT('2D SPACE',''
  ) );
#745 = ORIENTED_EDGE('',*,*,#746,.F.);
#746 = EDGE_CURVE('',#747,#696,#749,.T.);
#747 = VERTEX_POINT('',#748);
#748 = CARTESIAN_POINT('',(0.26953125,7.6560546875,3.));
#749 = SURFACE_CURVE('',#750,(#761,#775),.PCURVE_S1.);
#750 = B_SPLINE_CURVE_WITH_KNOTS('',5,(#751,#752,#753,#754,#755,#756,
    #757,#758,#759,#760),.UNSPECIFIED.,.F.,.F.,(6,4,6),(0.,
    0.384701679341,1.),.UNSPECIFIED.);
#751 = CARTESIAN_POINT('',(0.26953125,7.6560546875,3.));
#752 = CARTESIAN_POINT('',(0.291269077166,7.628747664944,3.));
#753 = CARTESIAN_POINT('',(0.314688300799,7.603912569548,3.));
#754 = CARTESIAN_POINT('',(0.339786199947,7.581649877205,3.));
#755 = CARTESIAN_POINT('',(0.366537055304,7.56202922571,3.));
#756 = CARTESIAN_POINT('',(0.440231583509,7.517976582791,3.));
#757 = CARTESIAN_POINT('',(0.489673139568,7.497706971716,3.));
#758 = CARTESIAN_POINT('',(0.542987962028,7.484410390438,3.));
#759 = CARTESIAN_POINT('',(0.599824375902,7.4779296875,3.));
#760 = CARTESIAN_POINT('',(0.659765625,7.4779296875,3.));
#761 = PCURVE('',#126,#762);
#762 = DEFINITIONAL_REPRESENTATION('',(#763),#774);
#763 = B_SPLINE_CURVE_WITH_KNOTS('',5,(#764,#765,#766,#767,#768,#769,
    #770,#771,#772,#773),.UNSPECIFIED.,.F.,.F.,(6,4,6),(0.,
    0.384701679341,1.),.UNSPECIFIED.);
#764 = CARTESIAN_POINT('',(-0.26953125,-7.6560546875));
#765 = CARTESIAN_POINT('',(-0.291269077166,-7.628747664944));
#766 = CARTESIAN_POINT('',(-0.314688300799,-7.603912569548));
#767 = CARTESIAN_POINT('',(-0.339786199947,-7.581649877205));
#768 = CARTESIAN_POINT('',(-0.366537055304,-7.56202922571));
#769 = CARTESIAN_POINT('',(-0.440231583509,-7.517976582791));
#770 = CARTESIAN_POINT('',(-0.489673139568,-7.497706971716));
#771 = CARTESIAN_POINT('',(-0.542987962028,-7.484410390438));
#772 = CARTESIAN_POINT('',(-0.599824375902,-7.4779296875));
#773 = CARTESIAN_POINT('',(-0.659765625,-7.4779296875));
#774 = ( GEOMETRIC_REPRESENTATION_CONTEXT(2)
PARAMETRIC_REPRESENTATION_CONTEXT() REPRESENTATION_CONTEXT('2D SPACE',''
  ) );
#775 = PCURVE('',#776,#783);
#776 = SURFACE_OF_LINEAR_EXTRUSION('',#777,#781);
#777 = B_SPLINE_CURVE_WITH_KNOTS('',2,(#778,#779,#780),.UNSPECIFIED.,.F.
  ,.F.,(3,3),(0.,1.),.PIECEWISE_BEZIER_KNOTS.);
#778 = CARTESIAN_POINT('',(0.659765625,7.4779296875,2.55));
#779 = CARTESIAN_POINT('',(0.411328125,7.4779296875,2.55));
#780 = CARTESIAN_POINT('',(0.26953125,7.6560546875,2.55));
#781 = VECTOR('',#782,1.);
#782 = DIRECTION('',(-0.,-0.,-1.));
#783 = DEFINITIONAL_REPRESENTATION('',(#784),#795);
#784 = B_SPLINE_CURVE_WITH_KNOTS('',5,(#785,#786,#787,#788,#789,#790,
    #791,#792,#793,#794),.UNSPECIFIED.,.F.,.F.,(6,4,6),(0.,
    0.384701679341,1.),.UNSPECIFIED.);
#785 = CARTESIAN_POINT('',(1.,-0.45));
#786 = CARTESIAN_POINT('',(0.923348708615,-0.45));
#787 = CARTESIAN_POINT('',(0.846291897318,-0.45));
#788 = CARTESIAN_POINT('',(0.768956105543,-0.45));
#789 = CARTESIAN_POINT('',(0.691477001933,-0.45));
#790 = CARTESIAN_POINT('',(0.49008198316,-0.45));
#791 = CARTESIAN_POINT('',(0.36615412975,-0.45));
#792 = CARTESIAN_POINT('',(0.242832820115,-0.45));
#793 = CARTESIAN_POINT('',(0.120636476172,-0.45));
#794 = CARTESIAN_POINT('',(0.,-0.45));
#795 = ( GEOMETRIC_REPRESENTATION_CONTEXT(2)
PARAMETRIC_REPRESENTATION_CONTEXT() REPRESENTATION_CONTEXT('2D SPACE',''
  ) );
#796 = ORIENTED_EDGE('',*,*,#797,.F.);
#797 = EDGE_CURVE('',#321,#747,#798,.T.);
#798 = SURFACE_CURVE('',#799,(#812,#828),.PCURVE_S1.);
#799 = B_SPLINE_CURVE_WITH_KNOTS('',6,(#800,#801,#802,#803,#804,#805,
    #806,#807,#808,#809,#810,#811),.UNSPECIFIED.,.F.,.F.,(7,5,7),(0.,
    0.525689253323,1.),.UNSPECIFIED.);
#800 = CARTESIAN_POINT('',(9.9609375E-02,8.3544921875,3.));
#801 = CARTESIAN_POINT('',(9.9609375E-02,8.27875002422,3.));
#802 = CARTESIAN_POINT('',(0.102106316226,8.205057343774,3.));
#803 = CARTESIAN_POINT('',(0.107336663237,8.133710353271,3.));
#804 = CARTESIAN_POINT('',(0.115563287959,8.065090379577,3.));
#805 = CARTESIAN_POINT('',(0.127063742046,7.999653084416,3.));
#806 = CARTESIAN_POINT('',(0.155647361758,7.882164550979,3.));
#807 = CARTESIAN_POINT('',(0.172075006442,7.829430080456,3.));
#808 = CARTESIAN_POINT('',(0.191553899929,7.780063922992,3.));
#809 = CARTESIAN_POINT('',(0.214240458964,7.734466763286,3.));
#810 = CARTESIAN_POINT('',(0.240236122254,7.693027159069,3.));
#811 = CARTESIAN_POINT('',(0.26953125,7.6560546875,3.));
#812 = PCURVE('',#126,#813);
#813 = DEFINITIONAL_REPRESENTATION('',(#814),#827);
#814 = B_SPLINE_CURVE_WITH_KNOTS('',6,(#815,#816,#817,#818,#819,#820,
    #821,#822,#823,#824,#825,#826),.UNSPECIFIED.,.F.,.F.,(7,5,7),(0.,
    0.525689253323,1.),.UNSPECIFIED.);
#815 = CARTESIAN_POINT('',(-9.9609375E-02,-8.3544921875));
#816 = CARTESIAN_POINT('',(-9.9609375E-02,-8.27875002422));
#817 = CARTESIAN_POINT('',(-0.102106316226,-8.205057343774));
#818 = CARTESIAN_POINT('',(-0.107336663237,-8.133710353271));
#819 = CARTESIAN_POINT('',(-0.115563287959,-8.065090379577));
#820 = CARTESIAN_POINT('',(-0.127063742046,-7.999653084416));
#821 = CARTESIAN_POINT('',(-0.155647361758,-7.882164550979));
#822 = CARTESIAN_POINT('',(-0.172075006442,-7.829430080456));
#823 = CARTESIAN_POINT('',(-0.191553899929,-7.780063922992));
#824 = CARTESIAN_POINT('',(-0.214240458964,-7.734466763286));
#825 = CARTESIAN_POINT('',(-0.240236122254,-7.693027159069));
#826 = CARTESIAN_POINT('',(-0.26953125,-7.6560546875));
#827 = ( GEOMETRIC_REPRESENTATION_CONTEXT(2)
PARAMETRIC_REPRESENTATION_CONTEXT() REPRESENTATION_CONTEXT('2D SPACE',''
  ) );
#828 = PCURVE('',#829,#836);
#829 = SURFACE_OF_LINEAR_EXTRUSION('',#830,#834);
#830 = B_SPLINE_CURVE_WITH_KNOTS('',2,(#831,#832,#833),.UNSPECIFIED.,.F.
  ,.F.,(3,3),(0.,1.),.PIECEWISE_BEZIER_KNOTS.);
#831 = CARTESIAN_POINT('',(0.26953125,7.6560546875,2.55));
#832 = CARTESIAN_POINT('',(9.9609375E-02,7.8705078125,2.55));
#833 = CARTESIAN_POINT('',(9.9609375E-02,8.3544921875,2.55));
#834 = VECTOR('',#835,1.);
#835 = DIRECTION('',(-0.,-0.,-1.));
#836 = DEFINITIONAL_REPRESENTATION('',(#837),#850);
#837 = B_SPLINE_CURVE_WITH_KNOTS('',6,(#838,#839,#840,#841,#842,#843,
    #844,#845,#846,#847,#848,#849),.UNSPECIFIED.,.F.,.F.,(7,5,7),(0.,
    0.525689253323,1.),.UNSPECIFIED.);
#838 = CARTESIAN_POINT('',(1.,-0.45));
#839 = CARTESIAN_POINT('',(0.921751437451,-0.45));
#840 = CARTESIAN_POINT('',(0.841528449014,-0.45));
#841 = CARTESIAN_POINT('',(0.759249550027,-0.45));
#842 = CARTESIAN_POINT('',(0.674877918646,-0.45));
#843 = CARTESIAN_POINT('',(0.588429472095,-0.45));
#844 = CARTESIAN_POINT('',(0.420213227353,-0.45));
#845 = CARTESIAN_POINT('',(0.338813787739,-0.45));
#846 = CARTESIAN_POINT('',(0.255894052312,-0.45));
#847 = CARTESIAN_POINT('',(0.171611645358,-0.45));
#848 = CARTESIAN_POINT('',(8.620175520583E-02,-0.45));
#849 = CARTESIAN_POINT('',(0.,-0.45));
#850 = ( GEOMETRIC_REPRESENTATION_CONTEXT(2)
PARAMETRIC_REPRESENTATION_CONTEXT() REPRESENTATION_CONTEXT('2D SPACE',''
  ) );
#851 = FACE_BOUND('',#852,.T.);
#852 = EDGE_LOOP('',(#853,#881,#920,#965,#1010,#1055,#1106,#1157,#1193,
    #1219,#1255,#1300,#1351,#1396,#1441,#1486,#1525,#1551,#1602,#1653,
    #1698,#1743,#1788,#1833,#1872,#1923,#1974,#2025,#2076,#2127));
#853 = ORIENTED_EDGE('',*,*,#854,.F.);
#854 = EDGE_CURVE('',#855,#857,#859,.T.);
#855 = VERTEX_POINT('',#856);
#856 = CARTESIAN_POINT('',(-1.023046875,7.9888671875,3.));
#857 = VERTEX_POINT('',#858);
#858 = CARTESIAN_POINT('',(-1.233984375,7.9607421875,3.));
#859 = SURFACE_CURVE('',#860,(#864,#870),.PCURVE_S1.);
#860 = LINE('',#861,#862);
#861 = CARTESIAN_POINT('',(-1.149215338428,7.97204472571,3.));
#862 = VECTOR('',#863,1.);
#863 = DIRECTION('',(-0.991227900683,-0.132163720091,1.618538767729E-17)
  );
#864 = PCURVE('',#126,#865);
#865 = DEFINITIONAL_REPRESENTATION('',(#866),#869);
#866 = B_SPLINE_CURVE_WITH_KNOTS('',1,(#867,#868),.UNSPECIFIED.,.F.,.F.,
  (2,2),(-0.127285020267,8.551921966046E-02),.PIECEWISE_BEZIER_KNOTS.);
#867 = CARTESIAN_POINT('',(1.023046875,-7.9888671875));
#868 = CARTESIAN_POINT('',(1.233984375,-7.9607421875));
#869 = ( GEOMETRIC_REPRESENTATION_CONTEXT(2)
PARAMETRIC_REPRESENTATION_CONTEXT() REPRESENTATION_CONTEXT('2D SPACE',''
  ) );
#870 = PCURVE('',#871,#876);
#871 = PLANE('',#872);
#872 = AXIS2_PLACEMENT_3D('',#873,#874,#875);
#873 = CARTESIAN_POINT('',(-1.233984375,7.9607421875,2.55));
#874 = DIRECTION('',(-0.132163720091,0.991227900683,0.));
#875 = DIRECTION('',(0.991227900683,0.132163720091,0.));
#876 = DEFINITIONAL_REPRESENTATION('',(#877),#880);
#877 = B_SPLINE_CURVE_WITH_KNOTS('',1,(#878,#879),.UNSPECIFIED.,.F.,.F.,
  (2,2),(-0.127285020267,8.551921966046E-02),.PIECEWISE_BEZIER_KNOTS.);
#878 = CARTESIAN_POINT('',(0.212804239928,-0.45));
#879 = CARTESIAN_POINT('',(0.,-0.45));
#880 = ( GEOMETRIC_REPRESENTATION_CONTEXT(2)
PARAMETRIC_REPRESENTATION_CONTEXT() REPRESENTATION_CONTEXT('2D SPACE',''
  ) );
#881 = ORIENTED_EDGE('',*,*,#882,.F.);
#882 = EDGE_CURVE('',#883,#855,#885,.T.);
#883 = VERTEX_POINT('',#884);
#884 = CARTESIAN_POINT('',(-0.8994140625,7.73046875,3.));
#885 = SURFACE_CURVE('',#886,(#893,#903),.PCURVE_S1.);
#886 = B_SPLINE_CURVE_WITH_KNOTS('',5,(#887,#888,#889,#890,#891,#892),
  .UNSPECIFIED.,.F.,.F.,(6,6),(0.,1.),.PIECEWISE_BEZIER_KNOTS.);
#887 = CARTESIAN_POINT('',(-0.8994140625,7.73046875,3.));
#888 = CARTESIAN_POINT('',(-0.93483866781,7.762564868905,3.));
#889 = CARTESIAN_POINT('',(-0.96490142701,7.804865785393,3.));
#890 = CARTESIAN_POINT('',(-0.989521232166,7.857099316934,3.));
#891 = CARTESIAN_POINT('',(-1.00882499548,7.918675330512,3.));
#892 = CARTESIAN_POINT('',(-1.023046875,7.9888671875,3.));
#893 = PCURVE('',#126,#894);
#894 = DEFINITIONAL_REPRESENTATION('',(#895),#902);
#895 = B_SPLINE_CURVE_WITH_KNOTS('',5,(#896,#897,#898,#899,#900,#901),
  .UNSPECIFIED.,.F.,.F.,(6,6),(0.,1.),.PIECEWISE_BEZIER_KNOTS.);
#896 = CARTESIAN_POINT('',(0.8994140625,-7.73046875));
#897 = CARTESIAN_POINT('',(0.93483866781,-7.762564868905));
#898 = CARTESIAN_POINT('',(0.96490142701,-7.804865785393));
#899 = CARTESIAN_POINT('',(0.989521232166,-7.857099316934));
#900 = CARTESIAN_POINT('',(1.00882499548,-7.918675330512));
#901 = CARTESIAN_POINT('',(1.023046875,-7.9888671875));
#902 = ( GEOMETRIC_REPRESENTATION_CONTEXT(2)
PARAMETRIC_REPRESENTATION_CONTEXT() REPRESENTATION_CONTEXT('2D SPACE',''
  ) );
#903 = PCURVE('',#904,#911);
#904 = SURFACE_OF_LINEAR_EXTRUSION('',#905,#909);
#905 = B_SPLINE_CURVE_WITH_KNOTS('',2,(#906,#907,#908),.UNSPECIFIED.,.F.
  ,.F.,(3,3),(0.,1.),.PIECEWISE_BEZIER_KNOTS.);
#906 = CARTESIAN_POINT('',(-1.023046875,7.9888671875,2.55));
#907 = CARTESIAN_POINT('',(-0.98671875,7.8095703125,2.55));
#908 = CARTESIAN_POINT('',(-0.8994140625,7.73046875,2.55));
#909 = VECTOR('',#910,1.);
#910 = DIRECTION('',(-0.,-0.,-1.));
#911 = DEFINITIONAL_REPRESENTATION('',(#912),#919);
#912 = B_SPLINE_CURVE_WITH_KNOTS('',5,(#913,#914,#915,#916,#917,#918),
  .UNSPECIFIED.,.F.,.F.,(6,6),(0.,1.),.PIECEWISE_BEZIER_KNOTS.);
#913 = CARTESIAN_POINT('',(1.,-0.45));
#914 = CARTESIAN_POINT('',(0.797120828652,-0.45));
#915 = CARTESIAN_POINT('',(0.594907797742,-0.45));
#916 = CARTESIAN_POINT('',(0.394221698719,-0.45));
#917 = CARTESIAN_POINT('',(0.195741997701,-0.45));
#918 = CARTESIAN_POINT('',(0.,-0.45));
#919 = ( GEOMETRIC_REPRESENTATION_CONTEXT(2)
PARAMETRIC_REPRESENTATION_CONTEXT() REPRESENTATION_CONTEXT('2D SPACE',''
  ) );
#920 = ORIENTED_EDGE('',*,*,#921,.F.);
#921 = EDGE_CURVE('',#922,#883,#924,.T.);
#922 = VERTEX_POINT('',#923);
#923 = CARTESIAN_POINT('',(-0.68671875,7.6513671875,3.));
#924 = SURFACE_CURVE('',#925,(#934,#946),.PCURVE_S1.);
#925 = B_SPLINE_CURVE_WITH_KNOTS('',4,(#926,#927,#928,#929,#930,#931,
    #932,#933),.UNSPECIFIED.,.F.,.F.,(5,3,5),(0.,0.61927525767,1.),
  .UNSPECIFIED.);
#926 = CARTESIAN_POINT('',(-0.68671875,7.6513671875,3.));
#927 = CARTESIAN_POINT('',(-0.725382795365,7.6513671875,3.));
#928 = CARTESIAN_POINT('',(-0.761775941923,7.656380917905,3.));
#929 = CARTESIAN_POINT('',(-0.795788352684,7.666493097306,3.));
#930 = CARTESIAN_POINT('',(-0.846768825061,7.691010020588,3.));
#931 = CARTESIAN_POINT('',(-0.865255675798,7.702260705729,3.));
#932 = CARTESIAN_POINT('',(-0.882805992557,7.71542116985,3.));
#933 = CARTESIAN_POINT('',(-0.8994140625,7.73046875,3.));
#934 = PCURVE('',#126,#935);
#935 = DEFINITIONAL_REPRESENTATION('',(#936),#945);
#936 = B_SPLINE_CURVE_WITH_KNOTS('',4,(#937,#938,#939,#940,#941,#942,
    #943,#944),.UNSPECIFIED.,.F.,.F.,(5,3,5),(0.,0.61927525767,1.),
  .UNSPECIFIED.);
#937 = CARTESIAN_POINT('',(0.68671875,-7.6513671875));
#938 = CARTESIAN_POINT('',(0.725382795365,-7.6513671875));
#939 = CARTESIAN_POINT('',(0.761775941923,-7.656380917905));
#940 = CARTESIAN_POINT('',(0.795788352684,-7.666493097306));
#941 = CARTESIAN_POINT('',(0.846768825061,-7.691010020588));
#942 = CARTESIAN_POINT('',(0.865255675798,-7.702260705729));
#943 = CARTESIAN_POINT('',(0.882805992557,-7.71542116985));
#944 = CARTESIAN_POINT('',(0.8994140625,-7.73046875));
#945 = ( GEOMETRIC_REPRESENTATION_CONTEXT(2)
PARAMETRIC_REPRESENTATION_CONTEXT() REPRESENTATION_CONTEXT('2D SPACE',''
  ) );
#946 = PCURVE('',#947,#954);
#947 = SURFACE_OF_LINEAR_EXTRUSION('',#948,#952);
#948 = B_SPLINE_CURVE_WITH_KNOTS('',2,(#949,#950,#951),.UNSPECIFIED.,.F.
  ,.F.,(3,3),(0.,1.),.PIECEWISE_BEZIER_KNOTS.);
#949 = CARTESIAN_POINT('',(-0.8994140625,7.73046875,2.55));
#950 = CARTESIAN_POINT('',(-0.812109375,7.6513671875,2.55));
#951 = CARTESIAN_POINT('',(-0.68671875,7.6513671875,2.55));
#952 = VECTOR('',#953,1.);
#953 = DIRECTION('',(-0.,-0.,-1.));
#954 = DEFINITIONAL_REPRESENTATION('',(#955),#964);
#955 = B_SPLINE_CURVE_WITH_KNOTS('',4,(#956,#957,#958,#959,#960,#961,
    #962,#963),.UNSPECIFIED.,.F.,.F.,(5,3,5),(0.,0.61927525767,1.),
  .UNSPECIFIED.);
#956 = CARTESIAN_POINT('',(1.,-0.45));
#957 = CARTESIAN_POINT('',(0.845825613496,-0.45));
#958 = CARTESIAN_POINT('',(0.691080532273,-0.45));
#959 = CARTESIAN_POINT('',(0.536040082157,-0.45));
#960 = CARTESIAN_POINT('',(0.285682781043,-0.45));
#961 = CARTESIAN_POINT('',(0.190365259156,-0.45));
#962 = CARTESIAN_POINT('',(9.511556835557E-02,-0.45));
#963 = CARTESIAN_POINT('',(0.,-0.45));
#964 = ( GEOMETRIC_REPRESENTATION_CONTEXT(2)
PARAMETRIC_REPRESENTATION_CONTEXT() REPRESENTATION_CONTEXT('2D SPACE',''
  ) );
#965 = ORIENTED_EDGE('',*,*,#966,.F.);
#966 = EDGE_CURVE('',#967,#922,#969,.T.);
#967 = VERTEX_POINT('',#968);
#968 = CARTESIAN_POINT('',(-0.4353515625,7.7544921875,3.));
#969 = SURFACE_CURVE('',#970,(#979,#991),.PCURVE_S1.);
#970 = B_SPLINE_CURVE_WITH_KNOTS('',4,(#971,#972,#973,#974,#975,#976,
    #977,#978),.UNSPECIFIED.,.F.,.F.,(5,3,5),(0.,0.461844284347,1.),
  .UNSPECIFIED.);
#971 = CARTESIAN_POINT('',(-0.4353515625,7.7544921875,3.));
#972 = CARTESIAN_POINT('',(-0.458958788454,7.730750063112,3.));
#973 = CARTESIAN_POINT('',(-0.484280460814,7.710572599362,3.));
#974 = CARTESIAN_POINT('',(-0.511303182368,7.694053763699,3.));
#975 = CARTESIAN_POINT('',(-0.573390334921,7.666257244106,3.));
#976 = CARTESIAN_POINT('',(-0.609046307151,7.656296460108,3.));
#977 = CARTESIAN_POINT('',(-0.646866495029,7.6513671875,3.));
#978 = CARTESIAN_POINT('',(-0.68671875,7.6513671875,3.));
#979 = PCURVE('',#126,#980);
#980 = DEFINITIONAL_REPRESENTATION('',(#981),#990);
#981 = B_SPLINE_CURVE_WITH_KNOTS('',4,(#982,#983,#984,#985,#986,#987,
    #988,#989),.UNSPECIFIED.,.F.,.F.,(5,3,5),(0.,0.461844284347,1.),
  .UNSPECIFIED.);
#982 = CARTESIAN_POINT('',(0.4353515625,-7.7544921875));
#983 = CARTESIAN_POINT('',(0.458958788454,-7.730750063112));
#984 = CARTESIAN_POINT('',(0.484280460814,-7.710572599362));
#985 = CARTESIAN_POINT('',(0.511303182368,-7.694053763699));
#986 = CARTESIAN_POINT('',(0.573390334921,-7.666257244106));
#987 = CARTESIAN_POINT('',(0.609046307151,-7.656296460108));
#988 = CARTESIAN_POINT('',(0.646866495029,-7.6513671875));
#989 = CARTESIAN_POINT('',(0.68671875,-7.6513671875));
#990 = ( GEOMETRIC_REPRESENTATION_CONTEXT(2)
PARAMETRIC_REPRESENTATION_CONTEXT() REPRESENTATION_CONTEXT('2D SPACE',''
  ) );
#991 = PCURVE('',#992,#999);
#992 = SURFACE_OF_LINEAR_EXTRUSION('',#993,#997);
#993 = B_SPLINE_CURVE_WITH_KNOTS('',2,(#994,#995,#996),.UNSPECIFIED.,.F.
  ,.F.,(3,3),(0.,1.),.PIECEWISE_BEZIER_KNOTS.);
#994 = CARTESIAN_POINT('',(-0.68671875,7.6513671875,2.55));
#995 = CARTESIAN_POINT('',(-0.537890625,7.6513671875,2.55));
#996 = CARTESIAN_POINT('',(-0.4353515625,7.7544921875,2.55));
#997 = VECTOR('',#998,1.);
#998 = DIRECTION('',(-0.,-0.,-1.));
#999 = DEFINITIONAL_REPRESENTATION('',(#1000),#1009);
#1000 = B_SPLINE_CURVE_WITH_KNOTS('',4,(#1001,#1002,#1003,#1004,#1005,
    #1006,#1007,#1008),.UNSPECIFIED.,.F.,.F.,(5,3,5),(0.,0.461844284347,
    1.),.UNSPECIFIED.);
#1001 = CARTESIAN_POINT('',(1.,-0.45));
#1002 = CARTESIAN_POINT('',(0.884886669635,-0.45));
#1003 = CARTESIAN_POINT('',(0.769389003746,-0.45));
#1004 = CARTESIAN_POINT('',(0.653693713631,-0.45));
#1005 = CARTESIAN_POINT('',(0.403189988561,-0.45));
#1006 = CARTESIAN_POINT('',(0.268380099786,-0.45));
#1007 = CARTESIAN_POINT('',(0.133886840846,-0.45));
#1008 = CARTESIAN_POINT('',(0.,-0.45));
#1009 = ( GEOMETRIC_REPRESENTATION_CONTEXT(2)
PARAMETRIC_REPRESENTATION_CONTEXT() REPRESENTATION_CONTEXT('2D SPACE',''
  ) );
#1010 = ORIENTED_EDGE('',*,*,#1011,.F.);
#1011 = EDGE_CURVE('',#1012,#967,#1014,.T.);
#1012 = VERTEX_POINT('',#1013);
#1013 = CARTESIAN_POINT('',(-0.3328125,8.0099609375,3.));
#1014 = SURFACE_CURVE('',#1015,(#1024,#1036),.PCURVE_S1.);
#1015 = B_SPLINE_CURVE_WITH_KNOTS('',4,(#1016,#1017,#1018,#1019,#1020,
    #1021,#1022,#1023),.UNSPECIFIED.,.F.,.F.,(5,3,5),(0.,0.579310259736,
    1.),.UNSPECIFIED.);
#1016 = CARTESIAN_POINT('',(-0.3328125,8.0099609375,3.));
#1017 = CARTESIAN_POINT('',(-0.3328125,7.966092015209,3.));
#1018 = CARTESIAN_POINT('',(-0.338480473627,7.924711959636,3.));
#1019 = CARTESIAN_POINT('',(-0.349953941099,7.885996851659,3.));
#1020 = CARTESIAN_POINT('',(-0.379702864863,7.823940582007,3.));
#1021 = CARTESIAN_POINT('',(-0.395255680526,7.799292017613,3.));
#1022 = CARTESIAN_POINT('',(-0.413827918685,7.776138823565,3.));
#1023 = CARTESIAN_POINT('',(-0.4353515625,7.7544921875,3.));
#1024 = PCURVE('',#126,#1025);
#1025 = DEFINITIONAL_REPRESENTATION('',(#1026),#1035);
#1026 = B_SPLINE_CURVE_WITH_KNOTS('',4,(#1027,#1028,#1029,#1030,#1031,
    #1032,#1033,#1034),.UNSPECIFIED.,.F.,.F.,(5,3,5),(0.,0.579310259736,
    1.),.UNSPECIFIED.);
#1027 = CARTESIAN_POINT('',(0.3328125,-8.0099609375));
#1028 = CARTESIAN_POINT('',(0.3328125,-7.966092015209));
#1029 = CARTESIAN_POINT('',(0.338480473627,-7.924711959636));
#1030 = CARTESIAN_POINT('',(0.349953941099,-7.885996851659));
#1031 = CARTESIAN_POINT('',(0.379702864863,-7.823940582007));
#1032 = CARTESIAN_POINT('',(0.395255680526,-7.799292017613));
#1033 = CARTESIAN_POINT('',(0.413827918685,-7.776138823565));
#1034 = CARTESIAN_POINT('',(0.4353515625,-7.7544921875));
#1035 = ( GEOMETRIC_REPRESENTATION_CONTEXT(2)
PARAMETRIC_REPRESENTATION_CONTEXT() REPRESENTATION_CONTEXT('2D SPACE',''
  ) );
#1036 = PCURVE('',#1037,#1044);
#1037 = SURFACE_OF_LINEAR_EXTRUSION('',#1038,#1042);
#1038 = B_SPLINE_CURVE_WITH_KNOTS('',2,(#1039,#1040,#1041),
  .UNSPECIFIED.,.F.,.F.,(3,3),(0.,1.),.PIECEWISE_BEZIER_KNOTS.);
#1039 = CARTESIAN_POINT('',(-0.4353515625,7.7544921875,2.55));
#1040 = CARTESIAN_POINT('',(-0.3328125,7.8576171875,2.55));
#1041 = CARTESIAN_POINT('',(-0.3328125,8.0099609375,2.55));
#1042 = VECTOR('',#1043,1.);
#1043 = DIRECTION('',(-0.,-0.,-1.));
#1044 = DEFINITIONAL_REPRESENTATION('',(#1045),#1054);
#1045 = B_SPLINE_CURVE_WITH_KNOTS('',4,(#1046,#1047,#1048,#1049,#1050,
    #1051,#1052,#1053),.UNSPECIFIED.,.F.,.F.,(5,3,5),(0.,0.579310259736,
    1.),.UNSPECIFIED.);
#1046 = CARTESIAN_POINT('',(1.,-0.45));
#1047 = CARTESIAN_POINT('',(0.856019947353,-0.45));
#1048 = CARTESIAN_POINT('',(0.711279244454,-0.45));
#1049 = CARTESIAN_POINT('',(0.566139150544,-0.45));
#1050 = CARTESIAN_POINT('',(0.315601294353,-0.45));
#1051 = CARTESIAN_POINT('',(0.210201775461,-0.45));
#1052 = CARTESIAN_POINT('',(0.104953386984,-0.45));
#1053 = CARTESIAN_POINT('',(0.,-0.45));
#1054 = ( GEOMETRIC_REPRESENTATION_CONTEXT(2)
PARAMETRIC_REPRESENTATION_CONTEXT() REPRESENTATION_CONTEXT('2D SPACE',''
  ) );
#1055 = ORIENTED_EDGE('',*,*,#1056,.F.);
#1056 = EDGE_CURVE('',#1057,#1012,#1059,.T.);
#1057 = VERTEX_POINT('',#1058);
#1058 = CARTESIAN_POINT('',(-0.427734375,8.249609375,3.));
#1059 = SURFACE_CURVE('',#1060,(#1071,#1085),.PCURVE_S1.);
#1060 = B_SPLINE_CURVE_WITH_KNOTS('',5,(#1061,#1062,#1063,#1064,#1065,
    #1066,#1067,#1068,#1069,#1070),.UNSPECIFIED.,.F.,.F.,(6,4,6),(0.,
    0.362537471203,1.),.UNSPECIFIED.);
#1061 = CARTESIAN_POINT('',(-0.427734375,8.249609375,3.));
#1062 = CARTESIAN_POINT('',(-0.413977865258,8.235937781984,3.));
#1063 = CARTESIAN_POINT('',(-0.401447819272,8.221577591342,3.));
#1064 = CARTESIAN_POINT('',(-0.390157800199,8.206531354803,3.));
#1065 = CARTESIAN_POINT('',(-0.380116722971,8.190804304649,3.));
#1066 = CARTESIAN_POINT('',(-0.355876832278,8.145567736733,3.));
#1067 = CARTESIAN_POINT('',(-0.344299151153,8.114650303771,3.));
#1068 = CARTESIAN_POINT('',(-0.336619353791,8.081695756919,3.));
#1069 = CARTESIAN_POINT('',(-0.3328125,8.046770714838,3.));
#1070 = CARTESIAN_POINT('',(-0.3328125,8.0099609375,3.));
#1071 = PCURVE('',#126,#1072);
#1072 = DEFINITIONAL_REPRESENTATION('',(#1073),#1084);
#1073 = B_SPLINE_CURVE_WITH_KNOTS('',5,(#1074,#1075,#1076,#1077,#1078,
    #1079,#1080,#1081,#1082,#1083),.UNSPECIFIED.,.F.,.F.,(6,4,6),(0.,
    0.362537471203,1.),.UNSPECIFIED.);
#1074 = CARTESIAN_POINT('',(0.427734375,-8.249609375));
#1075 = CARTESIAN_POINT('',(0.413977865258,-8.235937781984));
#1076 = CARTESIAN_POINT('',(0.401447819272,-8.221577591342));
#1077 = CARTESIAN_POINT('',(0.390157800199,-8.206531354803));
#1078 = CARTESIAN_POINT('',(0.380116722971,-8.190804304649));
#1079 = CARTESIAN_POINT('',(0.355876832278,-8.145567736733));
#1080 = CARTESIAN_POINT('',(0.344299151153,-8.114650303771));
#1081 = CARTESIAN_POINT('',(0.336619353791,-8.081695756919));
#1082 = CARTESIAN_POINT('',(0.3328125,-8.046770714838));
#1083 = CARTESIAN_POINT('',(0.3328125,-8.0099609375));
#1084 = ( GEOMETRIC_REPRESENTATION_CONTEXT(2)
PARAMETRIC_REPRESENTATION_CONTEXT() REPRESENTATION_CONTEXT('2D SPACE',''
  ) );
#1085 = PCURVE('',#1086,#1093);
#1086 = SURFACE_OF_LINEAR_EXTRUSION('',#1087,#1091);
#1087 = B_SPLINE_CURVE_WITH_KNOTS('',2,(#1088,#1089,#1090),
  .UNSPECIFIED.,.F.,.F.,(3,3),(0.,1.),.PIECEWISE_BEZIER_KNOTS.);
#1088 = CARTESIAN_POINT('',(-0.3328125,8.0099609375,2.55));
#1089 = CARTESIAN_POINT('',(-0.3328125,8.1552734375,2.55));
#1090 = CARTESIAN_POINT('',(-0.427734375,8.249609375,2.55));
#1091 = VECTOR('',#1092,1.);
#1092 = DIRECTION('',(-0.,-0.,-1.));
#1093 = DEFINITIONAL_REPRESENTATION('',(#1094),#1105);
#1094 = B_SPLINE_CURVE_WITH_KNOTS('',5,(#1095,#1096,#1097,#1098,#1099,
    #1100,#1101,#1102,#1103,#1104),.UNSPECIFIED.,.F.,.F.,(6,4,6),(0.,
    0.362537471203,1.),.UNSPECIFIED.);
#1095 = CARTESIAN_POINT('',(1.,-0.45));
#1096 = CARTESIAN_POINT('',(0.92753772646,-0.45));
#1097 = CARTESIAN_POINT('',(0.854972429558,-0.45));
#1098 = CARTESIAN_POINT('',(0.78233795238,-0.45));
#1099 = CARTESIAN_POINT('',(0.709668772104,-0.45));
#1100 = CARTESIAN_POINT('',(0.509223913638,-0.45));
#1101 = CARTESIAN_POINT('',(0.381447306226,-0.45));
#1102 = CARTESIAN_POINT('',(0.253864054708,-0.45));
#1103 = CARTESIAN_POINT('',(0.126657298366,-0.45));
#1104 = CARTESIAN_POINT('',(0.,-0.45));
#1105 = ( GEOMETRIC_REPRESENTATION_CONTEXT(2)
PARAMETRIC_REPRESENTATION_CONTEXT() REPRESENTATION_CONTEXT('2D SPACE',''
  ) );
#1106 = ORIENTED_EDGE('',*,*,#1107,.F.);
#1107 = EDGE_CURVE('',#1108,#1057,#1110,.T.);
#1108 = VERTEX_POINT('',#1109);
#1109 = CARTESIAN_POINT('',(-0.669140625,8.3439453125,3.));
#1110 = SURFACE_CURVE('',#1111,(#1122,#1136),.PCURVE_S1.);
#1111 = B_SPLINE_CURVE_WITH_KNOTS('',5,(#1112,#1113,#1114,#1115,#1116,
    #1117,#1118,#1119,#1120,#1121),.UNSPECIFIED.,.F.,.F.,(6,4,6),(0.,
    0.654497777636,1.),.UNSPECIFIED.);
#1112 = CARTESIAN_POINT('',(-0.669140625,8.3439453125,3.));
#1113 = CARTESIAN_POINT('',(-0.63105363413,8.3439453125,3.));
#1114 = CARTESIAN_POINT('',(-0.594972543581,8.33995940421,3.));
#1115 = CARTESIAN_POINT('',(-0.560991276355,8.331915244797,3.));
#1116 = CARTESIAN_POINT('',(-0.529182488233,8.31978551561,3.));
#1117 = CARTESIAN_POINT('',(-0.483973290442,8.295050224663,3.));
#1118 = CARTESIAN_POINT('',(-0.468971788187,8.285372810843,3.));
#1119 = CARTESIAN_POINT('',(-0.454595457272,8.274567851372,3.));
#1120 = CARTESIAN_POINT('',(-0.440848869863,8.262642916191,3.));
#1121 = CARTESIAN_POINT('',(-0.427734375,8.249609375,3.));
#1122 = PCURVE('',#126,#1123);
#1123 = DEFINITIONAL_REPRESENTATION('',(#1124),#1135);
#1124 = B_SPLINE_CURVE_WITH_KNOTS('',5,(#1125,#1126,#1127,#1128,#1129,
    #1130,#1131,#1132,#1133,#1134),.UNSPECIFIED.,.F.,.F.,(6,4,6),(0.,
    0.654497777636,1.),.UNSPECIFIED.);
#1125 = CARTESIAN_POINT('',(0.669140625,-8.3439453125));
#1126 = CARTESIAN_POINT('',(0.63105363413,-8.3439453125));
#1127 = CARTESIAN_POINT('',(0.594972543581,-8.33995940421));
#1128 = CARTESIAN_POINT('',(0.560991276355,-8.331915244797));
#1129 = CARTESIAN_POINT('',(0.529182488233,-8.31978551561));
#1130 = CARTESIAN_POINT('',(0.483973290442,-8.295050224663));
#1131 = CARTESIAN_POINT('',(0.468971788187,-8.285372810843));
#1132 = CARTESIAN_POINT('',(0.454595457272,-8.274567851372));
#1133 = CARTESIAN_POINT('',(0.440848869863,-8.262642916191));
#1134 = CARTESIAN_POINT('',(0.427734375,-8.249609375));
#1135 = ( GEOMETRIC_REPRESENTATION_CONTEXT(2)
PARAMETRIC_REPRESENTATION_CONTEXT() REPRESENTATION_CONTEXT('2D SPACE',''
  ) );
#1136 = PCURVE('',#1137,#1144);
#1137 = SURFACE_OF_LINEAR_EXTRUSION('',#1138,#1142);
#1138 = B_SPLINE_CURVE_WITH_KNOTS('',2,(#1139,#1140,#1141),
  .UNSPECIFIED.,.F.,.F.,(3,3),(0.,1.),.PIECEWISE_BEZIER_KNOTS.);
#1139 = CARTESIAN_POINT('',(-0.427734375,8.249609375,2.55));
#1140 = CARTESIAN_POINT('',(-0.52265625,8.3439453125,2.55));
#1141 = CARTESIAN_POINT('',(-0.669140625,8.3439453125,2.55));
#1142 = VECTOR('',#1143,1.);
#1143 = DIRECTION('',(-0.,-0.,-1.));
#1144 = DEFINITIONAL_REPRESENTATION('',(#1145),#1156);
#1145 = B_SPLINE_CURVE_WITH_KNOTS('',5,(#1146,#1147,#1148,#1149,#1150,
    #1151,#1152,#1153,#1154,#1155),.UNSPECIFIED.,.F.,.F.,(6,4,6),(0.,
    0.654497777636,1.),.UNSPECIFIED.);
#1146 = CARTESIAN_POINT('',(1.,-0.45));
#1147 = CARTESIAN_POINT('',(0.869996404496,-0.45));
#1148 = CARTESIAN_POINT('',(0.739403214433,-0.45));
#1149 = CARTESIAN_POINT('',(0.608406052259,-0.45));
#1150 = CARTESIAN_POINT('',(0.477201948711,-0.45));
#1151 = CARTESIAN_POINT('',(0.276739925471,-0.45));
#1152 = CARTESIAN_POINT('',(0.207479909282,-0.45));
#1153 = CARTESIAN_POINT('',(0.13825017993,-0.45));
#1154 = CARTESIAN_POINT('',(6.908046676721E-02,-0.45));
#1155 = CARTESIAN_POINT('',(0.,-0.45));
#1156 = ( GEOMETRIC_REPRESENTATION_CONTEXT(2)
PARAMETRIC_REPRESENTATION_CONTEXT() REPRESENTATION_CONTEXT('2D SPACE',''
  ) );
#1157 = ORIENTED_EDGE('',*,*,#1158,.F.);
#1158 = EDGE_CURVE('',#1159,#1108,#1161,.T.);
#1159 = VERTEX_POINT('',#1160);
#1160 = CARTESIAN_POINT('',(-0.81796875,8.3205078125,3.));
#1161 = SURFACE_CURVE('',#1162,(#1168,#1177),.PCURVE_S1.);
#1162 = B_SPLINE_CURVE_WITH_KNOTS('',4,(#1163,#1164,#1165,#1166,#1167),
  .UNSPECIFIED.,.F.,.F.,(5,5),(0.,1.),.PIECEWISE_BEZIER_KNOTS.);
#1163 = CARTESIAN_POINT('',(-0.81796875,8.3205078125,3.));
#1164 = CARTESIAN_POINT('',(-0.773669951181,8.332165391137,3.));
#1165 = CARTESIAN_POINT('',(-0.734023402499,8.340004772582,3.));
#1166 = CARTESIAN_POINT('',(-0.69915385091,8.3439453125,3.));
#1167 = CARTESIAN_POINT('',(-0.669140625,8.3439453125,3.));
#1168 = PCURVE('',#126,#1169);
#1169 = DEFINITIONAL_REPRESENTATION('',(#1170),#1176);
#1170 = B_SPLINE_CURVE_WITH_KNOTS('',4,(#1171,#1172,#1173,#1174,#1175),
  .UNSPECIFIED.,.F.,.F.,(5,5),(0.,1.),.PIECEWISE_BEZIER_KNOTS.);
#1171 = CARTESIAN_POINT('',(0.81796875,-8.3205078125));
#1172 = CARTESIAN_POINT('',(0.773669951181,-8.332165391137));
#1173 = CARTESIAN_POINT('',(0.734023402499,-8.340004772582));
#1174 = CARTESIAN_POINT('',(0.69915385091,-8.3439453125));
#1175 = CARTESIAN_POINT('',(0.669140625,-8.3439453125));
#1176 = ( GEOMETRIC_REPRESENTATION_CONTEXT(2)
PARAMETRIC_REPRESENTATION_CONTEXT() REPRESENTATION_CONTEXT('2D SPACE',''
  ) );
#1177 = PCURVE('',#1178,#1185);
#1178 = SURFACE_OF_LINEAR_EXTRUSION('',#1179,#1183);
#1179 = B_SPLINE_CURVE_WITH_KNOTS('',2,(#1180,#1181,#1182),
  .UNSPECIFIED.,.F.,.F.,(3,3),(0.,1.),.PIECEWISE_BEZIER_KNOTS.);
#1180 = CARTESIAN_POINT('',(-0.669140625,8.3439453125,2.55));
#1181 = CARTESIAN_POINT('',(-0.72890625,8.3439453125,2.55));
#1182 = CARTESIAN_POINT('',(-0.81796875,8.3205078125,2.55));
#1183 = VECTOR('',#1184,1.);
#1184 = DIRECTION('',(-0.,-0.,-1.));
#1185 = DEFINITIONAL_REPRESENTATION('',(#1186),#1192);
#1186 = B_SPLINE_CURVE_WITH_KNOTS('',4,(#1187,#1188,#1189,#1190,#1191),
  .UNSPECIFIED.,.F.,.F.,(5,5),(0.,1.),.PIECEWISE_BEZIER_KNOTS.);
#1187 = CARTESIAN_POINT('',(1.,-0.45));
#1188 = CARTESIAN_POINT('',(0.751304989084,-0.45));
#1189 = CARTESIAN_POINT('',(0.501601904121,-0.45));
#1190 = CARTESIAN_POINT('',(0.25109104029,-0.45));
#1191 = CARTESIAN_POINT('',(0.,-0.45));
#1192 = ( GEOMETRIC_REPRESENTATION_CONTEXT(2)
PARAMETRIC_REPRESENTATION_CONTEXT() REPRESENTATION_CONTEXT('2D SPACE',''
  ) );
#1193 = ORIENTED_EDGE('',*,*,#1194,.F.);
#1194 = EDGE_CURVE('',#1195,#1159,#1197,.T.);
#1195 = VERTEX_POINT('',#1196);
#1196 = CARTESIAN_POINT('',(-0.79453125,8.5056640625,3.));
#1197 = SURFACE_CURVE('',#1198,(#1202,#1208),.PCURVE_S1.);
#1198 = LINE('',#1199,#1200);
#1199 = CARTESIAN_POINT('',(-1.329828416999,4.276816443212,3.));
#1200 = VECTOR('',#1201,1.);
#1201 = DIRECTION('',(-0.125580186416,-0.992083472687,1.214951849314E-16
    ));
#1202 = PCURVE('',#126,#1203);
#1203 = DEFINITIONAL_REPRESENTATION('',(#1204),#1207);
#1204 = B_SPLINE_CURVE_WITH_KNOTS('',1,(#1205,#1206),.UNSPECIFIED.,.F.,
  .F.,(2,2),(-4.262592549629,-4.07595880852),.PIECEWISE_BEZIER_KNOTS.);
#1205 = CARTESIAN_POINT('',(0.79453125,-8.5056640625));
#1206 = CARTESIAN_POINT('',(0.81796875,-8.3205078125));
#1207 = ( GEOMETRIC_REPRESENTATION_CONTEXT(2)
PARAMETRIC_REPRESENTATION_CONTEXT() REPRESENTATION_CONTEXT('2D SPACE',''
  ) );
#1208 = PCURVE('',#1209,#1214);
#1209 = PLANE('',#1210);
#1210 = AXIS2_PLACEMENT_3D('',#1211,#1212,#1213);
#1211 = CARTESIAN_POINT('',(-0.81796875,8.3205078125,2.55));
#1212 = DIRECTION('',(-0.992083472687,0.125580186416,0.));
#1213 = DIRECTION('',(0.125580186416,0.992083472687,0.));
#1214 = DEFINITIONAL_REPRESENTATION('',(#1215),#1218);
#1215 = B_SPLINE_CURVE_WITH_KNOTS('',1,(#1216,#1217),.UNSPECIFIED.,.F.,
  .F.,(2,2),(-4.262592549629,-4.07595880852),.PIECEWISE_BEZIER_KNOTS.);
#1216 = CARTESIAN_POINT('',(0.186633741109,-0.45));
#1217 = CARTESIAN_POINT('',(0.,-0.45));
#1218 = ( GEOMETRIC_REPRESENTATION_CONTEXT(2)
PARAMETRIC_REPRESENTATION_CONTEXT() REPRESENTATION_CONTEXT('2D SPACE',''
  ) );
#1219 = ORIENTED_EDGE('',*,*,#1220,.F.);
#1220 = EDGE_CURVE('',#1221,#1195,#1223,.T.);
#1221 = VERTEX_POINT('',#1222);
#1222 = CARTESIAN_POINT('',(-0.760546875,8.5033203125,3.));
#1223 = SURFACE_CURVE('',#1224,(#1230,#1239),.PCURVE_S1.);
#1224 = B_SPLINE_CURVE_WITH_KNOTS('',4,(#1225,#1226,#1227,#1228,#1229),
  .UNSPECIFIED.,.F.,.F.,(5,5),(0.,1.),.PIECEWISE_BEZIER_KNOTS.);
#1225 = CARTESIAN_POINT('',(-0.760546875,8.5033203125,3.));
#1226 = CARTESIAN_POINT('',(-0.766993861922,8.5033203125,3.));
#1227 = CARTESIAN_POINT('',(-0.774807838364,8.503711140526,3.));
#1228 = CARTESIAN_POINT('',(-0.783987623856,8.504492548484,3.));
#1229 = CARTESIAN_POINT('',(-0.79453125,8.5056640625,3.));
#1230 = PCURVE('',#126,#1231);
#1231 = DEFINITIONAL_REPRESENTATION('',(#1232),#1238);
#1232 = B_SPLINE_CURVE_WITH_KNOTS('',4,(#1233,#1234,#1235,#1236,#1237),
  .UNSPECIFIED.,.F.,.F.,(5,5),(0.,1.),.PIECEWISE_BEZIER_KNOTS.);
#1233 = CARTESIAN_POINT('',(0.760546875,-8.5033203125));
#1234 = CARTESIAN_POINT('',(0.766993861922,-8.5033203125));
#1235 = CARTESIAN_POINT('',(0.774807838364,-8.503711140526));
#1236 = CARTESIAN_POINT('',(0.783987623856,-8.504492548484));
#1237 = CARTESIAN_POINT('',(0.79453125,-8.5056640625));
#1238 = ( GEOMETRIC_REPRESENTATION_CONTEXT(2)
PARAMETRIC_REPRESENTATION_CONTEXT() REPRESENTATION_CONTEXT('2D SPACE',''
  ) );
#1239 = PCURVE('',#1240,#1247);
#1240 = SURFACE_OF_LINEAR_EXTRUSION('',#1241,#1245);
#1241 = B_SPLINE_CURVE_WITH_KNOTS('',2,(#1242,#1243,#1244),
  .UNSPECIFIED.,.F.,.F.,(3,3),(0.,1.),.PIECEWISE_BEZIER_KNOTS.);
#1242 = CARTESIAN_POINT('',(-0.79453125,8.5056640625,2.55));
#1243 = CARTESIAN_POINT('',(-0.7734375,8.5033203125,2.55));
#1244 = CARTESIAN_POINT('',(-0.760546875,8.5033203125,2.55));
#1245 = VECTOR('',#1246,1.);
#1246 = DIRECTION('',(-0.,-0.,-1.));
#1247 = DEFINITIONAL_REPRESENTATION('',(#1248),#1254);
#1248 = B_SPLINE_CURVE_WITH_KNOTS('',4,(#1249,#1250,#1251,#1252,#1253),
  .UNSPECIFIED.,.F.,.F.,(5,5),(0.,1.),.PIECEWISE_BEZIER_KNOTS.);
#1249 = CARTESIAN_POINT('',(1.,-0.45));
#1250 = CARTESIAN_POINT('',(0.749935052723,-0.45));
#1251 = CARTESIAN_POINT('',(0.499905347052,-0.45));
#1252 = CARTESIAN_POINT('',(0.249922990092,-0.45));
#1253 = CARTESIAN_POINT('',(0.,-0.45));
#1254 = ( GEOMETRIC_REPRESENTATION_CONTEXT(2)
PARAMETRIC_REPRESENTATION_CONTEXT() REPRESENTATION_CONTEXT('2D SPACE',''
  ) );
#1255 = ORIENTED_EDGE('',*,*,#1256,.F.);
#1256 = EDGE_CURVE('',#1257,#1221,#1259,.T.);
#1257 = VERTEX_POINT('',#1258);
#1258 = CARTESIAN_POINT('',(-0.51796875,8.5736328125,3.));
#1259 = SURFACE_CURVE('',#1260,(#1269,#1281),.PCURVE_S1.);
#1260 = B_SPLINE_CURVE_WITH_KNOTS('',4,(#1261,#1262,#1263,#1264,#1265,
    #1266,#1267,#1268),.UNSPECIFIED.,.F.,.F.,(5,3,5),(0.,0.359769981202,
    1.),.UNSPECIFIED.);
#1261 = CARTESIAN_POINT('',(-0.51796875,8.5736328125,3.));
#1262 = CARTESIAN_POINT('',(-0.537357199695,8.560988171395,3.));
#1263 = CARTESIAN_POINT('',(-0.557344547151,8.549847896646,3.));
#1264 = CARTESIAN_POINT('',(-0.577924370111,8.540224023985,3.));
#1265 = CARTESIAN_POINT('',(-0.636746689911,8.517699322347,3.));
#1266 = CARTESIAN_POINT('',(-0.676251957181,8.508092429493,3.));
#1267 = CARTESIAN_POINT('',(-0.717546798447,8.5033203125,3.));
#1268 = CARTESIAN_POINT('',(-0.760546875,8.5033203125,3.));
#1269 = PCURVE('',#126,#1270);
#1270 = DEFINITIONAL_REPRESENTATION('',(#1271),#1280);
#1271 = B_SPLINE_CURVE_WITH_KNOTS('',4,(#1272,#1273,#1274,#1275,#1276,
    #1277,#1278,#1279),.UNSPECIFIED.,.F.,.F.,(5,3,5),(0.,0.359769981202,
    1.),.UNSPECIFIED.);
#1272 = CARTESIAN_POINT('',(0.51796875,-8.5736328125));
#1273 = CARTESIAN_POINT('',(0.537357199695,-8.560988171395));
#1274 = CARTESIAN_POINT('',(0.557344547151,-8.549847896646));
#1275 = CARTESIAN_POINT('',(0.577924370111,-8.540224023985));
#1276 = CARTESIAN_POINT('',(0.636746689911,-8.517699322347));
#1277 = CARTESIAN_POINT('',(0.676251957181,-8.508092429493));
#1278 = CARTESIAN_POINT('',(0.717546798447,-8.5033203125));
#1279 = CARTESIAN_POINT('',(0.760546875,-8.5033203125));
#1280 = ( GEOMETRIC_REPRESENTATION_CONTEXT(2)
PARAMETRIC_REPRESENTATION_CONTEXT() REPRESENTATION_CONTEXT('2D SPACE',''
  ) );
#1281 = PCURVE('',#1282,#1289);
#1282 = SURFACE_OF_LINEAR_EXTRUSION('',#1283,#1287);
#1283 = B_SPLINE_CURVE_WITH_KNOTS('',2,(#1284,#1285,#1286),
  .UNSPECIFIED.,.F.,.F.,(3,3),(0.,1.),.PIECEWISE_BEZIER_KNOTS.);
#1284 = CARTESIAN_POINT('',(-0.760546875,8.5033203125,2.55));
#1285 = CARTESIAN_POINT('',(-0.62578125,8.5033203125,2.55));
#1286 = CARTESIAN_POINT('',(-0.51796875,8.5736328125,2.55));
#1287 = VECTOR('',#1288,1.);
#1288 = DIRECTION('',(-0.,-0.,-1.));
#1289 = DEFINITIONAL_REPRESENTATION('',(#1290),#1299);
#1290 = B_SPLINE_CURVE_WITH_KNOTS('',4,(#1291,#1292,#1293,#1294,#1295,
    #1296,#1297,#1298),.UNSPECIFIED.,.F.,.F.,(5,3,5),(0.,0.359769981202,
    1.),.UNSPECIFIED.);
#1291 = CARTESIAN_POINT('',(1.,-0.45));
#1292 = CARTESIAN_POINT('',(0.91008255214,-0.45));
#1293 = CARTESIAN_POINT('',(0.820082650052,-0.45));
#1294 = CARTESIAN_POINT('',(0.730041238723,-0.45));
#1295 = CARTESIAN_POINT('',(0.479766776073,-0.45));
#1296 = CARTESIAN_POINT('',(0.319533372597,-0.45));
#1297 = CARTESIAN_POINT('',(0.159536515908,-0.45));
#1298 = CARTESIAN_POINT('',(0.,-0.45));
#1299 = ( GEOMETRIC_REPRESENTATION_CONTEXT(2)
PARAMETRIC_REPRESENTATION_CONTEXT() REPRESENTATION_CONTEXT('2D SPACE',''
  ) );
#1300 = ORIENTED_EDGE('',*,*,#1301,.F.);
#1301 = EDGE_CURVE('',#1302,#1257,#1304,.T.);
#1302 = VERTEX_POINT('',#1303);
#1303 = CARTESIAN_POINT('',(-0.41015625,8.7904296875,3.));
#1304 = SURFACE_CURVE('',#1305,(#1316,#1330),.PCURVE_S1.);
#1305 = B_SPLINE_CURVE_WITH_KNOTS('',5,(#1306,#1307,#1308,#1309,#1310,
    #1311,#1312,#1313,#1314,#1315),.UNSPECIFIED.,.F.,.F.,(6,4,6),(0.,
    0.639707398719,1.),.UNSPECIFIED.);
#1306 = CARTESIAN_POINT('',(-0.41015625,8.7904296875,3.));
#1307 = CARTESIAN_POINT('',(-0.41015625,8.753318417572,3.));
#1308 = CARTESIAN_POINT('',(-0.414481161284,8.719020199181,3.));
#1309 = CARTESIAN_POINT('',(-0.423244129173,8.687689080291,3.));
#1310 = CARTESIAN_POINT('',(-0.436490436226,8.65943788084,3.));
#1311 = CARTESIAN_POINT('',(-0.464140455003,8.620181420045,3.));
#1312 = CARTESIAN_POINT('',(-0.475511688037,8.607032967659,3.));
#1313 = CARTESIAN_POINT('',(-0.488284760152,8.594890103377,3.));
#1314 = CARTESIAN_POINT('',(-0.50244467767,8.583757207498,3.));
#1315 = CARTESIAN_POINT('',(-0.51796875,8.5736328125,3.));
#1316 = PCURVE('',#126,#1317);
#1317 = DEFINITIONAL_REPRESENTATION('',(#1318),#1329);
#1318 = B_SPLINE_CURVE_WITH_KNOTS('',5,(#1319,#1320,#1321,#1322,#1323,
    #1324,#1325,#1326,#1327,#1328),.UNSPECIFIED.,.F.,.F.,(6,4,6),(0.,
    0.639707398719,1.),.UNSPECIFIED.);
#1319 = CARTESIAN_POINT('',(0.41015625,-8.7904296875));
#1320 = CARTESIAN_POINT('',(0.41015625,-8.753318417572));
#1321 = CARTESIAN_POINT('',(0.414481161284,-8.719020199181));
#1322 = CARTESIAN_POINT('',(0.423244129173,-8.687689080291));
#1323 = CARTESIAN_POINT('',(0.436490436226,-8.65943788084));
#1324 = CARTESIAN_POINT('',(0.464140455003,-8.620181420045));
#1325 = CARTESIAN_POINT('',(0.475511688037,-8.607032967659));
#1326 = CARTESIAN_POINT('',(0.488284760152,-8.594890103377));
#1327 = CARTESIAN_POINT('',(0.50244467767,-8.583757207498));
#1328 = CARTESIAN_POINT('',(0.51796875,-8.5736328125));
#1329 = ( GEOMETRIC_REPRESENTATION_CONTEXT(2)
PARAMETRIC_REPRESENTATION_CONTEXT() REPRESENTATION_CONTEXT('2D SPACE',''
  ) );
#1330 = PCURVE('',#1331,#1338);
#1331 = SURFACE_OF_LINEAR_EXTRUSION('',#1332,#1336);
#1332 = B_SPLINE_CURVE_WITH_KNOTS('',2,(#1333,#1334,#1335),
  .UNSPECIFIED.,.F.,.F.,(3,3),(0.,1.),.PIECEWISE_BEZIER_KNOTS.);
#1333 = CARTESIAN_POINT('',(-0.51796875,8.5736328125,2.55));
#1334 = CARTESIAN_POINT('',(-0.41015625,8.6439453125,2.55));
#1335 = CARTESIAN_POINT('',(-0.41015625,8.7904296875,2.55));
#1336 = VECTOR('',#1337,1.);
#1337 = DIRECTION('',(-0.,-0.,-1.));
#1338 = DEFINITIONAL_REPRESENTATION('',(#1339),#1350);
#1339 = B_SPLINE_CURVE_WITH_KNOTS('',5,(#1340,#1341,#1342,#1343,#1344,
    #1345,#1346,#1347,#1348,#1349),.UNSPECIFIED.,.F.,.F.,(6,4,6),(0.,
    0.639707398719,1.),.UNSPECIFIED.);
#1340 = CARTESIAN_POINT('',(1.,-0.45));
#1341 = CARTESIAN_POINT('',(0.873326865314,-0.45));
#1342 = CARTESIAN_POINT('',(0.745825682224,-0.45));
#1343 = CARTESIAN_POINT('',(0.617749407183,-0.45));
#1344 = CARTESIAN_POINT('',(0.489373929093,-0.45));
#1345 = CARTESIAN_POINT('',(0.28869791792,-0.45));
#1346 = CARTESIAN_POINT('',(0.216395067444,-0.45));
#1347 = CARTESIAN_POINT('',(0.144143957365,-0.45));
#1348 = CARTESIAN_POINT('',(7.199569776216E-02,-0.45));
#1349 = CARTESIAN_POINT('',(0.,-0.45));
#1350 = ( GEOMETRIC_REPRESENTATION_CONTEXT(2)
PARAMETRIC_REPRESENTATION_CONTEXT() REPRESENTATION_CONTEXT('2D SPACE',''
  ) );
#1351 = ORIENTED_EDGE('',*,*,#1352,.F.);
#1352 = EDGE_CURVE('',#1353,#1302,#1355,.T.);
#1353 = VERTEX_POINT('',#1354);
#1354 = CARTESIAN_POINT('',(-0.488671875,8.9826171875,3.));
#1355 = SURFACE_CURVE('',#1356,(#1365,#1377),.PCURVE_S1.);
#1356 = B_SPLINE_CURVE_WITH_KNOTS('',4,(#1357,#1358,#1359,#1360,#1361,
    #1362,#1363,#1364),.UNSPECIFIED.,.F.,.F.,(5,3,5),(0.,0.402772256603,
    1.),.UNSPECIFIED.);
#1357 = CARTESIAN_POINT('',(-0.488671875,8.9826171875,3.));
#1358 = CARTESIAN_POINT('',(-0.472876417923,8.967293236604,3.));
#1359 = CARTESIAN_POINT('',(-0.459174060279,8.950869689134,3.));
#1360 = CARTESIAN_POINT('',(-0.447592637377,8.933350821104,3.));
#1361 = CARTESIAN_POINT('',(-0.424123513495,8.887172991963,3.));
#1362 = CARTESIAN_POINT('',(-0.414787461459,8.857218868724,3.));
#1363 = CARTESIAN_POINT('',(-0.41015625,8.824939217256,3.));
#1364 = CARTESIAN_POINT('',(-0.41015625,8.7904296875,3.));
#1365 = PCURVE('',#126,#1366);
#1366 = DEFINITIONAL_REPRESENTATION('',(#1367),#1376);
#1367 = B_SPLINE_CURVE_WITH_KNOTS('',4,(#1368,#1369,#1370,#1371,#1372,
    #1373,#1374,#1375),.UNSPECIFIED.,.F.,.F.,(5,3,5),(0.,0.402772256603,
    1.),.UNSPECIFIED.);
#1368 = CARTESIAN_POINT('',(0.488671875,-8.9826171875));
#1369 = CARTESIAN_POINT('',(0.472876417923,-8.967293236604));
#1370 = CARTESIAN_POINT('',(0.459174060279,-8.950869689134));
#1371 = CARTESIAN_POINT('',(0.447592637377,-8.933350821104));
#1372 = CARTESIAN_POINT('',(0.424123513495,-8.887172991963));
#1373 = CARTESIAN_POINT('',(0.414787461459,-8.857218868724));
#1374 = CARTESIAN_POINT('',(0.41015625,-8.824939217256));
#1375 = CARTESIAN_POINT('',(0.41015625,-8.7904296875));
#1376 = ( GEOMETRIC_REPRESENTATION_CONTEXT(2)
PARAMETRIC_REPRESENTATION_CONTEXT() REPRESENTATION_CONTEXT('2D SPACE',''
  ) );
#1377 = PCURVE('',#1378,#1385);
#1378 = SURFACE_OF_LINEAR_EXTRUSION('',#1379,#1383);
#1379 = B_SPLINE_CURVE_WITH_KNOTS('',2,(#1380,#1381,#1382),
  .UNSPECIFIED.,.F.,.F.,(3,3),(0.,1.),.PIECEWISE_BEZIER_KNOTS.);
#1380 = CARTESIAN_POINT('',(-0.41015625,8.7904296875,2.55));
#1381 = CARTESIAN_POINT('',(-0.41015625,8.9064453125,2.55));
#1382 = CARTESIAN_POINT('',(-0.488671875,8.9826171875,2.55));
#1383 = VECTOR('',#1384,1.);
#1384 = DIRECTION('',(-0.,-0.,-1.));
#1385 = DEFINITIONAL_REPRESENTATION('',(#1386),#1395);
#1386 = B_SPLINE_CURVE_WITH_KNOTS('',4,(#1387,#1388,#1389,#1390,#1391,
    #1392,#1393,#1394),.UNSPECIFIED.,.F.,.F.,(5,3,5),(0.,0.402772256603,
    1.),.UNSPECIFIED.);
#1387 = CARTESIAN_POINT('',(1.,-0.45));
#1388 = CARTESIAN_POINT('',(0.899412014633,-0.45));
#1389 = CARTESIAN_POINT('',(0.798662728957,-0.45));
#1390 = CARTESIAN_POINT('',(0.697831448645,-0.45));
#1391 = CARTESIAN_POINT('',(0.44748786864,-0.45));
#1392 = CARTESIAN_POINT('',(0.297974295414,-0.45));
#1393 = CARTESIAN_POINT('',(0.148727939687,-0.45));
#1394 = CARTESIAN_POINT('',(0.,-0.45));
#1395 = ( GEOMETRIC_REPRESENTATION_CONTEXT(2)
PARAMETRIC_REPRESENTATION_CONTEXT() REPRESENTATION_CONTEXT('2D SPACE',''
  ) );
#1396 = ORIENTED_EDGE('',*,*,#1397,.F.);
#1397 = EDGE_CURVE('',#1398,#1353,#1400,.T.);
#1398 = VERTEX_POINT('',#1399);
#1399 = CARTESIAN_POINT('',(-0.69140625,9.0587890625,3.));
#1400 = SURFACE_CURVE('',#1401,(#1410,#1422),.PCURVE_S1.);
#1401 = B_SPLINE_CURVE_WITH_KNOTS('',4,(#1402,#1403,#1404,#1405,#1406,
    #1407,#1408,#1409),.UNSPECIFIED.,.F.,.F.,(5,3,5),(0.,0.718446273535,
    1.),.UNSPECIFIED.);
#1402 = CARTESIAN_POINT('',(-0.69140625,9.0587890625,3.));
#1403 = CARTESIAN_POINT('',(-0.647041048533,9.0587890625,3.));
#1404 = CARTESIAN_POINT('',(-0.60633556074,9.052311960124,3.));
#1405 = CARTESIAN_POINT('',(-0.569488574875,9.039205940481,3.));
#1406 = CARTESIAN_POINT('',(-0.523696156883,9.011806107823,3.));
#1407 = CARTESIAN_POINT('',(-0.511409301116,9.003081169495,3.));
#1408 = CARTESIAN_POINT('',(-0.499733802248,8.993348907964,3.));
#1409 = CARTESIAN_POINT('',(-0.488671875,8.9826171875,3.));
#1410 = PCURVE('',#126,#1411);
#1411 = DEFINITIONAL_REPRESENTATION('',(#1412),#1421);
#1412 = B_SPLINE_CURVE_WITH_KNOTS('',4,(#1413,#1414,#1415,#1416,#1417,
    #1418,#1419,#1420),.UNSPECIFIED.,.F.,.F.,(5,3,5),(0.,0.718446273535,
    1.),.UNSPECIFIED.);
#1413 = CARTESIAN_POINT('',(0.69140625,-9.0587890625));
#1414 = CARTESIAN_POINT('',(0.647041048533,-9.0587890625));
#1415 = CARTESIAN_POINT('',(0.60633556074,-9.052311960124));
#1416 = CARTESIAN_POINT('',(0.569488574875,-9.039205940481));
#1417 = CARTESIAN_POINT('',(0.523696156883,-9.011806107823));
#1418 = CARTESIAN_POINT('',(0.511409301116,-9.003081169495));
#1419 = CARTESIAN_POINT('',(0.499733802248,-8.993348907964));
#1420 = CARTESIAN_POINT('',(0.488671875,-8.9826171875));
#1421 = ( GEOMETRIC_REPRESENTATION_CONTEXT(2)
PARAMETRIC_REPRESENTATION_CONTEXT() REPRESENTATION_CONTEXT('2D SPACE',''
  ) );
#1422 = PCURVE('',#1423,#1430);
#1423 = SURFACE_OF_LINEAR_EXTRUSION('',#1424,#1428);
#1424 = B_SPLINE_CURVE_WITH_KNOTS('',2,(#1425,#1426,#1427),
  .UNSPECIFIED.,.F.,.F.,(3,3),(0.,1.),.PIECEWISE_BEZIER_KNOTS.);
#1425 = CARTESIAN_POINT('',(-0.488671875,8.9826171875,2.55));
#1426 = CARTESIAN_POINT('',(-0.5671875,9.0587890625,2.55));
#1427 = CARTESIAN_POINT('',(-0.69140625,9.0587890625,2.55));
#1428 = VECTOR('',#1429,1.);
#1429 = DIRECTION('',(-0.,-0.,-1.));
#1430 = DEFINITIONAL_REPRESENTATION('',(#1431),#1440);
#1431 = B_SPLINE_CURVE_WITH_KNOTS('',4,(#1432,#1433,#1434,#1435,#1436,
    #1437,#1438,#1439),.UNSPECIFIED.,.F.,.F.,(5,3,5),(0.,0.718446273535,
    1.),.UNSPECIFIED.);
#1432 = CARTESIAN_POINT('',(1.,-0.45));
#1433 = CARTESIAN_POINT('',(0.821423088437,-0.45));
#1434 = CARTESIAN_POINT('',(0.641934286549,-0.45));
#1435 = CARTESIAN_POINT('',(0.461967101035,-0.45));
#1436 = CARTESIAN_POINT('',(0.211472237794,-0.45));
#1437 = CARTESIAN_POINT('',(0.140944162267,-0.45));
#1438 = CARTESIAN_POINT('',(7.044411381723E-02,-0.45));
#1439 = CARTESIAN_POINT('',(0.,-0.45));
#1440 = ( GEOMETRIC_REPRESENTATION_CONTEXT(2)
PARAMETRIC_REPRESENTATION_CONTEXT() REPRESENTATION_CONTEXT('2D SPACE',''
  ) );
#1441 = ORIENTED_EDGE('',*,*,#1442,.F.);
#1442 = EDGE_CURVE('',#1443,#1398,#1445,.T.);
#1443 = VERTEX_POINT('',#1444);
#1444 = CARTESIAN_POINT('',(-0.896484375,8.9814453125,3.));
#1445 = SURFACE_CURVE('',#1446,(#1455,#1467),.PCURVE_S1.);
#1446 = B_SPLINE_CURVE_WITH_KNOTS('',4,(#1447,#1448,#1449,#1450,#1451,
    #1452,#1453,#1454),.UNSPECIFIED.,.F.,.F.,(5,3,5),(0.,0.341653087872,
    1.),.UNSPECIFIED.);
#1447 = CARTESIAN_POINT('',(-0.896484375,8.9814453125,3.));
#1448 = CARTESIAN_POINT('',(-0.882472964951,8.994656070546,3.));
#1449 = CARTESIAN_POINT('',(-0.86764790929,9.006377514944,3.));
#1450 = CARTESIAN_POINT('',(-0.852012995389,9.016594497362,3.));
#1451 = CARTESIAN_POINT('',(-0.803907629054,9.042080892985,3.));
#1452 = CARTESIAN_POINT('',(-0.769265105009,9.053254824602,3.));
#1453 = CARTESIAN_POINT('',(-0.731719106699,9.0587890625,3.));
#1454 = CARTESIAN_POINT('',(-0.69140625,9.0587890625,3.));
#1455 = PCURVE('',#126,#1456);
#1456 = DEFINITIONAL_REPRESENTATION('',(#1457),#1466);
#1457 = B_SPLINE_CURVE_WITH_KNOTS('',4,(#1458,#1459,#1460,#1461,#1462,
    #1463,#1464,#1465),.UNSPECIFIED.,.F.,.F.,(5,3,5),(0.,0.341653087872,
    1.),.UNSPECIFIED.);
#1458 = CARTESIAN_POINT('',(0.896484375,-8.9814453125));
#1459 = CARTESIAN_POINT('',(0.882472964951,-8.994656070546));
#1460 = CARTESIAN_POINT('',(0.86764790929,-9.006377514944));
#1461 = CARTESIAN_POINT('',(0.852012995389,-9.016594497362));
#1462 = CARTESIAN_POINT('',(0.803907629054,-9.042080892985));
#1463 = CARTESIAN_POINT('',(0.769265105009,-9.053254824602));
#1464 = CARTESIAN_POINT('',(0.731719106699,-9.0587890625));
#1465 = CARTESIAN_POINT('',(0.69140625,-9.0587890625));
#1466 = ( GEOMETRIC_REPRESENTATION_CONTEXT(2)
PARAMETRIC_REPRESENTATION_CONTEXT() REPRESENTATION_CONTEXT('2D SPACE',''
  ) );
#1467 = PCURVE('',#1468,#1475);
#1468 = SURFACE_OF_LINEAR_EXTRUSION('',#1469,#1473);
#1469 = B_SPLINE_CURVE_WITH_KNOTS('',2,(#1470,#1471,#1472),
  .UNSPECIFIED.,.F.,.F.,(3,3),(0.,1.),.PIECEWISE_BEZIER_KNOTS.);
#1470 = CARTESIAN_POINT('',(-0.69140625,9.0587890625,2.55));
#1471 = CARTESIAN_POINT('',(-0.814453125,9.0587890625,2.55));
#1472 = CARTESIAN_POINT('',(-0.896484375,8.9814453125,2.55));
#1473 = VECTOR('',#1474,1.);
#1474 = DIRECTION('',(-0.,-0.,-1.));
#1475 = DEFINITIONAL_REPRESENTATION('',(#1476),#1485);
#1476 = B_SPLINE_CURVE_WITH_KNOTS('',4,(#1477,#1478,#1479,#1480,#1481,
    #1482,#1483,#1484),.UNSPECIFIED.,.F.,.F.,(5,3,5),(0.,0.341653087872,
    1.),.UNSPECIFIED.);
#1477 = CARTESIAN_POINT('',(1.,-0.45));
#1478 = CARTESIAN_POINT('',(0.914597119701,-0.45));
#1479 = CARTESIAN_POINT('',(0.829097292319,-0.45));
#1480 = CARTESIAN_POINT('',(0.743548550681,-0.45));
#1481 = CARTESIAN_POINT('',(0.493152597248,-0.45));
#1482 = CARTESIAN_POINT('',(0.328304469889,-0.45));
#1483 = CARTESIAN_POINT('',(0.163810973253,-0.45));
#1484 = CARTESIAN_POINT('',(0.,-0.45));
#1485 = ( GEOMETRIC_REPRESENTATION_CONTEXT(2)
PARAMETRIC_REPRESENTATION_CONTEXT() REPRESENTATION_CONTEXT('2D SPACE',''
  ) );
#1486 = ORIENTED_EDGE('',*,*,#1487,.F.);
#1487 = EDGE_CURVE('',#1488,#1443,#1490,.T.);
#1488 = VERTEX_POINT('',#1489);
#1489 = CARTESIAN_POINT('',(-1.001953125,8.7494140625,3.));
#1490 = SURFACE_CURVE('',#1491,(#1498,#1508),.PCURVE_S1.);
#1491 = B_SPLINE_CURVE_WITH_KNOTS('',5,(#1492,#1493,#1494,#1495,#1496,
    #1497),.UNSPECIFIED.,.F.,.F.,(6,6),(0.,1.),
  .PIECEWISE_BEZIER_KNOTS.);
#1492 = CARTESIAN_POINT('',(-1.001953125,8.7494140625,3.));
#1493 = CARTESIAN_POINT('',(-0.992706579158,8.810441265055,3.));
#1494 = CARTESIAN_POINT('',(-0.977671696915,8.864528225338,3.));
#1495 = CARTESIAN_POINT('',(-0.956652856018,8.911239165414,3.));
#1496 = CARTESIAN_POINT('',(-0.92956423105,8.950255733938,3.));
#1497 = CARTESIAN_POINT('',(-0.896484375,8.9814453125,3.));
#1498 = PCURVE('',#126,#1499);
#1499 = DEFINITIONAL_REPRESENTATION('',(#1500),#1507);
#1500 = B_SPLINE_CURVE_WITH_KNOTS('',5,(#1501,#1502,#1503,#1504,#1505,
    #1506),.UNSPECIFIED.,.F.,.F.,(6,6),(0.,1.),
  .PIECEWISE_BEZIER_KNOTS.);
#1501 = CARTESIAN_POINT('',(1.001953125,-8.7494140625));
#1502 = CARTESIAN_POINT('',(0.992706579158,-8.810441265055));
#1503 = CARTESIAN_POINT('',(0.977671696915,-8.864528225338));
#1504 = CARTESIAN_POINT('',(0.956652856018,-8.911239165414));
#1505 = CARTESIAN_POINT('',(0.92956423105,-8.950255733938));
#1506 = CARTESIAN_POINT('',(0.896484375,-8.9814453125));
#1507 = ( GEOMETRIC_REPRESENTATION_CONTEXT(2)
PARAMETRIC_REPRESENTATION_CONTEXT() REPRESENTATION_CONTEXT('2D SPACE',''
  ) );
#1508 = PCURVE('',#1509,#1516);
#1509 = SURFACE_OF_LINEAR_EXTRUSION('',#1510,#1514);
#1510 = B_SPLINE_CURVE_WITH_KNOTS('',2,(#1511,#1512,#1513),
  .UNSPECIFIED.,.F.,.F.,(3,3),(0.,1.),.PIECEWISE_BEZIER_KNOTS.);
#1511 = CARTESIAN_POINT('',(-0.896484375,8.9814453125,2.55));
#1512 = CARTESIAN_POINT('',(-0.978515625,8.9041015625,2.55));
#1513 = CARTESIAN_POINT('',(-1.001953125,8.7494140625,2.55));
#1514 = VECTOR('',#1515,1.);
#1515 = DIRECTION('',(-0.,-0.,-1.));
#1516 = DEFINITIONAL_REPRESENTATION('',(#1517),#1524);
#1517 = B_SPLINE_CURVE_WITH_KNOTS('',5,(#1518,#1519,#1520,#1521,#1522,
    #1523),.UNSPECIFIED.,.F.,.F.,(6,6),(0.,1.),
  .PIECEWISE_BEZIER_KNOTS.);
#1518 = CARTESIAN_POINT('',(1.,-0.45));
#1519 = CARTESIAN_POINT('',(0.802740355379,-0.45));
#1520 = CARTESIAN_POINT('',(0.603594214381,-0.45));
#1521 = CARTESIAN_POINT('',(0.40303984385,-0.45));
#1522 = CARTESIAN_POINT('',(0.201629598781,-0.45));
#1523 = CARTESIAN_POINT('',(0.,-0.45));
#1524 = ( GEOMETRIC_REPRESENTATION_CONTEXT(2)
PARAMETRIC_REPRESENTATION_CONTEXT() REPRESENTATION_CONTEXT('2D SPACE',''
  ) );
#1525 = ORIENTED_EDGE('',*,*,#1526,.F.);
#1526 = EDGE_CURVE('',#1527,#1488,#1529,.T.);
#1527 = VERTEX_POINT('',#1528);
#1528 = CARTESIAN_POINT('',(-1.212890625,8.7869140625,3.));
#1529 = SURFACE_CURVE('',#1530,(#1534,#1540),.PCURVE_S1.);
#1530 = LINE('',#1531,#1532);
#1531 = CARTESIAN_POINT('',(0.237573955092,8.529053692706,3.));
#1532 = VECTOR('',#1533,1.);
#1533 = DIRECTION('',(0.984562507786,-0.175033334717,2.143540131059E-17)
  );
#1534 = PCURVE('',#126,#1535);
#1535 = DEFINITIONAL_REPRESENTATION('',(#1536),#1539);
#1536 = B_SPLINE_CURVE_WITH_KNOTS('',1,(#1537,#1538),.UNSPECIFIED.,.F.,
  .F.,(2,2),(-1.473207204847,-1.258962300809),.PIECEWISE_BEZIER_KNOTS.);
#1537 = CARTESIAN_POINT('',(1.212890625,-8.7869140625));
#1538 = CARTESIAN_POINT('',(1.001953125,-8.7494140625));
#1539 = ( GEOMETRIC_REPRESENTATION_CONTEXT(2)
PARAMETRIC_REPRESENTATION_CONTEXT() REPRESENTATION_CONTEXT('2D SPACE',''
  ) );
#1540 = PCURVE('',#1541,#1546);
#1541 = PLANE('',#1542);
#1542 = AXIS2_PLACEMENT_3D('',#1543,#1544,#1545);
#1543 = CARTESIAN_POINT('',(-1.001953125,8.7494140625,2.55));
#1544 = DIRECTION('',(-0.175033334717,-0.984562507786,0.));
#1545 = DIRECTION('',(-0.984562507786,0.175033334717,0.));
#1546 = DEFINITIONAL_REPRESENTATION('',(#1547),#1550);
#1547 = B_SPLINE_CURVE_WITH_KNOTS('',1,(#1548,#1549),.UNSPECIFIED.,.F.,
  .F.,(2,2),(-1.473207204847,-1.258962300809),.PIECEWISE_BEZIER_KNOTS.);
#1548 = CARTESIAN_POINT('',(0.214244904038,-0.45));
#1549 = CARTESIAN_POINT('',(0.,-0.45));
#1550 = ( GEOMETRIC_REPRESENTATION_CONTEXT(2)
PARAMETRIC_REPRESENTATION_CONTEXT() REPRESENTATION_CONTEXT('2D SPACE',''
  ) );
#1551 = ORIENTED_EDGE('',*,*,#1552,.F.);
#1552 = EDGE_CURVE('',#1553,#1527,#1555,.T.);
#1553 = VERTEX_POINT('',#1554);
#1554 = CARTESIAN_POINT('',(-1.037109375,9.115625,3.));
#1555 = SURFACE_CURVE('',#1556,(#1567,#1581),.PCURVE_S1.);
#1556 = B_SPLINE_CURVE_WITH_KNOTS('',5,(#1557,#1558,#1559,#1560,#1561,
    #1562,#1563,#1564,#1565,#1566),.UNSPECIFIED.,.F.,.F.,(6,4,6),(0.,
    0.125098056155,1.),.UNSPECIFIED.);
#1557 = CARTESIAN_POINT('',(-1.037109375,9.115625,3.));
#1558 = CARTESIAN_POINT('',(-1.044017266164,9.10975034042,3.));
#1559 = CARTESIAN_POINT('',(-1.050770805942,9.103722612485,3.));
#1560 = CARTESIAN_POINT('',(-1.057369222941,9.097542172412,3.));
#1561 = CARTESIAN_POINT('',(-1.063811853912,9.091209485116,3.));
#1562 = CARTESIAN_POINT('',(-1.114062753338,9.039375259256,3.));
#1563 = CARTESIAN_POINT('',(-1.1503840594,8.986602938354,3.));
#1564 = CARTESIAN_POINT('',(-1.178858099557,8.926613604643,3.));
#1565 = CARTESIAN_POINT('',(-1.199592043206,8.859854768703,3.));
#1566 = CARTESIAN_POINT('',(-1.212890625,8.7869140625,3.));
#1567 = PCURVE('',#126,#1568);
#1568 = DEFINITIONAL_REPRESENTATION('',(#1569),#1580);
#1569 = B_SPLINE_CURVE_WITH_KNOTS('',5,(#1570,#1571,#1572,#1573,#1574,
    #1575,#1576,#1577,#1578,#1579),.UNSPECIFIED.,.F.,.F.,(6,4,6),(0.,
    0.125098056155,1.),.UNSPECIFIED.);
#1570 = CARTESIAN_POINT('',(1.037109375,-9.115625));
#1571 = CARTESIAN_POINT('',(1.044017266164,-9.10975034042));
#1572 = CARTESIAN_POINT('',(1.050770805942,-9.103722612485));
#1573 = CARTESIAN_POINT('',(1.057369222941,-9.097542172412));
#1574 = CARTESIAN_POINT('',(1.063811853912,-9.091209485116));
#1575 = CARTESIAN_POINT('',(1.114062753338,-9.039375259256));
#1576 = CARTESIAN_POINT('',(1.1503840594,-8.986602938354));
#1577 = CARTESIAN_POINT('',(1.178858099557,-8.926613604643));
#1578 = CARTESIAN_POINT('',(1.199592043206,-8.859854768703));
#1579 = CARTESIAN_POINT('',(1.212890625,-8.7869140625));
#1580 = ( GEOMETRIC_REPRESENTATION_CONTEXT(2)
PARAMETRIC_REPRESENTATION_CONTEXT() REPRESENTATION_CONTEXT('2D SPACE',''
  ) );
#1581 = PCURVE('',#1582,#1589);
#1582 = SURFACE_OF_LINEAR_EXTRUSION('',#1583,#1587);
#1583 = B_SPLINE_CURVE_WITH_KNOTS('',2,(#1584,#1585,#1586),
  .UNSPECIFIED.,.F.,.F.,(3,3),(0.,1.),.PIECEWISE_BEZIER_KNOTS.);
#1584 = CARTESIAN_POINT('',(-1.212890625,8.7869140625,2.55));
#1585 = CARTESIAN_POINT('',(-1.17421875,8.9990234375,2.55));
#1586 = CARTESIAN_POINT('',(-1.037109375,9.115625,2.55));
#1587 = VECTOR('',#1588,1.);
#1588 = DIRECTION('',(-0.,-0.,-1.));
#1589 = DEFINITIONAL_REPRESENTATION('',(#1590),#1601);
#1590 = B_SPLINE_CURVE_WITH_KNOTS('',5,(#1591,#1592,#1593,#1594,#1595,
    #1596,#1597,#1598,#1599,#1600),.UNSPECIFIED.,.F.,.F.,(6,4,6),(0.,
    0.125098056155,1.),.UNSPECIFIED.);
#1591 = CARTESIAN_POINT('',(1.,-0.45));
#1592 = CARTESIAN_POINT('',(0.974808829942,-0.45));
#1593 = CARTESIAN_POINT('',(0.949611028558,-0.45));
#1594 = CARTESIAN_POINT('',(0.924408808422,-0.45));
#1595 = CARTESIAN_POINT('',(0.899204389669,-0.45));
#1596 = CARTESIAN_POINT('',(0.69772732085,-0.45));
#1597 = CARTESIAN_POINT('',(0.521441358691,-0.45));
#1598 = CARTESIAN_POINT('',(0.345949978584,-0.45));
#1599 = CARTESIAN_POINT('',(0.171941259557,-0.45));
#1600 = CARTESIAN_POINT('',(0.,-0.45));
#1601 = ( GEOMETRIC_REPRESENTATION_CONTEXT(2)
PARAMETRIC_REPRESENTATION_CONTEXT() REPRESENTATION_CONTEXT('2D SPACE',''
  ) );
#1602 = ORIENTED_EDGE('',*,*,#1603,.F.);
#1603 = EDGE_CURVE('',#1604,#1553,#1606,.T.);
#1604 = VERTEX_POINT('',#1605);
#1605 = CARTESIAN_POINT('',(-0.69609375,9.2322265625,3.));
#1606 = SURFACE_CURVE('',#1607,(#1618,#1632),.PCURVE_S1.);
#1607 = B_SPLINE_CURVE_WITH_KNOTS('',5,(#1608,#1609,#1610,#1611,#1612,
    #1613,#1614,#1615,#1616,#1617),.UNSPECIFIED.,.F.,.F.,(6,4,6),(0.,
    0.754001927938,1.),.UNSPECIFIED.);
#1608 = CARTESIAN_POINT('',(-0.69609375,9.2322265625,3.));
#1609 = CARTESIAN_POINT('',(-0.756783712617,9.2322265625,3.));
#1610 = CARTESIAN_POINT('',(-0.814305811261,9.225770675677,3.));
#1611 = CARTESIAN_POINT('',(-0.868373464984,9.212633078772,3.));
#1612 = CARTESIAN_POINT('',(-0.918755216146,9.192718198783,3.));
#1613 = CARTESIAN_POINT('',(-0.980488370044,9.157432119731,3.));
#1614 = CARTESIAN_POINT('',(-0.995266645601,9.148039471866,3.));
#1615 = CARTESIAN_POINT('',(-1.009631968852,9.137937332298,3.));
#1616 = CARTESIAN_POINT('',(-1.023580464904,9.127130355167,3.));
#1617 = CARTESIAN_POINT('',(-1.037109375,9.115625,3.));
#1618 = PCURVE('',#126,#1619);
#1619 = DEFINITIONAL_REPRESENTATION('',(#1620),#1631);
#1620 = B_SPLINE_CURVE_WITH_KNOTS('',5,(#1621,#1622,#1623,#1624,#1625,
    #1626,#1627,#1628,#1629,#1630),.UNSPECIFIED.,.F.,.F.,(6,4,6),(0.,
    0.754001927938,1.),.UNSPECIFIED.);
#1621 = CARTESIAN_POINT('',(0.69609375,-9.2322265625));
#1622 = CARTESIAN_POINT('',(0.756783712617,-9.2322265625));
#1623 = CARTESIAN_POINT('',(0.814305811261,-9.225770675677));
#1624 = CARTESIAN_POINT('',(0.868373464984,-9.212633078772));
#1625 = CARTESIAN_POINT('',(0.918755216146,-9.192718198783));
#1626 = CARTESIAN_POINT('',(0.980488370044,-9.157432119731));
#1627 = CARTESIAN_POINT('',(0.995266645601,-9.148039471866));
#1628 = CARTESIAN_POINT('',(1.009631968852,-9.137937332298));
#1629 = CARTESIAN_POINT('',(1.023580464904,-9.127130355167));
#1630 = CARTESIAN_POINT('',(1.037109375,-9.115625));
#1631 = ( GEOMETRIC_REPRESENTATION_CONTEXT(2)
PARAMETRIC_REPRESENTATION_CONTEXT() REPRESENTATION_CONTEXT('2D SPACE',''
  ) );
#1632 = PCURVE('',#1633,#1640);
#1633 = SURFACE_OF_LINEAR_EXTRUSION('',#1634,#1638);
#1634 = B_SPLINE_CURVE_WITH_KNOTS('',2,(#1635,#1636,#1637),
  .UNSPECIFIED.,.F.,.F.,(3,3),(0.,1.),.PIECEWISE_BEZIER_KNOTS.);
#1635 = CARTESIAN_POINT('',(-1.037109375,9.115625,2.55));
#1636 = CARTESIAN_POINT('',(-0.9,9.2322265625,2.55));
#1637 = CARTESIAN_POINT('',(-0.69609375,9.2322265625,2.55));
#1638 = VECTOR('',#1639,1.);
#1639 = DIRECTION('',(-0.,-0.,-1.));
#1640 = DEFINITIONAL_REPRESENTATION('',(#1641),#1652);
#1641 = B_SPLINE_CURVE_WITH_KNOTS('',5,(#1642,#1643,#1644,#1645,#1646,
    #1647,#1648,#1649,#1650,#1651),.UNSPECIFIED.,.F.,.F.,(6,4,6),(0.,
    0.754001927938,1.),.UNSPECIFIED.);
#1642 = CARTESIAN_POINT('',(1.,-0.45));
#1643 = CARTESIAN_POINT('',(0.851181700863,-0.45));
#1644 = CARTESIAN_POINT('',(0.70106259988,-0.45));
#1645 = CARTESIAN_POINT('',(0.550028204757,-0.45));
#1646 = CARTESIAN_POINT('',(0.398511820691,-0.45));
#1647 = CARTESIAN_POINT('',(0.197568275221,-0.45));
#1648 = CARTESIAN_POINT('',(0.148136273003,-0.45));
#1649 = CARTESIAN_POINT('',(9.872023357303E-02,-0.45));
#1650 = CARTESIAN_POINT('',(4.933619636012E-02,-0.45));
#1651 = CARTESIAN_POINT('',(0.,-0.45));
#1652 = ( GEOMETRIC_REPRESENTATION_CONTEXT(2)
PARAMETRIC_REPRESENTATION_CONTEXT() REPRESENTATION_CONTEXT('2D SPACE',''
  ) );
#1653 = ORIENTED_EDGE('',*,*,#1654,.F.);
#1654 = EDGE_CURVE('',#1655,#1604,#1657,.T.);
#1655 = VERTEX_POINT('',#1656);
#1656 = CARTESIAN_POINT('',(-0.437109375,9.171875,3.));
#1657 = SURFACE_CURVE('',#1658,(#1667,#1679),.PCURVE_S1.);
#1658 = B_SPLINE_CURVE_WITH_KNOTS('',4,(#1659,#1660,#1661,#1662,#1663,
    #1664,#1665,#1666),.UNSPECIFIED.,.F.,.F.,(5,3,5),(0.,0.24375622552,
    1.),.UNSPECIFIED.);
#1659 = CARTESIAN_POINT('',(-0.437109375,9.171875,3.));
#1660 = CARTESIAN_POINT('',(-0.451544805288,9.179235640196,3.));
#1661 = CARTESIAN_POINT('',(-0.466205451338,9.186000050097,3.));
#1662 = CARTESIAN_POINT('',(-0.481089409532,9.192166278915,3.));
#1663 = CARTESIAN_POINT('',(-0.543056839023,9.215005461578,3.));
#1664 = CARTESIAN_POINT('',(-0.592046631177,9.226511515703,3.));
#1665 = CARTESIAN_POINT('',(-0.643093352533,9.2322265625,3.));
#1666 = CARTESIAN_POINT('',(-0.69609375,9.2322265625,3.));
#1667 = PCURVE('',#126,#1668);
#1668 = DEFINITIONAL_REPRESENTATION('',(#1669),#1678);
#1669 = B_SPLINE_CURVE_WITH_KNOTS('',4,(#1670,#1671,#1672,#1673,#1674,
    #1675,#1676,#1677),.UNSPECIFIED.,.F.,.F.,(5,3,5),(0.,0.24375622552,
    1.),.UNSPECIFIED.);
#1670 = CARTESIAN_POINT('',(0.437109375,-9.171875));
#1671 = CARTESIAN_POINT('',(0.451544805288,-9.179235640196));
#1672 = CARTESIAN_POINT('',(0.466205451338,-9.186000050097));
#1673 = CARTESIAN_POINT('',(0.481089409532,-9.192166278915));
#1674 = CARTESIAN_POINT('',(0.543056839023,-9.215005461578));
#1675 = CARTESIAN_POINT('',(0.592046631177,-9.226511515703));
#1676 = CARTESIAN_POINT('',(0.643093352533,-9.2322265625));
#1677 = CARTESIAN_POINT('',(0.69609375,-9.2322265625));
#1678 = ( GEOMETRIC_REPRESENTATION_CONTEXT(2)
PARAMETRIC_REPRESENTATION_CONTEXT() REPRESENTATION_CONTEXT('2D SPACE',''
  ) );
#1679 = PCURVE('',#1680,#1687);
#1680 = SURFACE_OF_LINEAR_EXTRUSION('',#1681,#1685);
#1681 = B_SPLINE_CURVE_WITH_KNOTS('',2,(#1682,#1683,#1684),
  .UNSPECIFIED.,.F.,.F.,(3,3),(0.,1.),.PIECEWISE_BEZIER_KNOTS.);
#1682 = CARTESIAN_POINT('',(-0.69609375,9.2322265625,2.55));
#1683 = CARTESIAN_POINT('',(-0.55546875,9.2322265625,2.55));
#1684 = CARTESIAN_POINT('',(-0.437109375,9.171875,2.55));
#1685 = VECTOR('',#1686,1.);
#1686 = DIRECTION('',(-0.,-0.,-1.));
#1687 = DEFINITIONAL_REPRESENTATION('',(#1688),#1697);
#1688 = B_SPLINE_CURVE_WITH_KNOTS('',4,(#1689,#1690,#1691,#1692,#1693,
    #1694,#1695,#1696),.UNSPECIFIED.,.F.,.F.,(5,3,5),(0.,0.24375622552,
    1.),.UNSPECIFIED.);
#1689 = CARTESIAN_POINT('',(1.,-0.45));
#1690 = CARTESIAN_POINT('',(0.939018644327,-0.45));
#1691 = CARTESIAN_POINT('',(0.878018631577,-0.45));
#1692 = CARTESIAN_POINT('',(0.817009289127,-0.45));
#1693 = CARTESIAN_POINT('',(0.566721162139,-0.45));
#1694 = CARTESIAN_POINT('',(0.377442071787,-0.45));
#1695 = CARTESIAN_POINT('',(0.188445857659,-0.45));
#1696 = CARTESIAN_POINT('',(0.,-0.45));
#1697 = ( GEOMETRIC_REPRESENTATION_CONTEXT(2)
PARAMETRIC_REPRESENTATION_CONTEXT() REPRESENTATION_CONTEXT('2D SPACE',''
  ) );
#1698 = ORIENTED_EDGE('',*,*,#1699,.F.);
#1699 = EDGE_CURVE('',#1700,#1655,#1702,.T.);
#1700 = VERTEX_POINT('',#1701);
#1701 = CARTESIAN_POINT('',(-0.2560546875,9.0072265625,3.));
#1702 = SURFACE_CURVE('',#1703,(#1712,#1724),.PCURVE_S1.);
#1703 = B_SPLINE_CURVE_WITH_KNOTS('',4,(#1704,#1705,#1706,#1707,#1708,
    #1709,#1710,#1711),.UNSPECIFIED.,.F.,.F.,(5,3,5),(0.,0.215698710199,
    1.),.UNSPECIFIED.);
#1704 = CARTESIAN_POINT('',(-0.2560546875,9.0072265625,3.));
#1705 = CARTESIAN_POINT('',(-0.262823761202,9.018487264546,3.));
#1706 = CARTESIAN_POINT('',(-0.270027432533,9.029409799214,3.));
#1707 = CARTESIAN_POINT('',(-0.277665284013,9.03999205088,3.));
#1708 = CARTESIAN_POINT('',(-0.315082480341,9.087467759522,3.));
#1709 = CARTESIAN_POINT('',(-0.350153903348,9.120184052577,3.));
#1710 = CARTESIAN_POINT('',(-0.390891129685,9.148308270953,3.));
#1711 = CARTESIAN_POINT('',(-0.437109375,9.171875,3.));
#1712 = PCURVE('',#126,#1713);
#1713 = DEFINITIONAL_REPRESENTATION('',(#1714),#1723);
#1714 = B_SPLINE_CURVE_WITH_KNOTS('',4,(#1715,#1716,#1717,#1718,#1719,
    #1720,#1721,#1722),.UNSPECIFIED.,.F.,.F.,(5,3,5),(0.,0.215698710199,
    1.),.UNSPECIFIED.);
#1715 = CARTESIAN_POINT('',(0.2560546875,-9.0072265625));
#1716 = CARTESIAN_POINT('',(0.262823761202,-9.018487264546));
#1717 = CARTESIAN_POINT('',(0.270027432533,-9.029409799214));
#1718 = CARTESIAN_POINT('',(0.277665284013,-9.03999205088));
#1719 = CARTESIAN_POINT('',(0.315082480341,-9.087467759522));
#1720 = CARTESIAN_POINT('',(0.350153903348,-9.120184052577));
#1721 = CARTESIAN_POINT('',(0.390891129685,-9.148308270953));
#1722 = CARTESIAN_POINT('',(0.437109375,-9.171875));
#1723 = ( GEOMETRIC_REPRESENTATION_CONTEXT(2)
PARAMETRIC_REPRESENTATION_CONTEXT() REPRESENTATION_CONTEXT('2D SPACE',''
  ) );
#1724 = PCURVE('',#1725,#1732);
#1725 = SURFACE_OF_LINEAR_EXTRUSION('',#1726,#1730);
#1726 = B_SPLINE_CURVE_WITH_KNOTS('',2,(#1727,#1728,#1729),
  .UNSPECIFIED.,.F.,.F.,(3,3),(0.,1.),.PIECEWISE_BEZIER_KNOTS.);
#1727 = CARTESIAN_POINT('',(-0.437109375,9.171875,2.55));
#1728 = CARTESIAN_POINT('',(-0.31875,9.1115234375,2.55));
#1729 = CARTESIAN_POINT('',(-0.2560546875,9.0072265625,2.55));
#1730 = VECTOR('',#1731,1.);
#1731 = DIRECTION('',(-0.,-0.,-1.));
#1732 = DEFINITIONAL_REPRESENTATION('',(#1733),#1742);
#1733 = B_SPLINE_CURVE_WITH_KNOTS('',4,(#1734,#1735,#1736,#1737,#1738,
    #1739,#1740,#1741),.UNSPECIFIED.,.F.,.F.,(5,3,5),(0.,0.215698710199,
    1.),.UNSPECIFIED.);
#1734 = CARTESIAN_POINT('',(1.,-0.45));
#1735 = CARTESIAN_POINT('',(0.946016110044,-0.45));
#1736 = CARTESIAN_POINT('',(0.892016172511,-0.45));
#1737 = CARTESIAN_POINT('',(0.838008137096,-0.45));
#1738 = CARTESIAN_POINT('',(0.587621210599,-0.45));
#1739 = CARTESIAN_POINT('',(0.391239742936,-0.45));
#1740 = CARTESIAN_POINT('',(0.195245392749,-0.45));
#1741 = CARTESIAN_POINT('',(0.,-0.45));
#1742 = ( GEOMETRIC_REPRESENTATION_CONTEXT(2)
PARAMETRIC_REPRESENTATION_CONTEXT() REPRESENTATION_CONTEXT('2D SPACE',''
  ) );
#1743 = ORIENTED_EDGE('',*,*,#1744,.F.);
#1744 = EDGE_CURVE('',#1745,#1700,#1747,.T.);
#1745 = VERTEX_POINT('',#1746);
#1746 = CARTESIAN_POINT('',(-0.193359375,8.7857421875,3.));
#1747 = SURFACE_CURVE('',#1748,(#1757,#1769),.PCURVE_S1.);
#1748 = B_SPLINE_CURVE_WITH_KNOTS('',4,(#1749,#1750,#1751,#1752,#1753,
    #1754,#1755,#1756),.UNSPECIFIED.,.F.,.F.,(5,3,5),(0.,0.367842396366,
    1.),.UNSPECIFIED.);
#1749 = CARTESIAN_POINT('',(-0.193359375,8.7857421875,3.));
#1750 = CARTESIAN_POINT('',(-0.193359375,8.807289515175,3.));
#1751 = CARTESIAN_POINT('',(-0.194772457281,8.828561436594,3.));
#1752 = CARTESIAN_POINT('',(-0.197603100225,8.849549528155,3.));
#1753 = CARTESIAN_POINT('',(-0.209148057567,8.905815362515,3.));
#1754 = CARTESIAN_POINT('',(-0.220628653561,8.940524473949,3.));
#1755 = CARTESIAN_POINT('',(-0.236283765002,8.974336616662,3.));
#1756 = CARTESIAN_POINT('',(-0.2560546875,9.0072265625,3.));
#1757 = PCURVE('',#126,#1758);
#1758 = DEFINITIONAL_REPRESENTATION('',(#1759),#1768);
#1759 = B_SPLINE_CURVE_WITH_KNOTS('',4,(#1760,#1761,#1762,#1763,#1764,
    #1765,#1766,#1767),.UNSPECIFIED.,.F.,.F.,(5,3,5),(0.,0.367842396366,
    1.),.UNSPECIFIED.);
#1760 = CARTESIAN_POINT('',(0.193359375,-8.7857421875));
#1761 = CARTESIAN_POINT('',(0.193359375,-8.807289515175));
#1762 = CARTESIAN_POINT('',(0.194772457281,-8.828561436594));
#1763 = CARTESIAN_POINT('',(0.197603100225,-8.849549528155));
#1764 = CARTESIAN_POINT('',(0.209148057567,-8.905815362515));
#1765 = CARTESIAN_POINT('',(0.220628653561,-8.940524473949));
#1766 = CARTESIAN_POINT('',(0.236283765002,-8.974336616662));
#1767 = CARTESIAN_POINT('',(0.2560546875,-9.0072265625));
#1768 = ( GEOMETRIC_REPRESENTATION_CONTEXT(2)
PARAMETRIC_REPRESENTATION_CONTEXT() REPRESENTATION_CONTEXT('2D SPACE',''
  ) );
#1769 = PCURVE('',#1770,#1777);
#1770 = SURFACE_OF_LINEAR_EXTRUSION('',#1771,#1775);
#1771 = B_SPLINE_CURVE_WITH_KNOTS('',2,(#1772,#1773,#1774),
  .UNSPECIFIED.,.F.,.F.,(3,3),(0.,1.),.PIECEWISE_BEZIER_KNOTS.);
#1772 = CARTESIAN_POINT('',(-0.2560546875,9.0072265625,2.55));
#1773 = CARTESIAN_POINT('',(-0.193359375,8.9029296875,2.55));
#1774 = CARTESIAN_POINT('',(-0.193359375,8.7857421875,2.55));
#1775 = VECTOR('',#1776,1.);
#1776 = DIRECTION('',(-0.,-0.,-1.));
#1777 = DEFINITIONAL_REPRESENTATION('',(#1778),#1787);
#1778 = B_SPLINE_CURVE_WITH_KNOTS('',4,(#1779,#1780,#1781,#1782,#1783,
    #1784,#1785,#1786),.UNSPECIFIED.,.F.,.F.,(5,3,5),(0.,0.367842396366,
    1.),.UNSPECIFIED.);
#1779 = CARTESIAN_POINT('',(1.,-0.45));
#1780 = CARTESIAN_POINT('',(0.908064735254,-0.45));
#1781 = CARTESIAN_POINT('',(0.81606489866,-0.45));
#1782 = CARTESIAN_POINT('',(0.724032502227,-0.45));
#1783 = CARTESIAN_POINT('',(0.473837029557,-0.45));
#1784 = CARTESIAN_POINT('',(0.315673369582,-0.45));
#1785 = CARTESIAN_POINT('',(0.157674646716,-0.45));
#1786 = CARTESIAN_POINT('',(0.,-0.45));
#1787 = ( GEOMETRIC_REPRESENTATION_CONTEXT(2)
PARAMETRIC_REPRESENTATION_CONTEXT() REPRESENTATION_CONTEXT('2D SPACE',''
  ) );
#1788 = ORIENTED_EDGE('',*,*,#1789,.F.);
#1789 = EDGE_CURVE('',#1790,#1745,#1792,.T.);
#1790 = VERTEX_POINT('',#1791);
#1791 = CARTESIAN_POINT('',(-0.253125,8.5830078125,3.));
#1792 = SURFACE_CURVE('',#1793,(#1802,#1814),.PCURVE_S1.);
#1793 = B_SPLINE_CURVE_WITH_KNOTS('',4,(#1794,#1795,#1796,#1797,#1798,
    #1799,#1800,#1801),.UNSPECIFIED.,.F.,.F.,(5,3,5),(0.,0.439927472094,
    1.),.UNSPECIFIED.);
#1794 = CARTESIAN_POINT('',(-0.253125,8.5830078125,3.));
#1795 = CARTESIAN_POINT('',(-0.23998947969,8.603097431798,3.));
#1796 = CARTESIAN_POINT('',(-0.228765732189,8.623848286332,3.));
#1797 = CARTESIAN_POINT('',(-0.219468637392,8.645253488296,3.));
#1798 = CARTESIAN_POINT('',(-0.202723235344,8.695372429719,3.));
#1799 = CARTESIAN_POINT('',(-0.196473253054,8.724485698675,3.));
#1800 = CARTESIAN_POINT('',(-0.193359375,8.7546194964,3.));
#1801 = CARTESIAN_POINT('',(-0.193359375,8.7857421875,3.));
#1802 = PCURVE('',#126,#1803);
#1803 = DEFINITIONAL_REPRESENTATION('',(#1804),#1813);
#1804 = B_SPLINE_CURVE_WITH_KNOTS('',4,(#1805,#1806,#1807,#1808,#1809,
    #1810,#1811,#1812),.UNSPECIFIED.,.F.,.F.,(5,3,5),(0.,0.439927472094,
    1.),.UNSPECIFIED.);
#1805 = CARTESIAN_POINT('',(0.253125,-8.5830078125));
#1806 = CARTESIAN_POINT('',(0.23998947969,-8.603097431798));
#1807 = CARTESIAN_POINT('',(0.228765732189,-8.623848286332));
#1808 = CARTESIAN_POINT('',(0.219468637392,-8.645253488296));
#1809 = CARTESIAN_POINT('',(0.202723235344,-8.695372429719));
#1810 = CARTESIAN_POINT('',(0.196473253054,-8.724485698675));
#1811 = CARTESIAN_POINT('',(0.193359375,-8.7546194964));
#1812 = CARTESIAN_POINT('',(0.193359375,-8.7857421875));
#1813 = ( GEOMETRIC_REPRESENTATION_CONTEXT(2)
PARAMETRIC_REPRESENTATION_CONTEXT() REPRESENTATION_CONTEXT('2D SPACE',''
  ) );
#1814 = PCURVE('',#1815,#1822);
#1815 = SURFACE_OF_LINEAR_EXTRUSION('',#1816,#1820);
#1816 = B_SPLINE_CURVE_WITH_KNOTS('',2,(#1817,#1818,#1819),
  .UNSPECIFIED.,.F.,.F.,(3,3),(0.,1.),.PIECEWISE_BEZIER_KNOTS.);
#1817 = CARTESIAN_POINT('',(-0.193359375,8.7857421875,2.55));
#1818 = CARTESIAN_POINT('',(-0.193359375,8.6744140625,2.55));
#1819 = CARTESIAN_POINT('',(-0.253125,8.5830078125,2.55));
#1820 = VECTOR('',#1821,1.);
#1821 = DIRECTION('',(-0.,-0.,-1.));
#1822 = DEFINITIONAL_REPRESENTATION('',(#1823),#1832);
#1823 = B_SPLINE_CURVE_WITH_KNOTS('',4,(#1824,#1825,#1826,#1827,#1828,
    #1829,#1830,#1831),.UNSPECIFIED.,.F.,.F.,(5,3,5),(0.,0.439927472094,
    1.),.UNSPECIFIED.);
#1824 = CARTESIAN_POINT('',(1.,-0.45));
#1825 = CARTESIAN_POINT('',(0.89010806538,-0.45));
#1826 = CARTESIAN_POINT('',(0.780108441741,-0.45));
#1827 = CARTESIAN_POINT('',(0.670054340124,-0.45));
#1828 = CARTESIAN_POINT('',(0.419889603651,-0.45));
#1829 = CARTESIAN_POINT('',(0.279778574266,-0.45));
#1830 = CARTESIAN_POINT('',(0.139779103889,-0.45));
#1831 = CARTESIAN_POINT('',(0.,-0.45));
#1832 = ( GEOMETRIC_REPRESENTATION_CONTEXT(2)
PARAMETRIC_REPRESENTATION_CONTEXT() REPRESENTATION_CONTEXT('2D SPACE',''
  ) );
#1833 = ORIENTED_EDGE('',*,*,#1834,.F.);
#1834 = EDGE_CURVE('',#1835,#1790,#1837,.T.);
#1835 = VERTEX_POINT('',#1836);
#1836 = CARTESIAN_POINT('',(-0.430078125,8.4376953125,3.));
#1837 = SURFACE_CURVE('',#1838,(#1845,#1855),.PCURVE_S1.);
#1838 = B_SPLINE_CURVE_WITH_KNOTS('',5,(#1839,#1840,#1841,#1842,#1843,
    #1844),.UNSPECIFIED.,.F.,.F.,(6,6),(0.,1.),
  .PIECEWISE_BEZIER_KNOTS.);
#1839 = CARTESIAN_POINT('',(-0.430078125,8.4376953125,3.));
#1840 = CARTESIAN_POINT('',(-0.383480233287,8.459130342688,3.));
#1841 = CARTESIAN_POINT('',(-0.342351772605,8.484365488438,3.));
#1842 = CARTESIAN_POINT('',(-0.306857231235,8.513436315264,3.));
#1843 = CARTESIAN_POINT('',(-0.277102732847,8.546335985794,3.));
#1844 = CARTESIAN_POINT('',(-0.253125,8.5830078125,3.));
#1845 = PCURVE('',#126,#1846);
#1846 = DEFINITIONAL_REPRESENTATION('',(#1847),#1854);
#1847 = B_SPLINE_CURVE_WITH_KNOTS('',5,(#1848,#1849,#1850,#1851,#1852,
    #1853),.UNSPECIFIED.,.F.,.F.,(6,6),(0.,1.),
  .PIECEWISE_BEZIER_KNOTS.);
#1848 = CARTESIAN_POINT('',(0.430078125,-8.4376953125));
#1849 = CARTESIAN_POINT('',(0.383480233287,-8.459130342688));
#1850 = CARTESIAN_POINT('',(0.342351772605,-8.484365488438));
#1851 = CARTESIAN_POINT('',(0.306857231235,-8.513436315264));
#1852 = CARTESIAN_POINT('',(0.277102732847,-8.546335985794));
#1853 = CARTESIAN_POINT('',(0.253125,-8.5830078125));
#1854 = ( GEOMETRIC_REPRESENTATION_CONTEXT(2)
PARAMETRIC_REPRESENTATION_CONTEXT() REPRESENTATION_CONTEXT('2D SPACE',''
  ) );
#1855 = PCURVE('',#1856,#1863);
#1856 = SURFACE_OF_LINEAR_EXTRUSION('',#1857,#1861);
#1857 = B_SPLINE_CURVE_WITH_KNOTS('',2,(#1858,#1859,#1860),
  .UNSPECIFIED.,.F.,.F.,(3,3),(0.,1.),.PIECEWISE_BEZIER_KNOTS.);
#1858 = CARTESIAN_POINT('',(-0.253125,8.5830078125,2.55));
#1859 = CARTESIAN_POINT('',(-0.312890625,8.4916015625,2.55));
#1860 = CARTESIAN_POINT('',(-0.430078125,8.4376953125,2.55));
#1861 = VECTOR('',#1862,1.);
#1862 = DIRECTION('',(-0.,-0.,-1.));
#1863 = DEFINITIONAL_REPRESENTATION('',(#1864),#1871);
#1864 = B_SPLINE_CURVE_WITH_KNOTS('',5,(#1865,#1866,#1867,#1868,#1869,
    #1870),.UNSPECIFIED.,.F.,.F.,(6,6),(0.,1.),
  .PIECEWISE_BEZIER_KNOTS.);
#1865 = CARTESIAN_POINT('',(1.,-0.45));
#1866 = CARTESIAN_POINT('',(0.801182328691,-0.45));
#1867 = CARTESIAN_POINT('',(0.601489742762,-0.45));
#1868 = CARTESIAN_POINT('',(0.401197683535,-0.45));
#1869 = CARTESIAN_POINT('',(0.200598026429,-0.45));
#1870 = CARTESIAN_POINT('',(0.,-0.45));
#1871 = ( GEOMETRIC_REPRESENTATION_CONTEXT(2)
PARAMETRIC_REPRESENTATION_CONTEXT() REPRESENTATION_CONTEXT('2D SPACE',''
  ) );
#1872 = ORIENTED_EDGE('',*,*,#1873,.F.);
#1873 = EDGE_CURVE('',#1874,#1835,#1876,.T.);
#1874 = VERTEX_POINT('',#1875);
#1875 = CARTESIAN_POINT('',(-0.193359375,8.291796875,3.));
#1876 = SURFACE_CURVE('',#1877,(#1888,#1902),.PCURVE_S1.);
#1877 = B_SPLINE_CURVE_WITH_KNOTS('',5,(#1878,#1879,#1880,#1881,#1882,
    #1883,#1884,#1885,#1886,#1887),.UNSPECIFIED.,.F.,.F.,(6,4,6),(0.,
    0.254408084168,1.),.UNSPECIFIED.);
#1878 = CARTESIAN_POINT('',(-0.193359375,8.291796875,3.));
#1879 = CARTESIAN_POINT('',(-0.201958462448,8.303083177275,3.));
#1880 = CARTESIAN_POINT('',(-0.211004141798,8.313885837467,3.));
#1881 = CARTESIAN_POINT('',(-0.220495744171,8.32420130111,3.));
#1882 = CARTESIAN_POINT('',(-0.230431850786,8.334026812568,3.));
#1883 = CARTESIAN_POINT('',(-0.271226317741,8.370714335693,3.));
#1884 = CARTESIAN_POINT('',(-0.305442063777,8.393843764825,3.));
#1885 = CARTESIAN_POINT('',(-0.343401819544,8.412697979844,3.));
#1886 = CARTESIAN_POINT('',(-0.384997391817,8.427292066381,3.));
#1887 = CARTESIAN_POINT('',(-0.430078125,8.4376953125,3.));
#1888 = PCURVE('',#126,#1889);
#1889 = DEFINITIONAL_REPRESENTATION('',(#1890),#1901);
#1890 = B_SPLINE_CURVE_WITH_KNOTS('',5,(#1891,#1892,#1893,#1894,#1895,
    #1896,#1897,#1898,#1899,#1900),.UNSPECIFIED.,.F.,.F.,(6,4,6),(0.,
    0.254408084168,1.),.UNSPECIFIED.);
#1891 = CARTESIAN_POINT('',(0.193359375,-8.291796875));
#1892 = CARTESIAN_POINT('',(0.201958462448,-8.303083177275));
#1893 = CARTESIAN_POINT('',(0.211004141798,-8.313885837467));
#1894 = CARTESIAN_POINT('',(0.220495744171,-8.32420130111));
#1895 = CARTESIAN_POINT('',(0.230431850786,-8.334026812568));
#1896 = CARTESIAN_POINT('',(0.271226317741,-8.370714335693));
#1897 = CARTESIAN_POINT('',(0.305442063777,-8.393843764825));
#1898 = CARTESIAN_POINT('',(0.343401819544,-8.412697979844));
#1899 = CARTESIAN_POINT('',(0.384997391817,-8.427292066381));
#1900 = CARTESIAN_POINT('',(0.430078125,-8.4376953125));
#1901 = ( GEOMETRIC_REPRESENTATION_CONTEXT(2)
PARAMETRIC_REPRESENTATION_CONTEXT() REPRESENTATION_CONTEXT('2D SPACE',''
  ) );
#1902 = PCURVE('',#1903,#1910);
#1903 = SURFACE_OF_LINEAR_EXTRUSION('',#1904,#1908);
#1904 = B_SPLINE_CURVE_WITH_KNOTS('',2,(#1905,#1906,#1907),
  .UNSPECIFIED.,.F.,.F.,(3,3),(0.,1.),.PIECEWISE_BEZIER_KNOTS.);
#1905 = CARTESIAN_POINT('',(-0.430078125,8.4376953125,2.55));
#1906 = CARTESIAN_POINT('',(-0.277734375,8.4025390625,2.55));
#1907 = CARTESIAN_POINT('',(-0.193359375,8.291796875,2.55));
#1908 = VECTOR('',#1909,1.);
#1909 = DIRECTION('',(-0.,-0.,-1.));
#1910 = DEFINITIONAL_REPRESENTATION('',(#1911),#1922);
#1911 = B_SPLINE_CURVE_WITH_KNOTS('',5,(#1912,#1913,#1914,#1915,#1916,
    #1917,#1918,#1919,#1920,#1921),.UNSPECIFIED.,.F.,.F.,(6,4,6),(0.,
    0.254408084168,1.),.UNSPECIFIED.);
#1912 = CARTESIAN_POINT('',(1.,-0.45));
#1913 = CARTESIAN_POINT('',(0.949042444754,-0.45));
#1914 = CARTESIAN_POINT('',(0.898053118668,-0.45));
#1915 = CARTESIAN_POINT('',(0.847042527305,-0.45));
#1916 = CARTESIAN_POINT('',(0.796021262027,-0.45));
#1917 = CARTESIAN_POINT('',(0.595472359684,-0.45));
#1918 = CARTESIAN_POINT('',(0.445942127208,-0.45));
#1919 = CARTESIAN_POINT('',(0.296684699747,-0.45));
#1920 = CARTESIAN_POINT('',(0.14795727814,-0.45));
#1921 = CARTESIAN_POINT('',(0.,-0.45));
#1922 = ( GEOMETRIC_REPRESENTATION_CONTEXT(2)
PARAMETRIC_REPRESENTATION_CONTEXT() REPRESENTATION_CONTEXT('2D SPACE',''
  ) );
#1923 = ORIENTED_EDGE('',*,*,#1924,.F.);
#1924 = EDGE_CURVE('',#1925,#1874,#1927,.T.);
#1925 = VERTEX_POINT('',#1926);
#1926 = CARTESIAN_POINT('',(-0.108984375,8.0146484375,3.));
#1927 = SURFACE_CURVE('',#1928,(#1939,#1953),.PCURVE_S1.);
#1928 = B_SPLINE_CURVE_WITH_KNOTS('',5,(#1929,#1930,#1931,#1932,#1933,
    #1934,#1935,#1936,#1937,#1938),.UNSPECIFIED.,.F.,.F.,(6,4,6),(0.,
    0.906433518557,1.),.UNSPECIFIED.);
#1929 = CARTESIAN_POINT('',(-0.108984375,8.0146484375,3.));
#1930 = CARTESIAN_POINT('',(-0.108984375,8.074342116424,3.));
#1931 = CARTESIAN_POINT('',(-0.115770316908,8.130007643934,3.));
#1932 = CARTESIAN_POINT('',(-0.1295463308,8.181374896732,3.));
#1933 = CARTESIAN_POINT('',(-0.150395995563,8.228239042632,3.));
#1934 = CARTESIAN_POINT('',(-0.181116855248,8.274846380729,3.));
#1935 = CARTESIAN_POINT('',(-0.184065861365,8.279158077373,3.));
#1936 = CARTESIAN_POINT('',(-0.187089350645,8.283420464038,3.));
#1937 = CARTESIAN_POINT('',(-0.190187226307,8.287633429841,3.));
#1938 = CARTESIAN_POINT('',(-0.193359375,8.291796875,3.));
#1939 = PCURVE('',#126,#1940);
#1940 = DEFINITIONAL_REPRESENTATION('',(#1941),#1952);
#1941 = B_SPLINE_CURVE_WITH_KNOTS('',5,(#1942,#1943,#1944,#1945,#1946,
    #1947,#1948,#1949,#1950,#1951),.UNSPECIFIED.,.F.,.F.,(6,4,6),(0.,
    0.906433518557,1.),.UNSPECIFIED.);
#1942 = CARTESIAN_POINT('',(0.108984375,-8.0146484375));
#1943 = CARTESIAN_POINT('',(0.108984375,-8.074342116424));
#1944 = CARTESIAN_POINT('',(0.115770316908,-8.130007643934));
#1945 = CARTESIAN_POINT('',(0.1295463308,-8.181374896732));
#1946 = CARTESIAN_POINT('',(0.150395995563,-8.228239042632));
#1947 = CARTESIAN_POINT('',(0.181116855248,-8.274846380729));
#1948 = CARTESIAN_POINT('',(0.184065861365,-8.279158077373));
#1949 = CARTESIAN_POINT('',(0.187089350645,-8.283420464038));
#1950 = CARTESIAN_POINT('',(0.190187226307,-8.287633429841));
#1951 = CARTESIAN_POINT('',(0.193359375,-8.291796875));
#1952 = ( GEOMETRIC_REPRESENTATION_CONTEXT(2)
PARAMETRIC_REPRESENTATION_CONTEXT() REPRESENTATION_CONTEXT('2D SPACE',''
  ) );
#1953 = PCURVE('',#1954,#1961);
#1954 = SURFACE_OF_LINEAR_EXTRUSION('',#1955,#1959);
#1955 = B_SPLINE_CURVE_WITH_KNOTS('',2,(#1956,#1957,#1958),
  .UNSPECIFIED.,.F.,.F.,(3,3),(0.,1.),.PIECEWISE_BEZIER_KNOTS.);
#1956 = CARTESIAN_POINT('',(-0.193359375,8.291796875,2.55));
#1957 = CARTESIAN_POINT('',(-0.108984375,8.1810546875,2.55));
#1958 = CARTESIAN_POINT('',(-0.108984375,8.0146484375,2.55));
#1959 = VECTOR('',#1960,1.);
#1960 = DIRECTION('',(-0.,-0.,-1.));
#1961 = DEFINITIONAL_REPRESENTATION('',(#1962),#1973);
#1962 = B_SPLINE_CURVE_WITH_KNOTS('',5,(#1963,#1964,#1965,#1966,#1967,
    #1968,#1969,#1970,#1971,#1972),.UNSPECIFIED.,.F.,.F.,(6,4,6),(0.,
    0.906433518557,1.),.UNSPECIFIED.);
#1963 = CARTESIAN_POINT('',(1.,-0.45));
#1964 = CARTESIAN_POINT('',(0.820638711215,-0.45));
#1965 = CARTESIAN_POINT('',(0.63992926014,-0.45));
#1966 = CARTESIAN_POINT('',(0.458278645167,-0.45));
#1967 = CARTESIAN_POINT('',(0.276136649088,-0.45));
#1968 = CARTESIAN_POINT('',(7.519896821091E-02,-0.45));
#1969 = CARTESIAN_POINT('',(5.639792704471E-02,-0.45));
#1970 = CARTESIAN_POINT('',(3.759740202884E-02,-0.45));
#1971 = CARTESIAN_POINT('',(1.879791817917E-02,-0.45));
#1972 = CARTESIAN_POINT('',(0.,-0.45));
#1973 = ( GEOMETRIC_REPRESENTATION_CONTEXT(2)
PARAMETRIC_REPRESENTATION_CONTEXT() REPRESENTATION_CONTEXT('2D SPACE',''
  ) );
#1974 = ORIENTED_EDGE('',*,*,#1975,.F.);
#1975 = EDGE_CURVE('',#1976,#1925,#1978,.T.);
#1976 = VERTEX_POINT('',#1977);
#1977 = CARTESIAN_POINT('',(-0.273046875,7.633203125,3.));
#1978 = SURFACE_CURVE('',#1979,(#1990,#2004),.PCURVE_S1.);
#1979 = B_SPLINE_CURVE_WITH_KNOTS('',5,(#1980,#1981,#1982,#1983,#1984,
    #1985,#1986,#1987,#1988,#1989),.UNSPECIFIED.,.F.,.F.,(6,4,6),(0.,
    0.512107921928,1.),.UNSPECIFIED.);
#1980 = CARTESIAN_POINT('',(-0.273046875,7.633203125,3.));
#1981 = CARTESIAN_POINT('',(-0.239756957485,7.664947439202,3.));
#1982 = CARTESIAN_POINT('',(-0.210460923473,7.698673162913,3.));
#1983 = CARTESIAN_POINT('',(-0.185343959995,7.734362336176,3.));
#1984 = CARTESIAN_POINT('',(-0.164528589103,7.771961832062,3.));
#1985 = CARTESIAN_POINT('',(-0.132360146871,7.848923135042,3.));
#1986 = CARTESIAN_POINT('',(-0.120605402585,7.888119396345,3.));
#1987 = CARTESIAN_POINT('',(-0.112826102195,7.92887954978,3.));
#1988 = CARTESIAN_POINT('',(-0.108984375,7.971097091689,3.));
#1989 = CARTESIAN_POINT('',(-0.108984375,8.0146484375,3.));
#1990 = PCURVE('',#126,#1991);
#1991 = DEFINITIONAL_REPRESENTATION('',(#1992),#2003);
#1992 = B_SPLINE_CURVE_WITH_KNOTS('',5,(#1993,#1994,#1995,#1996,#1997,
    #1998,#1999,#2000,#2001,#2002),.UNSPECIFIED.,.F.,.F.,(6,4,6),(0.,
    0.512107921928,1.),.UNSPECIFIED.);
#1993 = CARTESIAN_POINT('',(0.273046875,-7.633203125));
#1994 = CARTESIAN_POINT('',(0.239756957485,-7.664947439202));
#1995 = CARTESIAN_POINT('',(0.210460923473,-7.698673162913));
#1996 = CARTESIAN_POINT('',(0.185343959995,-7.734362336176));
#1997 = CARTESIAN_POINT('',(0.164528589103,-7.771961832062));
#1998 = CARTESIAN_POINT('',(0.132360146871,-7.848923135042));
#1999 = CARTESIAN_POINT('',(0.120605402585,-7.888119396345));
#2000 = CARTESIAN_POINT('',(0.112826102195,-7.92887954978));
#2001 = CARTESIAN_POINT('',(0.108984375,-7.971097091689));
#2002 = CARTESIAN_POINT('',(0.108984375,-8.0146484375));
#2003 = ( GEOMETRIC_REPRESENTATION_CONTEXT(2)
PARAMETRIC_REPRESENTATION_CONTEXT() REPRESENTATION_CONTEXT('2D SPACE',''
  ) );
#2004 = PCURVE('',#2005,#2012);
#2005 = SURFACE_OF_LINEAR_EXTRUSION('',#2006,#2010);
#2006 = B_SPLINE_CURVE_WITH_KNOTS('',2,(#2007,#2008,#2009),
  .UNSPECIFIED.,.F.,.F.,(3,3),(0.,1.),.PIECEWISE_BEZIER_KNOTS.);
#2007 = CARTESIAN_POINT('',(-0.108984375,8.0146484375,2.55));
#2008 = CARTESIAN_POINT('',(-0.108984375,7.7896484375,2.55));
#2009 = CARTESIAN_POINT('',(-0.273046875,7.633203125,2.55));
#2010 = VECTOR('',#2011,1.);
#2011 = DIRECTION('',(-0.,-0.,-1.));
#2012 = DEFINITIONAL_REPRESENTATION('',(#2013),#2024);
#2013 = B_SPLINE_CURVE_WITH_KNOTS('',5,(#2014,#2015,#2016,#2017,#2018,
    #2019,#2020,#2021,#2022,#2023),.UNSPECIFIED.,.F.,.F.,(6,4,6),(0.,
    0.512107921928,1.),.UNSPECIFIED.);
#2014 = CARTESIAN_POINT('',(1.,-0.45));
#2015 = CARTESIAN_POINT('',(0.898545013287,-0.45));
#2016 = CARTESIAN_POINT('',(0.796395500441,-0.45));
#2017 = CARTESIAN_POINT('',(0.693763331867,-0.45));
#2018 = CARTESIAN_POINT('',(0.590880337878,-0.45));
#2019 = CARTESIAN_POINT('',(0.389984523787,-0.45));
#2020 = CARTESIAN_POINT('',(0.291966601196,-0.45));
#2021 = CARTESIAN_POINT('',(0.194164846376,-0.45));
#2022 = CARTESIAN_POINT('',(9.678076846939E-02,-0.45));
#2023 = CARTESIAN_POINT('',(0.,-0.45));
#2024 = ( GEOMETRIC_REPRESENTATION_CONTEXT(2)
PARAMETRIC_REPRESENTATION_CONTEXT() REPRESENTATION_CONTEXT('2D SPACE',''
  ) );
#2025 = ORIENTED_EDGE('',*,*,#2026,.F.);
#2026 = EDGE_CURVE('',#2027,#1976,#2029,.T.);
#2027 = VERTEX_POINT('',#2028);
#2028 = CARTESIAN_POINT('',(-0.687890625,7.4767578125,3.));
#2029 = SURFACE_CURVE('',#2030,(#2041,#2055),.PCURVE_S1.);
#2030 = B_SPLINE_CURVE_WITH_KNOTS('',5,(#2031,#2032,#2033,#2034,#2035,
    #2036,#2037,#2038,#2039,#2040),.UNSPECIFIED.,.F.,.F.,(6,4,6),(0.,
    0.681373888197,1.),.UNSPECIFIED.);
#2031 = CARTESIAN_POINT('',(-0.687890625,7.4767578125,3.));
#2032 = CARTESIAN_POINT('',(-0.620764592478,7.4767578125,3.));
#2033 = CARTESIAN_POINT('',(-0.556734582436,7.483763221707,3.));
#2034 = CARTESIAN_POINT('',(-0.496207069125,7.49810269823,3.));
#2035 = CARTESIAN_POINT('',(-0.439526934071,7.519925145024,3.));
#2036 = CARTESIAN_POINT('',(-0.362329876799,7.562740081847,3.));
#2037 = CARTESIAN_POINT('',(-0.338624121416,7.577990000068,3.));
#2038 = CARTESIAN_POINT('',(-0.315832425625,7.594834943201,3.));
#2039 = CARTESIAN_POINT('',(-0.293970485218,7.613250968113,3.));
#2040 = CARTESIAN_POINT('',(-0.273046875,7.633203125,3.));
#2041 = PCURVE('',#126,#2042);
#2042 = DEFINITIONAL_REPRESENTATION('',(#2043),#2054);
#2043 = B_SPLINE_CURVE_WITH_KNOTS('',5,(#2044,#2045,#2046,#2047,#2048,
    #2049,#2050,#2051,#2052,#2053),.UNSPECIFIED.,.F.,.F.,(6,4,6),(0.,
    0.681373888197,1.),.UNSPECIFIED.);
#2044 = CARTESIAN_POINT('',(0.687890625,-7.4767578125));
#2045 = CARTESIAN_POINT('',(0.620764592478,-7.4767578125));
#2046 = CARTESIAN_POINT('',(0.556734582436,-7.483763221707));
#2047 = CARTESIAN_POINT('',(0.496207069125,-7.49810269823));
#2048 = CARTESIAN_POINT('',(0.439526934071,-7.519925145024));
#2049 = CARTESIAN_POINT('',(0.362329876799,-7.562740081847));
#2050 = CARTESIAN_POINT('',(0.338624121416,-7.577990000068));
#2051 = CARTESIAN_POINT('',(0.315832425625,-7.594834943201));
#2052 = CARTESIAN_POINT('',(0.293970485218,-7.613250968113));
#2053 = CARTESIAN_POINT('',(0.273046875,-7.633203125));
#2054 = ( GEOMETRIC_REPRESENTATION_CONTEXT(2)
PARAMETRIC_REPRESENTATION_CONTEXT() REPRESENTATION_CONTEXT('2D SPACE',''
  ) );
#2055 = PCURVE('',#2056,#2063);
#2056 = SURFACE_OF_LINEAR_EXTRUSION('',#2057,#2061);
#2057 = B_SPLINE_CURVE_WITH_KNOTS('',2,(#2058,#2059,#2060),
  .UNSPECIFIED.,.F.,.F.,(3,3),(0.,1.),.PIECEWISE_BEZIER_KNOTS.);
#2058 = CARTESIAN_POINT('',(-0.273046875,7.633203125,2.55));
#2059 = CARTESIAN_POINT('',(-0.437109375,7.4767578125,2.55));
#2060 = CARTESIAN_POINT('',(-0.687890625,7.4767578125,2.55));
#2061 = VECTOR('',#2062,1.);
#2062 = DIRECTION('',(-0.,-0.,-1.));
#2063 = DEFINITIONAL_REPRESENTATION('',(#2064),#2075);
#2064 = B_SPLINE_CURVE_WITH_KNOTS('',5,(#2065,#2066,#2067,#2068,#2069,
    #2070,#2071,#2072,#2073,#2074),.UNSPECIFIED.,.F.,.F.,(6,4,6),(0.,
    0.681373888197,1.),.UNSPECIFIED.);
#2065 = CARTESIAN_POINT('',(1.,-0.45));
#2066 = CARTESIAN_POINT('',(0.866166165688,-0.45));
#2067 = CARTESIAN_POINT('',(0.730762984198,-0.45));
#2068 = CARTESIAN_POINT('',(0.594237651484,-0.45));
#2069 = CARTESIAN_POINT('',(0.457113220126,-0.45));
#2070 = CARTESIAN_POINT('',(0.255882702636,-0.45));
#2071 = CARTESIAN_POINT('',(0.191765282428,-0.45));
#2072 = CARTESIAN_POINT('',(0.127707527633,-0.45));
#2073 = CARTESIAN_POINT('',(6.376719304554E-02,-0.45));
#2074 = CARTESIAN_POINT('',(0.,-0.45));
#2075 = ( GEOMETRIC_REPRESENTATION_CONTEXT(2)
PARAMETRIC_REPRESENTATION_CONTEXT() REPRESENTATION_CONTEXT('2D SPACE',''
  ) );
#2076 = ORIENTED_EDGE('',*,*,#2077,.F.);
#2077 = EDGE_CURVE('',#2078,#2027,#2080,.T.);
#2078 = VERTEX_POINT('',#2079);
#2079 = CARTESIAN_POINT('',(-1.0634765625,7.6115234375,3.));
#2080 = SURFACE_CURVE('',#2081,(#2092,#2106),.PCURVE_S1.);
#2081 = B_SPLINE_CURVE_WITH_KNOTS('',5,(#2082,#2083,#2084,#2085,#2086,
    #2087,#2088,#2089,#2090,#2091),.UNSPECIFIED.,.F.,.F.,(6,4,6),(0.,
    0.277777088721,1.),.UNSPECIFIED.);
#2082 = CARTESIAN_POINT('',(-1.0634765625,7.6115234375,3.));
#2083 = CARTESIAN_POINT('',(-1.046837688445,7.596515825608,3.));
#2084 = CARTESIAN_POINT('',(-1.029577178167,7.582528644553,3.));
#2085 = CARTESIAN_POINT('',(-1.011699930916,7.56957655085,3.));
#2086 = CARTESIAN_POINT('',(-0.993213603591,7.557669852655,3.));
#2087 = CARTESIAN_POINT('',(-0.924507458902,7.518590521312,3.));
#2088 = CARTESIAN_POINT('',(-0.870836062923,7.497471751906,3.));
#2089 = CARTESIAN_POINT('',(-0.813304981636,7.483568734299,3.));
#2090 = CARTESIAN_POINT('',(-0.752205655848,7.4767578125,3.));
#2091 = CARTESIAN_POINT('',(-0.687890625,7.4767578125,3.));
#2092 = PCURVE('',#126,#2093);
#2093 = DEFINITIONAL_REPRESENTATION('',(#2094),#2105);
#2094 = B_SPLINE_CURVE_WITH_KNOTS('',5,(#2095,#2096,#2097,#2098,#2099,
    #2100,#2101,#2102,#2103,#2104),.UNSPECIFIED.,.F.,.F.,(6,4,6),(0.,
    0.277777088721,1.),.UNSPECIFIED.);
#2095 = CARTESIAN_POINT('',(1.0634765625,-7.6115234375));
#2096 = CARTESIAN_POINT('',(1.046837688445,-7.596515825608));
#2097 = CARTESIAN_POINT('',(1.029577178167,-7.582528644553));
#2098 = CARTESIAN_POINT('',(1.011699930916,-7.56957655085));
#2099 = CARTESIAN_POINT('',(0.993213603591,-7.557669852655));
#2100 = CARTESIAN_POINT('',(0.924507458902,-7.518590521312));
#2101 = CARTESIAN_POINT('',(0.870836062923,-7.497471751906));
#2102 = CARTESIAN_POINT('',(0.813304981636,-7.483568734299));
#2103 = CARTESIAN_POINT('',(0.752205655848,-7.4767578125));
#2104 = CARTESIAN_POINT('',(0.687890625,-7.4767578125));
#2105 = ( GEOMETRIC_REPRESENTATION_CONTEXT(2)
PARAMETRIC_REPRESENTATION_CONTEXT() REPRESENTATION_CONTEXT('2D SPACE',''
  ) );
#2106 = PCURVE('',#2107,#2114);
#2107 = SURFACE_OF_LINEAR_EXTRUSION('',#2108,#2112);
#2108 = B_SPLINE_CURVE_WITH_KNOTS('',2,(#2109,#2110,#2111),
  .UNSPECIFIED.,.F.,.F.,(3,3),(0.,1.),.PIECEWISE_BEZIER_KNOTS.);
#2109 = CARTESIAN_POINT('',(-0.687890625,7.4767578125,2.55));
#2110 = CARTESIAN_POINT('',(-0.9140625,7.4767578125,2.55));
#2111 = CARTESIAN_POINT('',(-1.0634765625,7.6115234375,2.55));
#2112 = VECTOR('',#2113,1.);
#2113 = DIRECTION('',(-0.,-0.,-1.));
#2114 = DEFINITIONAL_REPRESENTATION('',(#2115),#2126);
#2115 = B_SPLINE_CURVE_WITH_KNOTS('',5,(#2116,#2117,#2118,#2119,#2120,
    #2121,#2122,#2123,#2124,#2125),.UNSPECIFIED.,.F.,.F.,(6,4,6),(0.,
    0.277777088721,1.),.UNSPECIFIED.);
#2116 = CARTESIAN_POINT('',(1.,-0.45));
#2117 = CARTESIAN_POINT('',(0.944319584863,-0.45));
#2118 = CARTESIAN_POINT('',(0.888549781265,-0.45));
#2119 = CARTESIAN_POINT('',(0.832719874658,-0.45));
#2120 = CARTESIAN_POINT('',(0.776859771649,-0.45));
#2121 = CARTESIAN_POINT('',(0.575764094874,-0.45));
#2122 = CARTESIAN_POINT('',(0.430520765067,-0.45));
#2123 = CARTESIAN_POINT('',(0.285830457015,-0.45));
#2124 = CARTESIAN_POINT('',(0.142181760769,-0.45));
#2125 = CARTESIAN_POINT('',(0.,-0.45));
#2126 = ( GEOMETRIC_REPRESENTATION_CONTEXT(2)
PARAMETRIC_REPRESENTATION_CONTEXT() REPRESENTATION_CONTEXT('2D SPACE',''
  ) );
#2127 = ORIENTED_EDGE('',*,*,#2128,.F.);
#2128 = EDGE_CURVE('',#857,#2078,#2129,.T.);
#2129 = SURFACE_CURVE('',#2130,(#2141,#2155),.PCURVE_S1.);
#2130 = B_SPLINE_CURVE_WITH_KNOTS('',5,(#2131,#2132,#2133,#2134,#2135,
    #2136,#2137,#2138,#2139,#2140),.UNSPECIFIED.,.F.,.F.,(6,4,6),(0.,
    0.63079566405,1.),.UNSPECIFIED.);
#2131 = CARTESIAN_POINT('',(-1.233984375,7.9607421875,3.));
#2132 = CARTESIAN_POINT('',(-1.228723309509,7.907254688346,3.));
#2133 = CARTESIAN_POINT('',(-1.218433242454,7.856458779173,3.));
#2134 = CARTESIAN_POINT('',(-1.202974452517,7.808571327537,3.));
#2135 = CARTESIAN_POINT('',(-1.182298005208,7.763766665406,3.));
#2136 = CARTESIAN_POINT('',(-1.141362265299,7.697806404378,3.));
#2137 = CARTESIAN_POINT('',(-1.124485401772,7.674548315593,3.));
#2138 = CARTESIAN_POINT('',(-1.105859456937,7.652407286099,3.));
#2139 = CARTESIAN_POINT('',(-1.085510504536,7.631397189141,3.));
#2140 = CARTESIAN_POINT('',(-1.0634765625,7.6115234375,3.));
#2141 = PCURVE('',#126,#2142);
#2142 = DEFINITIONAL_REPRESENTATION('',(#2143),#2154);
#2143 = B_SPLINE_CURVE_WITH_KNOTS('',5,(#2144,#2145,#2146,#2147,#2148,
    #2149,#2150,#2151,#2152,#2153),.UNSPECIFIED.,.F.,.F.,(6,4,6),(0.,
    0.63079566405,1.),.UNSPECIFIED.);
#2144 = CARTESIAN_POINT('',(1.233984375,-7.9607421875));
#2145 = CARTESIAN_POINT('',(1.228723309509,-7.907254688346));
#2146 = CARTESIAN_POINT('',(1.218433242454,-7.856458779173));
#2147 = CARTESIAN_POINT('',(1.202974452517,-7.808571327537));
#2148 = CARTESIAN_POINT('',(1.182298005208,-7.763766665406));
#2149 = CARTESIAN_POINT('',(1.141362265299,-7.697806404378));
#2150 = CARTESIAN_POINT('',(1.124485401772,-7.674548315593));
#2151 = CARTESIAN_POINT('',(1.105859456937,-7.652407286099));
#2152 = CARTESIAN_POINT('',(1.085510504536,-7.631397189141));
#2153 = CARTESIAN_POINT('',(1.0634765625,-7.6115234375));
#2154 = ( GEOMETRIC_REPRESENTATION_CONTEXT(2)
PARAMETRIC_REPRESENTATION_CONTEXT() REPRESENTATION_CONTEXT('2D SPACE',''
  ) );
#2155 = PCURVE('',#2156,#2163);
#2156 = SURFACE_OF_LINEAR_EXTRUSION('',#2157,#2161);
#2157 = B_SPLINE_CURVE_WITH_KNOTS('',2,(#2158,#2159,#2160),
  .UNSPECIFIED.,.F.,.F.,(3,3),(0.,1.),.PIECEWISE_BEZIER_KNOTS.);
#2158 = CARTESIAN_POINT('',(-1.0634765625,7.6115234375,2.55));
#2159 = CARTESIAN_POINT('',(-1.212890625,7.7462890625,2.55));
#2160 = CARTESIAN_POINT('',(-1.233984375,7.9607421875,2.55));
#2161 = VECTOR('',#2162,1.);
#2162 = DIRECTION('',(-0.,-0.,-1.));
#2163 = DEFINITIONAL_REPRESENTATION('',(#2164),#2175);
#2164 = B_SPLINE_CURVE_WITH_KNOTS('',5,(#2165,#2166,#2167,#2168,#2169,
    #2170,#2171,#2172,#2173,#2174),.UNSPECIFIED.,.F.,.F.,(6,4,6),(0.,
    0.63079566405,1.),.UNSPECIFIED.);
#2165 = CARTESIAN_POINT('',(1.,-0.45));
#2166 = CARTESIAN_POINT('',(0.875293262446,-0.45));
#2167 = CARTESIAN_POINT('',(0.74963851714,-0.45));
#2168 = CARTESIAN_POINT('',(0.623321632211,-0.45));
#2169 = CARTESIAN_POINT('',(0.496658893931,-0.45));
#2170 = CARTESIAN_POINT('',(0.295866622916,-0.45));
#2171 = CARTESIAN_POINT('',(0.221732726376,-0.45));
#2172 = CARTESIAN_POINT('',(0.147666664338,-0.45));
#2173 = CARTESIAN_POINT('',(7.373449884094E-02,-0.45));
#2174 = CARTESIAN_POINT('',(0.,-0.45));
#2175 = ( GEOMETRIC_REPRESENTATION_CONTEXT(2)
PARAMETRIC_REPRESENTATION_CONTEXT() REPRESENTATION_CONTEXT('2D SPACE',''
  ) );
#2176 = FACE_BOUND('',#2177,.T.);
#2177 = EDGE_LOOP('',(#2178,#2208,#2237,#2265));
#2178 = ORIENTED_EDGE('',*,*,#2179,.F.);
#2179 = EDGE_CURVE('',#2180,#2182,#2184,.T.);
#2180 = VERTEX_POINT('',#2181);
#2181 = CARTESIAN_POINT('',(-12.,-6.2,3.));
#2182 = VERTEX_POINT('',#2183);
#2183 = CARTESIAN_POINT('',(12.,-6.2,3.));
#2184 = SURFACE_CURVE('',#2185,(#2189,#2196),.PCURVE_S1.);
#2185 = LINE('',#2186,#2187);
#2186 = CARTESIAN_POINT('',(-12.,-6.2,3.));
#2187 = VECTOR('',#2188,1.);
#2188 = DIRECTION('',(1.,0.,0.));
#2189 = PCURVE('',#126,#2190);
#2190 = DEFINITIONAL_REPRESENTATION('',(#2191),#2195);
#2191 = LINE('',#2192,#2193);
#2192 = CARTESIAN_POINT('',(12.,6.2));
#2193 = VECTOR('',#2194,1.);
#2194 = DIRECTION('',(-1.,0.));
#2195 = ( GEOMETRIC_REPRESENTATION_CONTEXT(2)
PARAMETRIC_REPRESENTATION_CONTEXT() REPRESENTATION_CONTEXT('2D SPACE',''
  ) );
#2196 = PCURVE('',#2197,#2202);
#2197 = PLANE('',#2198);
#2198 = AXIS2_PLACEMENT_3D('',#2199,#2200,#2201);
#2199 = CARTESIAN_POINT('',(-12.,-6.2,23.));
#2200 = DIRECTION('',(0.,-1.,1.224646799147E-16));
#2201 = DIRECTION('',(1.,0.,0.));
#2202 = DEFINITIONAL_REPRESENTATION('',(#2203),#2207);
#2203 = LINE('',#2204,#2205);
#2204 = CARTESIAN_POINT('',(0.,-20.));
#2205 = VECTOR('',#2206,1.);
#2206 = DIRECTION('',(1.,0.));
#2207 = ( GEOMETRIC_REPRESENTATION_CONTEXT(2)
PARAMETRIC_REPRESENTATION_CONTEXT() REPRESENTATION_CONTEXT('2D SPACE',''
  ) );
#2208 = ORIENTED_EDGE('',*,*,#2209,.F.);
#2209 = EDGE_CURVE('',#2210,#2180,#2212,.T.);
#2210 = VERTEX_POINT('',#2211);
#2211 = CARTESIAN_POINT('',(-12.,6.2,3.));
#2212 = SURFACE_CURVE('',#2213,(#2218,#2225),.PCURVE_S1.);
#2213 = CIRCLE('',#2214,6.2);
#2214 = AXIS2_PLACEMENT_3D('',#2215,#2216,#2217);
#2215 = CARTESIAN_POINT('',(-12.,-2.692657929391E-15,3.));
#2216 = DIRECTION('',(0.,1.224646799147E-16,1.));
#2217 = DIRECTION('',(0.,1.,-1.224646799147E-16));
#2218 = PCURVE('',#126,#2219);
#2219 = DEFINITIONAL_REPRESENTATION('',(#2220),#2224);
#2220 = CIRCLE('',#2221,6.2);
#2221 = AXIS2_PLACEMENT_2D('',#2222,#2223);
#2222 = CARTESIAN_POINT('',(12.,4.354029083284E-16));
#2223 = DIRECTION('',(-0.,-1.));
#2224 = ( GEOMETRIC_REPRESENTATION_CONTEXT(2)
PARAMETRIC_REPRESENTATION_CONTEXT() REPRESENTATION_CONTEXT('2D SPACE',''
  ) );
#2225 = PCURVE('',#2226,#2231);
#2226 = CYLINDRICAL_SURFACE('',#2227,6.2);
#2227 = AXIS2_PLACEMENT_3D('',#2228,#2229,#2230);
#2228 = CARTESIAN_POINT('',(-12.,-2.43364331096E-16,23.));
#2229 = DIRECTION('',(0.,1.224646799147E-16,1.));
#2230 = DIRECTION('',(0.,1.,-1.224646799147E-16));
#2231 = DEFINITIONAL_REPRESENTATION('',(#2232),#2236);
#2232 = LINE('',#2233,#2234);
#2233 = CARTESIAN_POINT('',(0.,-20.));
#2234 = VECTOR('',#2235,1.);
#2235 = DIRECTION('',(1.,0.));
#2236 = ( GEOMETRIC_REPRESENTATION_CONTEXT(2)
PARAMETRIC_REPRESENTATION_CONTEXT() REPRESENTATION_CONTEXT('2D SPACE',''
  ) );
#2237 = ORIENTED_EDGE('',*,*,#2238,.F.);
#2238 = EDGE_CURVE('',#2239,#2210,#2241,.T.);
#2239 = VERTEX_POINT('',#2240);
#2240 = CARTESIAN_POINT('',(12.,6.2,3.));
#2241 = SURFACE_CURVE('',#2242,(#2246,#2253),.PCURVE_S1.);
#2242 = LINE('',#2243,#2244);
#2243 = CARTESIAN_POINT('',(12.,6.2,3.));
#2244 = VECTOR('',#2245,1.);
#2245 = DIRECTION('',(-1.,-0.,0.));
#2246 = PCURVE('',#126,#2247);
#2247 = DEFINITIONAL_REPRESENTATION('',(#2248),#2252);
#2248 = LINE('',#2249,#2250);
#2249 = CARTESIAN_POINT('',(-12.,-6.2));
#2250 = VECTOR('',#2251,1.);
#2251 = DIRECTION('',(1.,0.));
#2252 = ( GEOMETRIC_REPRESENTATION_CONTEXT(2)
PARAMETRIC_REPRESENTATION_CONTEXT() REPRESENTATION_CONTEXT('2D SPACE',''
  ) );
#2253 = PCURVE('',#2254,#2259);
#2254 = PLANE('',#2255);
#2255 = AXIS2_PLACEMENT_3D('',#2256,#2257,#2258);
#2256 = CARTESIAN_POINT('',(12.,6.2,23.));
#2257 = DIRECTION('',(0.,1.,-1.224646799147E-16));
#2258 = DIRECTION('',(-1.,-0.,0.));
#2259 = DEFINITIONAL_REPRESENTATION('',(#2260),#2264);
#2260 = LINE('',#2261,#2262);
#2261 = CARTESIAN_POINT('',(0.,-20.));
#2262 = VECTOR('',#2263,1.);
#2263 = DIRECTION('',(1.,0.));
#2264 = ( GEOMETRIC_REPRESENTATION_CONTEXT(2)
PARAMETRIC_REPRESENTATION_CONTEXT() REPRESENTATION_CONTEXT('2D SPACE',''
  ) );
#2265 = ORIENTED_EDGE('',*,*,#2266,.F.);
#2266 = EDGE_CURVE('',#2182,#2239,#2267,.T.);
#2267 = SURFACE_CURVE('',#2268,(#2273,#2280),.PCURVE_S1.);
#2268 = CIRCLE('',#2269,6.2);
#2269 = AXIS2_PLACEMENT_3D('',#2270,#2271,#2272);
#2270 = CARTESIAN_POINT('',(12.,-2.205929267199E-15,3.));
#2271 = DIRECTION('',(-0.,1.224646799147E-16,1.));
#2272 = DIRECTION('',(0.,-1.,1.224646799147E-16));
#2273 = PCURVE('',#126,#2274);
#2274 = DEFINITIONAL_REPRESENTATION('',(#2275),#2279);
#2275 = CIRCLE('',#2276,6.2);
#2276 = AXIS2_PLACEMENT_2D('',#2277,#2278);
#2277 = CARTESIAN_POINT('',(-12.,-5.132575386353E-17));
#2278 = DIRECTION('',(0.,1.));
#2279 = ( GEOMETRIC_REPRESENTATION_CONTEXT(2)
PARAMETRIC_REPRESENTATION_CONTEXT() REPRESENTATION_CONTEXT('2D SPACE',''
  ) );
#2280 = PCURVE('',#2281,#2286);
#2281 = CYLINDRICAL_SURFACE('',#2282,6.2);
#2282 = AXIS2_PLACEMENT_3D('',#2283,#2284,#2285);
#2283 = CARTESIAN_POINT('',(12.,2.43364331096E-16,23.));
#2284 = DIRECTION('',(0.,1.224646799147E-16,1.));
#2285 = DIRECTION('',(0.,-1.,1.224646799147E-16));
#2286 = DEFINITIONAL_REPRESENTATION('',(#2287),#2291);
#2287 = LINE('',#2288,#2289);
#2288 = CARTESIAN_POINT('',(0.,-20.));
#2289 = VECTOR('',#2290,1.);
#2290 = DIRECTION('',(1.,0.));
#2291 = ( GEOMETRIC_REPRESENTATION_CONTEXT(2)
PARAMETRIC_REPRESENTATION_CONTEXT() REPRESENTATION_CONTEXT('2D SPACE',''
  ) );
#2292 = ADVANCED_FACE('',(#2293,#2319),#72,.F.);
#2293 = FACE_BOUND('',#2294,.F.);
#2294 = EDGE_LOOP('',(#2295,#2296,#2297,#2318));
#2295 = ORIENTED_EDGE('',*,*,#56,.T.);
#2296 = ORIENTED_EDGE('',*,*,#220,.T.);
#2297 = ORIENTED_EDGE('',*,*,#2298,.T.);
#2298 = EDGE_CURVE('',#221,#144,#2299,.T.);
#2299 = SURFACE_CURVE('',#2300,(#2304,#2311),.PCURVE_S1.);
#2300 = LINE('',#2301,#2302);
#2301 = CARTESIAN_POINT('',(12.,10.5,0.));
#2302 = VECTOR('',#2303,1.);
#2303 = DIRECTION('',(-1.,-0.,0.));
#2304 = PCURVE('',#72,#2305);
#2305 = DEFINITIONAL_REPRESENTATION('',(#2306),#2310);
#2306 = LINE('',#2307,#2308);
#2307 = CARTESIAN_POINT('',(-12.,-10.5));
#2308 = VECTOR('',#2309,1.);
#2309 = DIRECTION('',(1.,0.));
#2310 = ( GEOMETRIC_REPRESENTATION_CONTEXT(2)
PARAMETRIC_REPRESENTATION_CONTEXT() REPRESENTATION_CONTEXT('2D SPACE',''
  ) );
#2311 = PCURVE('',#159,#2312);
#2312 = DEFINITIONAL_REPRESENTATION('',(#2313),#2317);
#2313 = LINE('',#2314,#2315);
#2314 = CARTESIAN_POINT('',(-0.,-3.));
#2315 = VECTOR('',#2316,1.);
#2316 = DIRECTION('',(1.,0.));
#2317 = ( GEOMETRIC_REPRESENTATION_CONTEXT(2)
PARAMETRIC_REPRESENTATION_CONTEXT() REPRESENTATION_CONTEXT('2D SPACE',''
  ) );
#2318 = ORIENTED_EDGE('',*,*,#171,.T.);
#2319 = FACE_BOUND('',#2320,.F.);
#2320 = EDGE_LOOP('',(#2321,#2351,#2380,#2408));
#2321 = ORIENTED_EDGE('',*,*,#2322,.F.);
#2322 = EDGE_CURVE('',#2323,#2325,#2327,.T.);
#2323 = VERTEX_POINT('',#2324);
#2324 = CARTESIAN_POINT('',(-12.,-4.6,0.));
#2325 = VERTEX_POINT('',#2326);
#2326 = CARTESIAN_POINT('',(12.,-4.6,0.));
#2327 = SURFACE_CURVE('',#2328,(#2332,#2339),.PCURVE_S1.);
#2328 = LINE('',#2329,#2330);
#2329 = CARTESIAN_POINT('',(-6.,-4.6,0.));
#2330 = VECTOR('',#2331,1.);
#2331 = DIRECTION('',(1.,0.,0.));
#2332 = PCURVE('',#72,#2333);
#2333 = DEFINITIONAL_REPRESENTATION('',(#2334),#2338);
#2334 = LINE('',#2335,#2336);
#2335 = CARTESIAN_POINT('',(6.,4.6));
#2336 = VECTOR('',#2337,1.);
#2337 = DIRECTION('',(-1.,0.));
#2338 = ( GEOMETRIC_REPRESENTATION_CONTEXT(2)
PARAMETRIC_REPRESENTATION_CONTEXT() REPRESENTATION_CONTEXT('2D SPACE',''
  ) );
#2339 = PCURVE('',#2340,#2345);
#2340 = PLANE('',#2341);
#2341 = AXIS2_PLACEMENT_3D('',#2342,#2343,#2344);
#2342 = CARTESIAN_POINT('',(-12.,-4.6,24.));
#2343 = DIRECTION('',(0.,-1.,1.224646799147E-16));
#2344 = DIRECTION('',(1.,0.,0.));
#2345 = DEFINITIONAL_REPRESENTATION('',(#2346),#2350);
#2346 = LINE('',#2347,#2348);
#2347 = CARTESIAN_POINT('',(6.,-24.));
#2348 = VECTOR('',#2349,1.);
#2349 = DIRECTION('',(1.,0.));
#2350 = ( GEOMETRIC_REPRESENTATION_CONTEXT(2)
PARAMETRIC_REPRESENTATION_CONTEXT() REPRESENTATION_CONTEXT('2D SPACE',''
  ) );
#2351 = ORIENTED_EDGE('',*,*,#2352,.F.);
#2352 = EDGE_CURVE('',#2353,#2323,#2355,.T.);
#2353 = VERTEX_POINT('',#2354);
#2354 = CARTESIAN_POINT('',(-12.,4.6,0.));
#2355 = SURFACE_CURVE('',#2356,(#2361,#2368),.PCURVE_S1.);
#2356 = CIRCLE('',#2357,4.6);
#2357 = AXIS2_PLACEMENT_3D('',#2358,#2359,#2360);
#2358 = CARTESIAN_POINT('',(-12.,-3.154257516656E-15,0.));
#2359 = DIRECTION('',(0.,1.224646799147E-16,1.));
#2360 = DIRECTION('',(-3.861645303044E-16,1.,-1.224646799147E-16));
#2361 = PCURVE('',#72,#2362);
#2362 = DEFINITIONAL_REPRESENTATION('',(#2363),#2367);
#2363 = CIRCLE('',#2364,4.6);
#2364 = AXIS2_PLACEMENT_2D('',#2365,#2366);
#2365 = CARTESIAN_POINT('',(12.,5.296084558495E-16));
#2366 = DIRECTION('',(3.861645303044E-16,-1.));
#2367 = ( GEOMETRIC_REPRESENTATION_CONTEXT(2)
PARAMETRIC_REPRESENTATION_CONTEXT() REPRESENTATION_CONTEXT('2D SPACE',''
  ) );
#2368 = PCURVE('',#2369,#2374);
#2369 = CYLINDRICAL_SURFACE('',#2370,4.6);
#2370 = AXIS2_PLACEMENT_3D('',#2371,#2372,#2373);
#2371 = CARTESIAN_POINT('',(-12.,-2.151051987023E-16,24.));
#2372 = DIRECTION('',(0.,1.224646799147E-16,1.));
#2373 = DIRECTION('',(-3.861645303044E-16,1.,-1.224646799147E-16));
#2374 = DEFINITIONAL_REPRESENTATION('',(#2375),#2379);
#2375 = LINE('',#2376,#2377);
#2376 = CARTESIAN_POINT('',(0.,-24.));
#2377 = VECTOR('',#2378,1.);
#2378 = DIRECTION('',(1.,0.));
#2379 = ( GEOMETRIC_REPRESENTATION_CONTEXT(2)
PARAMETRIC_REPRESENTATION_CONTEXT() REPRESENTATION_CONTEXT('2D SPACE',''
  ) );
#2380 = ORIENTED_EDGE('',*,*,#2381,.F.);
#2381 = EDGE_CURVE('',#2382,#2353,#2384,.T.);
#2382 = VERTEX_POINT('',#2383);
#2383 = CARTESIAN_POINT('',(12.,4.6,0.));
#2384 = SURFACE_CURVE('',#2385,(#2389,#2396),.PCURVE_S1.);
#2385 = LINE('',#2386,#2387);
#2386 = CARTESIAN_POINT('',(6.,4.6,0.));
#2387 = VECTOR('',#2388,1.);
#2388 = DIRECTION('',(-1.,-0.,0.));
#2389 = PCURVE('',#72,#2390);
#2390 = DEFINITIONAL_REPRESENTATION('',(#2391),#2395);
#2391 = LINE('',#2392,#2393);
#2392 = CARTESIAN_POINT('',(-6.,-4.6));
#2393 = VECTOR('',#2394,1.);
#2394 = DIRECTION('',(1.,0.));
#2395 = ( GEOMETRIC_REPRESENTATION_CONTEXT(2)
PARAMETRIC_REPRESENTATION_CONTEXT() REPRESENTATION_CONTEXT('2D SPACE',''
  ) );
#2396 = PCURVE('',#2397,#2402);
#2397 = PLANE('',#2398);
#2398 = AXIS2_PLACEMENT_3D('',#2399,#2400,#2401);
#2399 = CARTESIAN_POINT('',(12.,4.6,24.));
#2400 = DIRECTION('',(0.,1.,-1.224646799147E-16));
#2401 = DIRECTION('',(-1.,-0.,0.));
#2402 = DEFINITIONAL_REPRESENTATION('',(#2403),#2407);
#2403 = LINE('',#2404,#2405);
#2404 = CARTESIAN_POINT('',(6.,-24.));
#2405 = VECTOR('',#2406,1.);
#2406 = DIRECTION('',(1.,0.));
#2407 = ( GEOMETRIC_REPRESENTATION_CONTEXT(2)
PARAMETRIC_REPRESENTATION_CONTEXT() REPRESENTATION_CONTEXT('2D SPACE',''
  ) );
#2408 = ORIENTED_EDGE('',*,*,#2409,.F.);
#2409 = EDGE_CURVE('',#2325,#2382,#2410,.T.);
#2410 = SURFACE_CURVE('',#2411,(#2416,#2423),.PCURVE_S1.);
#2411 = CIRCLE('',#2412,4.6);
#2412 = AXIS2_PLACEMENT_3D('',#2413,#2414,#2415);
#2413 = CARTESIAN_POINT('',(12.,-2.479117759422E-15,0.));
#2414 = DIRECTION('',(0.,1.224646799147E-16,1.));
#2415 = DIRECTION('',(3.861645303044E-16,-1.,1.224646799147E-16));
#2416 = PCURVE('',#72,#2417);
#2417 = DEFINITIONAL_REPRESENTATION('',(#2418),#2422);
#2418 = CIRCLE('',#2419,4.6);
#2419 = AXIS2_PLACEMENT_2D('',#2420,#2421);
#2420 = CARTESIAN_POINT('',(-12.,-1.455313013846E-16));
#2421 = DIRECTION('',(-3.861645303044E-16,1.));
#2422 = ( GEOMETRIC_REPRESENTATION_CONTEXT(2)
PARAMETRIC_REPRESENTATION_CONTEXT() REPRESENTATION_CONTEXT('2D SPACE',''
  ) );
#2423 = PCURVE('',#2424,#2429);
#2424 = CYLINDRICAL_SURFACE('',#2425,4.6);
#2425 = AXIS2_PLACEMENT_3D('',#2426,#2427,#2428);
#2426 = CARTESIAN_POINT('',(12.,4.600345585317E-16,24.));
#2427 = DIRECTION('',(0.,1.224646799147E-16,1.));
#2428 = DIRECTION('',(3.861645303044E-16,-1.,1.224646799147E-16));
#2429 = DEFINITIONAL_REPRESENTATION('',(#2430),#2434);
#2430 = LINE('',#2431,#2432);
#2431 = CARTESIAN_POINT('',(0.,-24.));
#2432 = VECTOR('',#2433,1.);
#2433 = DIRECTION('',(1.,0.));
#2434 = ( GEOMETRIC_REPRESENTATION_CONTEXT(2)
PARAMETRIC_REPRESENTATION_CONTEXT() REPRESENTATION_CONTEXT('2D SPACE',''
  ) );
#2435 = ADVANCED_FACE('',(#2436),#159,.T.);
#2436 = FACE_BOUND('',#2437,.T.);
#2437 = EDGE_LOOP('',(#2438,#2439,#2440,#2441));
#2438 = ORIENTED_EDGE('',*,*,#244,.T.);
#2439 = ORIENTED_EDGE('',*,*,#2298,.T.);
#2440 = ORIENTED_EDGE('',*,*,#141,.F.);
#2441 = ORIENTED_EDGE('',*,*,#294,.F.);
#2442 = ADVANCED_FACE('',(#2443),#344,.F.);
#2443 = FACE_BOUND('',#2444,.F.);
#2444 = EDGE_LOOP('',(#2445,#2475,#2496,#2497));
#2445 = ORIENTED_EDGE('',*,*,#2446,.F.);
#2446 = EDGE_CURVE('',#2447,#2449,#2451,.T.);
#2447 = VERTEX_POINT('',#2448);
#2448 = CARTESIAN_POINT('',(9.9609375E-02,8.3544921875,2.55));
#2449 = VERTEX_POINT('',#2450);
#2450 = CARTESIAN_POINT('',(0.1623046875,8.844921875,2.55));
#2451 = SURFACE_CURVE('',#2452,(#2456,#2463),.PCURVE_S1.);
#2452 = B_SPLINE_CURVE_WITH_KNOTS('',2,(#2453,#2454,#2455),
  .UNSPECIFIED.,.F.,.F.,(3,3),(0.,1.),.PIECEWISE_BEZIER_KNOTS.);
#2453 = CARTESIAN_POINT('',(9.9609375E-02,8.3544921875,2.55));
#2454 = CARTESIAN_POINT('',(9.9609375E-02,8.6591796875,2.55));
#2455 = CARTESIAN_POINT('',(0.1623046875,8.844921875,2.55));
#2456 = PCURVE('',#344,#2457);
#2457 = DEFINITIONAL_REPRESENTATION('',(#2458),#2462);
#2458 = LINE('',#2459,#2460);
#2459 = CARTESIAN_POINT('',(0.,0.));
#2460 = VECTOR('',#2461,1.);
#2461 = DIRECTION('',(1.,0.));
#2462 = ( GEOMETRIC_REPRESENTATION_CONTEXT(2)
PARAMETRIC_REPRESENTATION_CONTEXT() REPRESENTATION_CONTEXT('2D SPACE',''
  ) );
#2463 = PCURVE('',#2464,#2469);
#2464 = PLANE('',#2465);
#2465 = AXIS2_PLACEMENT_3D('',#2466,#2467,#2468);
#2466 = CARTESIAN_POINT('',(0.,7.5072265625,2.55));
#2467 = DIRECTION('',(0.,0.,1.));
#2468 = DIRECTION('',(1.,0.,0.));
#2469 = DEFINITIONAL_REPRESENTATION('',(#2470),#2474);
#2470 = B_SPLINE_CURVE_WITH_KNOTS('',2,(#2471,#2472,#2473),
  .UNSPECIFIED.,.F.,.F.,(3,3),(0.,1.),.PIECEWISE_BEZIER_KNOTS.);
#2471 = CARTESIAN_POINT('',(9.9609375E-02,0.847265625));
#2472 = CARTESIAN_POINT('',(9.9609375E-02,1.151953125));
#2473 = CARTESIAN_POINT('',(0.1623046875,1.3376953125));
#2474 = ( GEOMETRIC_REPRESENTATION_CONTEXT(2)
PARAMETRIC_REPRESENTATION_CONTEXT() REPRESENTATION_CONTEXT('2D SPACE',''
  ) );
#2475 = ORIENTED_EDGE('',*,*,#2476,.T.);
#2476 = EDGE_CURVE('',#2447,#321,#2477,.T.);
#2477 = SURFACE_CURVE('',#2478,(#2482,#2489),.PCURVE_S1.);
#2478 = LINE('',#2479,#2480);
#2479 = CARTESIAN_POINT('',(9.9609375E-02,8.3544921875,2.55));
#2480 = VECTOR('',#2481,1.);
#2481 = DIRECTION('',(0.,0.,1.));
#2482 = PCURVE('',#344,#2483);
#2483 = DEFINITIONAL_REPRESENTATION('',(#2484),#2488);
#2484 = LINE('',#2485,#2486);
#2485 = CARTESIAN_POINT('',(0.,0.));
#2486 = VECTOR('',#2487,1.);
#2487 = DIRECTION('',(0.,-1.));
#2488 = ( GEOMETRIC_REPRESENTATION_CONTEXT(2)
PARAMETRIC_REPRESENTATION_CONTEXT() REPRESENTATION_CONTEXT('2D SPACE',''
  ) );
#2489 = PCURVE('',#829,#2490);
#2490 = DEFINITIONAL_REPRESENTATION('',(#2491),#2495);
#2491 = LINE('',#2492,#2493);
#2492 = CARTESIAN_POINT('',(1.,0.));
#2493 = VECTOR('',#2494,1.);
#2494 = DIRECTION('',(0.,-1.));
#2495 = ( GEOMETRIC_REPRESENTATION_CONTEXT(2)
PARAMETRIC_REPRESENTATION_CONTEXT() REPRESENTATION_CONTEXT('2D SPACE',''
  ) );
#2496 = ORIENTED_EDGE('',*,*,#318,.F.);
#2497 = ORIENTED_EDGE('',*,*,#2498,.F.);
#2498 = EDGE_CURVE('',#2449,#319,#2499,.T.);
#2499 = SURFACE_CURVE('',#2500,(#2504,#2511),.PCURVE_S1.);
#2500 = LINE('',#2501,#2502);
#2501 = CARTESIAN_POINT('',(0.1623046875,8.844921875,2.55));
#2502 = VECTOR('',#2503,1.);
#2503 = DIRECTION('',(0.,0.,1.));
#2504 = PCURVE('',#344,#2505);
#2505 = DEFINITIONAL_REPRESENTATION('',(#2506),#2510);
#2506 = LINE('',#2507,#2508);
#2507 = CARTESIAN_POINT('',(1.,0.));
#2508 = VECTOR('',#2509,1.);
#2509 = DIRECTION('',(0.,-1.));
#2510 = ( GEOMETRIC_REPRESENTATION_CONTEXT(2)
PARAMETRIC_REPRESENTATION_CONTEXT() REPRESENTATION_CONTEXT('2D SPACE',''
  ) );
#2511 = PCURVE('',#384,#2512);
#2512 = DEFINITIONAL_REPRESENTATION('',(#2513),#2517);
#2513 = LINE('',#2514,#2515);
#2514 = CARTESIAN_POINT('',(0.,0.));
#2515 = VECTOR('',#2516,1.);
#2516 = DIRECTION('',(0.,-1.));
#2517 = ( GEOMETRIC_REPRESENTATION_CONTEXT(2)
PARAMETRIC_REPRESENTATION_CONTEXT() REPRESENTATION_CONTEXT('2D SPACE',''
  ) );
#2518 = ADVANCED_FACE('',(#2519),#829,.F.);
#2519 = FACE_BOUND('',#2520,.F.);
#2520 = EDGE_LOOP('',(#2521,#2544,#2565,#2566));
#2521 = ORIENTED_EDGE('',*,*,#2522,.F.);
#2522 = EDGE_CURVE('',#2523,#2447,#2525,.T.);
#2523 = VERTEX_POINT('',#2524);
#2524 = CARTESIAN_POINT('',(0.26953125,7.6560546875,2.55));
#2525 = SURFACE_CURVE('',#2526,(#2530,#2537),.PCURVE_S1.);
#2526 = B_SPLINE_CURVE_WITH_KNOTS('',2,(#2527,#2528,#2529),
  .UNSPECIFIED.,.F.,.F.,(3,3),(0.,1.),.PIECEWISE_BEZIER_KNOTS.);
#2527 = CARTESIAN_POINT('',(0.26953125,7.6560546875,2.55));
#2528 = CARTESIAN_POINT('',(9.9609375E-02,7.8705078125,2.55));
#2529 = CARTESIAN_POINT('',(9.9609375E-02,8.3544921875,2.55));
#2530 = PCURVE('',#829,#2531);
#2531 = DEFINITIONAL_REPRESENTATION('',(#2532),#2536);
#2532 = LINE('',#2533,#2534);
#2533 = CARTESIAN_POINT('',(0.,0.));
#2534 = VECTOR('',#2535,1.);
#2535 = DIRECTION('',(1.,0.));
#2536 = ( GEOMETRIC_REPRESENTATION_CONTEXT(2)
PARAMETRIC_REPRESENTATION_CONTEXT() REPRESENTATION_CONTEXT('2D SPACE',''
  ) );
#2537 = PCURVE('',#2464,#2538);
#2538 = DEFINITIONAL_REPRESENTATION('',(#2539),#2543);
#2539 = B_SPLINE_CURVE_WITH_KNOTS('',2,(#2540,#2541,#2542),
  .UNSPECIFIED.,.F.,.F.,(3,3),(0.,1.),.PIECEWISE_BEZIER_KNOTS.);
#2540 = CARTESIAN_POINT('',(0.26953125,0.148828125));
#2541 = CARTESIAN_POINT('',(9.9609375E-02,0.36328125));
#2542 = CARTESIAN_POINT('',(9.9609375E-02,0.847265625));
#2543 = ( GEOMETRIC_REPRESENTATION_CONTEXT(2)
PARAMETRIC_REPRESENTATION_CONTEXT() REPRESENTATION_CONTEXT('2D SPACE',''
  ) );
#2544 = ORIENTED_EDGE('',*,*,#2545,.T.);
#2545 = EDGE_CURVE('',#2523,#747,#2546,.T.);
#2546 = SURFACE_CURVE('',#2547,(#2551,#2558),.PCURVE_S1.);
#2547 = LINE('',#2548,#2549);
#2548 = CARTESIAN_POINT('',(0.26953125,7.6560546875,2.55));
#2549 = VECTOR('',#2550,1.);
#2550 = DIRECTION('',(0.,0.,1.));
#2551 = PCURVE('',#829,#2552);
#2552 = DEFINITIONAL_REPRESENTATION('',(#2553),#2557);
#2553 = LINE('',#2554,#2555);
#2554 = CARTESIAN_POINT('',(0.,0.));
#2555 = VECTOR('',#2556,1.);
#2556 = DIRECTION('',(0.,-1.));
#2557 = ( GEOMETRIC_REPRESENTATION_CONTEXT(2)
PARAMETRIC_REPRESENTATION_CONTEXT() REPRESENTATION_CONTEXT('2D SPACE',''
  ) );
#2558 = PCURVE('',#776,#2559);
#2559 = DEFINITIONAL_REPRESENTATION('',(#2560),#2564);
#2560 = LINE('',#2561,#2562);
#2561 = CARTESIAN_POINT('',(1.,0.));
#2562 = VECTOR('',#2563,1.);
#2563 = DIRECTION('',(0.,-1.));
#2564 = ( GEOMETRIC_REPRESENTATION_CONTEXT(2)
PARAMETRIC_REPRESENTATION_CONTEXT() REPRESENTATION_CONTEXT('2D SPACE',''
  ) );
#2565 = ORIENTED_EDGE('',*,*,#797,.F.);
#2566 = ORIENTED_EDGE('',*,*,#2476,.F.);
#2567 = ADVANCED_FACE('',(#2568),#776,.F.);
#2568 = FACE_BOUND('',#2569,.F.);
#2569 = EDGE_LOOP('',(#2570,#2593,#2614,#2615));
#2570 = ORIENTED_EDGE('',*,*,#2571,.F.);
#2571 = EDGE_CURVE('',#2572,#2523,#2574,.T.);
#2572 = VERTEX_POINT('',#2573);
#2573 = CARTESIAN_POINT('',(0.659765625,7.4779296875,2.55));
#2574 = SURFACE_CURVE('',#2575,(#2579,#2586),.PCURVE_S1.);
#2575 = B_SPLINE_CURVE_WITH_KNOTS('',2,(#2576,#2577,#2578),
  .UNSPECIFIED.,.F.,.F.,(3,3),(0.,1.),.PIECEWISE_BEZIER_KNOTS.);
#2576 = CARTESIAN_POINT('',(0.659765625,7.4779296875,2.55));
#2577 = CARTESIAN_POINT('',(0.411328125,7.4779296875,2.55));
#2578 = CARTESIAN_POINT('',(0.26953125,7.6560546875,2.55));
#2579 = PCURVE('',#776,#2580);
#2580 = DEFINITIONAL_REPRESENTATION('',(#2581),#2585);
#2581 = LINE('',#2582,#2583);
#2582 = CARTESIAN_POINT('',(0.,0.));
#2583 = VECTOR('',#2584,1.);
#2584 = DIRECTION('',(1.,0.));
#2585 = ( GEOMETRIC_REPRESENTATION_CONTEXT(2)
PARAMETRIC_REPRESENTATION_CONTEXT() REPRESENTATION_CONTEXT('2D SPACE',''
  ) );
#2586 = PCURVE('',#2464,#2587);
#2587 = DEFINITIONAL_REPRESENTATION('',(#2588),#2592);
#2588 = B_SPLINE_CURVE_WITH_KNOTS('',2,(#2589,#2590,#2591),
  .UNSPECIFIED.,.F.,.F.,(3,3),(0.,1.),.PIECEWISE_BEZIER_KNOTS.);
#2589 = CARTESIAN_POINT('',(0.659765625,-2.9296875E-02));
#2590 = CARTESIAN_POINT('',(0.411328125,-2.9296875E-02));
#2591 = CARTESIAN_POINT('',(0.26953125,0.148828125));
#2592 = ( GEOMETRIC_REPRESENTATION_CONTEXT(2)
PARAMETRIC_REPRESENTATION_CONTEXT() REPRESENTATION_CONTEXT('2D SPACE',''
  ) );
#2593 = ORIENTED_EDGE('',*,*,#2594,.T.);
#2594 = EDGE_CURVE('',#2572,#696,#2595,.T.);
#2595 = SURFACE_CURVE('',#2596,(#2600,#2607),.PCURVE_S1.);
#2596 = LINE('',#2597,#2598);
#2597 = CARTESIAN_POINT('',(0.659765625,7.4779296875,2.55));
#2598 = VECTOR('',#2599,1.);
#2599 = DIRECTION('',(0.,0.,1.));
#2600 = PCURVE('',#776,#2601);
#2601 = DEFINITIONAL_REPRESENTATION('',(#2602),#2606);
#2602 = LINE('',#2603,#2604);
#2603 = CARTESIAN_POINT('',(0.,0.));
#2604 = VECTOR('',#2605,1.);
#2605 = DIRECTION('',(0.,-1.));
#2606 = ( GEOMETRIC_REPRESENTATION_CONTEXT(2)
PARAMETRIC_REPRESENTATION_CONTEXT() REPRESENTATION_CONTEXT('2D SPACE',''
  ) );
#2607 = PCURVE('',#725,#2608);
#2608 = DEFINITIONAL_REPRESENTATION('',(#2609),#2613);
#2609 = LINE('',#2610,#2611);
#2610 = CARTESIAN_POINT('',(1.,0.));
#2611 = VECTOR('',#2612,1.);
#2612 = DIRECTION('',(0.,-1.));
#2613 = ( GEOMETRIC_REPRESENTATION_CONTEXT(2)
PARAMETRIC_REPRESENTATION_CONTEXT() REPRESENTATION_CONTEXT('2D SPACE',''
  ) );
#2614 = ORIENTED_EDGE('',*,*,#746,.F.);
#2615 = ORIENTED_EDGE('',*,*,#2545,.F.);
#2616 = ADVANCED_FACE('',(#2617),#725,.F.);
#2617 = FACE_BOUND('',#2618,.F.);
#2618 = EDGE_LOOP('',(#2619,#2642,#2663,#2664));
#2619 = ORIENTED_EDGE('',*,*,#2620,.F.);
#2620 = EDGE_CURVE('',#2621,#2572,#2623,.T.);
#2621 = VERTEX_POINT('',#2622);
#2622 = CARTESIAN_POINT('',(0.9720703125,7.579296875,2.55));
#2623 = SURFACE_CURVE('',#2624,(#2628,#2635),.PCURVE_S1.);
#2624 = B_SPLINE_CURVE_WITH_KNOTS('',2,(#2625,#2626,#2627),
  .UNSPECIFIED.,.F.,.F.,(3,3),(0.,1.),.PIECEWISE_BEZIER_KNOTS.);
#2625 = CARTESIAN_POINT('',(0.9720703125,7.579296875,2.55));
#2626 = CARTESIAN_POINT('',(0.8484375,7.4779296875,2.55));
#2627 = CARTESIAN_POINT('',(0.659765625,7.4779296875,2.55));
#2628 = PCURVE('',#725,#2629);
#2629 = DEFINITIONAL_REPRESENTATION('',(#2630),#2634);
#2630 = LINE('',#2631,#2632);
#2631 = CARTESIAN_POINT('',(0.,0.));
#2632 = VECTOR('',#2633,1.);
#2633 = DIRECTION('',(1.,0.));
#2634 = ( GEOMETRIC_REPRESENTATION_CONTEXT(2)
PARAMETRIC_REPRESENTATION_CONTEXT() REPRESENTATION_CONTEXT('2D SPACE',''
  ) );
#2635 = PCURVE('',#2464,#2636);
#2636 = DEFINITIONAL_REPRESENTATION('',(#2637),#2641);
#2637 = B_SPLINE_CURVE_WITH_KNOTS('',2,(#2638,#2639,#2640),
  .UNSPECIFIED.,.F.,.F.,(3,3),(0.,1.),.PIECEWISE_BEZIER_KNOTS.);
#2638 = CARTESIAN_POINT('',(0.9720703125,7.20703125E-02));
#2639 = CARTESIAN_POINT('',(0.8484375,-2.9296875E-02));
#2640 = CARTESIAN_POINT('',(0.659765625,-2.9296875E-02));
#2641 = ( GEOMETRIC_REPRESENTATION_CONTEXT(2)
PARAMETRIC_REPRESENTATION_CONTEXT() REPRESENTATION_CONTEXT('2D SPACE',''
  ) );
#2642 = ORIENTED_EDGE('',*,*,#2643,.T.);
#2643 = EDGE_CURVE('',#2621,#657,#2644,.T.);
#2644 = SURFACE_CURVE('',#2645,(#2649,#2656),.PCURVE_S1.);
#2645 = LINE('',#2646,#2647);
#2646 = CARTESIAN_POINT('',(0.9720703125,7.579296875,2.55));
#2647 = VECTOR('',#2648,1.);
#2648 = DIRECTION('',(0.,0.,1.));
#2649 = PCURVE('',#725,#2650);
#2650 = DEFINITIONAL_REPRESENTATION('',(#2651),#2655);
#2651 = LINE('',#2652,#2653);
#2652 = CARTESIAN_POINT('',(0.,0.));
#2653 = VECTOR('',#2654,1.);
#2654 = DIRECTION('',(0.,-1.));
#2655 = ( GEOMETRIC_REPRESENTATION_CONTEXT(2)
PARAMETRIC_REPRESENTATION_CONTEXT() REPRESENTATION_CONTEXT('2D SPACE',''
  ) );
#2656 = PCURVE('',#678,#2657);
#2657 = DEFINITIONAL_REPRESENTATION('',(#2658),#2662);
#2658 = LINE('',#2659,#2660);
#2659 = CARTESIAN_POINT('',(1.,0.));
#2660 = VECTOR('',#2661,1.);
#2661 = DIRECTION('',(0.,-1.));
#2662 = ( GEOMETRIC_REPRESENTATION_CONTEXT(2)
PARAMETRIC_REPRESENTATION_CONTEXT() REPRESENTATION_CONTEXT('2D SPACE',''
  ) );
#2663 = ORIENTED_EDGE('',*,*,#695,.F.);
#2664 = ORIENTED_EDGE('',*,*,#2594,.F.);
#2665 = ADVANCED_FACE('',(#2666),#678,.F.);
#2666 = FACE_BOUND('',#2667,.F.);
#2667 = EDGE_LOOP('',(#2668,#2691,#2712,#2713));
#2668 = ORIENTED_EDGE('',*,*,#2669,.F.);
#2669 = EDGE_CURVE('',#2670,#2621,#2672,.T.);
#2670 = VERTEX_POINT('',#2671);
#2671 = CARTESIAN_POINT('',(1.1578125,7.86640625,2.55));
#2672 = SURFACE_CURVE('',#2673,(#2677,#2684),.PCURVE_S1.);
#2673 = B_SPLINE_CURVE_WITH_KNOTS('',2,(#2674,#2675,#2676),
  .UNSPECIFIED.,.F.,.F.,(3,3),(0.,1.),.PIECEWISE_BEZIER_KNOTS.);
#2674 = CARTESIAN_POINT('',(1.1578125,7.86640625,2.55));
#2675 = CARTESIAN_POINT('',(1.095703125,7.6806640625,2.55));
#2676 = CARTESIAN_POINT('',(0.9720703125,7.579296875,2.55));
#2677 = PCURVE('',#678,#2678);
#2678 = DEFINITIONAL_REPRESENTATION('',(#2679),#2683);
#2679 = LINE('',#2680,#2681);
#2680 = CARTESIAN_POINT('',(0.,0.));
#2681 = VECTOR('',#2682,1.);
#2682 = DIRECTION('',(1.,0.));
#2683 = ( GEOMETRIC_REPRESENTATION_CONTEXT(2)
PARAMETRIC_REPRESENTATION_CONTEXT() REPRESENTATION_CONTEXT('2D SPACE',''
  ) );
#2684 = PCURVE('',#2464,#2685);
#2685 = DEFINITIONAL_REPRESENTATION('',(#2686),#2690);
#2686 = B_SPLINE_CURVE_WITH_KNOTS('',2,(#2687,#2688,#2689),
  .UNSPECIFIED.,.F.,.F.,(3,3),(0.,1.),.PIECEWISE_BEZIER_KNOTS.);
#2687 = CARTESIAN_POINT('',(1.1578125,0.3591796875));
#2688 = CARTESIAN_POINT('',(1.095703125,0.1734375));
#2689 = CARTESIAN_POINT('',(0.9720703125,7.20703125E-02));
#2690 = ( GEOMETRIC_REPRESENTATION_CONTEXT(2)
PARAMETRIC_REPRESENTATION_CONTEXT() REPRESENTATION_CONTEXT('2D SPACE',''
  ) );
#2691 = ORIENTED_EDGE('',*,*,#2692,.T.);
#2692 = EDGE_CURVE('',#2670,#615,#2693,.T.);
#2693 = SURFACE_CURVE('',#2694,(#2698,#2705),.PCURVE_S1.);
#2694 = LINE('',#2695,#2696);
#2695 = CARTESIAN_POINT('',(1.1578125,7.86640625,2.55));
#2696 = VECTOR('',#2697,1.);
#2697 = DIRECTION('',(0.,0.,1.));
#2698 = PCURVE('',#678,#2699);
#2699 = DEFINITIONAL_REPRESENTATION('',(#2700),#2704);
#2700 = LINE('',#2701,#2702);
#2701 = CARTESIAN_POINT('',(0.,0.));
#2702 = VECTOR('',#2703,1.);
#2703 = DIRECTION('',(0.,-1.));
#2704 = ( GEOMETRIC_REPRESENTATION_CONTEXT(2)
PARAMETRIC_REPRESENTATION_CONTEXT() REPRESENTATION_CONTEXT('2D SPACE',''
  ) );
#2705 = PCURVE('',#638,#2706);
#2706 = DEFINITIONAL_REPRESENTATION('',(#2707),#2711);
#2707 = LINE('',#2708,#2709);
#2708 = CARTESIAN_POINT('',(1.,0.));
#2709 = VECTOR('',#2710,1.);
#2710 = DIRECTION('',(0.,-1.));
#2711 = ( GEOMETRIC_REPRESENTATION_CONTEXT(2)
PARAMETRIC_REPRESENTATION_CONTEXT() REPRESENTATION_CONTEXT('2D SPACE',''
  ) );
#2712 = ORIENTED_EDGE('',*,*,#656,.F.);
#2713 = ORIENTED_EDGE('',*,*,#2643,.F.);
#2714 = ADVANCED_FACE('',(#2715),#638,.F.);
#2715 = FACE_BOUND('',#2716,.F.);
#2716 = EDGE_LOOP('',(#2717,#2740,#2761,#2762));
#2717 = ORIENTED_EDGE('',*,*,#2718,.F.);
#2718 = EDGE_CURVE('',#2719,#2670,#2721,.T.);
#2719 = VERTEX_POINT('',#2720);
#2720 = CARTESIAN_POINT('',(1.219921875,8.3544921875,2.55));
#2721 = SURFACE_CURVE('',#2722,(#2726,#2733),.PCURVE_S1.);
#2722 = B_SPLINE_CURVE_WITH_KNOTS('',2,(#2723,#2724,#2725),
  .UNSPECIFIED.,.F.,.F.,(3,3),(0.,1.),.PIECEWISE_BEZIER_KNOTS.);
#2723 = CARTESIAN_POINT('',(1.219921875,8.3544921875,2.55));
#2724 = CARTESIAN_POINT('',(1.219921875,8.0521484375,2.55));
#2725 = CARTESIAN_POINT('',(1.1578125,7.86640625,2.55));
#2726 = PCURVE('',#638,#2727);
#2727 = DEFINITIONAL_REPRESENTATION('',(#2728),#2732);
#2728 = LINE('',#2729,#2730);
#2729 = CARTESIAN_POINT('',(0.,0.));
#2730 = VECTOR('',#2731,1.);
#2731 = DIRECTION('',(1.,0.));
#2732 = ( GEOMETRIC_REPRESENTATION_CONTEXT(2)
PARAMETRIC_REPRESENTATION_CONTEXT() REPRESENTATION_CONTEXT('2D SPACE',''
  ) );
#2733 = PCURVE('',#2464,#2734);
#2734 = DEFINITIONAL_REPRESENTATION('',(#2735),#2739);
#2735 = B_SPLINE_CURVE_WITH_KNOTS('',2,(#2736,#2737,#2738),
  .UNSPECIFIED.,.F.,.F.,(3,3),(0.,1.),.PIECEWISE_BEZIER_KNOTS.);
#2736 = CARTESIAN_POINT('',(1.219921875,0.847265625));
#2737 = CARTESIAN_POINT('',(1.219921875,0.544921875));
#2738 = CARTESIAN_POINT('',(1.1578125,0.3591796875));
#2739 = ( GEOMETRIC_REPRESENTATION_CONTEXT(2)
PARAMETRIC_REPRESENTATION_CONTEXT() REPRESENTATION_CONTEXT('2D SPACE',''
  ) );
#2740 = ORIENTED_EDGE('',*,*,#2741,.T.);
#2741 = EDGE_CURVE('',#2719,#576,#2742,.T.);
#2742 = SURFACE_CURVE('',#2743,(#2747,#2754),.PCURVE_S1.);
#2743 = LINE('',#2744,#2745);
#2744 = CARTESIAN_POINT('',(1.219921875,8.3544921875,2.55));
#2745 = VECTOR('',#2746,1.);
#2746 = DIRECTION('',(0.,0.,1.));
#2747 = PCURVE('',#638,#2748);
#2748 = DEFINITIONAL_REPRESENTATION('',(#2749),#2753);
#2749 = LINE('',#2750,#2751);
#2750 = CARTESIAN_POINT('',(0.,0.));
#2751 = VECTOR('',#2752,1.);
#2752 = DIRECTION('',(0.,-1.));
#2753 = ( GEOMETRIC_REPRESENTATION_CONTEXT(2)
PARAMETRIC_REPRESENTATION_CONTEXT() REPRESENTATION_CONTEXT('2D SPACE',''
  ) );
#2754 = PCURVE('',#597,#2755);
#2755 = DEFINITIONAL_REPRESENTATION('',(#2756),#2760);
#2756 = LINE('',#2757,#2758);
#2757 = CARTESIAN_POINT('',(1.,0.));
#2758 = VECTOR('',#2759,1.);
#2759 = DIRECTION('',(0.,-1.));
#2760 = ( GEOMETRIC_REPRESENTATION_CONTEXT(2)
PARAMETRIC_REPRESENTATION_CONTEXT() REPRESENTATION_CONTEXT('2D SPACE',''
  ) );
#2761 = ORIENTED_EDGE('',*,*,#614,.F.);
#2762 = ORIENTED_EDGE('',*,*,#2692,.F.);
#2763 = ADVANCED_FACE('',(#2764),#597,.F.);
#2764 = FACE_BOUND('',#2765,.F.);
#2765 = EDGE_LOOP('',(#2766,#2789,#2810,#2811));
#2766 = ORIENTED_EDGE('',*,*,#2767,.F.);
#2767 = EDGE_CURVE('',#2768,#2719,#2770,.T.);
#2768 = VERTEX_POINT('',#2769);
#2769 = CARTESIAN_POINT('',(1.18125,8.760546875,2.55));
#2770 = SURFACE_CURVE('',#2771,(#2775,#2782),.PCURVE_S1.);
#2771 = B_SPLINE_CURVE_WITH_KNOTS('',2,(#2772,#2773,#2774),
  .UNSPECIFIED.,.F.,.F.,(3,3),(0.,1.),.PIECEWISE_BEZIER_KNOTS.);
#2772 = CARTESIAN_POINT('',(1.18125,8.760546875,2.55));
#2773 = CARTESIAN_POINT('',(1.219921875,8.6099609375,2.55));
#2774 = CARTESIAN_POINT('',(1.219921875,8.3544921875,2.55));
#2775 = PCURVE('',#597,#2776);
#2776 = DEFINITIONAL_REPRESENTATION('',(#2777),#2781);
#2777 = LINE('',#2778,#2779);
#2778 = CARTESIAN_POINT('',(0.,0.));
#2779 = VECTOR('',#2780,1.);
#2780 = DIRECTION('',(1.,0.));
#2781 = ( GEOMETRIC_REPRESENTATION_CONTEXT(2)
PARAMETRIC_REPRESENTATION_CONTEXT() REPRESENTATION_CONTEXT('2D SPACE',''
  ) );
#2782 = PCURVE('',#2464,#2783);
#2783 = DEFINITIONAL_REPRESENTATION('',(#2784),#2788);
#2784 = B_SPLINE_CURVE_WITH_KNOTS('',2,(#2785,#2786,#2787),
  .UNSPECIFIED.,.F.,.F.,(3,3),(0.,1.),.PIECEWISE_BEZIER_KNOTS.);
#2785 = CARTESIAN_POINT('',(1.18125,1.2533203125));
#2786 = CARTESIAN_POINT('',(1.219921875,1.102734375));
#2787 = CARTESIAN_POINT('',(1.219921875,0.847265625));
#2788 = ( GEOMETRIC_REPRESENTATION_CONTEXT(2)
PARAMETRIC_REPRESENTATION_CONTEXT() REPRESENTATION_CONTEXT('2D SPACE',''
  ) );
#2789 = ORIENTED_EDGE('',*,*,#2790,.T.);
#2790 = EDGE_CURVE('',#2768,#537,#2791,.T.);
#2791 = SURFACE_CURVE('',#2792,(#2796,#2803),.PCURVE_S1.);
#2792 = LINE('',#2793,#2794);
#2793 = CARTESIAN_POINT('',(1.18125,8.760546875,2.55));
#2794 = VECTOR('',#2795,1.);
#2795 = DIRECTION('',(0.,0.,1.));
#2796 = PCURVE('',#597,#2797);
#2797 = DEFINITIONAL_REPRESENTATION('',(#2798),#2802);
#2798 = LINE('',#2799,#2800);
#2799 = CARTESIAN_POINT('',(0.,0.));
#2800 = VECTOR('',#2801,1.);
#2801 = DIRECTION('',(0.,-1.));
#2802 = ( GEOMETRIC_REPRESENTATION_CONTEXT(2)
PARAMETRIC_REPRESENTATION_CONTEXT() REPRESENTATION_CONTEXT('2D SPACE',''
  ) );
#2803 = PCURVE('',#558,#2804);
#2804 = DEFINITIONAL_REPRESENTATION('',(#2805),#2809);
#2805 = LINE('',#2806,#2807);
#2806 = CARTESIAN_POINT('',(1.,0.));
#2807 = VECTOR('',#2808,1.);
#2808 = DIRECTION('',(0.,-1.));
#2809 = ( GEOMETRIC_REPRESENTATION_CONTEXT(2)
PARAMETRIC_REPRESENTATION_CONTEXT() REPRESENTATION_CONTEXT('2D SPACE',''
  ) );
#2810 = ORIENTED_EDGE('',*,*,#575,.F.);
#2811 = ORIENTED_EDGE('',*,*,#2741,.F.);
#2812 = ADVANCED_FACE('',(#2813),#558,.F.);
#2813 = FACE_BOUND('',#2814,.F.);
#2814 = EDGE_LOOP('',(#2815,#2838,#2859,#2860));
#2815 = ORIENTED_EDGE('',*,*,#2816,.F.);
#2816 = EDGE_CURVE('',#2817,#2768,#2819,.T.);
#2817 = VERTEX_POINT('',#2818);
#2818 = CARTESIAN_POINT('',(1.074609375,9.016015625,2.55));
#2819 = SURFACE_CURVE('',#2820,(#2824,#2831),.PCURVE_S1.);
#2820 = B_SPLINE_CURVE_WITH_KNOTS('',2,(#2821,#2822,#2823),
  .UNSPECIFIED.,.F.,.F.,(3,3),(0.,1.),.PIECEWISE_BEZIER_KNOTS.);
#2821 = CARTESIAN_POINT('',(1.074609375,9.016015625,2.55));
#2822 = CARTESIAN_POINT('',(1.142578125,8.9111328125,2.55));
#2823 = CARTESIAN_POINT('',(1.18125,8.760546875,2.55));
#2824 = PCURVE('',#558,#2825);
#2825 = DEFINITIONAL_REPRESENTATION('',(#2826),#2830);
#2826 = LINE('',#2827,#2828);
#2827 = CARTESIAN_POINT('',(0.,0.));
#2828 = VECTOR('',#2829,1.);
#2829 = DIRECTION('',(1.,0.));
#2830 = ( GEOMETRIC_REPRESENTATION_CONTEXT(2)
PARAMETRIC_REPRESENTATION_CONTEXT() REPRESENTATION_CONTEXT('2D SPACE',''
  ) );
#2831 = PCURVE('',#2464,#2832);
#2832 = DEFINITIONAL_REPRESENTATION('',(#2833),#2837);
#2833 = B_SPLINE_CURVE_WITH_KNOTS('',2,(#2834,#2835,#2836),
  .UNSPECIFIED.,.F.,.F.,(3,3),(0.,1.),.PIECEWISE_BEZIER_KNOTS.);
#2834 = CARTESIAN_POINT('',(1.074609375,1.5087890625));
#2835 = CARTESIAN_POINT('',(1.142578125,1.40390625));
#2836 = CARTESIAN_POINT('',(1.18125,1.2533203125));
#2837 = ( GEOMETRIC_REPRESENTATION_CONTEXT(2)
PARAMETRIC_REPRESENTATION_CONTEXT() REPRESENTATION_CONTEXT('2D SPACE',''
  ) );
#2838 = ORIENTED_EDGE('',*,*,#2839,.T.);
#2839 = EDGE_CURVE('',#2817,#492,#2840,.T.);
#2840 = SURFACE_CURVE('',#2841,(#2845,#2852),.PCURVE_S1.);
#2841 = LINE('',#2842,#2843);
#2842 = CARTESIAN_POINT('',(1.074609375,9.016015625,2.55));
#2843 = VECTOR('',#2844,1.);
#2844 = DIRECTION('',(0.,0.,1.));
#2845 = PCURVE('',#558,#2846);
#2846 = DEFINITIONAL_REPRESENTATION('',(#2847),#2851);
#2847 = LINE('',#2848,#2849);
#2848 = CARTESIAN_POINT('',(0.,0.));
#2849 = VECTOR('',#2850,1.);
#2850 = DIRECTION('',(0.,-1.));
#2851 = ( GEOMETRIC_REPRESENTATION_CONTEXT(2)
PARAMETRIC_REPRESENTATION_CONTEXT() REPRESENTATION_CONTEXT('2D SPACE',''
  ) );
#2852 = PCURVE('',#517,#2853);
#2853 = DEFINITIONAL_REPRESENTATION('',(#2854),#2858);
#2854 = LINE('',#2855,#2856);
#2855 = CARTESIAN_POINT('',(1.,0.));
#2856 = VECTOR('',#2857,1.);
#2857 = DIRECTION('',(0.,-1.));
#2858 = ( GEOMETRIC_REPRESENTATION_CONTEXT(2)
PARAMETRIC_REPRESENTATION_CONTEXT() REPRESENTATION_CONTEXT('2D SPACE',''
  ) );
#2859 = ORIENTED_EDGE('',*,*,#536,.F.);
#2860 = ORIENTED_EDGE('',*,*,#2790,.F.);
#2861 = ADVANCED_FACE('',(#2862),#517,.F.);
#2862 = FACE_BOUND('',#2863,.F.);
#2863 = EDGE_LOOP('',(#2864,#2887,#2908,#2909));
#2864 = ORIENTED_EDGE('',*,*,#2865,.F.);
#2865 = EDGE_CURVE('',#2866,#2817,#2868,.T.);
#2866 = VERTEX_POINT('',#2867);
#2867 = CARTESIAN_POINT('',(0.90234375,9.1765625,2.55));
#2868 = SURFACE_CURVE('',#2869,(#2873,#2880),.PCURVE_S1.);
#2869 = B_SPLINE_CURVE_WITH_KNOTS('',2,(#2870,#2871,#2872),
  .UNSPECIFIED.,.F.,.F.,(3,3),(0.,1.),.PIECEWISE_BEZIER_KNOTS.);
#2870 = CARTESIAN_POINT('',(0.90234375,9.1765625,2.55));
#2871 = CARTESIAN_POINT('',(1.006640625,9.1208984375,2.55));
#2872 = CARTESIAN_POINT('',(1.074609375,9.016015625,2.55));
#2873 = PCURVE('',#517,#2874);
#2874 = DEFINITIONAL_REPRESENTATION('',(#2875),#2879);
#2875 = LINE('',#2876,#2877);
#2876 = CARTESIAN_POINT('',(0.,0.));
#2877 = VECTOR('',#2878,1.);
#2878 = DIRECTION('',(1.,0.));
#2879 = ( GEOMETRIC_REPRESENTATION_CONTEXT(2)
PARAMETRIC_REPRESENTATION_CONTEXT() REPRESENTATION_CONTEXT('2D SPACE',''
  ) );
#2880 = PCURVE('',#2464,#2881);
#2881 = DEFINITIONAL_REPRESENTATION('',(#2882),#2886);
#2882 = B_SPLINE_CURVE_WITH_KNOTS('',2,(#2883,#2884,#2885),
  .UNSPECIFIED.,.F.,.F.,(3,3),(0.,1.),.PIECEWISE_BEZIER_KNOTS.);
#2883 = CARTESIAN_POINT('',(0.90234375,1.6693359375));
#2884 = CARTESIAN_POINT('',(1.006640625,1.613671875));
#2885 = CARTESIAN_POINT('',(1.074609375,1.5087890625));
#2886 = ( GEOMETRIC_REPRESENTATION_CONTEXT(2)
PARAMETRIC_REPRESENTATION_CONTEXT() REPRESENTATION_CONTEXT('2D SPACE',''
  ) );
#2887 = ORIENTED_EDGE('',*,*,#2888,.T.);
#2888 = EDGE_CURVE('',#2866,#453,#2889,.T.);
#2889 = SURFACE_CURVE('',#2890,(#2894,#2901),.PCURVE_S1.);
#2890 = LINE('',#2891,#2892);
#2891 = CARTESIAN_POINT('',(0.90234375,9.1765625,2.55));
#2892 = VECTOR('',#2893,1.);
#2893 = DIRECTION('',(0.,0.,1.));
#2894 = PCURVE('',#517,#2895);
#2895 = DEFINITIONAL_REPRESENTATION('',(#2896),#2900);
#2896 = LINE('',#2897,#2898);
#2897 = CARTESIAN_POINT('',(0.,0.));
#2898 = VECTOR('',#2899,1.);
#2899 = DIRECTION('',(0.,-1.));
#2900 = ( GEOMETRIC_REPRESENTATION_CONTEXT(2)
PARAMETRIC_REPRESENTATION_CONTEXT() REPRESENTATION_CONTEXT('2D SPACE',''
  ) );
#2901 = PCURVE('',#474,#2902);
#2902 = DEFINITIONAL_REPRESENTATION('',(#2903),#2907);
#2903 = LINE('',#2904,#2905);
#2904 = CARTESIAN_POINT('',(1.,0.));
#2905 = VECTOR('',#2906,1.);
#2906 = DIRECTION('',(0.,-1.));
#2907 = ( GEOMETRIC_REPRESENTATION_CONTEXT(2)
PARAMETRIC_REPRESENTATION_CONTEXT() REPRESENTATION_CONTEXT('2D SPACE',''
  ) );
#2908 = ORIENTED_EDGE('',*,*,#491,.F.);
#2909 = ORIENTED_EDGE('',*,*,#2839,.F.);
#2910 = ADVANCED_FACE('',(#2911),#474,.F.);
#2911 = FACE_BOUND('',#2912,.F.);
#2912 = EDGE_LOOP('',(#2913,#2936,#2957,#2958));
#2913 = ORIENTED_EDGE('',*,*,#2914,.F.);
#2914 = EDGE_CURVE('',#2915,#2866,#2917,.T.);
#2915 = VERTEX_POINT('',#2916);
#2916 = CARTESIAN_POINT('',(0.659765625,9.2322265625,2.55));
#2917 = SURFACE_CURVE('',#2918,(#2922,#2929),.PCURVE_S1.);
#2918 = B_SPLINE_CURVE_WITH_KNOTS('',2,(#2919,#2920,#2921),
  .UNSPECIFIED.,.F.,.F.,(3,3),(0.,1.),.PIECEWISE_BEZIER_KNOTS.);
#2919 = CARTESIAN_POINT('',(0.659765625,9.2322265625,2.55));
#2920 = CARTESIAN_POINT('',(0.798046875,9.2322265625,2.55));
#2921 = CARTESIAN_POINT('',(0.90234375,9.1765625,2.55));
#2922 = PCURVE('',#474,#2923);
#2923 = DEFINITIONAL_REPRESENTATION('',(#2924),#2928);
#2924 = LINE('',#2925,#2926);
#2925 = CARTESIAN_POINT('',(0.,0.));
#2926 = VECTOR('',#2927,1.);
#2927 = DIRECTION('',(1.,0.));
#2928 = ( GEOMETRIC_REPRESENTATION_CONTEXT(2)
PARAMETRIC_REPRESENTATION_CONTEXT() REPRESENTATION_CONTEXT('2D SPACE',''
  ) );
#2929 = PCURVE('',#2464,#2930);
#2930 = DEFINITIONAL_REPRESENTATION('',(#2931),#2935);
#2931 = B_SPLINE_CURVE_WITH_KNOTS('',2,(#2932,#2933,#2934),
  .UNSPECIFIED.,.F.,.F.,(3,3),(0.,1.),.PIECEWISE_BEZIER_KNOTS.);
#2932 = CARTESIAN_POINT('',(0.659765625,1.725));
#2933 = CARTESIAN_POINT('',(0.798046875,1.725));
#2934 = CARTESIAN_POINT('',(0.90234375,1.6693359375));
#2935 = ( GEOMETRIC_REPRESENTATION_CONTEXT(2)
PARAMETRIC_REPRESENTATION_CONTEXT() REPRESENTATION_CONTEXT('2D SPACE',''
  ) );
#2936 = ORIENTED_EDGE('',*,*,#2937,.T.);
#2937 = EDGE_CURVE('',#2915,#402,#2938,.T.);
#2938 = SURFACE_CURVE('',#2939,(#2943,#2950),.PCURVE_S1.);
#2939 = LINE('',#2940,#2941);
#2940 = CARTESIAN_POINT('',(0.659765625,9.2322265625,2.55));
#2941 = VECTOR('',#2942,1.);
#2942 = DIRECTION('',(0.,0.,1.));
#2943 = PCURVE('',#474,#2944);
#2944 = DEFINITIONAL_REPRESENTATION('',(#2945),#2949);
#2945 = LINE('',#2946,#2947);
#2946 = CARTESIAN_POINT('',(0.,0.));
#2947 = VECTOR('',#2948,1.);
#2948 = DIRECTION('',(0.,-1.));
#2949 = ( GEOMETRIC_REPRESENTATION_CONTEXT(2)
PARAMETRIC_REPRESENTATION_CONTEXT() REPRESENTATION_CONTEXT('2D SPACE',''
  ) );
#2950 = PCURVE('',#431,#2951);
#2951 = DEFINITIONAL_REPRESENTATION('',(#2952),#2956);
#2952 = LINE('',#2953,#2954);
#2953 = CARTESIAN_POINT('',(1.,0.));
#2954 = VECTOR('',#2955,1.);
#2955 = DIRECTION('',(0.,-1.));
#2956 = ( GEOMETRIC_REPRESENTATION_CONTEXT(2)
PARAMETRIC_REPRESENTATION_CONTEXT() REPRESENTATION_CONTEXT('2D SPACE',''
  ) );
#2957 = ORIENTED_EDGE('',*,*,#452,.F.);
#2958 = ORIENTED_EDGE('',*,*,#2888,.F.);
#2959 = ADVANCED_FACE('',(#2960),#431,.F.);
#2960 = FACE_BOUND('',#2961,.F.);
#2961 = EDGE_LOOP('',(#2962,#2985,#3006,#3007));
#2962 = ORIENTED_EDGE('',*,*,#2963,.F.);
#2963 = EDGE_CURVE('',#2964,#2915,#2966,.T.);
#2964 = VERTEX_POINT('',#2965);
#2965 = CARTESIAN_POINT('',(0.3486328125,9.1314453125,2.55));
#2966 = SURFACE_CURVE('',#2967,(#2971,#2978),.PCURVE_S1.);
#2967 = B_SPLINE_CURVE_WITH_KNOTS('',2,(#2968,#2969,#2970),
  .UNSPECIFIED.,.F.,.F.,(3,3),(0.,1.),.PIECEWISE_BEZIER_KNOTS.);
#2968 = CARTESIAN_POINT('',(0.3486328125,9.1314453125,2.55));
#2969 = CARTESIAN_POINT('',(0.472265625,9.2322265625,2.55));
#2970 = CARTESIAN_POINT('',(0.659765625,9.2322265625,2.55));
#2971 = PCURVE('',#431,#2972);
#2972 = DEFINITIONAL_REPRESENTATION('',(#2973),#2977);
#2973 = LINE('',#2974,#2975);
#2974 = CARTESIAN_POINT('',(0.,0.));
#2975 = VECTOR('',#2976,1.);
#2976 = DIRECTION('',(1.,0.));
#2977 = ( GEOMETRIC_REPRESENTATION_CONTEXT(2)
PARAMETRIC_REPRESENTATION_CONTEXT() REPRESENTATION_CONTEXT('2D SPACE',''
  ) );
#2978 = PCURVE('',#2464,#2979);
#2979 = DEFINITIONAL_REPRESENTATION('',(#2980),#2984);
#2980 = B_SPLINE_CURVE_WITH_KNOTS('',2,(#2981,#2982,#2983),
  .UNSPECIFIED.,.F.,.F.,(3,3),(0.,1.),.PIECEWISE_BEZIER_KNOTS.);
#2981 = CARTESIAN_POINT('',(0.3486328125,1.62421875));
#2982 = CARTESIAN_POINT('',(0.472265625,1.725));
#2983 = CARTESIAN_POINT('',(0.659765625,1.725));
#2984 = ( GEOMETRIC_REPRESENTATION_CONTEXT(2)
PARAMETRIC_REPRESENTATION_CONTEXT() REPRESENTATION_CONTEXT('2D SPACE',''
  ) );
#2985 = ORIENTED_EDGE('',*,*,#2986,.T.);
#2986 = EDGE_CURVE('',#2964,#363,#2987,.T.);
#2987 = SURFACE_CURVE('',#2988,(#2992,#2999),.PCURVE_S1.);
#2988 = LINE('',#2989,#2990);
#2989 = CARTESIAN_POINT('',(0.3486328125,9.1314453125,2.55));
#2990 = VECTOR('',#2991,1.);
#2991 = DIRECTION('',(0.,0.,1.));
#2992 = PCURVE('',#431,#2993);
#2993 = DEFINITIONAL_REPRESENTATION('',(#2994),#2998);
#2994 = LINE('',#2995,#2996);
#2995 = CARTESIAN_POINT('',(0.,0.));
#2996 = VECTOR('',#2997,1.);
#2997 = DIRECTION('',(0.,-1.));
#2998 = ( GEOMETRIC_REPRESENTATION_CONTEXT(2)
PARAMETRIC_REPRESENTATION_CONTEXT() REPRESENTATION_CONTEXT('2D SPACE',''
  ) );
#2999 = PCURVE('',#384,#3000);
#3000 = DEFINITIONAL_REPRESENTATION('',(#3001),#3005);
#3001 = LINE('',#3002,#3003);
#3002 = CARTESIAN_POINT('',(1.,0.));
#3003 = VECTOR('',#3004,1.);
#3004 = DIRECTION('',(0.,-1.));
#3005 = ( GEOMETRIC_REPRESENTATION_CONTEXT(2)
PARAMETRIC_REPRESENTATION_CONTEXT() REPRESENTATION_CONTEXT('2D SPACE',''
  ) );
#3006 = ORIENTED_EDGE('',*,*,#401,.F.);
#3007 = ORIENTED_EDGE('',*,*,#2937,.F.);
#3008 = ADVANCED_FACE('',(#3009),#384,.F.);
#3009 = FACE_BOUND('',#3010,.F.);
#3010 = EDGE_LOOP('',(#3011,#3032,#3033,#3034));
#3011 = ORIENTED_EDGE('',*,*,#3012,.F.);
#3012 = EDGE_CURVE('',#2449,#2964,#3013,.T.);
#3013 = SURFACE_CURVE('',#3014,(#3018,#3025),.PCURVE_S1.);
#3014 = B_SPLINE_CURVE_WITH_KNOTS('',2,(#3015,#3016,#3017),
  .UNSPECIFIED.,.F.,.F.,(3,3),(0.,1.),.PIECEWISE_BEZIER_KNOTS.);
#3015 = CARTESIAN_POINT('',(0.1623046875,8.844921875,2.55));
#3016 = CARTESIAN_POINT('',(0.225,9.0306640625,2.55));
#3017 = CARTESIAN_POINT('',(0.3486328125,9.1314453125,2.55));
#3018 = PCURVE('',#384,#3019);
#3019 = DEFINITIONAL_REPRESENTATION('',(#3020),#3024);
#3020 = LINE('',#3021,#3022);
#3021 = CARTESIAN_POINT('',(0.,0.));
#3022 = VECTOR('',#3023,1.);
#3023 = DIRECTION('',(1.,0.));
#3024 = ( GEOMETRIC_REPRESENTATION_CONTEXT(2)
PARAMETRIC_REPRESENTATION_CONTEXT() REPRESENTATION_CONTEXT('2D SPACE',''
  ) );
#3025 = PCURVE('',#2464,#3026);
#3026 = DEFINITIONAL_REPRESENTATION('',(#3027),#3031);
#3027 = B_SPLINE_CURVE_WITH_KNOTS('',2,(#3028,#3029,#3030),
  .UNSPECIFIED.,.F.,.F.,(3,3),(0.,1.),.PIECEWISE_BEZIER_KNOTS.);
#3028 = CARTESIAN_POINT('',(0.1623046875,1.3376953125));
#3029 = CARTESIAN_POINT('',(0.225,1.5234375));
#3030 = CARTESIAN_POINT('',(0.3486328125,1.62421875));
#3031 = ( GEOMETRIC_REPRESENTATION_CONTEXT(2)
PARAMETRIC_REPRESENTATION_CONTEXT() REPRESENTATION_CONTEXT('2D SPACE',''
  ) );
#3032 = ORIENTED_EDGE('',*,*,#2498,.T.);
#3033 = ORIENTED_EDGE('',*,*,#362,.F.);
#3034 = ORIENTED_EDGE('',*,*,#2986,.F.);
#3035 = ADVANCED_FACE('',(#3036),#871,.F.);
#3036 = FACE_BOUND('',#3037,.F.);
#3037 = EDGE_LOOP('',(#3038,#3068,#3089,#3090));
#3038 = ORIENTED_EDGE('',*,*,#3039,.F.);
#3039 = EDGE_CURVE('',#3040,#3042,#3044,.T.);
#3040 = VERTEX_POINT('',#3041);
#3041 = CARTESIAN_POINT('',(-1.233984375,7.9607421875,2.55));
#3042 = VERTEX_POINT('',#3043);
#3043 = CARTESIAN_POINT('',(-1.023046875,7.9888671875,2.55));
#3044 = SURFACE_CURVE('',#3045,(#3049,#3056),.PCURVE_S1.);
#3045 = LINE('',#3046,#3047);
#3046 = CARTESIAN_POINT('',(-1.233984375,7.9607421875,2.55));
#3047 = VECTOR('',#3048,1.);
#3048 = DIRECTION('',(0.991227900683,0.132163720091,0.));
#3049 = PCURVE('',#871,#3050);
#3050 = DEFINITIONAL_REPRESENTATION('',(#3051),#3055);
#3051 = LINE('',#3052,#3053);
#3052 = CARTESIAN_POINT('',(0.,0.));
#3053 = VECTOR('',#3054,1.);
#3054 = DIRECTION('',(1.,0.));
#3055 = ( GEOMETRIC_REPRESENTATION_CONTEXT(2)
PARAMETRIC_REPRESENTATION_CONTEXT() REPRESENTATION_CONTEXT('2D SPACE',''
  ) );
#3056 = PCURVE('',#3057,#3062);
#3057 = PLANE('',#3058);
#3058 = AXIS2_PLACEMENT_3D('',#3059,#3060,#3061);
#3059 = CARTESIAN_POINT('',(-1.334765625,7.5072265625,2.55));
#3060 = DIRECTION('',(0.,0.,1.));
#3061 = DIRECTION('',(1.,0.,0.));
#3062 = DEFINITIONAL_REPRESENTATION('',(#3063),#3067);
#3063 = LINE('',#3064,#3065);
#3064 = CARTESIAN_POINT('',(0.10078125,0.453515625));
#3065 = VECTOR('',#3066,1.);
#3066 = DIRECTION('',(0.991227900683,0.132163720091));
#3067 = ( GEOMETRIC_REPRESENTATION_CONTEXT(2)
PARAMETRIC_REPRESENTATION_CONTEXT() REPRESENTATION_CONTEXT('2D SPACE',''
  ) );
#3068 = ORIENTED_EDGE('',*,*,#3069,.T.);
#3069 = EDGE_CURVE('',#3040,#857,#3070,.T.);
#3070 = SURFACE_CURVE('',#3071,(#3075,#3082),.PCURVE_S1.);
#3071 = LINE('',#3072,#3073);
#3072 = CARTESIAN_POINT('',(-1.233984375,7.9607421875,2.55));
#3073 = VECTOR('',#3074,1.);
#3074 = DIRECTION('',(0.,0.,1.));
#3075 = PCURVE('',#871,#3076);
#3076 = DEFINITIONAL_REPRESENTATION('',(#3077),#3081);
#3077 = LINE('',#3078,#3079);
#3078 = CARTESIAN_POINT('',(0.,0.));
#3079 = VECTOR('',#3080,1.);
#3080 = DIRECTION('',(0.,-1.));
#3081 = ( GEOMETRIC_REPRESENTATION_CONTEXT(2)
PARAMETRIC_REPRESENTATION_CONTEXT() REPRESENTATION_CONTEXT('2D SPACE',''
  ) );
#3082 = PCURVE('',#2156,#3083);
#3083 = DEFINITIONAL_REPRESENTATION('',(#3084),#3088);
#3084 = LINE('',#3085,#3086);
#3085 = CARTESIAN_POINT('',(1.,0.));
#3086 = VECTOR('',#3087,1.);
#3087 = DIRECTION('',(0.,-1.));
#3088 = ( GEOMETRIC_REPRESENTATION_CONTEXT(2)
PARAMETRIC_REPRESENTATION_CONTEXT() REPRESENTATION_CONTEXT('2D SPACE',''
  ) );
#3089 = ORIENTED_EDGE('',*,*,#854,.F.);
#3090 = ORIENTED_EDGE('',*,*,#3091,.F.);
#3091 = EDGE_CURVE('',#3042,#855,#3092,.T.);
#3092 = SURFACE_CURVE('',#3093,(#3097,#3104),.PCURVE_S1.);
#3093 = LINE('',#3094,#3095);
#3094 = CARTESIAN_POINT('',(-1.023046875,7.9888671875,2.55));
#3095 = VECTOR('',#3096,1.);
#3096 = DIRECTION('',(0.,0.,1.));
#3097 = PCURVE('',#871,#3098);
#3098 = DEFINITIONAL_REPRESENTATION('',(#3099),#3103);
#3099 = LINE('',#3100,#3101);
#3100 = CARTESIAN_POINT('',(0.212804239928,0.));
#3101 = VECTOR('',#3102,1.);
#3102 = DIRECTION('',(0.,-1.));
#3103 = ( GEOMETRIC_REPRESENTATION_CONTEXT(2)
PARAMETRIC_REPRESENTATION_CONTEXT() REPRESENTATION_CONTEXT('2D SPACE',''
  ) );
#3104 = PCURVE('',#904,#3105);
#3105 = DEFINITIONAL_REPRESENTATION('',(#3106),#3110);
#3106 = LINE('',#3107,#3108);
#3107 = CARTESIAN_POINT('',(0.,0.));
#3108 = VECTOR('',#3109,1.);
#3109 = DIRECTION('',(0.,-1.));
#3110 = ( GEOMETRIC_REPRESENTATION_CONTEXT(2)
PARAMETRIC_REPRESENTATION_CONTEXT() REPRESENTATION_CONTEXT('2D SPACE',''
  ) );
#3111 = ADVANCED_FACE('',(#3112),#2156,.F.);
#3112 = FACE_BOUND('',#3113,.F.);
#3113 = EDGE_LOOP('',(#3114,#3137,#3158,#3159));
#3114 = ORIENTED_EDGE('',*,*,#3115,.F.);
#3115 = EDGE_CURVE('',#3116,#3040,#3118,.T.);
#3116 = VERTEX_POINT('',#3117);
#3117 = CARTESIAN_POINT('',(-1.0634765625,7.6115234375,2.55));
#3118 = SURFACE_CURVE('',#3119,(#3123,#3130),.PCURVE_S1.);
#3119 = B_SPLINE_CURVE_WITH_KNOTS('',2,(#3120,#3121,#3122),
  .UNSPECIFIED.,.F.,.F.,(3,3),(0.,1.),.PIECEWISE_BEZIER_KNOTS.);
#3120 = CARTESIAN_POINT('',(-1.0634765625,7.6115234375,2.55));
#3121 = CARTESIAN_POINT('',(-1.212890625,7.7462890625,2.55));
#3122 = CARTESIAN_POINT('',(-1.233984375,7.9607421875,2.55));
#3123 = PCURVE('',#2156,#3124);
#3124 = DEFINITIONAL_REPRESENTATION('',(#3125),#3129);
#3125 = LINE('',#3126,#3127);
#3126 = CARTESIAN_POINT('',(0.,0.));
#3127 = VECTOR('',#3128,1.);
#3128 = DIRECTION('',(1.,0.));
#3129 = ( GEOMETRIC_REPRESENTATION_CONTEXT(2)
PARAMETRIC_REPRESENTATION_CONTEXT() REPRESENTATION_CONTEXT('2D SPACE',''
  ) );
#3130 = PCURVE('',#3057,#3131);
#3131 = DEFINITIONAL_REPRESENTATION('',(#3132),#3136);
#3132 = B_SPLINE_CURVE_WITH_KNOTS('',2,(#3133,#3134,#3135),
  .UNSPECIFIED.,.F.,.F.,(3,3),(0.,1.),.PIECEWISE_BEZIER_KNOTS.);
#3133 = CARTESIAN_POINT('',(0.2712890625,0.104296875));
#3134 = CARTESIAN_POINT('',(0.121875,0.2390625));
#3135 = CARTESIAN_POINT('',(0.10078125,0.453515625));
#3136 = ( GEOMETRIC_REPRESENTATION_CONTEXT(2)
PARAMETRIC_REPRESENTATION_CONTEXT() REPRESENTATION_CONTEXT('2D SPACE',''
  ) );
#3137 = ORIENTED_EDGE('',*,*,#3138,.T.);
#3138 = EDGE_CURVE('',#3116,#2078,#3139,.T.);
#3139 = SURFACE_CURVE('',#3140,(#3144,#3151),.PCURVE_S1.);
#3140 = LINE('',#3141,#3142);
#3141 = CARTESIAN_POINT('',(-1.0634765625,7.6115234375,2.55));
#3142 = VECTOR('',#3143,1.);
#3143 = DIRECTION('',(0.,0.,1.));
#3144 = PCURVE('',#2156,#3145);
#3145 = DEFINITIONAL_REPRESENTATION('',(#3146),#3150);
#3146 = LINE('',#3147,#3148);
#3147 = CARTESIAN_POINT('',(0.,0.));
#3148 = VECTOR('',#3149,1.);
#3149 = DIRECTION('',(0.,-1.));
#3150 = ( GEOMETRIC_REPRESENTATION_CONTEXT(2)
PARAMETRIC_REPRESENTATION_CONTEXT() REPRESENTATION_CONTEXT('2D SPACE',''
  ) );
#3151 = PCURVE('',#2107,#3152);
#3152 = DEFINITIONAL_REPRESENTATION('',(#3153),#3157);
#3153 = LINE('',#3154,#3155);
#3154 = CARTESIAN_POINT('',(1.,0.));
#3155 = VECTOR('',#3156,1.);
#3156 = DIRECTION('',(0.,-1.));
#3157 = ( GEOMETRIC_REPRESENTATION_CONTEXT(2)
PARAMETRIC_REPRESENTATION_CONTEXT() REPRESENTATION_CONTEXT('2D SPACE',''
  ) );
#3158 = ORIENTED_EDGE('',*,*,#2128,.F.);
#3159 = ORIENTED_EDGE('',*,*,#3069,.F.);
#3160 = ADVANCED_FACE('',(#3161),#2107,.F.);
#3161 = FACE_BOUND('',#3162,.F.);
#3162 = EDGE_LOOP('',(#3163,#3186,#3207,#3208));
#3163 = ORIENTED_EDGE('',*,*,#3164,.F.);
#3164 = EDGE_CURVE('',#3165,#3116,#3167,.T.);
#3165 = VERTEX_POINT('',#3166);
#3166 = CARTESIAN_POINT('',(-0.687890625,7.4767578125,2.55));
#3167 = SURFACE_CURVE('',#3168,(#3172,#3179),.PCURVE_S1.);
#3168 = B_SPLINE_CURVE_WITH_KNOTS('',2,(#3169,#3170,#3171),
  .UNSPECIFIED.,.F.,.F.,(3,3),(0.,1.),.PIECEWISE_BEZIER_KNOTS.);
#3169 = CARTESIAN_POINT('',(-0.687890625,7.4767578125,2.55));
#3170 = CARTESIAN_POINT('',(-0.9140625,7.4767578125,2.55));
#3171 = CARTESIAN_POINT('',(-1.0634765625,7.6115234375,2.55));
#3172 = PCURVE('',#2107,#3173);
#3173 = DEFINITIONAL_REPRESENTATION('',(#3174),#3178);
#3174 = LINE('',#3175,#3176);
#3175 = CARTESIAN_POINT('',(0.,0.));
#3176 = VECTOR('',#3177,1.);
#3177 = DIRECTION('',(1.,0.));
#3178 = ( GEOMETRIC_REPRESENTATION_CONTEXT(2)
PARAMETRIC_REPRESENTATION_CONTEXT() REPRESENTATION_CONTEXT('2D SPACE',''
  ) );
#3179 = PCURVE('',#3057,#3180);
#3180 = DEFINITIONAL_REPRESENTATION('',(#3181),#3185);
#3181 = B_SPLINE_CURVE_WITH_KNOTS('',2,(#3182,#3183,#3184),
  .UNSPECIFIED.,.F.,.F.,(3,3),(0.,1.),.PIECEWISE_BEZIER_KNOTS.);
#3182 = CARTESIAN_POINT('',(0.646875,-3.046875E-02));
#3183 = CARTESIAN_POINT('',(0.420703125,-3.046875E-02));
#3184 = CARTESIAN_POINT('',(0.2712890625,0.104296875));
#3185 = ( GEOMETRIC_REPRESENTATION_CONTEXT(2)
PARAMETRIC_REPRESENTATION_CONTEXT() REPRESENTATION_CONTEXT('2D SPACE',''
  ) );
#3186 = ORIENTED_EDGE('',*,*,#3187,.T.);
#3187 = EDGE_CURVE('',#3165,#2027,#3188,.T.);
#3188 = SURFACE_CURVE('',#3189,(#3193,#3200),.PCURVE_S1.);
#3189 = LINE('',#3190,#3191);
#3190 = CARTESIAN_POINT('',(-0.687890625,7.4767578125,2.55));
#3191 = VECTOR('',#3192,1.);
#3192 = DIRECTION('',(0.,0.,1.));
#3193 = PCURVE('',#2107,#3194);
#3194 = DEFINITIONAL_REPRESENTATION('',(#3195),#3199);
#3195 = LINE('',#3196,#3197);
#3196 = CARTESIAN_POINT('',(0.,0.));
#3197 = VECTOR('',#3198,1.);
#3198 = DIRECTION('',(0.,-1.));
#3199 = ( GEOMETRIC_REPRESENTATION_CONTEXT(2)
PARAMETRIC_REPRESENTATION_CONTEXT() REPRESENTATION_CONTEXT('2D SPACE',''
  ) );
#3200 = PCURVE('',#2056,#3201);
#3201 = DEFINITIONAL_REPRESENTATION('',(#3202),#3206);
#3202 = LINE('',#3203,#3204);
#3203 = CARTESIAN_POINT('',(1.,0.));
#3204 = VECTOR('',#3205,1.);
#3205 = DIRECTION('',(0.,-1.));
#3206 = ( GEOMETRIC_REPRESENTATION_CONTEXT(2)
PARAMETRIC_REPRESENTATION_CONTEXT() REPRESENTATION_CONTEXT('2D SPACE',''
  ) );
#3207 = ORIENTED_EDGE('',*,*,#2077,.F.);
#3208 = ORIENTED_EDGE('',*,*,#3138,.F.);
#3209 = ADVANCED_FACE('',(#3210),#2056,.F.);
#3210 = FACE_BOUND('',#3211,.F.);
#3211 = EDGE_LOOP('',(#3212,#3235,#3256,#3257));
#3212 = ORIENTED_EDGE('',*,*,#3213,.F.);
#3213 = EDGE_CURVE('',#3214,#3165,#3216,.T.);
#3214 = VERTEX_POINT('',#3215);
#3215 = CARTESIAN_POINT('',(-0.273046875,7.633203125,2.55));
#3216 = SURFACE_CURVE('',#3217,(#3221,#3228),.PCURVE_S1.);
#3217 = B_SPLINE_CURVE_WITH_KNOTS('',2,(#3218,#3219,#3220),
  .UNSPECIFIED.,.F.,.F.,(3,3),(0.,1.),.PIECEWISE_BEZIER_KNOTS.);
#3218 = CARTESIAN_POINT('',(-0.273046875,7.633203125,2.55));
#3219 = CARTESIAN_POINT('',(-0.437109375,7.4767578125,2.55));
#3220 = CARTESIAN_POINT('',(-0.687890625,7.4767578125,2.55));
#3221 = PCURVE('',#2056,#3222);
#3222 = DEFINITIONAL_REPRESENTATION('',(#3223),#3227);
#3223 = LINE('',#3224,#3225);
#3224 = CARTESIAN_POINT('',(0.,0.));
#3225 = VECTOR('',#3226,1.);
#3226 = DIRECTION('',(1.,0.));
#3227 = ( GEOMETRIC_REPRESENTATION_CONTEXT(2)
PARAMETRIC_REPRESENTATION_CONTEXT() REPRESENTATION_CONTEXT('2D SPACE',''
  ) );
#3228 = PCURVE('',#3057,#3229);
#3229 = DEFINITIONAL_REPRESENTATION('',(#3230),#3234);
#3230 = B_SPLINE_CURVE_WITH_KNOTS('',2,(#3231,#3232,#3233),
  .UNSPECIFIED.,.F.,.F.,(3,3),(0.,1.),.PIECEWISE_BEZIER_KNOTS.);
#3231 = CARTESIAN_POINT('',(1.06171875,0.1259765625));
#3232 = CARTESIAN_POINT('',(0.89765625,-3.046875E-02));
#3233 = CARTESIAN_POINT('',(0.646875,-3.046875E-02));
#3234 = ( GEOMETRIC_REPRESENTATION_CONTEXT(2)
PARAMETRIC_REPRESENTATION_CONTEXT() REPRESENTATION_CONTEXT('2D SPACE',''
  ) );
#3235 = ORIENTED_EDGE('',*,*,#3236,.T.);
#3236 = EDGE_CURVE('',#3214,#1976,#3237,.T.);
#3237 = SURFACE_CURVE('',#3238,(#3242,#3249),.PCURVE_S1.);
#3238 = LINE('',#3239,#3240);
#3239 = CARTESIAN_POINT('',(-0.273046875,7.633203125,2.55));
#3240 = VECTOR('',#3241,1.);
#3241 = DIRECTION('',(0.,0.,1.));
#3242 = PCURVE('',#2056,#3243);
#3243 = DEFINITIONAL_REPRESENTATION('',(#3244),#3248);
#3244 = LINE('',#3245,#3246);
#3245 = CARTESIAN_POINT('',(0.,0.));
#3246 = VECTOR('',#3247,1.);
#3247 = DIRECTION('',(0.,-1.));
#3248 = ( GEOMETRIC_REPRESENTATION_CONTEXT(2)
PARAMETRIC_REPRESENTATION_CONTEXT() REPRESENTATION_CONTEXT('2D SPACE',''
  ) );
#3249 = PCURVE('',#2005,#3250);
#3250 = DEFINITIONAL_REPRESENTATION('',(#3251),#3255);
#3251 = LINE('',#3252,#3253);
#3252 = CARTESIAN_POINT('',(1.,0.));
#3253 = VECTOR('',#3254,1.);
#3254 = DIRECTION('',(0.,-1.));
#3255 = ( GEOMETRIC_REPRESENTATION_CONTEXT(2)
PARAMETRIC_REPRESENTATION_CONTEXT() REPRESENTATION_CONTEXT('2D SPACE',''
  ) );
#3256 = ORIENTED_EDGE('',*,*,#2026,.F.);
#3257 = ORIENTED_EDGE('',*,*,#3187,.F.);
#3258 = ADVANCED_FACE('',(#3259),#2005,.F.);
#3259 = FACE_BOUND('',#3260,.F.);
#3260 = EDGE_LOOP('',(#3261,#3284,#3305,#3306));
#3261 = ORIENTED_EDGE('',*,*,#3262,.F.);
#3262 = EDGE_CURVE('',#3263,#3214,#3265,.T.);
#3263 = VERTEX_POINT('',#3264);
#3264 = CARTESIAN_POINT('',(-0.108984375,8.0146484375,2.55));
#3265 = SURFACE_CURVE('',#3266,(#3270,#3277),.PCURVE_S1.);
#3266 = B_SPLINE_CURVE_WITH_KNOTS('',2,(#3267,#3268,#3269),
  .UNSPECIFIED.,.F.,.F.,(3,3),(0.,1.),.PIECEWISE_BEZIER_KNOTS.);
#3267 = CARTESIAN_POINT('',(-0.108984375,8.0146484375,2.55));
#3268 = CARTESIAN_POINT('',(-0.108984375,7.7896484375,2.55));
#3269 = CARTESIAN_POINT('',(-0.273046875,7.633203125,2.55));
#3270 = PCURVE('',#2005,#3271);
#3271 = DEFINITIONAL_REPRESENTATION('',(#3272),#3276);
#3272 = LINE('',#3273,#3274);
#3273 = CARTESIAN_POINT('',(0.,0.));
#3274 = VECTOR('',#3275,1.);
#3275 = DIRECTION('',(1.,0.));
#3276 = ( GEOMETRIC_REPRESENTATION_CONTEXT(2)
PARAMETRIC_REPRESENTATION_CONTEXT() REPRESENTATION_CONTEXT('2D SPACE',''
  ) );
#3277 = PCURVE('',#3057,#3278);
#3278 = DEFINITIONAL_REPRESENTATION('',(#3279),#3283);
#3279 = B_SPLINE_CURVE_WITH_KNOTS('',2,(#3280,#3281,#3282),
  .UNSPECIFIED.,.F.,.F.,(3,3),(0.,1.),.PIECEWISE_BEZIER_KNOTS.);
#3280 = CARTESIAN_POINT('',(1.22578125,0.507421875));
#3281 = CARTESIAN_POINT('',(1.22578125,0.282421875));
#3282 = CARTESIAN_POINT('',(1.06171875,0.1259765625));
#3283 = ( GEOMETRIC_REPRESENTATION_CONTEXT(2)
PARAMETRIC_REPRESENTATION_CONTEXT() REPRESENTATION_CONTEXT('2D SPACE',''
  ) );
#3284 = ORIENTED_EDGE('',*,*,#3285,.T.);
#3285 = EDGE_CURVE('',#3263,#1925,#3286,.T.);
#3286 = SURFACE_CURVE('',#3287,(#3291,#3298),.PCURVE_S1.);
#3287 = LINE('',#3288,#3289);
#3288 = CARTESIAN_POINT('',(-0.108984375,8.0146484375,2.55));
#3289 = VECTOR('',#3290,1.);
#3290 = DIRECTION('',(0.,0.,1.));
#3291 = PCURVE('',#2005,#3292);
#3292 = DEFINITIONAL_REPRESENTATION('',(#3293),#3297);
#3293 = LINE('',#3294,#3295);
#3294 = CARTESIAN_POINT('',(0.,0.));
#3295 = VECTOR('',#3296,1.);
#3296 = DIRECTION('',(0.,-1.));
#3297 = ( GEOMETRIC_REPRESENTATION_CONTEXT(2)
PARAMETRIC_REPRESENTATION_CONTEXT() REPRESENTATION_CONTEXT('2D SPACE',''
  ) );
#3298 = PCURVE('',#1954,#3299);
#3299 = DEFINITIONAL_REPRESENTATION('',(#3300),#3304);
#3300 = LINE('',#3301,#3302);
#3301 = CARTESIAN_POINT('',(1.,0.));
#3302 = VECTOR('',#3303,1.);
#3303 = DIRECTION('',(0.,-1.));
#3304 = ( GEOMETRIC_REPRESENTATION_CONTEXT(2)
PARAMETRIC_REPRESENTATION_CONTEXT() REPRESENTATION_CONTEXT('2D SPACE',''
  ) );
#3305 = ORIENTED_EDGE('',*,*,#1975,.F.);
#3306 = ORIENTED_EDGE('',*,*,#3236,.F.);
#3307 = ADVANCED_FACE('',(#3308),#1954,.F.);
#3308 = FACE_BOUND('',#3309,.F.);
#3309 = EDGE_LOOP('',(#3310,#3333,#3354,#3355));
#3310 = ORIENTED_EDGE('',*,*,#3311,.F.);
#3311 = EDGE_CURVE('',#3312,#3263,#3314,.T.);
#3312 = VERTEX_POINT('',#3313);
#3313 = CARTESIAN_POINT('',(-0.193359375,8.291796875,2.55));
#3314 = SURFACE_CURVE('',#3315,(#3319,#3326),.PCURVE_S1.);
#3315 = B_SPLINE_CURVE_WITH_KNOTS('',2,(#3316,#3317,#3318),
  .UNSPECIFIED.,.F.,.F.,(3,3),(0.,1.),.PIECEWISE_BEZIER_KNOTS.);
#3316 = CARTESIAN_POINT('',(-0.193359375,8.291796875,2.55));
#3317 = CARTESIAN_POINT('',(-0.108984375,8.1810546875,2.55));
#3318 = CARTESIAN_POINT('',(-0.108984375,8.0146484375,2.55));
#3319 = PCURVE('',#1954,#3320);
#3320 = DEFINITIONAL_REPRESENTATION('',(#3321),#3325);
#3321 = LINE('',#3322,#3323);
#3322 = CARTESIAN_POINT('',(0.,0.));
#3323 = VECTOR('',#3324,1.);
#3324 = DIRECTION('',(1.,0.));
#3325 = ( GEOMETRIC_REPRESENTATION_CONTEXT(2)
PARAMETRIC_REPRESENTATION_CONTEXT() REPRESENTATION_CONTEXT('2D SPACE',''
  ) );
#3326 = PCURVE('',#3057,#3327);
#3327 = DEFINITIONAL_REPRESENTATION('',(#3328),#3332);
#3328 = B_SPLINE_CURVE_WITH_KNOTS('',2,(#3329,#3330,#3331),
  .UNSPECIFIED.,.F.,.F.,(3,3),(0.,1.),.PIECEWISE_BEZIER_KNOTS.);
#3329 = CARTESIAN_POINT('',(1.14140625,0.7845703125));
#3330 = CARTESIAN_POINT('',(1.22578125,0.673828125));
#3331 = CARTESIAN_POINT('',(1.22578125,0.507421875));
#3332 = ( GEOMETRIC_REPRESENTATION_CONTEXT(2)
PARAMETRIC_REPRESENTATION_CONTEXT() REPRESENTATION_CONTEXT('2D SPACE',''
  ) );
#3333 = ORIENTED_EDGE('',*,*,#3334,.T.);
#3334 = EDGE_CURVE('',#3312,#1874,#3335,.T.);
#3335 = SURFACE_CURVE('',#3336,(#3340,#3347),.PCURVE_S1.);
#3336 = LINE('',#3337,#3338);
#3337 = CARTESIAN_POINT('',(-0.193359375,8.291796875,2.55));
#3338 = VECTOR('',#3339,1.);
#3339 = DIRECTION('',(0.,0.,1.));
#3340 = PCURVE('',#1954,#3341);
#3341 = DEFINITIONAL_REPRESENTATION('',(#3342),#3346);
#3342 = LINE('',#3343,#3344);
#3343 = CARTESIAN_POINT('',(0.,0.));
#3344 = VECTOR('',#3345,1.);
#3345 = DIRECTION('',(0.,-1.));
#3346 = ( GEOMETRIC_REPRESENTATION_CONTEXT(2)
PARAMETRIC_REPRESENTATION_CONTEXT() REPRESENTATION_CONTEXT('2D SPACE',''
  ) );
#3347 = PCURVE('',#1903,#3348);
#3348 = DEFINITIONAL_REPRESENTATION('',(#3349),#3353);
#3349 = LINE('',#3350,#3351);
#3350 = CARTESIAN_POINT('',(1.,0.));
#3351 = VECTOR('',#3352,1.);
#3352 = DIRECTION('',(0.,-1.));
#3353 = ( GEOMETRIC_REPRESENTATION_CONTEXT(2)
PARAMETRIC_REPRESENTATION_CONTEXT() REPRESENTATION_CONTEXT('2D SPACE',''
  ) );
#3354 = ORIENTED_EDGE('',*,*,#1924,.F.);
#3355 = ORIENTED_EDGE('',*,*,#3285,.F.);
#3356 = ADVANCED_FACE('',(#3357),#1903,.F.);
#3357 = FACE_BOUND('',#3358,.F.);
#3358 = EDGE_LOOP('',(#3359,#3382,#3403,#3404));
#3359 = ORIENTED_EDGE('',*,*,#3360,.F.);
#3360 = EDGE_CURVE('',#3361,#3312,#3363,.T.);
#3361 = VERTEX_POINT('',#3362);
#3362 = CARTESIAN_POINT('',(-0.430078125,8.4376953125,2.55));
#3363 = SURFACE_CURVE('',#3364,(#3368,#3375),.PCURVE_S1.);
#3364 = B_SPLINE_CURVE_WITH_KNOTS('',2,(#3365,#3366,#3367),
  .UNSPECIFIED.,.F.,.F.,(3,3),(0.,1.),.PIECEWISE_BEZIER_KNOTS.);
#3365 = CARTESIAN_POINT('',(-0.430078125,8.4376953125,2.55));
#3366 = CARTESIAN_POINT('',(-0.277734375,8.4025390625,2.55));
#3367 = CARTESIAN_POINT('',(-0.193359375,8.291796875,2.55));
#3368 = PCURVE('',#1903,#3369);
#3369 = DEFINITIONAL_REPRESENTATION('',(#3370),#3374);
#3370 = LINE('',#3371,#3372);
#3371 = CARTESIAN_POINT('',(0.,0.));
#3372 = VECTOR('',#3373,1.);
#3373 = DIRECTION('',(1.,0.));
#3374 = ( GEOMETRIC_REPRESENTATION_CONTEXT(2)
PARAMETRIC_REPRESENTATION_CONTEXT() REPRESENTATION_CONTEXT('2D SPACE',''
  ) );
#3375 = PCURVE('',#3057,#3376);
#3376 = DEFINITIONAL_REPRESENTATION('',(#3377),#3381);
#3377 = B_SPLINE_CURVE_WITH_KNOTS('',2,(#3378,#3379,#3380),
  .UNSPECIFIED.,.F.,.F.,(3,3),(0.,1.),.PIECEWISE_BEZIER_KNOTS.);
#3378 = CARTESIAN_POINT('',(0.9046875,0.93046875));
#3379 = CARTESIAN_POINT('',(1.05703125,0.8953125));
#3380 = CARTESIAN_POINT('',(1.14140625,0.7845703125));
#3381 = ( GEOMETRIC_REPRESENTATION_CONTEXT(2)
PARAMETRIC_REPRESENTATION_CONTEXT() REPRESENTATION_CONTEXT('2D SPACE',''
  ) );
#3382 = ORIENTED_EDGE('',*,*,#3383,.T.);
#3383 = EDGE_CURVE('',#3361,#1835,#3384,.T.);
#3384 = SURFACE_CURVE('',#3385,(#3389,#3396),.PCURVE_S1.);
#3385 = LINE('',#3386,#3387);
#3386 = CARTESIAN_POINT('',(-0.430078125,8.4376953125,2.55));
#3387 = VECTOR('',#3388,1.);
#3388 = DIRECTION('',(0.,0.,1.));
#3389 = PCURVE('',#1903,#3390);
#3390 = DEFINITIONAL_REPRESENTATION('',(#3391),#3395);
#3391 = LINE('',#3392,#3393);
#3392 = CARTESIAN_POINT('',(0.,0.));
#3393 = VECTOR('',#3394,1.);
#3394 = DIRECTION('',(0.,-1.));
#3395 = ( GEOMETRIC_REPRESENTATION_CONTEXT(2)
PARAMETRIC_REPRESENTATION_CONTEXT() REPRESENTATION_CONTEXT('2D SPACE',''
  ) );
#3396 = PCURVE('',#1856,#3397);
#3397 = DEFINITIONAL_REPRESENTATION('',(#3398),#3402);
#3398 = LINE('',#3399,#3400);
#3399 = CARTESIAN_POINT('',(1.,0.));
#3400 = VECTOR('',#3401,1.);
#3401 = DIRECTION('',(0.,-1.));
#3402 = ( GEOMETRIC_REPRESENTATION_CONTEXT(2)
PARAMETRIC_REPRESENTATION_CONTEXT() REPRESENTATION_CONTEXT('2D SPACE',''
  ) );
#3403 = ORIENTED_EDGE('',*,*,#1873,.F.);
#3404 = ORIENTED_EDGE('',*,*,#3334,.F.);
#3405 = ADVANCED_FACE('',(#3406),#1856,.F.);
#3406 = FACE_BOUND('',#3407,.F.);
#3407 = EDGE_LOOP('',(#3408,#3431,#3452,#3453));
#3408 = ORIENTED_EDGE('',*,*,#3409,.F.);
#3409 = EDGE_CURVE('',#3410,#3361,#3412,.T.);
#3410 = VERTEX_POINT('',#3411);
#3411 = CARTESIAN_POINT('',(-0.253125,8.5830078125,2.55));
#3412 = SURFACE_CURVE('',#3413,(#3417,#3424),.PCURVE_S1.);
#3413 = B_SPLINE_CURVE_WITH_KNOTS('',2,(#3414,#3415,#3416),
  .UNSPECIFIED.,.F.,.F.,(3,3),(0.,1.),.PIECEWISE_BEZIER_KNOTS.);
#3414 = CARTESIAN_POINT('',(-0.253125,8.5830078125,2.55));
#3415 = CARTESIAN_POINT('',(-0.312890625,8.4916015625,2.55));
#3416 = CARTESIAN_POINT('',(-0.430078125,8.4376953125,2.55));
#3417 = PCURVE('',#1856,#3418);
#3418 = DEFINITIONAL_REPRESENTATION('',(#3419),#3423);
#3419 = LINE('',#3420,#3421);
#3420 = CARTESIAN_POINT('',(0.,0.));
#3421 = VECTOR('',#3422,1.);
#3422 = DIRECTION('',(1.,0.));
#3423 = ( GEOMETRIC_REPRESENTATION_CONTEXT(2)
PARAMETRIC_REPRESENTATION_CONTEXT() REPRESENTATION_CONTEXT('2D SPACE',''
  ) );
#3424 = PCURVE('',#3057,#3425);
#3425 = DEFINITIONAL_REPRESENTATION('',(#3426),#3430);
#3426 = B_SPLINE_CURVE_WITH_KNOTS('',2,(#3427,#3428,#3429),
  .UNSPECIFIED.,.F.,.F.,(3,3),(0.,1.),.PIECEWISE_BEZIER_KNOTS.);
#3427 = CARTESIAN_POINT('',(1.081640625,1.07578125));
#3428 = CARTESIAN_POINT('',(1.021875,0.984375));
#3429 = CARTESIAN_POINT('',(0.9046875,0.93046875));
#3430 = ( GEOMETRIC_REPRESENTATION_CONTEXT(2)
PARAMETRIC_REPRESENTATION_CONTEXT() REPRESENTATION_CONTEXT('2D SPACE',''
  ) );
#3431 = ORIENTED_EDGE('',*,*,#3432,.T.);
#3432 = EDGE_CURVE('',#3410,#1790,#3433,.T.);
#3433 = SURFACE_CURVE('',#3434,(#3438,#3445),.PCURVE_S1.);
#3434 = LINE('',#3435,#3436);
#3435 = CARTESIAN_POINT('',(-0.253125,8.5830078125,2.55));
#3436 = VECTOR('',#3437,1.);
#3437 = DIRECTION('',(0.,0.,1.));
#3438 = PCURVE('',#1856,#3439);
#3439 = DEFINITIONAL_REPRESENTATION('',(#3440),#3444);
#3440 = LINE('',#3441,#3442);
#3441 = CARTESIAN_POINT('',(0.,0.));
#3442 = VECTOR('',#3443,1.);
#3443 = DIRECTION('',(0.,-1.));
#3444 = ( GEOMETRIC_REPRESENTATION_CONTEXT(2)
PARAMETRIC_REPRESENTATION_CONTEXT() REPRESENTATION_CONTEXT('2D SPACE',''
  ) );
#3445 = PCURVE('',#1815,#3446);
#3446 = DEFINITIONAL_REPRESENTATION('',(#3447),#3451);
#3447 = LINE('',#3448,#3449);
#3448 = CARTESIAN_POINT('',(1.,0.));
#3449 = VECTOR('',#3450,1.);
#3450 = DIRECTION('',(0.,-1.));
#3451 = ( GEOMETRIC_REPRESENTATION_CONTEXT(2)
PARAMETRIC_REPRESENTATION_CONTEXT() REPRESENTATION_CONTEXT('2D SPACE',''
  ) );
#3452 = ORIENTED_EDGE('',*,*,#1834,.F.);
#3453 = ORIENTED_EDGE('',*,*,#3383,.F.);
#3454 = ADVANCED_FACE('',(#3455),#1815,.F.);
#3455 = FACE_BOUND('',#3456,.F.);
#3456 = EDGE_LOOP('',(#3457,#3480,#3501,#3502));
#3457 = ORIENTED_EDGE('',*,*,#3458,.F.);
#3458 = EDGE_CURVE('',#3459,#3410,#3461,.T.);
#3459 = VERTEX_POINT('',#3460);
#3460 = CARTESIAN_POINT('',(-0.193359375,8.7857421875,2.55));
#3461 = SURFACE_CURVE('',#3462,(#3466,#3473),.PCURVE_S1.);
#3462 = B_SPLINE_CURVE_WITH_KNOTS('',2,(#3463,#3464,#3465),
  .UNSPECIFIED.,.F.,.F.,(3,3),(0.,1.),.PIECEWISE_BEZIER_KNOTS.);
#3463 = CARTESIAN_POINT('',(-0.193359375,8.7857421875,2.55));
#3464 = CARTESIAN_POINT('',(-0.193359375,8.6744140625,2.55));
#3465 = CARTESIAN_POINT('',(-0.253125,8.5830078125,2.55));
#3466 = PCURVE('',#1815,#3467);
#3467 = DEFINITIONAL_REPRESENTATION('',(#3468),#3472);
#3468 = LINE('',#3469,#3470);
#3469 = CARTESIAN_POINT('',(0.,0.));
#3470 = VECTOR('',#3471,1.);
#3471 = DIRECTION('',(1.,0.));
#3472 = ( GEOMETRIC_REPRESENTATION_CONTEXT(2)
PARAMETRIC_REPRESENTATION_CONTEXT() REPRESENTATION_CONTEXT('2D SPACE',''
  ) );
#3473 = PCURVE('',#3057,#3474);
#3474 = DEFINITIONAL_REPRESENTATION('',(#3475),#3479);
#3475 = B_SPLINE_CURVE_WITH_KNOTS('',2,(#3476,#3477,#3478),
  .UNSPECIFIED.,.F.,.F.,(3,3),(0.,1.),.PIECEWISE_BEZIER_KNOTS.);
#3476 = CARTESIAN_POINT('',(1.14140625,1.278515625));
#3477 = CARTESIAN_POINT('',(1.14140625,1.1671875));
#3478 = CARTESIAN_POINT('',(1.081640625,1.07578125));
#3479 = ( GEOMETRIC_REPRESENTATION_CONTEXT(2)
PARAMETRIC_REPRESENTATION_CONTEXT() REPRESENTATION_CONTEXT('2D SPACE',''
  ) );
#3480 = ORIENTED_EDGE('',*,*,#3481,.T.);
#3481 = EDGE_CURVE('',#3459,#1745,#3482,.T.);
#3482 = SURFACE_CURVE('',#3483,(#3487,#3494),.PCURVE_S1.);
#3483 = LINE('',#3484,#3485);
#3484 = CARTESIAN_POINT('',(-0.193359375,8.7857421875,2.55));
#3485 = VECTOR('',#3486,1.);
#3486 = DIRECTION('',(0.,0.,1.));
#3487 = PCURVE('',#1815,#3488);
#3488 = DEFINITIONAL_REPRESENTATION('',(#3489),#3493);
#3489 = LINE('',#3490,#3491);
#3490 = CARTESIAN_POINT('',(0.,0.));
#3491 = VECTOR('',#3492,1.);
#3492 = DIRECTION('',(0.,-1.));
#3493 = ( GEOMETRIC_REPRESENTATION_CONTEXT(2)
PARAMETRIC_REPRESENTATION_CONTEXT() REPRESENTATION_CONTEXT('2D SPACE',''
  ) );
#3494 = PCURVE('',#1770,#3495);
#3495 = DEFINITIONAL_REPRESENTATION('',(#3496),#3500);
#3496 = LINE('',#3497,#3498);
#3497 = CARTESIAN_POINT('',(1.,0.));
#3498 = VECTOR('',#3499,1.);
#3499 = DIRECTION('',(0.,-1.));
#3500 = ( GEOMETRIC_REPRESENTATION_CONTEXT(2)
PARAMETRIC_REPRESENTATION_CONTEXT() REPRESENTATION_CONTEXT('2D SPACE',''
  ) );
#3501 = ORIENTED_EDGE('',*,*,#1789,.F.);
#3502 = ORIENTED_EDGE('',*,*,#3432,.F.);
#3503 = ADVANCED_FACE('',(#3504),#1770,.F.);
#3504 = FACE_BOUND('',#3505,.F.);
#3505 = EDGE_LOOP('',(#3506,#3529,#3550,#3551));
#3506 = ORIENTED_EDGE('',*,*,#3507,.F.);
#3507 = EDGE_CURVE('',#3508,#3459,#3510,.T.);
#3508 = VERTEX_POINT('',#3509);
#3509 = CARTESIAN_POINT('',(-0.2560546875,9.0072265625,2.55));
#3510 = SURFACE_CURVE('',#3511,(#3515,#3522),.PCURVE_S1.);
#3511 = B_SPLINE_CURVE_WITH_KNOTS('',2,(#3512,#3513,#3514),
  .UNSPECIFIED.,.F.,.F.,(3,3),(0.,1.),.PIECEWISE_BEZIER_KNOTS.);
#3512 = CARTESIAN_POINT('',(-0.2560546875,9.0072265625,2.55));
#3513 = CARTESIAN_POINT('',(-0.193359375,8.9029296875,2.55));
#3514 = CARTESIAN_POINT('',(-0.193359375,8.7857421875,2.55));
#3515 = PCURVE('',#1770,#3516);
#3516 = DEFINITIONAL_REPRESENTATION('',(#3517),#3521);
#3517 = LINE('',#3518,#3519);
#3518 = CARTESIAN_POINT('',(0.,0.));
#3519 = VECTOR('',#3520,1.);
#3520 = DIRECTION('',(1.,0.));
#3521 = ( GEOMETRIC_REPRESENTATION_CONTEXT(2)
PARAMETRIC_REPRESENTATION_CONTEXT() REPRESENTATION_CONTEXT('2D SPACE',''
  ) );
#3522 = PCURVE('',#3057,#3523);
#3523 = DEFINITIONAL_REPRESENTATION('',(#3524),#3528);
#3524 = B_SPLINE_CURVE_WITH_KNOTS('',2,(#3525,#3526,#3527),
  .UNSPECIFIED.,.F.,.F.,(3,3),(0.,1.),.PIECEWISE_BEZIER_KNOTS.);
#3525 = CARTESIAN_POINT('',(1.0787109375,1.5));
#3526 = CARTESIAN_POINT('',(1.14140625,1.395703125));
#3527 = CARTESIAN_POINT('',(1.14140625,1.278515625));
#3528 = ( GEOMETRIC_REPRESENTATION_CONTEXT(2)
PARAMETRIC_REPRESENTATION_CONTEXT() REPRESENTATION_CONTEXT('2D SPACE',''
  ) );
#3529 = ORIENTED_EDGE('',*,*,#3530,.T.);
#3530 = EDGE_CURVE('',#3508,#1700,#3531,.T.);
#3531 = SURFACE_CURVE('',#3532,(#3536,#3543),.PCURVE_S1.);
#3532 = LINE('',#3533,#3534);
#3533 = CARTESIAN_POINT('',(-0.2560546875,9.0072265625,2.55));
#3534 = VECTOR('',#3535,1.);
#3535 = DIRECTION('',(0.,0.,1.));
#3536 = PCURVE('',#1770,#3537);
#3537 = DEFINITIONAL_REPRESENTATION('',(#3538),#3542);
#3538 = LINE('',#3539,#3540);
#3539 = CARTESIAN_POINT('',(0.,0.));
#3540 = VECTOR('',#3541,1.);
#3541 = DIRECTION('',(0.,-1.));
#3542 = ( GEOMETRIC_REPRESENTATION_CONTEXT(2)
PARAMETRIC_REPRESENTATION_CONTEXT() REPRESENTATION_CONTEXT('2D SPACE',''
  ) );
#3543 = PCURVE('',#1725,#3544);
#3544 = DEFINITIONAL_REPRESENTATION('',(#3545),#3549);
#3545 = LINE('',#3546,#3547);
#3546 = CARTESIAN_POINT('',(1.,0.));
#3547 = VECTOR('',#3548,1.);
#3548 = DIRECTION('',(0.,-1.));
#3549 = ( GEOMETRIC_REPRESENTATION_CONTEXT(2)
PARAMETRIC_REPRESENTATION_CONTEXT() REPRESENTATION_CONTEXT('2D SPACE',''
  ) );
#3550 = ORIENTED_EDGE('',*,*,#1744,.F.);
#3551 = ORIENTED_EDGE('',*,*,#3481,.F.);
#3552 = ADVANCED_FACE('',(#3553),#1725,.F.);
#3553 = FACE_BOUND('',#3554,.F.);
#3554 = EDGE_LOOP('',(#3555,#3578,#3599,#3600));
#3555 = ORIENTED_EDGE('',*,*,#3556,.F.);
#3556 = EDGE_CURVE('',#3557,#3508,#3559,.T.);
#3557 = VERTEX_POINT('',#3558);
#3558 = CARTESIAN_POINT('',(-0.437109375,9.171875,2.55));
#3559 = SURFACE_CURVE('',#3560,(#3564,#3571),.PCURVE_S1.);
#3560 = B_SPLINE_CURVE_WITH_KNOTS('',2,(#3561,#3562,#3563),
  .UNSPECIFIED.,.F.,.F.,(3,3),(0.,1.),.PIECEWISE_BEZIER_KNOTS.);
#3561 = CARTESIAN_POINT('',(-0.437109375,9.171875,2.55));
#3562 = CARTESIAN_POINT('',(-0.31875,9.1115234375,2.55));
#3563 = CARTESIAN_POINT('',(-0.2560546875,9.0072265625,2.55));
#3564 = PCURVE('',#1725,#3565);
#3565 = DEFINITIONAL_REPRESENTATION('',(#3566),#3570);
#3566 = LINE('',#3567,#3568);
#3567 = CARTESIAN_POINT('',(0.,0.));
#3568 = VECTOR('',#3569,1.);
#3569 = DIRECTION('',(1.,0.));
#3570 = ( GEOMETRIC_REPRESENTATION_CONTEXT(2)
PARAMETRIC_REPRESENTATION_CONTEXT() REPRESENTATION_CONTEXT('2D SPACE',''
  ) );
#3571 = PCURVE('',#3057,#3572);
#3572 = DEFINITIONAL_REPRESENTATION('',(#3573),#3577);
#3573 = B_SPLINE_CURVE_WITH_KNOTS('',2,(#3574,#3575,#3576),
  .UNSPECIFIED.,.F.,.F.,(3,3),(0.,1.),.PIECEWISE_BEZIER_KNOTS.);
#3574 = CARTESIAN_POINT('',(0.89765625,1.6646484375));
#3575 = CARTESIAN_POINT('',(1.016015625,1.604296875));
#3576 = CARTESIAN_POINT('',(1.0787109375,1.5));
#3577 = ( GEOMETRIC_REPRESENTATION_CONTEXT(2)
PARAMETRIC_REPRESENTATION_CONTEXT() REPRESENTATION_CONTEXT('2D SPACE',''
  ) );
#3578 = ORIENTED_EDGE('',*,*,#3579,.T.);
#3579 = EDGE_CURVE('',#3557,#1655,#3580,.T.);
#3580 = SURFACE_CURVE('',#3581,(#3585,#3592),.PCURVE_S1.);
#3581 = LINE('',#3582,#3583);
#3582 = CARTESIAN_POINT('',(-0.437109375,9.171875,2.55));
#3583 = VECTOR('',#3584,1.);
#3584 = DIRECTION('',(0.,0.,1.));
#3585 = PCURVE('',#1725,#3586);
#3586 = DEFINITIONAL_REPRESENTATION('',(#3587),#3591);
#3587 = LINE('',#3588,#3589);
#3588 = CARTESIAN_POINT('',(0.,0.));
#3589 = VECTOR('',#3590,1.);
#3590 = DIRECTION('',(0.,-1.));
#3591 = ( GEOMETRIC_REPRESENTATION_CONTEXT(2)
PARAMETRIC_REPRESENTATION_CONTEXT() REPRESENTATION_CONTEXT('2D SPACE',''
  ) );
#3592 = PCURVE('',#1680,#3593);
#3593 = DEFINITIONAL_REPRESENTATION('',(#3594),#3598);
#3594 = LINE('',#3595,#3596);
#3595 = CARTESIAN_POINT('',(1.,0.));
#3596 = VECTOR('',#3597,1.);
#3597 = DIRECTION('',(0.,-1.));
#3598 = ( GEOMETRIC_REPRESENTATION_CONTEXT(2)
PARAMETRIC_REPRESENTATION_CONTEXT() REPRESENTATION_CONTEXT('2D SPACE',''
  ) );
#3599 = ORIENTED_EDGE('',*,*,#1699,.F.);
#3600 = ORIENTED_EDGE('',*,*,#3530,.F.);
#3601 = ADVANCED_FACE('',(#3602),#1680,.F.);
#3602 = FACE_BOUND('',#3603,.F.);
#3603 = EDGE_LOOP('',(#3604,#3627,#3648,#3649));
#3604 = ORIENTED_EDGE('',*,*,#3605,.F.);
#3605 = EDGE_CURVE('',#3606,#3557,#3608,.T.);
#3606 = VERTEX_POINT('',#3607);
#3607 = CARTESIAN_POINT('',(-0.69609375,9.2322265625,2.55));
#3608 = SURFACE_CURVE('',#3609,(#3613,#3620),.PCURVE_S1.);
#3609 = B_SPLINE_CURVE_WITH_KNOTS('',2,(#3610,#3611,#3612),
  .UNSPECIFIED.,.F.,.F.,(3,3),(0.,1.),.PIECEWISE_BEZIER_KNOTS.);
#3610 = CARTESIAN_POINT('',(-0.69609375,9.2322265625,2.55));
#3611 = CARTESIAN_POINT('',(-0.55546875,9.2322265625,2.55));
#3612 = CARTESIAN_POINT('',(-0.437109375,9.171875,2.55));
#3613 = PCURVE('',#1680,#3614);
#3614 = DEFINITIONAL_REPRESENTATION('',(#3615),#3619);
#3615 = LINE('',#3616,#3617);
#3616 = CARTESIAN_POINT('',(0.,0.));
#3617 = VECTOR('',#3618,1.);
#3618 = DIRECTION('',(1.,0.));
#3619 = ( GEOMETRIC_REPRESENTATION_CONTEXT(2)
PARAMETRIC_REPRESENTATION_CONTEXT() REPRESENTATION_CONTEXT('2D SPACE',''
  ) );
#3620 = PCURVE('',#3057,#3621);
#3621 = DEFINITIONAL_REPRESENTATION('',(#3622),#3626);
#3622 = B_SPLINE_CURVE_WITH_KNOTS('',2,(#3623,#3624,#3625),
  .UNSPECIFIED.,.F.,.F.,(3,3),(0.,1.),.PIECEWISE_BEZIER_KNOTS.);
#3623 = CARTESIAN_POINT('',(0.638671875,1.725));
#3624 = CARTESIAN_POINT('',(0.779296875,1.725));
#3625 = CARTESIAN_POINT('',(0.89765625,1.6646484375));
#3626 = ( GEOMETRIC_REPRESENTATION_CONTEXT(2)
PARAMETRIC_REPRESENTATION_CONTEXT() REPRESENTATION_CONTEXT('2D SPACE',''
  ) );
#3627 = ORIENTED_EDGE('',*,*,#3628,.T.);
#3628 = EDGE_CURVE('',#3606,#1604,#3629,.T.);
#3629 = SURFACE_CURVE('',#3630,(#3634,#3641),.PCURVE_S1.);
#3630 = LINE('',#3631,#3632);
#3631 = CARTESIAN_POINT('',(-0.69609375,9.2322265625,2.55));
#3632 = VECTOR('',#3633,1.);
#3633 = DIRECTION('',(0.,0.,1.));
#3634 = PCURVE('',#1680,#3635);
#3635 = DEFINITIONAL_REPRESENTATION('',(#3636),#3640);
#3636 = LINE('',#3637,#3638);
#3637 = CARTESIAN_POINT('',(0.,0.));
#3638 = VECTOR('',#3639,1.);
#3639 = DIRECTION('',(0.,-1.));
#3640 = ( GEOMETRIC_REPRESENTATION_CONTEXT(2)
PARAMETRIC_REPRESENTATION_CONTEXT() REPRESENTATION_CONTEXT('2D SPACE',''
  ) );
#3641 = PCURVE('',#1633,#3642);
#3642 = DEFINITIONAL_REPRESENTATION('',(#3643),#3647);
#3643 = LINE('',#3644,#3645);
#3644 = CARTESIAN_POINT('',(1.,0.));
#3645 = VECTOR('',#3646,1.);
#3646 = DIRECTION('',(0.,-1.));
#3647 = ( GEOMETRIC_REPRESENTATION_CONTEXT(2)
PARAMETRIC_REPRESENTATION_CONTEXT() REPRESENTATION_CONTEXT('2D SPACE',''
  ) );
#3648 = ORIENTED_EDGE('',*,*,#1654,.F.);
#3649 = ORIENTED_EDGE('',*,*,#3579,.F.);
#3650 = ADVANCED_FACE('',(#3651),#1633,.F.);
#3651 = FACE_BOUND('',#3652,.F.);
#3652 = EDGE_LOOP('',(#3653,#3676,#3697,#3698));
#3653 = ORIENTED_EDGE('',*,*,#3654,.F.);
#3654 = EDGE_CURVE('',#3655,#3606,#3657,.T.);
#3655 = VERTEX_POINT('',#3656);
#3656 = CARTESIAN_POINT('',(-1.037109375,9.115625,2.55));
#3657 = SURFACE_CURVE('',#3658,(#3662,#3669),.PCURVE_S1.);
#3658 = B_SPLINE_CURVE_WITH_KNOTS('',2,(#3659,#3660,#3661),
  .UNSPECIFIED.,.F.,.F.,(3,3),(0.,1.),.PIECEWISE_BEZIER_KNOTS.);
#3659 = CARTESIAN_POINT('',(-1.037109375,9.115625,2.55));
#3660 = CARTESIAN_POINT('',(-0.9,9.2322265625,2.55));
#3661 = CARTESIAN_POINT('',(-0.69609375,9.2322265625,2.55));
#3662 = PCURVE('',#1633,#3663);
#3663 = DEFINITIONAL_REPRESENTATION('',(#3664),#3668);
#3664 = LINE('',#3665,#3666);
#3665 = CARTESIAN_POINT('',(0.,0.));
#3666 = VECTOR('',#3667,1.);
#3667 = DIRECTION('',(1.,0.));
#3668 = ( GEOMETRIC_REPRESENTATION_CONTEXT(2)
PARAMETRIC_REPRESENTATION_CONTEXT() REPRESENTATION_CONTEXT('2D SPACE',''
  ) );
#3669 = PCURVE('',#3057,#3670);
#3670 = DEFINITIONAL_REPRESENTATION('',(#3671),#3675);
#3671 = B_SPLINE_CURVE_WITH_KNOTS('',2,(#3672,#3673,#3674),
  .UNSPECIFIED.,.F.,.F.,(3,3),(0.,1.),.PIECEWISE_BEZIER_KNOTS.);
#3672 = CARTESIAN_POINT('',(0.29765625,1.6083984375));
#3673 = CARTESIAN_POINT('',(0.434765625,1.725));
#3674 = CARTESIAN_POINT('',(0.638671875,1.725));
#3675 = ( GEOMETRIC_REPRESENTATION_CONTEXT(2)
PARAMETRIC_REPRESENTATION_CONTEXT() REPRESENTATION_CONTEXT('2D SPACE',''
  ) );
#3676 = ORIENTED_EDGE('',*,*,#3677,.T.);
#3677 = EDGE_CURVE('',#3655,#1553,#3678,.T.);
#3678 = SURFACE_CURVE('',#3679,(#3683,#3690),.PCURVE_S1.);
#3679 = LINE('',#3680,#3681);
#3680 = CARTESIAN_POINT('',(-1.037109375,9.115625,2.55));
#3681 = VECTOR('',#3682,1.);
#3682 = DIRECTION('',(0.,0.,1.));
#3683 = PCURVE('',#1633,#3684);
#3684 = DEFINITIONAL_REPRESENTATION('',(#3685),#3689);
#3685 = LINE('',#3686,#3687);
#3686 = CARTESIAN_POINT('',(0.,0.));
#3687 = VECTOR('',#3688,1.);
#3688 = DIRECTION('',(0.,-1.));
#3689 = ( GEOMETRIC_REPRESENTATION_CONTEXT(2)
PARAMETRIC_REPRESENTATION_CONTEXT() REPRESENTATION_CONTEXT('2D SPACE',''
  ) );
#3690 = PCURVE('',#1582,#3691);
#3691 = DEFINITIONAL_REPRESENTATION('',(#3692),#3696);
#3692 = LINE('',#3693,#3694);
#3693 = CARTESIAN_POINT('',(1.,0.));
#3694 = VECTOR('',#3695,1.);
#3695 = DIRECTION('',(0.,-1.));
#3696 = ( GEOMETRIC_REPRESENTATION_CONTEXT(2)
PARAMETRIC_REPRESENTATION_CONTEXT() REPRESENTATION_CONTEXT('2D SPACE',''
  ) );
#3697 = ORIENTED_EDGE('',*,*,#1603,.F.);
#3698 = ORIENTED_EDGE('',*,*,#3628,.F.);
#3699 = ADVANCED_FACE('',(#3700),#1582,.F.);
#3700 = FACE_BOUND('',#3701,.F.);
#3701 = EDGE_LOOP('',(#3702,#3725,#3746,#3747));
#3702 = ORIENTED_EDGE('',*,*,#3703,.F.);
#3703 = EDGE_CURVE('',#3704,#3655,#3706,.T.);
#3704 = VERTEX_POINT('',#3705);
#3705 = CARTESIAN_POINT('',(-1.212890625,8.7869140625,2.55));
#3706 = SURFACE_CURVE('',#3707,(#3711,#3718),.PCURVE_S1.);
#3707 = B_SPLINE_CURVE_WITH_KNOTS('',2,(#3708,#3709,#3710),
  .UNSPECIFIED.,.F.,.F.,(3,3),(0.,1.),.PIECEWISE_BEZIER_KNOTS.);
#3708 = CARTESIAN_POINT('',(-1.212890625,8.7869140625,2.55));
#3709 = CARTESIAN_POINT('',(-1.17421875,8.9990234375,2.55));
#3710 = CARTESIAN_POINT('',(-1.037109375,9.115625,2.55));
#3711 = PCURVE('',#1582,#3712);
#3712 = DEFINITIONAL_REPRESENTATION('',(#3713),#3717);
#3713 = LINE('',#3714,#3715);
#3714 = CARTESIAN_POINT('',(0.,0.));
#3715 = VECTOR('',#3716,1.);
#3716 = DIRECTION('',(1.,0.));
#3717 = ( GEOMETRIC_REPRESENTATION_CONTEXT(2)
PARAMETRIC_REPRESENTATION_CONTEXT() REPRESENTATION_CONTEXT('2D SPACE',''
  ) );
#3718 = PCURVE('',#3057,#3719);
#3719 = DEFINITIONAL_REPRESENTATION('',(#3720),#3724);
#3720 = B_SPLINE_CURVE_WITH_KNOTS('',2,(#3721,#3722,#3723),
  .UNSPECIFIED.,.F.,.F.,(3,3),(0.,1.),.PIECEWISE_BEZIER_KNOTS.);
#3721 = CARTESIAN_POINT('',(0.121875,1.2796875));
#3722 = CARTESIAN_POINT('',(0.160546875,1.491796875));
#3723 = CARTESIAN_POINT('',(0.29765625,1.6083984375));
#3724 = ( GEOMETRIC_REPRESENTATION_CONTEXT(2)
PARAMETRIC_REPRESENTATION_CONTEXT() REPRESENTATION_CONTEXT('2D SPACE',''
  ) );
#3725 = ORIENTED_EDGE('',*,*,#3726,.T.);
#3726 = EDGE_CURVE('',#3704,#1527,#3727,.T.);
#3727 = SURFACE_CURVE('',#3728,(#3732,#3739),.PCURVE_S1.);
#3728 = LINE('',#3729,#3730);
#3729 = CARTESIAN_POINT('',(-1.212890625,8.7869140625,2.55));
#3730 = VECTOR('',#3731,1.);
#3731 = DIRECTION('',(0.,0.,1.));
#3732 = PCURVE('',#1582,#3733);
#3733 = DEFINITIONAL_REPRESENTATION('',(#3734),#3738);
#3734 = LINE('',#3735,#3736);
#3735 = CARTESIAN_POINT('',(0.,0.));
#3736 = VECTOR('',#3737,1.);
#3737 = DIRECTION('',(0.,-1.));
#3738 = ( GEOMETRIC_REPRESENTATION_CONTEXT(2)
PARAMETRIC_REPRESENTATION_CONTEXT() REPRESENTATION_CONTEXT('2D SPACE',''
  ) );
#3739 = PCURVE('',#1541,#3740);
#3740 = DEFINITIONAL_REPRESENTATION('',(#3741),#3745);
#3741 = LINE('',#3742,#3743);
#3742 = CARTESIAN_POINT('',(0.214244904038,0.));
#3743 = VECTOR('',#3744,1.);
#3744 = DIRECTION('',(0.,-1.));
#3745 = ( GEOMETRIC_REPRESENTATION_CONTEXT(2)
PARAMETRIC_REPRESENTATION_CONTEXT() REPRESENTATION_CONTEXT('2D SPACE',''
  ) );
#3746 = ORIENTED_EDGE('',*,*,#1552,.F.);
#3747 = ORIENTED_EDGE('',*,*,#3677,.F.);
#3748 = ADVANCED_FACE('',(#3749),#1541,.F.);
#3749 = FACE_BOUND('',#3750,.F.);
#3750 = EDGE_LOOP('',(#3751,#3774,#3795,#3796));
#3751 = ORIENTED_EDGE('',*,*,#3752,.F.);
#3752 = EDGE_CURVE('',#3753,#3704,#3755,.T.);
#3753 = VERTEX_POINT('',#3754);
#3754 = CARTESIAN_POINT('',(-1.001953125,8.7494140625,2.55));
#3755 = SURFACE_CURVE('',#3756,(#3760,#3767),.PCURVE_S1.);
#3756 = LINE('',#3757,#3758);
#3757 = CARTESIAN_POINT('',(-1.001953125,8.7494140625,2.55));
#3758 = VECTOR('',#3759,1.);
#3759 = DIRECTION('',(-0.984562507786,0.175033334717,0.));
#3760 = PCURVE('',#1541,#3761);
#3761 = DEFINITIONAL_REPRESENTATION('',(#3762),#3766);
#3762 = LINE('',#3763,#3764);
#3763 = CARTESIAN_POINT('',(0.,0.));
#3764 = VECTOR('',#3765,1.);
#3765 = DIRECTION('',(1.,0.));
#3766 = ( GEOMETRIC_REPRESENTATION_CONTEXT(2)
PARAMETRIC_REPRESENTATION_CONTEXT() REPRESENTATION_CONTEXT('2D SPACE',''
  ) );
#3767 = PCURVE('',#3057,#3768);
#3768 = DEFINITIONAL_REPRESENTATION('',(#3769),#3773);
#3769 = LINE('',#3770,#3771);
#3770 = CARTESIAN_POINT('',(0.3328125,1.2421875));
#3771 = VECTOR('',#3772,1.);
#3772 = DIRECTION('',(-0.984562507786,0.175033334717));
#3773 = ( GEOMETRIC_REPRESENTATION_CONTEXT(2)
PARAMETRIC_REPRESENTATION_CONTEXT() REPRESENTATION_CONTEXT('2D SPACE',''
  ) );
#3774 = ORIENTED_EDGE('',*,*,#3775,.T.);
#3775 = EDGE_CURVE('',#3753,#1488,#3776,.T.);
#3776 = SURFACE_CURVE('',#3777,(#3781,#3788),.PCURVE_S1.);
#3777 = LINE('',#3778,#3779);
#3778 = CARTESIAN_POINT('',(-1.001953125,8.7494140625,2.55));
#3779 = VECTOR('',#3780,1.);
#3780 = DIRECTION('',(0.,0.,1.));
#3781 = PCURVE('',#1541,#3782);
#3782 = DEFINITIONAL_REPRESENTATION('',(#3783),#3787);
#3783 = LINE('',#3784,#3785);
#3784 = CARTESIAN_POINT('',(0.,0.));
#3785 = VECTOR('',#3786,1.);
#3786 = DIRECTION('',(0.,-1.));
#3787 = ( GEOMETRIC_REPRESENTATION_CONTEXT(2)
PARAMETRIC_REPRESENTATION_CONTEXT() REPRESENTATION_CONTEXT('2D SPACE',''
  ) );
#3788 = PCURVE('',#1509,#3789);
#3789 = DEFINITIONAL_REPRESENTATION('',(#3790),#3794);
#3790 = LINE('',#3791,#3792);
#3791 = CARTESIAN_POINT('',(1.,0.));
#3792 = VECTOR('',#3793,1.);
#3793 = DIRECTION('',(0.,-1.));
#3794 = ( GEOMETRIC_REPRESENTATION_CONTEXT(2)
PARAMETRIC_REPRESENTATION_CONTEXT() REPRESENTATION_CONTEXT('2D SPACE',''
  ) );
#3795 = ORIENTED_EDGE('',*,*,#1526,.F.);
#3796 = ORIENTED_EDGE('',*,*,#3726,.F.);
#3797 = ADVANCED_FACE('',(#3798),#1509,.F.);
#3798 = FACE_BOUND('',#3799,.F.);
#3799 = EDGE_LOOP('',(#3800,#3823,#3844,#3845));
#3800 = ORIENTED_EDGE('',*,*,#3801,.F.);
#3801 = EDGE_CURVE('',#3802,#3753,#3804,.T.);
#3802 = VERTEX_POINT('',#3803);
#3803 = CARTESIAN_POINT('',(-0.896484375,8.9814453125,2.55));
#3804 = SURFACE_CURVE('',#3805,(#3809,#3816),.PCURVE_S1.);
#3805 = B_SPLINE_CURVE_WITH_KNOTS('',2,(#3806,#3807,#3808),
  .UNSPECIFIED.,.F.,.F.,(3,3),(0.,1.),.PIECEWISE_BEZIER_KNOTS.);
#3806 = CARTESIAN_POINT('',(-0.896484375,8.9814453125,2.55));
#3807 = CARTESIAN_POINT('',(-0.978515625,8.9041015625,2.55));
#3808 = CARTESIAN_POINT('',(-1.001953125,8.7494140625,2.55));
#3809 = PCURVE('',#1509,#3810);
#3810 = DEFINITIONAL_REPRESENTATION('',(#3811),#3815);
#3811 = LINE('',#3812,#3813);
#3812 = CARTESIAN_POINT('',(0.,0.));
#3813 = VECTOR('',#3814,1.);
#3814 = DIRECTION('',(1.,0.));
#3815 = ( GEOMETRIC_REPRESENTATION_CONTEXT(2)
PARAMETRIC_REPRESENTATION_CONTEXT() REPRESENTATION_CONTEXT('2D SPACE',''
  ) );
#3816 = PCURVE('',#3057,#3817);
#3817 = DEFINITIONAL_REPRESENTATION('',(#3818),#3822);
#3818 = B_SPLINE_CURVE_WITH_KNOTS('',2,(#3819,#3820,#3821),
  .UNSPECIFIED.,.F.,.F.,(3,3),(0.,1.),.PIECEWISE_BEZIER_KNOTS.);
#3819 = CARTESIAN_POINT('',(0.43828125,1.47421875));
#3820 = CARTESIAN_POINT('',(0.35625,1.396875));
#3821 = CARTESIAN_POINT('',(0.3328125,1.2421875));
#3822 = ( GEOMETRIC_REPRESENTATION_CONTEXT(2)
PARAMETRIC_REPRESENTATION_CONTEXT() REPRESENTATION_CONTEXT('2D SPACE',''
  ) );
#3823 = ORIENTED_EDGE('',*,*,#3824,.T.);
#3824 = EDGE_CURVE('',#3802,#1443,#3825,.T.);
#3825 = SURFACE_CURVE('',#3826,(#3830,#3837),.PCURVE_S1.);
#3826 = LINE('',#3827,#3828);
#3827 = CARTESIAN_POINT('',(-0.896484375,8.9814453125,2.55));
#3828 = VECTOR('',#3829,1.);
#3829 = DIRECTION('',(0.,0.,1.));
#3830 = PCURVE('',#1509,#3831);
#3831 = DEFINITIONAL_REPRESENTATION('',(#3832),#3836);
#3832 = LINE('',#3833,#3834);
#3833 = CARTESIAN_POINT('',(0.,0.));
#3834 = VECTOR('',#3835,1.);
#3835 = DIRECTION('',(0.,-1.));
#3836 = ( GEOMETRIC_REPRESENTATION_CONTEXT(2)
PARAMETRIC_REPRESENTATION_CONTEXT() REPRESENTATION_CONTEXT('2D SPACE',''
  ) );
#3837 = PCURVE('',#1468,#3838);
#3838 = DEFINITIONAL_REPRESENTATION('',(#3839),#3843);
#3839 = LINE('',#3840,#3841);
#3840 = CARTESIAN_POINT('',(1.,0.));
#3841 = VECTOR('',#3842,1.);
#3842 = DIRECTION('',(0.,-1.));
#3843 = ( GEOMETRIC_REPRESENTATION_CONTEXT(2)
PARAMETRIC_REPRESENTATION_CONTEXT() REPRESENTATION_CONTEXT('2D SPACE',''
  ) );
#3844 = ORIENTED_EDGE('',*,*,#1487,.F.);
#3845 = ORIENTED_EDGE('',*,*,#3775,.F.);
#3846 = ADVANCED_FACE('',(#3847),#1468,.F.);
#3847 = FACE_BOUND('',#3848,.F.);
#3848 = EDGE_LOOP('',(#3849,#3872,#3893,#3894));
#3849 = ORIENTED_EDGE('',*,*,#3850,.F.);
#3850 = EDGE_CURVE('',#3851,#3802,#3853,.T.);
#3851 = VERTEX_POINT('',#3852);
#3852 = CARTESIAN_POINT('',(-0.69140625,9.0587890625,2.55));
#3853 = SURFACE_CURVE('',#3854,(#3858,#3865),.PCURVE_S1.);
#3854 = B_SPLINE_CURVE_WITH_KNOTS('',2,(#3855,#3856,#3857),
  .UNSPECIFIED.,.F.,.F.,(3,3),(0.,1.),.PIECEWISE_BEZIER_KNOTS.);
#3855 = CARTESIAN_POINT('',(-0.69140625,9.0587890625,2.55));
#3856 = CARTESIAN_POINT('',(-0.814453125,9.0587890625,2.55));
#3857 = CARTESIAN_POINT('',(-0.896484375,8.9814453125,2.55));
#3858 = PCURVE('',#1468,#3859);
#3859 = DEFINITIONAL_REPRESENTATION('',(#3860),#3864);
#3860 = LINE('',#3861,#3862);
#3861 = CARTESIAN_POINT('',(0.,0.));
#3862 = VECTOR('',#3863,1.);
#3863 = DIRECTION('',(1.,0.));
#3864 = ( GEOMETRIC_REPRESENTATION_CONTEXT(2)
PARAMETRIC_REPRESENTATION_CONTEXT() REPRESENTATION_CONTEXT('2D SPACE',''
  ) );
#3865 = PCURVE('',#3057,#3866);
#3866 = DEFINITIONAL_REPRESENTATION('',(#3867),#3871);
#3867 = B_SPLINE_CURVE_WITH_KNOTS('',2,(#3868,#3869,#3870),
  .UNSPECIFIED.,.F.,.F.,(3,3),(0.,1.),.PIECEWISE_BEZIER_KNOTS.);
#3868 = CARTESIAN_POINT('',(0.643359375,1.5515625));
#3869 = CARTESIAN_POINT('',(0.5203125,1.5515625));
#3870 = CARTESIAN_POINT('',(0.43828125,1.47421875));
#3871 = ( GEOMETRIC_REPRESENTATION_CONTEXT(2)
PARAMETRIC_REPRESENTATION_CONTEXT() REPRESENTATION_CONTEXT('2D SPACE',''
  ) );
#3872 = ORIENTED_EDGE('',*,*,#3873,.T.);
#3873 = EDGE_CURVE('',#3851,#1398,#3874,.T.);
#3874 = SURFACE_CURVE('',#3875,(#3879,#3886),.PCURVE_S1.);
#3875 = LINE('',#3876,#3877);
#3876 = CARTESIAN_POINT('',(-0.69140625,9.0587890625,2.55));
#3877 = VECTOR('',#3878,1.);
#3878 = DIRECTION('',(0.,0.,1.));
#3879 = PCURVE('',#1468,#3880);
#3880 = DEFINITIONAL_REPRESENTATION('',(#3881),#3885);
#3881 = LINE('',#3882,#3883);
#3882 = CARTESIAN_POINT('',(0.,0.));
#3883 = VECTOR('',#3884,1.);
#3884 = DIRECTION('',(0.,-1.));
#3885 = ( GEOMETRIC_REPRESENTATION_CONTEXT(2)
PARAMETRIC_REPRESENTATION_CONTEXT() REPRESENTATION_CONTEXT('2D SPACE',''
  ) );
#3886 = PCURVE('',#1423,#3887);
#3887 = DEFINITIONAL_REPRESENTATION('',(#3888),#3892);
#3888 = LINE('',#3889,#3890);
#3889 = CARTESIAN_POINT('',(1.,0.));
#3890 = VECTOR('',#3891,1.);
#3891 = DIRECTION('',(0.,-1.));
#3892 = ( GEOMETRIC_REPRESENTATION_CONTEXT(2)
PARAMETRIC_REPRESENTATION_CONTEXT() REPRESENTATION_CONTEXT('2D SPACE',''
  ) );
#3893 = ORIENTED_EDGE('',*,*,#1442,.F.);
#3894 = ORIENTED_EDGE('',*,*,#3824,.F.);
#3895 = ADVANCED_FACE('',(#3896),#1423,.F.);
#3896 = FACE_BOUND('',#3897,.F.);
#3897 = EDGE_LOOP('',(#3898,#3921,#3942,#3943));
#3898 = ORIENTED_EDGE('',*,*,#3899,.F.);
#3899 = EDGE_CURVE('',#3900,#3851,#3902,.T.);
#3900 = VERTEX_POINT('',#3901);
#3901 = CARTESIAN_POINT('',(-0.488671875,8.9826171875,2.55));
#3902 = SURFACE_CURVE('',#3903,(#3907,#3914),.PCURVE_S1.);
#3903 = B_SPLINE_CURVE_WITH_KNOTS('',2,(#3904,#3905,#3906),
  .UNSPECIFIED.,.F.,.F.,(3,3),(0.,1.),.PIECEWISE_BEZIER_KNOTS.);
#3904 = CARTESIAN_POINT('',(-0.488671875,8.9826171875,2.55));
#3905 = CARTESIAN_POINT('',(-0.5671875,9.0587890625,2.55));
#3906 = CARTESIAN_POINT('',(-0.69140625,9.0587890625,2.55));
#3907 = PCURVE('',#1423,#3908);
#3908 = DEFINITIONAL_REPRESENTATION('',(#3909),#3913);
#3909 = LINE('',#3910,#3911);
#3910 = CARTESIAN_POINT('',(0.,0.));
#3911 = VECTOR('',#3912,1.);
#3912 = DIRECTION('',(1.,0.));
#3913 = ( GEOMETRIC_REPRESENTATION_CONTEXT(2)
PARAMETRIC_REPRESENTATION_CONTEXT() REPRESENTATION_CONTEXT('2D SPACE',''
  ) );
#3914 = PCURVE('',#3057,#3915);
#3915 = DEFINITIONAL_REPRESENTATION('',(#3916),#3920);
#3916 = B_SPLINE_CURVE_WITH_KNOTS('',2,(#3917,#3918,#3919),
  .UNSPECIFIED.,.F.,.F.,(3,3),(0.,1.),.PIECEWISE_BEZIER_KNOTS.);
#3917 = CARTESIAN_POINT('',(0.84609375,1.475390625));
#3918 = CARTESIAN_POINT('',(0.767578125,1.5515625));
#3919 = CARTESIAN_POINT('',(0.643359375,1.5515625));
#3920 = ( GEOMETRIC_REPRESENTATION_CONTEXT(2)
PARAMETRIC_REPRESENTATION_CONTEXT() REPRESENTATION_CONTEXT('2D SPACE',''
  ) );
#3921 = ORIENTED_EDGE('',*,*,#3922,.T.);
#3922 = EDGE_CURVE('',#3900,#1353,#3923,.T.);
#3923 = SURFACE_CURVE('',#3924,(#3928,#3935),.PCURVE_S1.);
#3924 = LINE('',#3925,#3926);
#3925 = CARTESIAN_POINT('',(-0.488671875,8.9826171875,2.55));
#3926 = VECTOR('',#3927,1.);
#3927 = DIRECTION('',(0.,0.,1.));
#3928 = PCURVE('',#1423,#3929);
#3929 = DEFINITIONAL_REPRESENTATION('',(#3930),#3934);
#3930 = LINE('',#3931,#3932);
#3931 = CARTESIAN_POINT('',(0.,0.));
#3932 = VECTOR('',#3933,1.);
#3933 = DIRECTION('',(0.,-1.));
#3934 = ( GEOMETRIC_REPRESENTATION_CONTEXT(2)
PARAMETRIC_REPRESENTATION_CONTEXT() REPRESENTATION_CONTEXT('2D SPACE',''
  ) );
#3935 = PCURVE('',#1378,#3936);
#3936 = DEFINITIONAL_REPRESENTATION('',(#3937),#3941);
#3937 = LINE('',#3938,#3939);
#3938 = CARTESIAN_POINT('',(1.,0.));
#3939 = VECTOR('',#3940,1.);
#3940 = DIRECTION('',(0.,-1.));
#3941 = ( GEOMETRIC_REPRESENTATION_CONTEXT(2)
PARAMETRIC_REPRESENTATION_CONTEXT() REPRESENTATION_CONTEXT('2D SPACE',''
  ) );
#3942 = ORIENTED_EDGE('',*,*,#1397,.F.);
#3943 = ORIENTED_EDGE('',*,*,#3873,.F.);
#3944 = ADVANCED_FACE('',(#3945),#1378,.F.);
#3945 = FACE_BOUND('',#3946,.F.);
#3946 = EDGE_LOOP('',(#3947,#3970,#3991,#3992));
#3947 = ORIENTED_EDGE('',*,*,#3948,.F.);
#3948 = EDGE_CURVE('',#3949,#3900,#3951,.T.);
#3949 = VERTEX_POINT('',#3950);
#3950 = CARTESIAN_POINT('',(-0.41015625,8.7904296875,2.55));
#3951 = SURFACE_CURVE('',#3952,(#3956,#3963),.PCURVE_S1.);
#3952 = B_SPLINE_CURVE_WITH_KNOTS('',2,(#3953,#3954,#3955),
  .UNSPECIFIED.,.F.,.F.,(3,3),(0.,1.),.PIECEWISE_BEZIER_KNOTS.);
#3953 = CARTESIAN_POINT('',(-0.41015625,8.7904296875,2.55));
#3954 = CARTESIAN_POINT('',(-0.41015625,8.9064453125,2.55));
#3955 = CARTESIAN_POINT('',(-0.488671875,8.9826171875,2.55));
#3956 = PCURVE('',#1378,#3957);
#3957 = DEFINITIONAL_REPRESENTATION('',(#3958),#3962);
#3958 = LINE('',#3959,#3960);
#3959 = CARTESIAN_POINT('',(0.,0.));
#3960 = VECTOR('',#3961,1.);
#3961 = DIRECTION('',(1.,0.));
#3962 = ( GEOMETRIC_REPRESENTATION_CONTEXT(2)
PARAMETRIC_REPRESENTATION_CONTEXT() REPRESENTATION_CONTEXT('2D SPACE',''
  ) );
#3963 = PCURVE('',#3057,#3964);
#3964 = DEFINITIONAL_REPRESENTATION('',(#3965),#3969);
#3965 = B_SPLINE_CURVE_WITH_KNOTS('',2,(#3966,#3967,#3968),
  .UNSPECIFIED.,.F.,.F.,(3,3),(0.,1.),.PIECEWISE_BEZIER_KNOTS.);
#3966 = CARTESIAN_POINT('',(0.924609375,1.283203125));
#3967 = CARTESIAN_POINT('',(0.924609375,1.39921875));
#3968 = CARTESIAN_POINT('',(0.84609375,1.475390625));
#3969 = ( GEOMETRIC_REPRESENTATION_CONTEXT(2)
PARAMETRIC_REPRESENTATION_CONTEXT() REPRESENTATION_CONTEXT('2D SPACE',''
  ) );
#3970 = ORIENTED_EDGE('',*,*,#3971,.T.);
#3971 = EDGE_CURVE('',#3949,#1302,#3972,.T.);
#3972 = SURFACE_CURVE('',#3973,(#3977,#3984),.PCURVE_S1.);
#3973 = LINE('',#3974,#3975);
#3974 = CARTESIAN_POINT('',(-0.41015625,8.7904296875,2.55));
#3975 = VECTOR('',#3976,1.);
#3976 = DIRECTION('',(0.,0.,1.));
#3977 = PCURVE('',#1378,#3978);
#3978 = DEFINITIONAL_REPRESENTATION('',(#3979),#3983);
#3979 = LINE('',#3980,#3981);
#3980 = CARTESIAN_POINT('',(0.,0.));
#3981 = VECTOR('',#3982,1.);
#3982 = DIRECTION('',(0.,-1.));
#3983 = ( GEOMETRIC_REPRESENTATION_CONTEXT(2)
PARAMETRIC_REPRESENTATION_CONTEXT() REPRESENTATION_CONTEXT('2D SPACE',''
  ) );
#3984 = PCURVE('',#1331,#3985);
#3985 = DEFINITIONAL_REPRESENTATION('',(#3986),#3990);
#3986 = LINE('',#3987,#3988);
#3987 = CARTESIAN_POINT('',(1.,0.));
#3988 = VECTOR('',#3989,1.);
#3989 = DIRECTION('',(0.,-1.));
#3990 = ( GEOMETRIC_REPRESENTATION_CONTEXT(2)
PARAMETRIC_REPRESENTATION_CONTEXT() REPRESENTATION_CONTEXT('2D SPACE',''
  ) );
#3991 = ORIENTED_EDGE('',*,*,#1352,.F.);
#3992 = ORIENTED_EDGE('',*,*,#3922,.F.);
#3993 = ADVANCED_FACE('',(#3994),#1331,.F.);
#3994 = FACE_BOUND('',#3995,.F.);
#3995 = EDGE_LOOP('',(#3996,#4019,#4040,#4041));
#3996 = ORIENTED_EDGE('',*,*,#3997,.F.);
#3997 = EDGE_CURVE('',#3998,#3949,#4000,.T.);
#3998 = VERTEX_POINT('',#3999);
#3999 = CARTESIAN_POINT('',(-0.51796875,8.5736328125,2.55));
#4000 = SURFACE_CURVE('',#4001,(#4005,#4012),.PCURVE_S1.);
#4001 = B_SPLINE_CURVE_WITH_KNOTS('',2,(#4002,#4003,#4004),
  .UNSPECIFIED.,.F.,.F.,(3,3),(0.,1.),.PIECEWISE_BEZIER_KNOTS.);
#4002 = CARTESIAN_POINT('',(-0.51796875,8.5736328125,2.55));
#4003 = CARTESIAN_POINT('',(-0.41015625,8.6439453125,2.55));
#4004 = CARTESIAN_POINT('',(-0.41015625,8.7904296875,2.55));
#4005 = PCURVE('',#1331,#4006);
#4006 = DEFINITIONAL_REPRESENTATION('',(#4007),#4011);
#4007 = LINE('',#4008,#4009);
#4008 = CARTESIAN_POINT('',(0.,0.));
#4009 = VECTOR('',#4010,1.);
#4010 = DIRECTION('',(1.,0.));
#4011 = ( GEOMETRIC_REPRESENTATION_CONTEXT(2)
PARAMETRIC_REPRESENTATION_CONTEXT() REPRESENTATION_CONTEXT('2D SPACE',''
  ) );
#4012 = PCURVE('',#3057,#4013);
#4013 = DEFINITIONAL_REPRESENTATION('',(#4014),#4018);
#4014 = B_SPLINE_CURVE_WITH_KNOTS('',2,(#4015,#4016,#4017),
  .UNSPECIFIED.,.F.,.F.,(3,3),(0.,1.),.PIECEWISE_BEZIER_KNOTS.);
#4015 = CARTESIAN_POINT('',(0.816796875,1.06640625));
#4016 = CARTESIAN_POINT('',(0.924609375,1.13671875));
#4017 = CARTESIAN_POINT('',(0.924609375,1.283203125));
#4018 = ( GEOMETRIC_REPRESENTATION_CONTEXT(2)
PARAMETRIC_REPRESENTATION_CONTEXT() REPRESENTATION_CONTEXT('2D SPACE',''
  ) );
#4019 = ORIENTED_EDGE('',*,*,#4020,.T.);
#4020 = EDGE_CURVE('',#3998,#1257,#4021,.T.);
#4021 = SURFACE_CURVE('',#4022,(#4026,#4033),.PCURVE_S1.);
#4022 = LINE('',#4023,#4024);
#4023 = CARTESIAN_POINT('',(-0.51796875,8.5736328125,2.55));
#4024 = VECTOR('',#4025,1.);
#4025 = DIRECTION('',(0.,0.,1.));
#4026 = PCURVE('',#1331,#4027);
#4027 = DEFINITIONAL_REPRESENTATION('',(#4028),#4032);
#4028 = LINE('',#4029,#4030);
#4029 = CARTESIAN_POINT('',(0.,0.));
#4030 = VECTOR('',#4031,1.);
#4031 = DIRECTION('',(0.,-1.));
#4032 = ( GEOMETRIC_REPRESENTATION_CONTEXT(2)
PARAMETRIC_REPRESENTATION_CONTEXT() REPRESENTATION_CONTEXT('2D SPACE',''
  ) );
#4033 = PCURVE('',#1282,#4034);
#4034 = DEFINITIONAL_REPRESENTATION('',(#4035),#4039);
#4035 = LINE('',#4036,#4037);
#4036 = CARTESIAN_POINT('',(1.,0.));
#4037 = VECTOR('',#4038,1.);
#4038 = DIRECTION('',(0.,-1.));
#4039 = ( GEOMETRIC_REPRESENTATION_CONTEXT(2)
PARAMETRIC_REPRESENTATION_CONTEXT() REPRESENTATION_CONTEXT('2D SPACE',''
  ) );
#4040 = ORIENTED_EDGE('',*,*,#1301,.F.);
#4041 = ORIENTED_EDGE('',*,*,#3971,.F.);
#4042 = ADVANCED_FACE('',(#4043),#1282,.F.);
#4043 = FACE_BOUND('',#4044,.F.);
#4044 = EDGE_LOOP('',(#4045,#4068,#4089,#4090));
#4045 = ORIENTED_EDGE('',*,*,#4046,.F.);
#4046 = EDGE_CURVE('',#4047,#3998,#4049,.T.);
#4047 = VERTEX_POINT('',#4048);
#4048 = CARTESIAN_POINT('',(-0.760546875,8.5033203125,2.55));
#4049 = SURFACE_CURVE('',#4050,(#4054,#4061),.PCURVE_S1.);
#4050 = B_SPLINE_CURVE_WITH_KNOTS('',2,(#4051,#4052,#4053),
  .UNSPECIFIED.,.F.,.F.,(3,3),(0.,1.),.PIECEWISE_BEZIER_KNOTS.);
#4051 = CARTESIAN_POINT('',(-0.760546875,8.5033203125,2.55));
#4052 = CARTESIAN_POINT('',(-0.62578125,8.5033203125,2.55));
#4053 = CARTESIAN_POINT('',(-0.51796875,8.5736328125,2.55));
#4054 = PCURVE('',#1282,#4055);
#4055 = DEFINITIONAL_REPRESENTATION('',(#4056),#4060);
#4056 = LINE('',#4057,#4058);
#4057 = CARTESIAN_POINT('',(0.,0.));
#4058 = VECTOR('',#4059,1.);
#4059 = DIRECTION('',(1.,0.));
#4060 = ( GEOMETRIC_REPRESENTATION_CONTEXT(2)
PARAMETRIC_REPRESENTATION_CONTEXT() REPRESENTATION_CONTEXT('2D SPACE',''
  ) );
#4061 = PCURVE('',#3057,#4062);
#4062 = DEFINITIONAL_REPRESENTATION('',(#4063),#4067);
#4063 = B_SPLINE_CURVE_WITH_KNOTS('',2,(#4064,#4065,#4066),
  .UNSPECIFIED.,.F.,.F.,(3,3),(0.,1.),.PIECEWISE_BEZIER_KNOTS.);
#4064 = CARTESIAN_POINT('',(0.57421875,0.99609375));
#4065 = CARTESIAN_POINT('',(0.708984375,0.99609375));
#4066 = CARTESIAN_POINT('',(0.816796875,1.06640625));
#4067 = ( GEOMETRIC_REPRESENTATION_CONTEXT(2)
PARAMETRIC_REPRESENTATION_CONTEXT() REPRESENTATION_CONTEXT('2D SPACE',''
  ) );
#4068 = ORIENTED_EDGE('',*,*,#4069,.T.);
#4069 = EDGE_CURVE('',#4047,#1221,#4070,.T.);
#4070 = SURFACE_CURVE('',#4071,(#4075,#4082),.PCURVE_S1.);
#4071 = LINE('',#4072,#4073);
#4072 = CARTESIAN_POINT('',(-0.760546875,8.5033203125,2.55));
#4073 = VECTOR('',#4074,1.);
#4074 = DIRECTION('',(0.,0.,1.));
#4075 = PCURVE('',#1282,#4076);
#4076 = DEFINITIONAL_REPRESENTATION('',(#4077),#4081);
#4077 = LINE('',#4078,#4079);
#4078 = CARTESIAN_POINT('',(0.,0.));
#4079 = VECTOR('',#4080,1.);
#4080 = DIRECTION('',(0.,-1.));
#4081 = ( GEOMETRIC_REPRESENTATION_CONTEXT(2)
PARAMETRIC_REPRESENTATION_CONTEXT() REPRESENTATION_CONTEXT('2D SPACE',''
  ) );
#4082 = PCURVE('',#1240,#4083);
#4083 = DEFINITIONAL_REPRESENTATION('',(#4084),#4088);
#4084 = LINE('',#4085,#4086);
#4085 = CARTESIAN_POINT('',(1.,0.));
#4086 = VECTOR('',#4087,1.);
#4087 = DIRECTION('',(0.,-1.));
#4088 = ( GEOMETRIC_REPRESENTATION_CONTEXT(2)
PARAMETRIC_REPRESENTATION_CONTEXT() REPRESENTATION_CONTEXT('2D SPACE',''
  ) );
#4089 = ORIENTED_EDGE('',*,*,#1256,.F.);
#4090 = ORIENTED_EDGE('',*,*,#4020,.F.);
#4091 = ADVANCED_FACE('',(#4092),#1240,.F.);
#4092 = FACE_BOUND('',#4093,.F.);
#4093 = EDGE_LOOP('',(#4094,#4117,#4138,#4139));
#4094 = ORIENTED_EDGE('',*,*,#4095,.F.);
#4095 = EDGE_CURVE('',#4096,#4047,#4098,.T.);
#4096 = VERTEX_POINT('',#4097);
#4097 = CARTESIAN_POINT('',(-0.79453125,8.5056640625,2.55));
#4098 = SURFACE_CURVE('',#4099,(#4103,#4110),.PCURVE_S1.);
#4099 = B_SPLINE_CURVE_WITH_KNOTS('',2,(#4100,#4101,#4102),
  .UNSPECIFIED.,.F.,.F.,(3,3),(0.,1.),.PIECEWISE_BEZIER_KNOTS.);
#4100 = CARTESIAN_POINT('',(-0.79453125,8.5056640625,2.55));
#4101 = CARTESIAN_POINT('',(-0.7734375,8.5033203125,2.55));
#4102 = CARTESIAN_POINT('',(-0.760546875,8.5033203125,2.55));
#4103 = PCURVE('',#1240,#4104);
#4104 = DEFINITIONAL_REPRESENTATION('',(#4105),#4109);
#4105 = LINE('',#4106,#4107);
#4106 = CARTESIAN_POINT('',(0.,0.));
#4107 = VECTOR('',#4108,1.);
#4108 = DIRECTION('',(1.,0.));
#4109 = ( GEOMETRIC_REPRESENTATION_CONTEXT(2)
PARAMETRIC_REPRESENTATION_CONTEXT() REPRESENTATION_CONTEXT('2D SPACE',''
  ) );
#4110 = PCURVE('',#3057,#4111);
#4111 = DEFINITIONAL_REPRESENTATION('',(#4112),#4116);
#4112 = B_SPLINE_CURVE_WITH_KNOTS('',2,(#4113,#4114,#4115),
  .UNSPECIFIED.,.F.,.F.,(3,3),(0.,1.),.PIECEWISE_BEZIER_KNOTS.);
#4113 = CARTESIAN_POINT('',(0.540234375,0.9984375));
#4114 = CARTESIAN_POINT('',(0.561328125,0.99609375));
#4115 = CARTESIAN_POINT('',(0.57421875,0.99609375));
#4116 = ( GEOMETRIC_REPRESENTATION_CONTEXT(2)
PARAMETRIC_REPRESENTATION_CONTEXT() REPRESENTATION_CONTEXT('2D SPACE',''
  ) );
#4117 = ORIENTED_EDGE('',*,*,#4118,.T.);
#4118 = EDGE_CURVE('',#4096,#1195,#4119,.T.);
#4119 = SURFACE_CURVE('',#4120,(#4124,#4131),.PCURVE_S1.);
#4120 = LINE('',#4121,#4122);
#4121 = CARTESIAN_POINT('',(-0.79453125,8.5056640625,2.55));
#4122 = VECTOR('',#4123,1.);
#4123 = DIRECTION('',(0.,0.,1.));
#4124 = PCURVE('',#1240,#4125);
#4125 = DEFINITIONAL_REPRESENTATION('',(#4126),#4130);
#4126 = LINE('',#4127,#4128);
#4127 = CARTESIAN_POINT('',(0.,0.));
#4128 = VECTOR('',#4129,1.);
#4129 = DIRECTION('',(0.,-1.));
#4130 = ( GEOMETRIC_REPRESENTATION_CONTEXT(2)
PARAMETRIC_REPRESENTATION_CONTEXT() REPRESENTATION_CONTEXT('2D SPACE',''
  ) );
#4131 = PCURVE('',#1209,#4132);
#4132 = DEFINITIONAL_REPRESENTATION('',(#4133),#4137);
#4133 = LINE('',#4134,#4135);
#4134 = CARTESIAN_POINT('',(0.186633741109,0.));
#4135 = VECTOR('',#4136,1.);
#4136 = DIRECTION('',(0.,-1.));
#4137 = ( GEOMETRIC_REPRESENTATION_CONTEXT(2)
PARAMETRIC_REPRESENTATION_CONTEXT() REPRESENTATION_CONTEXT('2D SPACE',''
  ) );
#4138 = ORIENTED_EDGE('',*,*,#1220,.F.);
#4139 = ORIENTED_EDGE('',*,*,#4069,.F.);
#4140 = ADVANCED_FACE('',(#4141),#1209,.F.);
#4141 = FACE_BOUND('',#4142,.F.);
#4142 = EDGE_LOOP('',(#4143,#4166,#4187,#4188));
#4143 = ORIENTED_EDGE('',*,*,#4144,.F.);
#4144 = EDGE_CURVE('',#4145,#4096,#4147,.T.);
#4145 = VERTEX_POINT('',#4146);
#4146 = CARTESIAN_POINT('',(-0.81796875,8.3205078125,2.55));
#4147 = SURFACE_CURVE('',#4148,(#4152,#4159),.PCURVE_S1.);
#4148 = LINE('',#4149,#4150);
#4149 = CARTESIAN_POINT('',(-0.81796875,8.3205078125,2.55));
#4150 = VECTOR('',#4151,1.);
#4151 = DIRECTION('',(0.125580186416,0.992083472687,0.));
#4152 = PCURVE('',#1209,#4153);
#4153 = DEFINITIONAL_REPRESENTATION('',(#4154),#4158);
#4154 = LINE('',#4155,#4156);
#4155 = CARTESIAN_POINT('',(0.,0.));
#4156 = VECTOR('',#4157,1.);
#4157 = DIRECTION('',(1.,0.));
#4158 = ( GEOMETRIC_REPRESENTATION_CONTEXT(2)
PARAMETRIC_REPRESENTATION_CONTEXT() REPRESENTATION_CONTEXT('2D SPACE',''
  ) );
#4159 = PCURVE('',#3057,#4160);
#4160 = DEFINITIONAL_REPRESENTATION('',(#4161),#4165);
#4161 = LINE('',#4162,#4163);
#4162 = CARTESIAN_POINT('',(0.516796875,0.81328125));
#4163 = VECTOR('',#4164,1.);
#4164 = DIRECTION('',(0.125580186416,0.992083472687));
#4165 = ( GEOMETRIC_REPRESENTATION_CONTEXT(2)
PARAMETRIC_REPRESENTATION_CONTEXT() REPRESENTATION_CONTEXT('2D SPACE',''
  ) );
#4166 = ORIENTED_EDGE('',*,*,#4167,.T.);
#4167 = EDGE_CURVE('',#4145,#1159,#4168,.T.);
#4168 = SURFACE_CURVE('',#4169,(#4173,#4180),.PCURVE_S1.);
#4169 = LINE('',#4170,#4171);
#4170 = CARTESIAN_POINT('',(-0.81796875,8.3205078125,2.55));
#4171 = VECTOR('',#4172,1.);
#4172 = DIRECTION('',(0.,0.,1.));
#4173 = PCURVE('',#1209,#4174);
#4174 = DEFINITIONAL_REPRESENTATION('',(#4175),#4179);
#4175 = LINE('',#4176,#4177);
#4176 = CARTESIAN_POINT('',(0.,0.));
#4177 = VECTOR('',#4178,1.);
#4178 = DIRECTION('',(0.,-1.));
#4179 = ( GEOMETRIC_REPRESENTATION_CONTEXT(2)
PARAMETRIC_REPRESENTATION_CONTEXT() REPRESENTATION_CONTEXT('2D SPACE',''
  ) );
#4180 = PCURVE('',#1178,#4181);
#4181 = DEFINITIONAL_REPRESENTATION('',(#4182),#4186);
#4182 = LINE('',#4183,#4184);
#4183 = CARTESIAN_POINT('',(1.,0.));
#4184 = VECTOR('',#4185,1.);
#4185 = DIRECTION('',(0.,-1.));
#4186 = ( GEOMETRIC_REPRESENTATION_CONTEXT(2)
PARAMETRIC_REPRESENTATION_CONTEXT() REPRESENTATION_CONTEXT('2D SPACE',''
  ) );
#4187 = ORIENTED_EDGE('',*,*,#1194,.F.);
#4188 = ORIENTED_EDGE('',*,*,#4118,.F.);
#4189 = ADVANCED_FACE('',(#4190),#1178,.F.);
#4190 = FACE_BOUND('',#4191,.F.);
#4191 = EDGE_LOOP('',(#4192,#4215,#4236,#4237));
#4192 = ORIENTED_EDGE('',*,*,#4193,.F.);
#4193 = EDGE_CURVE('',#4194,#4145,#4196,.T.);
#4194 = VERTEX_POINT('',#4195);
#4195 = CARTESIAN_POINT('',(-0.669140625,8.3439453125,2.55));
#4196 = SURFACE_CURVE('',#4197,(#4201,#4208),.PCURVE_S1.);
#4197 = B_SPLINE_CURVE_WITH_KNOTS('',2,(#4198,#4199,#4200),
  .UNSPECIFIED.,.F.,.F.,(3,3),(0.,1.),.PIECEWISE_BEZIER_KNOTS.);
#4198 = CARTESIAN_POINT('',(-0.669140625,8.3439453125,2.55));
#4199 = CARTESIAN_POINT('',(-0.72890625,8.3439453125,2.55));
#4200 = CARTESIAN_POINT('',(-0.81796875,8.3205078125,2.55));
#4201 = PCURVE('',#1178,#4202);
#4202 = DEFINITIONAL_REPRESENTATION('',(#4203),#4207);
#4203 = LINE('',#4204,#4205);
#4204 = CARTESIAN_POINT('',(0.,0.));
#4205 = VECTOR('',#4206,1.);
#4206 = DIRECTION('',(1.,0.));
#4207 = ( GEOMETRIC_REPRESENTATION_CONTEXT(2)
PARAMETRIC_REPRESENTATION_CONTEXT() REPRESENTATION_CONTEXT('2D SPACE',''
  ) );
#4208 = PCURVE('',#3057,#4209);
#4209 = DEFINITIONAL_REPRESENTATION('',(#4210),#4214);
#4210 = B_SPLINE_CURVE_WITH_KNOTS('',2,(#4211,#4212,#4213),
  .UNSPECIFIED.,.F.,.F.,(3,3),(0.,1.),.PIECEWISE_BEZIER_KNOTS.);
#4211 = CARTESIAN_POINT('',(0.665625,0.83671875));
#4212 = CARTESIAN_POINT('',(0.605859375,0.83671875));
#4213 = CARTESIAN_POINT('',(0.516796875,0.81328125));
#4214 = ( GEOMETRIC_REPRESENTATION_CONTEXT(2)
PARAMETRIC_REPRESENTATION_CONTEXT() REPRESENTATION_CONTEXT('2D SPACE',''
  ) );
#4215 = ORIENTED_EDGE('',*,*,#4216,.T.);
#4216 = EDGE_CURVE('',#4194,#1108,#4217,.T.);
#4217 = SURFACE_CURVE('',#4218,(#4222,#4229),.PCURVE_S1.);
#4218 = LINE('',#4219,#4220);
#4219 = CARTESIAN_POINT('',(-0.669140625,8.3439453125,2.55));
#4220 = VECTOR('',#4221,1.);
#4221 = DIRECTION('',(0.,0.,1.));
#4222 = PCURVE('',#1178,#4223);
#4223 = DEFINITIONAL_REPRESENTATION('',(#4224),#4228);
#4224 = LINE('',#4225,#4226);
#4225 = CARTESIAN_POINT('',(0.,0.));
#4226 = VECTOR('',#4227,1.);
#4227 = DIRECTION('',(0.,-1.));
#4228 = ( GEOMETRIC_REPRESENTATION_CONTEXT(2)
PARAMETRIC_REPRESENTATION_CONTEXT() REPRESENTATION_CONTEXT('2D SPACE',''
  ) );
#4229 = PCURVE('',#1137,#4230);
#4230 = DEFINITIONAL_REPRESENTATION('',(#4231),#4235);
#4231 = LINE('',#4232,#4233);
#4232 = CARTESIAN_POINT('',(1.,0.));
#4233 = VECTOR('',#4234,1.);
#4234 = DIRECTION('',(0.,-1.));
#4235 = ( GEOMETRIC_REPRESENTATION_CONTEXT(2)
PARAMETRIC_REPRESENTATION_CONTEXT() REPRESENTATION_CONTEXT('2D SPACE',''
  ) );
#4236 = ORIENTED_EDGE('',*,*,#1158,.F.);
#4237 = ORIENTED_EDGE('',*,*,#4167,.F.);
#4238 = ADVANCED_FACE('',(#4239),#1137,.F.);
#4239 = FACE_BOUND('',#4240,.F.);
#4240 = EDGE_LOOP('',(#4241,#4264,#4285,#4286));
#4241 = ORIENTED_EDGE('',*,*,#4242,.F.);
#4242 = EDGE_CURVE('',#4243,#4194,#4245,.T.);
#4243 = VERTEX_POINT('',#4244);
#4244 = CARTESIAN_POINT('',(-0.427734375,8.249609375,2.55));
#4245 = SURFACE_CURVE('',#4246,(#4250,#4257),.PCURVE_S1.);
#4246 = B_SPLINE_CURVE_WITH_KNOTS('',2,(#4247,#4248,#4249),
  .UNSPECIFIED.,.F.,.F.,(3,3),(0.,1.),.PIECEWISE_BEZIER_KNOTS.);
#4247 = CARTESIAN_POINT('',(-0.427734375,8.249609375,2.55));
#4248 = CARTESIAN_POINT('',(-0.52265625,8.3439453125,2.55));
#4249 = CARTESIAN_POINT('',(-0.669140625,8.3439453125,2.55));
#4250 = PCURVE('',#1137,#4251);
#4251 = DEFINITIONAL_REPRESENTATION('',(#4252),#4256);
#4252 = LINE('',#4253,#4254);
#4253 = CARTESIAN_POINT('',(0.,0.));
#4254 = VECTOR('',#4255,1.);
#4255 = DIRECTION('',(1.,0.));
#4256 = ( GEOMETRIC_REPRESENTATION_CONTEXT(2)
PARAMETRIC_REPRESENTATION_CONTEXT() REPRESENTATION_CONTEXT('2D SPACE',''
  ) );
#4257 = PCURVE('',#3057,#4258);
#4258 = DEFINITIONAL_REPRESENTATION('',(#4259),#4263);
#4259 = B_SPLINE_CURVE_WITH_KNOTS('',2,(#4260,#4261,#4262),
  .UNSPECIFIED.,.F.,.F.,(3,3),(0.,1.),.PIECEWISE_BEZIER_KNOTS.);
#4260 = CARTESIAN_POINT('',(0.90703125,0.7423828125));
#4261 = CARTESIAN_POINT('',(0.812109375,0.83671875));
#4262 = CARTESIAN_POINT('',(0.665625,0.83671875));
#4263 = ( GEOMETRIC_REPRESENTATION_CONTEXT(2)
PARAMETRIC_REPRESENTATION_CONTEXT() REPRESENTATION_CONTEXT('2D SPACE',''
  ) );
#4264 = ORIENTED_EDGE('',*,*,#4265,.T.);
#4265 = EDGE_CURVE('',#4243,#1057,#4266,.T.);
#4266 = SURFACE_CURVE('',#4267,(#4271,#4278),.PCURVE_S1.);
#4267 = LINE('',#4268,#4269);
#4268 = CARTESIAN_POINT('',(-0.427734375,8.249609375,2.55));
#4269 = VECTOR('',#4270,1.);
#4270 = DIRECTION('',(0.,0.,1.));
#4271 = PCURVE('',#1137,#4272);
#4272 = DEFINITIONAL_REPRESENTATION('',(#4273),#4277);
#4273 = LINE('',#4274,#4275);
#4274 = CARTESIAN_POINT('',(0.,0.));
#4275 = VECTOR('',#4276,1.);
#4276 = DIRECTION('',(0.,-1.));
#4277 = ( GEOMETRIC_REPRESENTATION_CONTEXT(2)
PARAMETRIC_REPRESENTATION_CONTEXT() REPRESENTATION_CONTEXT('2D SPACE',''
  ) );
#4278 = PCURVE('',#1086,#4279);
#4279 = DEFINITIONAL_REPRESENTATION('',(#4280),#4284);
#4280 = LINE('',#4281,#4282);
#4281 = CARTESIAN_POINT('',(1.,0.));
#4282 = VECTOR('',#4283,1.);
#4283 = DIRECTION('',(0.,-1.));
#4284 = ( GEOMETRIC_REPRESENTATION_CONTEXT(2)
PARAMETRIC_REPRESENTATION_CONTEXT() REPRESENTATION_CONTEXT('2D SPACE',''
  ) );
#4285 = ORIENTED_EDGE('',*,*,#1107,.F.);
#4286 = ORIENTED_EDGE('',*,*,#4216,.F.);
#4287 = ADVANCED_FACE('',(#4288),#1086,.F.);
#4288 = FACE_BOUND('',#4289,.F.);
#4289 = EDGE_LOOP('',(#4290,#4313,#4334,#4335));
#4290 = ORIENTED_EDGE('',*,*,#4291,.F.);
#4291 = EDGE_CURVE('',#4292,#4243,#4294,.T.);
#4292 = VERTEX_POINT('',#4293);
#4293 = CARTESIAN_POINT('',(-0.3328125,8.0099609375,2.55));
#4294 = SURFACE_CURVE('',#4295,(#4299,#4306),.PCURVE_S1.);
#4295 = B_SPLINE_CURVE_WITH_KNOTS('',2,(#4296,#4297,#4298),
  .UNSPECIFIED.,.F.,.F.,(3,3),(0.,1.),.PIECEWISE_BEZIER_KNOTS.);
#4296 = CARTESIAN_POINT('',(-0.3328125,8.0099609375,2.55));
#4297 = CARTESIAN_POINT('',(-0.3328125,8.1552734375,2.55));
#4298 = CARTESIAN_POINT('',(-0.427734375,8.249609375,2.55));
#4299 = PCURVE('',#1086,#4300);
#4300 = DEFINITIONAL_REPRESENTATION('',(#4301),#4305);
#4301 = LINE('',#4302,#4303);
#4302 = CARTESIAN_POINT('',(0.,0.));
#4303 = VECTOR('',#4304,1.);
#4304 = DIRECTION('',(1.,0.));
#4305 = ( GEOMETRIC_REPRESENTATION_CONTEXT(2)
PARAMETRIC_REPRESENTATION_CONTEXT() REPRESENTATION_CONTEXT('2D SPACE',''
  ) );
#4306 = PCURVE('',#3057,#4307);
#4307 = DEFINITIONAL_REPRESENTATION('',(#4308),#4312);
#4308 = B_SPLINE_CURVE_WITH_KNOTS('',2,(#4309,#4310,#4311),
  .UNSPECIFIED.,.F.,.F.,(3,3),(0.,1.),.PIECEWISE_BEZIER_KNOTS.);
#4309 = CARTESIAN_POINT('',(1.001953125,0.502734375));
#4310 = CARTESIAN_POINT('',(1.001953125,0.648046875));
#4311 = CARTESIAN_POINT('',(0.90703125,0.7423828125));
#4312 = ( GEOMETRIC_REPRESENTATION_CONTEXT(2)
PARAMETRIC_REPRESENTATION_CONTEXT() REPRESENTATION_CONTEXT('2D SPACE',''
  ) );
#4313 = ORIENTED_EDGE('',*,*,#4314,.T.);
#4314 = EDGE_CURVE('',#4292,#1012,#4315,.T.);
#4315 = SURFACE_CURVE('',#4316,(#4320,#4327),.PCURVE_S1.);
#4316 = LINE('',#4317,#4318);
#4317 = CARTESIAN_POINT('',(-0.3328125,8.0099609375,2.55));
#4318 = VECTOR('',#4319,1.);
#4319 = DIRECTION('',(0.,0.,1.));
#4320 = PCURVE('',#1086,#4321);
#4321 = DEFINITIONAL_REPRESENTATION('',(#4322),#4326);
#4322 = LINE('',#4323,#4324);
#4323 = CARTESIAN_POINT('',(0.,0.));
#4324 = VECTOR('',#4325,1.);
#4325 = DIRECTION('',(0.,-1.));
#4326 = ( GEOMETRIC_REPRESENTATION_CONTEXT(2)
PARAMETRIC_REPRESENTATION_CONTEXT() REPRESENTATION_CONTEXT('2D SPACE',''
  ) );
#4327 = PCURVE('',#1037,#4328);
#4328 = DEFINITIONAL_REPRESENTATION('',(#4329),#4333);
#4329 = LINE('',#4330,#4331);
#4330 = CARTESIAN_POINT('',(1.,0.));
#4331 = VECTOR('',#4332,1.);
#4332 = DIRECTION('',(0.,-1.));
#4333 = ( GEOMETRIC_REPRESENTATION_CONTEXT(2)
PARAMETRIC_REPRESENTATION_CONTEXT() REPRESENTATION_CONTEXT('2D SPACE',''
  ) );
#4334 = ORIENTED_EDGE('',*,*,#1056,.F.);
#4335 = ORIENTED_EDGE('',*,*,#4265,.F.);
#4336 = ADVANCED_FACE('',(#4337),#1037,.F.);
#4337 = FACE_BOUND('',#4338,.F.);
#4338 = EDGE_LOOP('',(#4339,#4362,#4383,#4384));
#4339 = ORIENTED_EDGE('',*,*,#4340,.F.);
#4340 = EDGE_CURVE('',#4341,#4292,#4343,.T.);
#4341 = VERTEX_POINT('',#4342);
#4342 = CARTESIAN_POINT('',(-0.4353515625,7.7544921875,2.55));
#4343 = SURFACE_CURVE('',#4344,(#4348,#4355),.PCURVE_S1.);
#4344 = B_SPLINE_CURVE_WITH_KNOTS('',2,(#4345,#4346,#4347),
  .UNSPECIFIED.,.F.,.F.,(3,3),(0.,1.),.PIECEWISE_BEZIER_KNOTS.);
#4345 = CARTESIAN_POINT('',(-0.4353515625,7.7544921875,2.55));
#4346 = CARTESIAN_POINT('',(-0.3328125,7.8576171875,2.55));
#4347 = CARTESIAN_POINT('',(-0.3328125,8.0099609375,2.55));
#4348 = PCURVE('',#1037,#4349);
#4349 = DEFINITIONAL_REPRESENTATION('',(#4350),#4354);
#4350 = LINE('',#4351,#4352);
#4351 = CARTESIAN_POINT('',(0.,0.));
#4352 = VECTOR('',#4353,1.);
#4353 = DIRECTION('',(1.,0.));
#4354 = ( GEOMETRIC_REPRESENTATION_CONTEXT(2)
PARAMETRIC_REPRESENTATION_CONTEXT() REPRESENTATION_CONTEXT('2D SPACE',''
  ) );
#4355 = PCURVE('',#3057,#4356);
#4356 = DEFINITIONAL_REPRESENTATION('',(#4357),#4361);
#4357 = B_SPLINE_CURVE_WITH_KNOTS('',2,(#4358,#4359,#4360),
  .UNSPECIFIED.,.F.,.F.,(3,3),(0.,1.),.PIECEWISE_BEZIER_KNOTS.);
#4358 = CARTESIAN_POINT('',(0.8994140625,0.247265625));
#4359 = CARTESIAN_POINT('',(1.001953125,0.350390625));
#4360 = CARTESIAN_POINT('',(1.001953125,0.502734375));
#4361 = ( GEOMETRIC_REPRESENTATION_CONTEXT(2)
PARAMETRIC_REPRESENTATION_CONTEXT() REPRESENTATION_CONTEXT('2D SPACE',''
  ) );
#4362 = ORIENTED_EDGE('',*,*,#4363,.T.);
#4363 = EDGE_CURVE('',#4341,#967,#4364,.T.);
#4364 = SURFACE_CURVE('',#4365,(#4369,#4376),.PCURVE_S1.);
#4365 = LINE('',#4366,#4367);
#4366 = CARTESIAN_POINT('',(-0.4353515625,7.7544921875,2.55));
#4367 = VECTOR('',#4368,1.);
#4368 = DIRECTION('',(0.,0.,1.));
#4369 = PCURVE('',#1037,#4370);
#4370 = DEFINITIONAL_REPRESENTATION('',(#4371),#4375);
#4371 = LINE('',#4372,#4373);
#4372 = CARTESIAN_POINT('',(0.,0.));
#4373 = VECTOR('',#4374,1.);
#4374 = DIRECTION('',(0.,-1.));
#4375 = ( GEOMETRIC_REPRESENTATION_CONTEXT(2)
PARAMETRIC_REPRESENTATION_CONTEXT() REPRESENTATION_CONTEXT('2D SPACE',''
  ) );
#4376 = PCURVE('',#992,#4377);
#4377 = DEFINITIONAL_REPRESENTATION('',(#4378),#4382);
#4378 = LINE('',#4379,#4380);
#4379 = CARTESIAN_POINT('',(1.,0.));
#4380 = VECTOR('',#4381,1.);
#4381 = DIRECTION('',(0.,-1.));
#4382 = ( GEOMETRIC_REPRESENTATION_CONTEXT(2)
PARAMETRIC_REPRESENTATION_CONTEXT() REPRESENTATION_CONTEXT('2D SPACE',''
  ) );
#4383 = ORIENTED_EDGE('',*,*,#1011,.F.);
#4384 = ORIENTED_EDGE('',*,*,#4314,.F.);
#4385 = ADVANCED_FACE('',(#4386),#992,.F.);
#4386 = FACE_BOUND('',#4387,.F.);
#4387 = EDGE_LOOP('',(#4388,#4411,#4432,#4433));
#4388 = ORIENTED_EDGE('',*,*,#4389,.F.);
#4389 = EDGE_CURVE('',#4390,#4341,#4392,.T.);
#4390 = VERTEX_POINT('',#4391);
#4391 = CARTESIAN_POINT('',(-0.68671875,7.6513671875,2.55));
#4392 = SURFACE_CURVE('',#4393,(#4397,#4404),.PCURVE_S1.);
#4393 = B_SPLINE_CURVE_WITH_KNOTS('',2,(#4394,#4395,#4396),
  .UNSPECIFIED.,.F.,.F.,(3,3),(0.,1.),.PIECEWISE_BEZIER_KNOTS.);
#4394 = CARTESIAN_POINT('',(-0.68671875,7.6513671875,2.55));
#4395 = CARTESIAN_POINT('',(-0.537890625,7.6513671875,2.55));
#4396 = CARTESIAN_POINT('',(-0.4353515625,7.7544921875,2.55));
#4397 = PCURVE('',#992,#4398);
#4398 = DEFINITIONAL_REPRESENTATION('',(#4399),#4403);
#4399 = LINE('',#4400,#4401);
#4400 = CARTESIAN_POINT('',(0.,0.));
#4401 = VECTOR('',#4402,1.);
#4402 = DIRECTION('',(1.,0.));
#4403 = ( GEOMETRIC_REPRESENTATION_CONTEXT(2)
PARAMETRIC_REPRESENTATION_CONTEXT() REPRESENTATION_CONTEXT('2D SPACE',''
  ) );
#4404 = PCURVE('',#3057,#4405);
#4405 = DEFINITIONAL_REPRESENTATION('',(#4406),#4410);
#4406 = B_SPLINE_CURVE_WITH_KNOTS('',2,(#4407,#4408,#4409),
  .UNSPECIFIED.,.F.,.F.,(3,3),(0.,1.),.PIECEWISE_BEZIER_KNOTS.);
#4407 = CARTESIAN_POINT('',(0.648046875,0.144140625));
#4408 = CARTESIAN_POINT('',(0.796875,0.144140625));
#4409 = CARTESIAN_POINT('',(0.8994140625,0.247265625));
#4410 = ( GEOMETRIC_REPRESENTATION_CONTEXT(2)
PARAMETRIC_REPRESENTATION_CONTEXT() REPRESENTATION_CONTEXT('2D SPACE',''
  ) );
#4411 = ORIENTED_EDGE('',*,*,#4412,.T.);
#4412 = EDGE_CURVE('',#4390,#922,#4413,.T.);
#4413 = SURFACE_CURVE('',#4414,(#4418,#4425),.PCURVE_S1.);
#4414 = LINE('',#4415,#4416);
#4415 = CARTESIAN_POINT('',(-0.68671875,7.6513671875,2.55));
#4416 = VECTOR('',#4417,1.);
#4417 = DIRECTION('',(0.,0.,1.));
#4418 = PCURVE('',#992,#4419);
#4419 = DEFINITIONAL_REPRESENTATION('',(#4420),#4424);
#4420 = LINE('',#4421,#4422);
#4421 = CARTESIAN_POINT('',(0.,0.));
#4422 = VECTOR('',#4423,1.);
#4423 = DIRECTION('',(0.,-1.));
#4424 = ( GEOMETRIC_REPRESENTATION_CONTEXT(2)
PARAMETRIC_REPRESENTATION_CONTEXT() REPRESENTATION_CONTEXT('2D SPACE',''
  ) );
#4425 = PCURVE('',#947,#4426);
#4426 = DEFINITIONAL_REPRESENTATION('',(#4427),#4431);
#4427 = LINE('',#4428,#4429);
#4428 = CARTESIAN_POINT('',(1.,0.));
#4429 = VECTOR('',#4430,1.);
#4430 = DIRECTION('',(0.,-1.));
#4431 = ( GEOMETRIC_REPRESENTATION_CONTEXT(2)
PARAMETRIC_REPRESENTATION_CONTEXT() REPRESENTATION_CONTEXT('2D SPACE',''
  ) );
#4432 = ORIENTED_EDGE('',*,*,#966,.F.);
#4433 = ORIENTED_EDGE('',*,*,#4363,.F.);
#4434 = ADVANCED_FACE('',(#4435),#947,.F.);
#4435 = FACE_BOUND('',#4436,.F.);
#4436 = EDGE_LOOP('',(#4437,#4460,#4481,#4482));
#4437 = ORIENTED_EDGE('',*,*,#4438,.F.);
#4438 = EDGE_CURVE('',#4439,#4390,#4441,.T.);
#4439 = VERTEX_POINT('',#4440);
#4440 = CARTESIAN_POINT('',(-0.8994140625,7.73046875,2.55));
#4441 = SURFACE_CURVE('',#4442,(#4446,#4453),.PCURVE_S1.);
#4442 = B_SPLINE_CURVE_WITH_KNOTS('',2,(#4443,#4444,#4445),
  .UNSPECIFIED.,.F.,.F.,(3,3),(0.,1.),.PIECEWISE_BEZIER_KNOTS.);
#4443 = CARTESIAN_POINT('',(-0.8994140625,7.73046875,2.55));
#4444 = CARTESIAN_POINT('',(-0.812109375,7.6513671875,2.55));
#4445 = CARTESIAN_POINT('',(-0.68671875,7.6513671875,2.55));
#4446 = PCURVE('',#947,#4447);
#4447 = DEFINITIONAL_REPRESENTATION('',(#4448),#4452);
#4448 = LINE('',#4449,#4450);
#4449 = CARTESIAN_POINT('',(0.,0.));
#4450 = VECTOR('',#4451,1.);
#4451 = DIRECTION('',(1.,0.));
#4452 = ( GEOMETRIC_REPRESENTATION_CONTEXT(2)
PARAMETRIC_REPRESENTATION_CONTEXT() REPRESENTATION_CONTEXT('2D SPACE',''
  ) );
#4453 = PCURVE('',#3057,#4454);
#4454 = DEFINITIONAL_REPRESENTATION('',(#4455),#4459);
#4455 = B_SPLINE_CURVE_WITH_KNOTS('',2,(#4456,#4457,#4458),
  .UNSPECIFIED.,.F.,.F.,(3,3),(0.,1.),.PIECEWISE_BEZIER_KNOTS.);
#4456 = CARTESIAN_POINT('',(0.4353515625,0.2232421875));
#4457 = CARTESIAN_POINT('',(0.52265625,0.144140625));
#4458 = CARTESIAN_POINT('',(0.648046875,0.144140625));
#4459 = ( GEOMETRIC_REPRESENTATION_CONTEXT(2)
PARAMETRIC_REPRESENTATION_CONTEXT() REPRESENTATION_CONTEXT('2D SPACE',''
  ) );
#4460 = ORIENTED_EDGE('',*,*,#4461,.T.);
#4461 = EDGE_CURVE('',#4439,#883,#4462,.T.);
#4462 = SURFACE_CURVE('',#4463,(#4467,#4474),.PCURVE_S1.);
#4463 = LINE('',#4464,#4465);
#4464 = CARTESIAN_POINT('',(-0.8994140625,7.73046875,2.55));
#4465 = VECTOR('',#4466,1.);
#4466 = DIRECTION('',(0.,0.,1.));
#4467 = PCURVE('',#947,#4468);
#4468 = DEFINITIONAL_REPRESENTATION('',(#4469),#4473);
#4469 = LINE('',#4470,#4471);
#4470 = CARTESIAN_POINT('',(0.,0.));
#4471 = VECTOR('',#4472,1.);
#4472 = DIRECTION('',(0.,-1.));
#4473 = ( GEOMETRIC_REPRESENTATION_CONTEXT(2)
PARAMETRIC_REPRESENTATION_CONTEXT() REPRESENTATION_CONTEXT('2D SPACE',''
  ) );
#4474 = PCURVE('',#904,#4475);
#4475 = DEFINITIONAL_REPRESENTATION('',(#4476),#4480);
#4476 = LINE('',#4477,#4478);
#4477 = CARTESIAN_POINT('',(1.,0.));
#4478 = VECTOR('',#4479,1.);
#4479 = DIRECTION('',(0.,-1.));
#4480 = ( GEOMETRIC_REPRESENTATION_CONTEXT(2)
PARAMETRIC_REPRESENTATION_CONTEXT() REPRESENTATION_CONTEXT('2D SPACE',''
  ) );
#4481 = ORIENTED_EDGE('',*,*,#921,.F.);
#4482 = ORIENTED_EDGE('',*,*,#4412,.F.);
#4483 = ADVANCED_FACE('',(#4484),#904,.F.);
#4484 = FACE_BOUND('',#4485,.F.);
#4485 = EDGE_LOOP('',(#4486,#4507,#4508,#4509));
#4486 = ORIENTED_EDGE('',*,*,#4487,.F.);
#4487 = EDGE_CURVE('',#3042,#4439,#4488,.T.);
#4488 = SURFACE_CURVE('',#4489,(#4493,#4500),.PCURVE_S1.);
#4489 = B_SPLINE_CURVE_WITH_KNOTS('',2,(#4490,#4491,#4492),
  .UNSPECIFIED.,.F.,.F.,(3,3),(0.,1.),.PIECEWISE_BEZIER_KNOTS.);
#4490 = CARTESIAN_POINT('',(-1.023046875,7.9888671875,2.55));
#4491 = CARTESIAN_POINT('',(-0.98671875,7.8095703125,2.55));
#4492 = CARTESIAN_POINT('',(-0.8994140625,7.73046875,2.55));
#4493 = PCURVE('',#904,#4494);
#4494 = DEFINITIONAL_REPRESENTATION('',(#4495),#4499);
#4495 = LINE('',#4496,#4497);
#4496 = CARTESIAN_POINT('',(0.,0.));
#4497 = VECTOR('',#4498,1.);
#4498 = DIRECTION('',(1.,0.));
#4499 = ( GEOMETRIC_REPRESENTATION_CONTEXT(2)
PARAMETRIC_REPRESENTATION_CONTEXT() REPRESENTATION_CONTEXT('2D SPACE',''
  ) );
#4500 = PCURVE('',#3057,#4501);
#4501 = DEFINITIONAL_REPRESENTATION('',(#4502),#4506);
#4502 = B_SPLINE_CURVE_WITH_KNOTS('',2,(#4503,#4504,#4505),
  .UNSPECIFIED.,.F.,.F.,(3,3),(0.,1.),.PIECEWISE_BEZIER_KNOTS.);
#4503 = CARTESIAN_POINT('',(0.31171875,0.481640625));
#4504 = CARTESIAN_POINT('',(0.348046875,0.30234375));
#4505 = CARTESIAN_POINT('',(0.4353515625,0.2232421875));
#4506 = ( GEOMETRIC_REPRESENTATION_CONTEXT(2)
PARAMETRIC_REPRESENTATION_CONTEXT() REPRESENTATION_CONTEXT('2D SPACE',''
  ) );
#4507 = ORIENTED_EDGE('',*,*,#3091,.T.);
#4508 = ORIENTED_EDGE('',*,*,#882,.F.);
#4509 = ORIENTED_EDGE('',*,*,#4461,.F.);
#4510 = ADVANCED_FACE('',(#4511,#4586,#4700,#4814),#2197,.T.);
#4511 = FACE_BOUND('',#4512,.T.);
#4512 = EDGE_LOOP('',(#4513,#4536,#4537,#4560));
#4513 = ORIENTED_EDGE('',*,*,#4514,.T.);
#4514 = EDGE_CURVE('',#4515,#2180,#4517,.T.);
#4515 = VERTEX_POINT('',#4516);
#4516 = CARTESIAN_POINT('',(-12.,-6.2,22.55));
#4517 = SURFACE_CURVE('',#4518,(#4522,#4529),.PCURVE_S1.);
#4518 = LINE('',#4519,#4520);
#4519 = CARTESIAN_POINT('',(-12.,-6.2,23.));
#4520 = VECTOR('',#4521,1.);
#4521 = DIRECTION('',(0.,-1.224646799147E-16,-1.));
#4522 = PCURVE('',#2197,#4523);
#4523 = DEFINITIONAL_REPRESENTATION('',(#4524),#4528);
#4524 = LINE('',#4525,#4526);
#4525 = CARTESIAN_POINT('',(0.,0.));
#4526 = VECTOR('',#4527,1.);
#4527 = DIRECTION('',(0.,-1.));
#4528 = ( GEOMETRIC_REPRESENTATION_CONTEXT(2)
PARAMETRIC_REPRESENTATION_CONTEXT() REPRESENTATION_CONTEXT('2D SPACE',''
  ) );
#4529 = PCURVE('',#2226,#4530);
#4530 = DEFINITIONAL_REPRESENTATION('',(#4531),#4535);
#4531 = LINE('',#4532,#4533);
#4532 = CARTESIAN_POINT('',(3.14159265359,0.));
#4533 = VECTOR('',#4534,1.);
#4534 = DIRECTION('',(0.,-1.));
#4535 = ( GEOMETRIC_REPRESENTATION_CONTEXT(2)
PARAMETRIC_REPRESENTATION_CONTEXT() REPRESENTATION_CONTEXT('2D SPACE',''
  ) );
#4536 = ORIENTED_EDGE('',*,*,#2179,.T.);
#4537 = ORIENTED_EDGE('',*,*,#4538,.F.);
#4538 = EDGE_CURVE('',#4539,#2182,#4541,.T.);
#4539 = VERTEX_POINT('',#4540);
#4540 = CARTESIAN_POINT('',(12.,-6.2,22.55));
#4541 = SURFACE_CURVE('',#4542,(#4546,#4553),.PCURVE_S1.);
#4542 = LINE('',#4543,#4544);
#4543 = CARTESIAN_POINT('',(12.,-6.2,23.));
#4544 = VECTOR('',#4545,1.);
#4545 = DIRECTION('',(0.,-1.224646799147E-16,-1.));
#4546 = PCURVE('',#2197,#4547);
#4547 = DEFINITIONAL_REPRESENTATION('',(#4548),#4552);
#4548 = LINE('',#4549,#4550);
#4549 = CARTESIAN_POINT('',(24.,0.));
#4550 = VECTOR('',#4551,1.);
#4551 = DIRECTION('',(0.,-1.));
#4552 = ( GEOMETRIC_REPRESENTATION_CONTEXT(2)
PARAMETRIC_REPRESENTATION_CONTEXT() REPRESENTATION_CONTEXT('2D SPACE',''
  ) );
#4553 = PCURVE('',#2281,#4554);
#4554 = DEFINITIONAL_REPRESENTATION('',(#4555),#4559);
#4555 = LINE('',#4556,#4557);
#4556 = CARTESIAN_POINT('',(0.,0.));
#4557 = VECTOR('',#4558,1.);
#4558 = DIRECTION('',(0.,-1.));
#4559 = ( GEOMETRIC_REPRESENTATION_CONTEXT(2)
PARAMETRIC_REPRESENTATION_CONTEXT() REPRESENTATION_CONTEXT('2D SPACE',''
  ) );
#4560 = ORIENTED_EDGE('',*,*,#4561,.F.);
#4561 = EDGE_CURVE('',#4515,#4539,#4562,.T.);
#4562 = SURFACE_CURVE('',#4563,(#4567,#4574),.PCURVE_S1.);
#4563 = LINE('',#4564,#4565);
#4564 = CARTESIAN_POINT('',(-12.,-6.2,22.55));
#4565 = VECTOR('',#4566,1.);
#4566 = DIRECTION('',(1.,0.,0.));
#4567 = PCURVE('',#2197,#4568);
#4568 = DEFINITIONAL_REPRESENTATION('',(#4569),#4573);
#4569 = LINE('',#4570,#4571);
#4570 = CARTESIAN_POINT('',(0.,-0.45));
#4571 = VECTOR('',#4572,1.);
#4572 = DIRECTION('',(1.,0.));
#4573 = ( GEOMETRIC_REPRESENTATION_CONTEXT(2)
PARAMETRIC_REPRESENTATION_CONTEXT() REPRESENTATION_CONTEXT('2D SPACE',''
  ) );
#4574 = PCURVE('',#4575,#4580);
#4575 = PLANE('',#4576);
#4576 = AXIS2_PLACEMENT_3D('',#4577,#4578,#4579);
#4577 = CARTESIAN_POINT('',(-12.,-5.975,22.775));
#4578 = DIRECTION('',(3.296956749044E-18,-0.707106781187,0.707106781187)
  );
#4579 = DIRECTION('',(1.,2.331300474528E-18,-2.331300474528E-18));
#4580 = DEFINITIONAL_REPRESENTATION('',(#4581),#4585);
#4581 = LINE('',#4582,#4583);
#4582 = CARTESIAN_POINT('',(2.122300236358E-34,-0.318198051534));
#4583 = VECTOR('',#4584,1.);
#4584 = DIRECTION('',(1.,-5.095668917052E-34));
#4585 = ( GEOMETRIC_REPRESENTATION_CONTEXT(2)
PARAMETRIC_REPRESENTATION_CONTEXT() REPRESENTATION_CONTEXT('2D SPACE',''
  ) );
#4586 = FACE_BOUND('',#4587,.T.);
#4587 = EDGE_LOOP('',(#4588,#4618,#4646,#4674));
#4588 = ORIENTED_EDGE('',*,*,#4589,.F.);
#4589 = EDGE_CURVE('',#4590,#4592,#4594,.T.);
#4590 = VERTEX_POINT('',#4591);
#4591 = CARTESIAN_POINT('',(-4.,-6.2,7.85));
#4592 = VERTEX_POINT('',#4593);
#4593 = CARTESIAN_POINT('',(4.,-6.2,7.85));
#4594 = SURFACE_CURVE('',#4595,(#4599,#4606),.PCURVE_S1.);
#4595 = LINE('',#4596,#4597);
#4596 = CARTESIAN_POINT('',(-8.,-6.2,7.85));
#4597 = VECTOR('',#4598,1.);
#4598 = DIRECTION('',(1.,0.,0.));
#4599 = PCURVE('',#2197,#4600);
#4600 = DEFINITIONAL_REPRESENTATION('',(#4601),#4605);
#4601 = LINE('',#4602,#4603);
#4602 = CARTESIAN_POINT('',(4.,-15.15));
#4603 = VECTOR('',#4604,1.);
#4604 = DIRECTION('',(1.,0.));
#4605 = ( GEOMETRIC_REPRESENTATION_CONTEXT(2)
PARAMETRIC_REPRESENTATION_CONTEXT() REPRESENTATION_CONTEXT('2D SPACE',''
  ) );
#4606 = PCURVE('',#4607,#4612);
#4607 = PLANE('',#4608);
#4608 = AXIS2_PLACEMENT_3D('',#4609,#4610,#4611);
#4609 = CARTESIAN_POINT('',(-4.,-6.05,7.85));
#4610 = DIRECTION('',(0.,-1.224646799147E-16,-1.));
#4611 = DIRECTION('',(1.,0.,0.));
#4612 = DEFINITIONAL_REPRESENTATION('',(#4613),#4617);
#4613 = LINE('',#4614,#4615);
#4614 = CARTESIAN_POINT('',(-4.,0.15));
#4615 = VECTOR('',#4616,1.);
#4616 = DIRECTION('',(1.,0.));
#4617 = ( GEOMETRIC_REPRESENTATION_CONTEXT(2)
PARAMETRIC_REPRESENTATION_CONTEXT() REPRESENTATION_CONTEXT('2D SPACE',''
  ) );
#4618 = ORIENTED_EDGE('',*,*,#4619,.T.);
#4619 = EDGE_CURVE('',#4590,#4620,#4622,.T.);
#4620 = VERTEX_POINT('',#4621);
#4621 = CARTESIAN_POINT('',(-4.,-6.2,8.15));
#4622 = SURFACE_CURVE('',#4623,(#4627,#4634),.PCURVE_S1.);
#4623 = LINE('',#4624,#4625);
#4624 = CARTESIAN_POINT('',(-4.,-6.2,15.575));
#4625 = VECTOR('',#4626,1.);
#4626 = DIRECTION('',(0.,1.224646799147E-16,1.));
#4627 = PCURVE('',#2197,#4628);
#4628 = DEFINITIONAL_REPRESENTATION('',(#4629),#4633);
#4629 = LINE('',#4630,#4631);
#4630 = CARTESIAN_POINT('',(8.,-7.425));
#4631 = VECTOR('',#4632,1.);
#4632 = DIRECTION('',(0.,1.));
#4633 = ( GEOMETRIC_REPRESENTATION_CONTEXT(2)
PARAMETRIC_REPRESENTATION_CONTEXT() REPRESENTATION_CONTEXT('2D SPACE',''
  ) );
#4634 = PCURVE('',#4635,#4640);
#4635 = PLANE('',#4636);
#4636 = AXIS2_PLACEMENT_3D('',#4637,#4638,#4639);
#4637 = CARTESIAN_POINT('',(-4.,-6.05,8.15));
#4638 = DIRECTION('',(1.,0.,0.));
#4639 = DIRECTION('',(0.,-1.224646799147E-16,-1.));
#4640 = DEFINITIONAL_REPRESENTATION('',(#4641),#4645);
#4641 = LINE('',#4642,#4643);
#4642 = CARTESIAN_POINT('',(-7.425,-0.15));
#4643 = VECTOR('',#4644,1.);
#4644 = DIRECTION('',(-1.,0.));
#4645 = ( GEOMETRIC_REPRESENTATION_CONTEXT(2)
PARAMETRIC_REPRESENTATION_CONTEXT() REPRESENTATION_CONTEXT('2D SPACE',''
  ) );
#4646 = ORIENTED_EDGE('',*,*,#4647,.T.);
#4647 = EDGE_CURVE('',#4620,#4648,#4650,.T.);
#4648 = VERTEX_POINT('',#4649);
#4649 = CARTESIAN_POINT('',(4.,-6.2,8.15));
#4650 = SURFACE_CURVE('',#4651,(#4655,#4662),.PCURVE_S1.);
#4651 = LINE('',#4652,#4653);
#4652 = CARTESIAN_POINT('',(-8.,-6.2,8.15));
#4653 = VECTOR('',#4654,1.);
#4654 = DIRECTION('',(1.,0.,0.));
#4655 = PCURVE('',#2197,#4656);
#4656 = DEFINITIONAL_REPRESENTATION('',(#4657),#4661);
#4657 = LINE('',#4658,#4659);
#4658 = CARTESIAN_POINT('',(4.,-14.85));
#4659 = VECTOR('',#4660,1.);
#4660 = DIRECTION('',(1.,0.));
#4661 = ( GEOMETRIC_REPRESENTATION_CONTEXT(2)
PARAMETRIC_REPRESENTATION_CONTEXT() REPRESENTATION_CONTEXT('2D SPACE',''
  ) );
#4662 = PCURVE('',#4663,#4668);
#4663 = PLANE('',#4664);
#4664 = AXIS2_PLACEMENT_3D('',#4665,#4666,#4667);
#4665 = CARTESIAN_POINT('',(-4.,-6.05,8.15));
#4666 = DIRECTION('',(0.,-1.224646799147E-16,-1.));
#4667 = DIRECTION('',(1.,0.,0.));
#4668 = DEFINITIONAL_REPRESENTATION('',(#4669),#4673);
#4669 = LINE('',#4670,#4671);
#4670 = CARTESIAN_POINT('',(-4.,0.15));
#4671 = VECTOR('',#4672,1.);
#4672 = DIRECTION('',(1.,0.));
#4673 = ( GEOMETRIC_REPRESENTATION_CONTEXT(2)
PARAMETRIC_REPRESENTATION_CONTEXT() REPRESENTATION_CONTEXT('2D SPACE',''
  ) );
#4674 = ORIENTED_EDGE('',*,*,#4675,.F.);
#4675 = EDGE_CURVE('',#4592,#4648,#4676,.T.);
#4676 = SURFACE_CURVE('',#4677,(#4681,#4688),.PCURVE_S1.);
#4677 = LINE('',#4678,#4679);
#4678 = CARTESIAN_POINT('',(4.,-6.2,15.575));
#4679 = VECTOR('',#4680,1.);
#4680 = DIRECTION('',(0.,1.224646799147E-16,1.));
#4681 = PCURVE('',#2197,#4682);
#4682 = DEFINITIONAL_REPRESENTATION('',(#4683),#4687);
#4683 = LINE('',#4684,#4685);
#4684 = CARTESIAN_POINT('',(16.,-7.425));
#4685 = VECTOR('',#4686,1.);
#4686 = DIRECTION('',(0.,1.));
#4687 = ( GEOMETRIC_REPRESENTATION_CONTEXT(2)
PARAMETRIC_REPRESENTATION_CONTEXT() REPRESENTATION_CONTEXT('2D SPACE',''
  ) );
#4688 = PCURVE('',#4689,#4694);
#4689 = PLANE('',#4690);
#4690 = AXIS2_PLACEMENT_3D('',#4691,#4692,#4693);
#4691 = CARTESIAN_POINT('',(4.,-6.05,8.15));
#4692 = DIRECTION('',(1.,0.,0.));
#4693 = DIRECTION('',(0.,-1.224646799147E-16,-1.));
#4694 = DEFINITIONAL_REPRESENTATION('',(#4695),#4699);
#4695 = LINE('',#4696,#4697);
#4696 = CARTESIAN_POINT('',(-7.425,-0.15));
#4697 = VECTOR('',#4698,1.);
#4698 = DIRECTION('',(-1.,0.));
#4699 = ( GEOMETRIC_REPRESENTATION_CONTEXT(2)
PARAMETRIC_REPRESENTATION_CONTEXT() REPRESENTATION_CONTEXT('2D SPACE',''
  ) );
#4700 = FACE_BOUND('',#4701,.T.);
#4701 = EDGE_LOOP('',(#4702,#4732,#4760,#4788));
#4702 = ORIENTED_EDGE('',*,*,#4703,.F.);
#4703 = EDGE_CURVE('',#4704,#4706,#4708,.T.);
#4704 = VERTEX_POINT('',#4705);
#4705 = CARTESIAN_POINT('',(-4.,-6.2,12.85));
#4706 = VERTEX_POINT('',#4707);
#4707 = CARTESIAN_POINT('',(4.,-6.2,12.85));
#4708 = SURFACE_CURVE('',#4709,(#4713,#4720),.PCURVE_S1.);
#4709 = LINE('',#4710,#4711);
#4710 = CARTESIAN_POINT('',(-8.,-6.2,12.85));
#4711 = VECTOR('',#4712,1.);
#4712 = DIRECTION('',(1.,0.,0.));
#4713 = PCURVE('',#2197,#4714);
#4714 = DEFINITIONAL_REPRESENTATION('',(#4715),#4719);
#4715 = LINE('',#4716,#4717);
#4716 = CARTESIAN_POINT('',(4.,-10.15));
#4717 = VECTOR('',#4718,1.);
#4718 = DIRECTION('',(1.,0.));
#4719 = ( GEOMETRIC_REPRESENTATION_CONTEXT(2)
PARAMETRIC_REPRESENTATION_CONTEXT() REPRESENTATION_CONTEXT('2D SPACE',''
  ) );
#4720 = PCURVE('',#4721,#4726);
#4721 = PLANE('',#4722);
#4722 = AXIS2_PLACEMENT_3D('',#4723,#4724,#4725);
#4723 = CARTESIAN_POINT('',(-4.,-6.05,12.85));
#4724 = DIRECTION('',(0.,-1.224646799147E-16,-1.));
#4725 = DIRECTION('',(1.,0.,0.));
#4726 = DEFINITIONAL_REPRESENTATION('',(#4727),#4731);
#4727 = LINE('',#4728,#4729);
#4728 = CARTESIAN_POINT('',(-4.,0.15));
#4729 = VECTOR('',#4730,1.);
#4730 = DIRECTION('',(1.,0.));
#4731 = ( GEOMETRIC_REPRESENTATION_CONTEXT(2)
PARAMETRIC_REPRESENTATION_CONTEXT() REPRESENTATION_CONTEXT('2D SPACE',''
  ) );
#4732 = ORIENTED_EDGE('',*,*,#4733,.T.);
#4733 = EDGE_CURVE('',#4704,#4734,#4736,.T.);
#4734 = VERTEX_POINT('',#4735);
#4735 = CARTESIAN_POINT('',(-4.,-6.2,13.15));
#4736 = SURFACE_CURVE('',#4737,(#4741,#4748),.PCURVE_S1.);
#4737 = LINE('',#4738,#4739);
#4738 = CARTESIAN_POINT('',(-4.,-6.2,18.075));
#4739 = VECTOR('',#4740,1.);
#4740 = DIRECTION('',(0.,1.224646799147E-16,1.));
#4741 = PCURVE('',#2197,#4742);
#4742 = DEFINITIONAL_REPRESENTATION('',(#4743),#4747);
#4743 = LINE('',#4744,#4745);
#4744 = CARTESIAN_POINT('',(8.,-4.925));
#4745 = VECTOR('',#4746,1.);
#4746 = DIRECTION('',(0.,1.));
#4747 = ( GEOMETRIC_REPRESENTATION_CONTEXT(2)
PARAMETRIC_REPRESENTATION_CONTEXT() REPRESENTATION_CONTEXT('2D SPACE',''
  ) );
#4748 = PCURVE('',#4749,#4754);
#4749 = PLANE('',#4750);
#4750 = AXIS2_PLACEMENT_3D('',#4751,#4752,#4753);
#4751 = CARTESIAN_POINT('',(-4.,-6.05,13.15));
#4752 = DIRECTION('',(1.,0.,0.));
#4753 = DIRECTION('',(0.,-1.224646799147E-16,-1.));
#4754 = DEFINITIONAL_REPRESENTATION('',(#4755),#4759);
#4755 = LINE('',#4756,#4757);
#4756 = CARTESIAN_POINT('',(-4.925,-0.15));
#4757 = VECTOR('',#4758,1.);
#4758 = DIRECTION('',(-1.,0.));
#4759 = ( GEOMETRIC_REPRESENTATION_CONTEXT(2)
PARAMETRIC_REPRESENTATION_CONTEXT() REPRESENTATION_CONTEXT('2D SPACE',''
  ) );
#4760 = ORIENTED_EDGE('',*,*,#4761,.T.);
#4761 = EDGE_CURVE('',#4734,#4762,#4764,.T.);
#4762 = VERTEX_POINT('',#4763);
#4763 = CARTESIAN_POINT('',(4.,-6.2,13.15));
#4764 = SURFACE_CURVE('',#4765,(#4769,#4776),.PCURVE_S1.);
#4765 = LINE('',#4766,#4767);
#4766 = CARTESIAN_POINT('',(-8.,-6.2,13.15));
#4767 = VECTOR('',#4768,1.);
#4768 = DIRECTION('',(1.,0.,0.));
#4769 = PCURVE('',#2197,#4770);
#4770 = DEFINITIONAL_REPRESENTATION('',(#4771),#4775);
#4771 = LINE('',#4772,#4773);
#4772 = CARTESIAN_POINT('',(4.,-9.85));
#4773 = VECTOR('',#4774,1.);
#4774 = DIRECTION('',(1.,0.));
#4775 = ( GEOMETRIC_REPRESENTATION_CONTEXT(2)
PARAMETRIC_REPRESENTATION_CONTEXT() REPRESENTATION_CONTEXT('2D SPACE',''
  ) );
#4776 = PCURVE('',#4777,#4782);
#4777 = PLANE('',#4778);
#4778 = AXIS2_PLACEMENT_3D('',#4779,#4780,#4781);
#4779 = CARTESIAN_POINT('',(-4.,-6.05,13.15));
#4780 = DIRECTION('',(0.,-1.224646799147E-16,-1.));
#4781 = DIRECTION('',(1.,0.,0.));
#4782 = DEFINITIONAL_REPRESENTATION('',(#4783),#4787);
#4783 = LINE('',#4784,#4785);
#4784 = CARTESIAN_POINT('',(-4.,0.15));
#4785 = VECTOR('',#4786,1.);
#4786 = DIRECTION('',(1.,0.));
#4787 = ( GEOMETRIC_REPRESENTATION_CONTEXT(2)
PARAMETRIC_REPRESENTATION_CONTEXT() REPRESENTATION_CONTEXT('2D SPACE',''
  ) );
#4788 = ORIENTED_EDGE('',*,*,#4789,.F.);
#4789 = EDGE_CURVE('',#4706,#4762,#4790,.T.);
#4790 = SURFACE_CURVE('',#4791,(#4795,#4802),.PCURVE_S1.);
#4791 = LINE('',#4792,#4793);
#4792 = CARTESIAN_POINT('',(4.,-6.2,18.075));
#4793 = VECTOR('',#4794,1.);
#4794 = DIRECTION('',(0.,1.224646799147E-16,1.));
#4795 = PCURVE('',#2197,#4796);
#4796 = DEFINITIONAL_REPRESENTATION('',(#4797),#4801);
#4797 = LINE('',#4798,#4799);
#4798 = CARTESIAN_POINT('',(16.,-4.925));
#4799 = VECTOR('',#4800,1.);
#4800 = DIRECTION('',(0.,1.));
#4801 = ( GEOMETRIC_REPRESENTATION_CONTEXT(2)
PARAMETRIC_REPRESENTATION_CONTEXT() REPRESENTATION_CONTEXT('2D SPACE',''
  ) );
#4802 = PCURVE('',#4803,#4808);
#4803 = PLANE('',#4804);
#4804 = AXIS2_PLACEMENT_3D('',#4805,#4806,#4807);
#4805 = CARTESIAN_POINT('',(4.,-6.05,13.15));
#4806 = DIRECTION('',(1.,0.,0.));
#4807 = DIRECTION('',(0.,-1.224646799147E-16,-1.));
#4808 = DEFINITIONAL_REPRESENTATION('',(#4809),#4813);
#4809 = LINE('',#4810,#4811);
#4810 = CARTESIAN_POINT('',(-4.925,-0.15));
#4811 = VECTOR('',#4812,1.);
#4812 = DIRECTION('',(-1.,0.));
#4813 = ( GEOMETRIC_REPRESENTATION_CONTEXT(2)
PARAMETRIC_REPRESENTATION_CONTEXT() REPRESENTATION_CONTEXT('2D SPACE',''
  ) );
#4814 = FACE_BOUND('',#4815,.T.);
#4815 = EDGE_LOOP('',(#4816,#4846,#4874,#4902));
#4816 = ORIENTED_EDGE('',*,*,#4817,.F.);
#4817 = EDGE_CURVE('',#4818,#4820,#4822,.T.);
#4818 = VERTEX_POINT('',#4819);
#4819 = CARTESIAN_POINT('',(-4.,-6.2,17.85));
#4820 = VERTEX_POINT('',#4821);
#4821 = CARTESIAN_POINT('',(4.,-6.2,17.85));
#4822 = SURFACE_CURVE('',#4823,(#4827,#4834),.PCURVE_S1.);
#4823 = LINE('',#4824,#4825);
#4824 = CARTESIAN_POINT('',(-8.,-6.2,17.85));
#4825 = VECTOR('',#4826,1.);
#4826 = DIRECTION('',(1.,0.,0.));
#4827 = PCURVE('',#2197,#4828);
#4828 = DEFINITIONAL_REPRESENTATION('',(#4829),#4833);
#4829 = LINE('',#4830,#4831);
#4830 = CARTESIAN_POINT('',(4.,-5.15));
#4831 = VECTOR('',#4832,1.);
#4832 = DIRECTION('',(1.,0.));
#4833 = ( GEOMETRIC_REPRESENTATION_CONTEXT(2)
PARAMETRIC_REPRESENTATION_CONTEXT() REPRESENTATION_CONTEXT('2D SPACE',''
  ) );
#4834 = PCURVE('',#4835,#4840);
#4835 = PLANE('',#4836);
#4836 = AXIS2_PLACEMENT_3D('',#4837,#4838,#4839);
#4837 = CARTESIAN_POINT('',(-4.,-6.05,17.85));
#4838 = DIRECTION('',(0.,-1.224646799147E-16,-1.));
#4839 = DIRECTION('',(1.,0.,0.));
#4840 = DEFINITIONAL_REPRESENTATION('',(#4841),#4845);
#4841 = LINE('',#4842,#4843);
#4842 = CARTESIAN_POINT('',(-4.,0.15));
#4843 = VECTOR('',#4844,1.);
#4844 = DIRECTION('',(1.,0.));
#4845 = ( GEOMETRIC_REPRESENTATION_CONTEXT(2)
PARAMETRIC_REPRESENTATION_CONTEXT() REPRESENTATION_CONTEXT('2D SPACE',''
  ) );
#4846 = ORIENTED_EDGE('',*,*,#4847,.T.);
#4847 = EDGE_CURVE('',#4818,#4848,#4850,.T.);
#4848 = VERTEX_POINT('',#4849);
#4849 = CARTESIAN_POINT('',(-4.,-6.2,18.15));
#4850 = SURFACE_CURVE('',#4851,(#4855,#4862),.PCURVE_S1.);
#4851 = LINE('',#4852,#4853);
#4852 = CARTESIAN_POINT('',(-4.,-6.2,20.575));
#4853 = VECTOR('',#4854,1.);
#4854 = DIRECTION('',(0.,1.224646799147E-16,1.));
#4855 = PCURVE('',#2197,#4856);
#4856 = DEFINITIONAL_REPRESENTATION('',(#4857),#4861);
#4857 = LINE('',#4858,#4859);
#4858 = CARTESIAN_POINT('',(8.,-2.425));
#4859 = VECTOR('',#4860,1.);
#4860 = DIRECTION('',(0.,1.));
#4861 = ( GEOMETRIC_REPRESENTATION_CONTEXT(2)
PARAMETRIC_REPRESENTATION_CONTEXT() REPRESENTATION_CONTEXT('2D SPACE',''
  ) );
#4862 = PCURVE('',#4863,#4868);
#4863 = PLANE('',#4864);
#4864 = AXIS2_PLACEMENT_3D('',#4865,#4866,#4867);
#4865 = CARTESIAN_POINT('',(-4.,-6.05,18.15));
#4866 = DIRECTION('',(1.,0.,0.));
#4867 = DIRECTION('',(0.,-1.224646799147E-16,-1.));
#4868 = DEFINITIONAL_REPRESENTATION('',(#4869),#4873);
#4869 = LINE('',#4870,#4871);
#4870 = CARTESIAN_POINT('',(-2.425,-0.15));
#4871 = VECTOR('',#4872,1.);
#4872 = DIRECTION('',(-1.,0.));
#4873 = ( GEOMETRIC_REPRESENTATION_CONTEXT(2)
PARAMETRIC_REPRESENTATION_CONTEXT() REPRESENTATION_CONTEXT('2D SPACE',''
  ) );
#4874 = ORIENTED_EDGE('',*,*,#4875,.T.);
#4875 = EDGE_CURVE('',#4848,#4876,#4878,.T.);
#4876 = VERTEX_POINT('',#4877);
#4877 = CARTESIAN_POINT('',(4.,-6.2,18.15));
#4878 = SURFACE_CURVE('',#4879,(#4883,#4890),.PCURVE_S1.);
#4879 = LINE('',#4880,#4881);
#4880 = CARTESIAN_POINT('',(-8.,-6.2,18.15));
#4881 = VECTOR('',#4882,1.);
#4882 = DIRECTION('',(1.,0.,0.));
#4883 = PCURVE('',#2197,#4884);
#4884 = DEFINITIONAL_REPRESENTATION('',(#4885),#4889);
#4885 = LINE('',#4886,#4887);
#4886 = CARTESIAN_POINT('',(4.,-4.85));
#4887 = VECTOR('',#4888,1.);
#4888 = DIRECTION('',(1.,0.));
#4889 = ( GEOMETRIC_REPRESENTATION_CONTEXT(2)
PARAMETRIC_REPRESENTATION_CONTEXT() REPRESENTATION_CONTEXT('2D SPACE',''
  ) );
#4890 = PCURVE('',#4891,#4896);
#4891 = PLANE('',#4892);
#4892 = AXIS2_PLACEMENT_3D('',#4893,#4894,#4895);
#4893 = CARTESIAN_POINT('',(-4.,-6.05,18.15));
#4894 = DIRECTION('',(0.,-1.224646799147E-16,-1.));
#4895 = DIRECTION('',(1.,0.,0.));
#4896 = DEFINITIONAL_REPRESENTATION('',(#4897),#4901);
#4897 = LINE('',#4898,#4899);
#4898 = CARTESIAN_POINT('',(-4.,0.15));
#4899 = VECTOR('',#4900,1.);
#4900 = DIRECTION('',(1.,0.));
#4901 = ( GEOMETRIC_REPRESENTATION_CONTEXT(2)
PARAMETRIC_REPRESENTATION_CONTEXT() REPRESENTATION_CONTEXT('2D SPACE',''
  ) );
#4902 = ORIENTED_EDGE('',*,*,#4903,.F.);
#4903 = EDGE_CURVE('',#4820,#4876,#4904,.T.);
#4904 = SURFACE_CURVE('',#4905,(#4909,#4916),.PCURVE_S1.);
#4905 = LINE('',#4906,#4907);
#4906 = CARTESIAN_POINT('',(4.,-6.2,20.575));
#4907 = VECTOR('',#4908,1.);
#4908 = DIRECTION('',(0.,1.224646799147E-16,1.));
#4909 = PCURVE('',#2197,#4910);
#4910 = DEFINITIONAL_REPRESENTATION('',(#4911),#4915);
#4911 = LINE('',#4912,#4913);
#4912 = CARTESIAN_POINT('',(16.,-2.425));
#4913 = VECTOR('',#4914,1.);
#4914 = DIRECTION('',(0.,1.));
#4915 = ( GEOMETRIC_REPRESENTATION_CONTEXT(2)
PARAMETRIC_REPRESENTATION_CONTEXT() REPRESENTATION_CONTEXT('2D SPACE',''
  ) );
#4916 = PCURVE('',#4917,#4922);
#4917 = PLANE('',#4918);
#4918 = AXIS2_PLACEMENT_3D('',#4919,#4920,#4921);
#4919 = CARTESIAN_POINT('',(4.,-6.05,18.15));
#4920 = DIRECTION('',(1.,0.,0.));
#4921 = DIRECTION('',(0.,-1.224646799147E-16,-1.));
#4922 = DEFINITIONAL_REPRESENTATION('',(#4923),#4927);
#4923 = LINE('',#4924,#4925);
#4924 = CARTESIAN_POINT('',(-2.425,-0.15));
#4925 = VECTOR('',#4926,1.);
#4926 = DIRECTION('',(-1.,0.));
#4927 = ( GEOMETRIC_REPRESENTATION_CONTEXT(2)
PARAMETRIC_REPRESENTATION_CONTEXT() REPRESENTATION_CONTEXT('2D SPACE',''
  ) );
#4928 = ADVANCED_FACE('',(#4929),#2226,.T.);
#4929 = FACE_BOUND('',#4930,.T.);
#4930 = EDGE_LOOP('',(#4931,#4954,#4955,#4956));
#4931 = ORIENTED_EDGE('',*,*,#4932,.T.);
#4932 = EDGE_CURVE('',#4933,#2210,#4935,.T.);
#4933 = VERTEX_POINT('',#4934);
#4934 = CARTESIAN_POINT('',(-12.,6.2,22.55));
#4935 = SURFACE_CURVE('',#4936,(#4940,#4947),.PCURVE_S1.);
#4936 = LINE('',#4937,#4938);
#4937 = CARTESIAN_POINT('',(-12.,6.2,23.));
#4938 = VECTOR('',#4939,1.);
#4939 = DIRECTION('',(0.,-1.224646799147E-16,-1.));
#4940 = PCURVE('',#2226,#4941);
#4941 = DEFINITIONAL_REPRESENTATION('',(#4942),#4946);
#4942 = LINE('',#4943,#4944);
#4943 = CARTESIAN_POINT('',(0.,0.));
#4944 = VECTOR('',#4945,1.);
#4945 = DIRECTION('',(0.,-1.));
#4946 = ( GEOMETRIC_REPRESENTATION_CONTEXT(2)
PARAMETRIC_REPRESENTATION_CONTEXT() REPRESENTATION_CONTEXT('2D SPACE',''
  ) );
#4947 = PCURVE('',#2254,#4948);
#4948 = DEFINITIONAL_REPRESENTATION('',(#4949),#4953);
#4949 = LINE('',#4950,#4951);
#4950 = CARTESIAN_POINT('',(24.,0.));
#4951 = VECTOR('',#4952,1.);
#4952 = DIRECTION('',(0.,-1.));
#4953 = ( GEOMETRIC_REPRESENTATION_CONTEXT(2)
PARAMETRIC_REPRESENTATION_CONTEXT() REPRESENTATION_CONTEXT('2D SPACE',''
  ) );
#4954 = ORIENTED_EDGE('',*,*,#2209,.T.);
#4955 = ORIENTED_EDGE('',*,*,#4514,.F.);
#4956 = ORIENTED_EDGE('',*,*,#4957,.F.);
#4957 = EDGE_CURVE('',#4933,#4515,#4958,.T.);
#4958 = SURFACE_CURVE('',#4959,(#4964,#4971),.PCURVE_S1.);
#4959 = CIRCLE('',#4960,6.2);
#4960 = AXIS2_PLACEMENT_3D('',#4961,#4962,#4963);
#4961 = CARTESIAN_POINT('',(-12.,-2.984734370576E-16,22.55));
#4962 = DIRECTION('',(0.,1.224646799147E-16,1.));
#4963 = DIRECTION('',(0.,1.,-1.224646799147E-16));
#4964 = PCURVE('',#2226,#4965);
#4965 = DEFINITIONAL_REPRESENTATION('',(#4966),#4970);
#4966 = LINE('',#4967,#4968);
#4967 = CARTESIAN_POINT('',(0.,-0.45));
#4968 = VECTOR('',#4969,1.);
#4969 = DIRECTION('',(1.,0.));
#4970 = ( GEOMETRIC_REPRESENTATION_CONTEXT(2)
PARAMETRIC_REPRESENTATION_CONTEXT() REPRESENTATION_CONTEXT('2D SPACE',''
  ) );
#4971 = PCURVE('',#4972,#4977);
#4972 = CONICAL_SURFACE('',#4973,6.2,0.785398163397);
#4973 = AXIS2_PLACEMENT_3D('',#4974,#4975,#4976);
#4974 = CARTESIAN_POINT('',(-12.,-2.984734370576E-16,22.55));
#4975 = DIRECTION('',(-0.,-1.224646799147E-16,-1.));
#4976 = DIRECTION('',(0.,1.,-1.224646799147E-16));
#4977 = DEFINITIONAL_REPRESENTATION('',(#4978),#4982);
#4978 = LINE('',#4979,#4980);
#4979 = CARTESIAN_POINT('',(-0.,-0.));
#4980 = VECTOR('',#4981,1.);
#4981 = DIRECTION('',(-1.,-0.));
#4982 = ( GEOMETRIC_REPRESENTATION_CONTEXT(2)
PARAMETRIC_REPRESENTATION_CONTEXT() REPRESENTATION_CONTEXT('2D SPACE',''
  ) );
#4983 = ADVANCED_FACE('',(#4984),#2281,.T.);
#4984 = FACE_BOUND('',#4985,.T.);
#4985 = EDGE_LOOP('',(#4986,#4987,#4988,#5011));
#4986 = ORIENTED_EDGE('',*,*,#4538,.T.);
#4987 = ORIENTED_EDGE('',*,*,#2266,.T.);
#4988 = ORIENTED_EDGE('',*,*,#4989,.F.);
#4989 = EDGE_CURVE('',#4990,#2239,#4992,.T.);
#4990 = VERTEX_POINT('',#4991);
#4991 = CARTESIAN_POINT('',(12.,6.2,22.55));
#4992 = SURFACE_CURVE('',#4993,(#4997,#5004),.PCURVE_S1.);
#4993 = LINE('',#4994,#4995);
#4994 = CARTESIAN_POINT('',(12.,6.2,23.));
#4995 = VECTOR('',#4996,1.);
#4996 = DIRECTION('',(0.,-1.224646799147E-16,-1.));
#4997 = PCURVE('',#2281,#4998);
#4998 = DEFINITIONAL_REPRESENTATION('',(#4999),#5003);
#4999 = LINE('',#5000,#5001);
#5000 = CARTESIAN_POINT('',(3.14159265359,0.));
#5001 = VECTOR('',#5002,1.);
#5002 = DIRECTION('',(0.,-1.));
#5003 = ( GEOMETRIC_REPRESENTATION_CONTEXT(2)
PARAMETRIC_REPRESENTATION_CONTEXT() REPRESENTATION_CONTEXT('2D SPACE',''
  ) );
#5004 = PCURVE('',#2254,#5005);
#5005 = DEFINITIONAL_REPRESENTATION('',(#5006),#5010);
#5006 = LINE('',#5007,#5008);
#5007 = CARTESIAN_POINT('',(0.,0.));
#5008 = VECTOR('',#5009,1.);
#5009 = DIRECTION('',(0.,-1.));
#5010 = ( GEOMETRIC_REPRESENTATION_CONTEXT(2)
PARAMETRIC_REPRESENTATION_CONTEXT() REPRESENTATION_CONTEXT('2D SPACE',''
  ) );
#5011 = ORIENTED_EDGE('',*,*,#5012,.F.);
#5012 = EDGE_CURVE('',#4539,#4990,#5013,.T.);
#5013 = SURFACE_CURVE('',#5014,(#5019,#5026),.PCURVE_S1.);
#5014 = CIRCLE('',#5015,6.2);
#5015 = AXIS2_PLACEMENT_3D('',#5016,#5017,#5018);
#5016 = CARTESIAN_POINT('',(12.,1.882552251344E-16,22.55));
#5017 = DIRECTION('',(-0.,1.224646799147E-16,1.));
#5018 = DIRECTION('',(0.,-1.,1.224646799147E-16));
#5019 = PCURVE('',#2281,#5020);
#5020 = DEFINITIONAL_REPRESENTATION('',(#5021),#5025);
#5021 = LINE('',#5022,#5023);
#5022 = CARTESIAN_POINT('',(0.,-0.45));
#5023 = VECTOR('',#5024,1.);
#5024 = DIRECTION('',(1.,0.));
#5025 = ( GEOMETRIC_REPRESENTATION_CONTEXT(2)
PARAMETRIC_REPRESENTATION_CONTEXT() REPRESENTATION_CONTEXT('2D SPACE',''
  ) );
#5026 = PCURVE('',#5027,#5032);
#5027 = CONICAL_SURFACE('',#5028,6.2,0.785398163397);
#5028 = AXIS2_PLACEMENT_3D('',#5029,#5030,#5031);
#5029 = CARTESIAN_POINT('',(12.,1.882552251344E-16,22.55));
#5030 = DIRECTION('',(-0.,-1.224646799147E-16,-1.));
#5031 = DIRECTION('',(0.,-1.,1.224646799147E-16));
#5032 = DEFINITIONAL_REPRESENTATION('',(#5033),#5037);
#5033 = LINE('',#5034,#5035);
#5034 = CARTESIAN_POINT('',(-0.,-0.));
#5035 = VECTOR('',#5036,1.);
#5036 = DIRECTION('',(-1.,-0.));
#5037 = ( GEOMETRIC_REPRESENTATION_CONTEXT(2)
PARAMETRIC_REPRESENTATION_CONTEXT() REPRESENTATION_CONTEXT('2D SPACE',''
  ) );
#5038 = ADVANCED_FACE('',(#5039),#2254,.T.);
#5039 = FACE_BOUND('',#5040,.T.);
#5040 = EDGE_LOOP('',(#5041,#5042,#5043,#5044));
#5041 = ORIENTED_EDGE('',*,*,#4989,.T.);
#5042 = ORIENTED_EDGE('',*,*,#2238,.T.);
#5043 = ORIENTED_EDGE('',*,*,#4932,.F.);
#5044 = ORIENTED_EDGE('',*,*,#5045,.F.);
#5045 = EDGE_CURVE('',#4990,#4933,#5046,.T.);
#5046 = SURFACE_CURVE('',#5047,(#5051,#5058),.PCURVE_S1.);
#5047 = LINE('',#5048,#5049);
#5048 = CARTESIAN_POINT('',(12.,6.2,22.55));
#5049 = VECTOR('',#5050,1.);
#5050 = DIRECTION('',(-1.,-0.,0.));
#5051 = PCURVE('',#2254,#5052);
#5052 = DEFINITIONAL_REPRESENTATION('',(#5053),#5057);
#5053 = LINE('',#5054,#5055);
#5054 = CARTESIAN_POINT('',(-0.,-0.45));
#5055 = VECTOR('',#5056,1.);
#5056 = DIRECTION('',(1.,0.));
#5057 = ( GEOMETRIC_REPRESENTATION_CONTEXT(2)
PARAMETRIC_REPRESENTATION_CONTEXT() REPRESENTATION_CONTEXT('2D SPACE',''
  ) );
#5058 = PCURVE('',#5059,#5064);
#5059 = PLANE('',#5060);
#5060 = AXIS2_PLACEMENT_3D('',#5061,#5062,#5063);
#5061 = CARTESIAN_POINT('',(12.,5.975,22.775));
#5062 = DIRECTION('',(-3.296956749044E-18,0.707106781187,0.707106781187)
  );
#5063 = DIRECTION('',(-1.,-2.331300474528E-18,-2.331300474528E-18));
#5064 = DEFINITIONAL_REPRESENTATION('',(#5065),#5069);
#5065 = LINE('',#5066,#5067);
#5066 = CARTESIAN_POINT('',(-4.199093873394E-33,-0.318198051534));
#5067 = VECTOR('',#5068,1.);
#5068 = DIRECTION('',(1.,-2.898913405879E-34));
#5069 = ( GEOMETRIC_REPRESENTATION_CONTEXT(2)
PARAMETRIC_REPRESENTATION_CONTEXT() REPRESENTATION_CONTEXT('2D SPACE',''
  ) );
#5070 = ADVANCED_FACE('',(#5071),#2340,.F.);
#5071 = FACE_BOUND('',#5072,.F.);
#5072 = EDGE_LOOP('',(#5073,#5103,#5124,#5125));
#5073 = ORIENTED_EDGE('',*,*,#5074,.F.);
#5074 = EDGE_CURVE('',#5075,#5077,#5079,.T.);
#5075 = VERTEX_POINT('',#5076);
#5076 = CARTESIAN_POINT('',(-12.,-4.6,23.));
#5077 = VERTEX_POINT('',#5078);
#5078 = CARTESIAN_POINT('',(12.,-4.6,23.));
#5079 = SURFACE_CURVE('',#5080,(#5084,#5091),.PCURVE_S1.);
#5080 = LINE('',#5081,#5082);
#5081 = CARTESIAN_POINT('',(-6.,-4.6,23.));
#5082 = VECTOR('',#5083,1.);
#5083 = DIRECTION('',(1.,0.,0.));
#5084 = PCURVE('',#2340,#5085);
#5085 = DEFINITIONAL_REPRESENTATION('',(#5086),#5090);
#5086 = LINE('',#5087,#5088);
#5087 = CARTESIAN_POINT('',(6.,-1.));
#5088 = VECTOR('',#5089,1.);
#5089 = DIRECTION('',(1.,0.));
#5090 = ( GEOMETRIC_REPRESENTATION_CONTEXT(2)
PARAMETRIC_REPRESENTATION_CONTEXT() REPRESENTATION_CONTEXT('2D SPACE',''
  ) );
#5091 = PCURVE('',#5092,#5097);
#5092 = PLANE('',#5093);
#5093 = AXIS2_PLACEMENT_3D('',#5094,#5095,#5096);
#5094 = CARTESIAN_POINT('',(-8.339703471363E-17,4.169851735681E-17,23.)
  );
#5095 = DIRECTION('',(-0.,1.224646799147E-16,1.));
#5096 = DIRECTION('',(-1.,-0.,0.));
#5097 = DEFINITIONAL_REPRESENTATION('',(#5098),#5102);
#5098 = LINE('',#5099,#5100);
#5099 = CARTESIAN_POINT('',(6.,4.6));
#5100 = VECTOR('',#5101,1.);
#5101 = DIRECTION('',(-1.,0.));
#5102 = ( GEOMETRIC_REPRESENTATION_CONTEXT(2)
PARAMETRIC_REPRESENTATION_CONTEXT() REPRESENTATION_CONTEXT('2D SPACE',''
  ) );
#5103 = ORIENTED_EDGE('',*,*,#5104,.T.);
#5104 = EDGE_CURVE('',#5075,#2323,#5105,.T.);
#5105 = SURFACE_CURVE('',#5106,(#5110,#5117),.PCURVE_S1.);
#5106 = LINE('',#5107,#5108);
#5107 = CARTESIAN_POINT('',(-12.,-4.6,24.));
#5108 = VECTOR('',#5109,1.);
#5109 = DIRECTION('',(0.,-1.224646799147E-16,-1.));
#5110 = PCURVE('',#2340,#5111);
#5111 = DEFINITIONAL_REPRESENTATION('',(#5112),#5116);
#5112 = LINE('',#5113,#5114);
#5113 = CARTESIAN_POINT('',(-1.7763568394E-15,0.));
#5114 = VECTOR('',#5115,1.);
#5115 = DIRECTION('',(0.,-1.));
#5116 = ( GEOMETRIC_REPRESENTATION_CONTEXT(2)
PARAMETRIC_REPRESENTATION_CONTEXT() REPRESENTATION_CONTEXT('2D SPACE',''
  ) );
#5117 = PCURVE('',#2369,#5118);
#5118 = DEFINITIONAL_REPRESENTATION('',(#5119),#5123);
#5119 = LINE('',#5120,#5121);
#5120 = CARTESIAN_POINT('',(3.14159265359,0.));
#5121 = VECTOR('',#5122,1.);
#5122 = DIRECTION('',(0.,-1.));
#5123 = ( GEOMETRIC_REPRESENTATION_CONTEXT(2)
PARAMETRIC_REPRESENTATION_CONTEXT() REPRESENTATION_CONTEXT('2D SPACE',''
  ) );
#5124 = ORIENTED_EDGE('',*,*,#2322,.T.);
#5125 = ORIENTED_EDGE('',*,*,#5126,.F.);
#5126 = EDGE_CURVE('',#5077,#2325,#5127,.T.);
#5127 = SURFACE_CURVE('',#5128,(#5132,#5139),.PCURVE_S1.);
#5128 = LINE('',#5129,#5130);
#5129 = CARTESIAN_POINT('',(12.,-4.6,24.));
#5130 = VECTOR('',#5131,1.);
#5131 = DIRECTION('',(0.,-1.224646799147E-16,-1.));
#5132 = PCURVE('',#2340,#5133);
#5133 = DEFINITIONAL_REPRESENTATION('',(#5134),#5138);
#5134 = LINE('',#5135,#5136);
#5135 = CARTESIAN_POINT('',(24.,0.));
#5136 = VECTOR('',#5137,1.);
#5137 = DIRECTION('',(0.,-1.));
#5138 = ( GEOMETRIC_REPRESENTATION_CONTEXT(2)
PARAMETRIC_REPRESENTATION_CONTEXT() REPRESENTATION_CONTEXT('2D SPACE',''
  ) );
#5139 = PCURVE('',#2424,#5140);
#5140 = DEFINITIONAL_REPRESENTATION('',(#5141),#5145);
#5141 = LINE('',#5142,#5143);
#5142 = CARTESIAN_POINT('',(0.,0.));
#5143 = VECTOR('',#5144,1.);
#5144 = DIRECTION('',(0.,-1.));
#5145 = ( GEOMETRIC_REPRESENTATION_CONTEXT(2)
PARAMETRIC_REPRESENTATION_CONTEXT() REPRESENTATION_CONTEXT('2D SPACE',''
  ) );
#5146 = ADVANCED_FACE('',(#5147),#2424,.F.);
#5147 = FACE_BOUND('',#5148,.F.);
#5148 = EDGE_LOOP('',(#5149,#5173,#5174,#5175));
#5149 = ORIENTED_EDGE('',*,*,#5150,.F.);
#5150 = EDGE_CURVE('',#5077,#5151,#5153,.T.);
#5151 = VERTEX_POINT('',#5152);
#5152 = CARTESIAN_POINT('',(12.,4.6,23.));
#5153 = SURFACE_CURVE('',#5154,(#5159,#5166),.PCURVE_S1.);
#5154 = CIRCLE('',#5155,4.6);
#5155 = AXIS2_PLACEMENT_3D('',#5156,#5157,#5158);
#5156 = CARTESIAN_POINT('',(12.,3.37569878617E-16,23.));
#5157 = DIRECTION('',(0.,1.224646799147E-16,1.));
#5158 = DIRECTION('',(3.861645303044E-16,-1.,1.224646799147E-16));
#5159 = PCURVE('',#2424,#5160);
#5160 = DEFINITIONAL_REPRESENTATION('',(#5161),#5165);
#5161 = LINE('',#5162,#5163);
#5162 = CARTESIAN_POINT('',(0.,-1.));
#5163 = VECTOR('',#5164,1.);
#5164 = DIRECTION('',(1.,0.));
#5165 = ( GEOMETRIC_REPRESENTATION_CONTEXT(2)
PARAMETRIC_REPRESENTATION_CONTEXT() REPRESENTATION_CONTEXT('2D SPACE',''
  ) );
#5166 = PCURVE('',#5092,#5167);
#5167 = DEFINITIONAL_REPRESENTATION('',(#5168),#5172);
#5168 = CIRCLE('',#5169,4.6);
#5169 = AXIS2_PLACEMENT_2D('',#5170,#5171);
#5170 = CARTESIAN_POINT('',(-12.,-2.958713612602E-16));
#5171 = DIRECTION('',(-3.861645303044E-16,1.));
#5172 = ( GEOMETRIC_REPRESENTATION_CONTEXT(2)
PARAMETRIC_REPRESENTATION_CONTEXT() REPRESENTATION_CONTEXT('2D SPACE',''
  ) );
#5173 = ORIENTED_EDGE('',*,*,#5126,.T.);
#5174 = ORIENTED_EDGE('',*,*,#2409,.T.);
#5175 = ORIENTED_EDGE('',*,*,#5176,.F.);
#5176 = EDGE_CURVE('',#5151,#2382,#5177,.T.);
#5177 = SURFACE_CURVE('',#5178,(#5182,#5189),.PCURVE_S1.);
#5178 = LINE('',#5179,#5180);
#5179 = CARTESIAN_POINT('',(12.,4.6,24.));
#5180 = VECTOR('',#5181,1.);
#5181 = DIRECTION('',(0.,-1.224646799147E-16,-1.));
#5182 = PCURVE('',#2424,#5183);
#5183 = DEFINITIONAL_REPRESENTATION('',(#5184),#5188);
#5184 = LINE('',#5185,#5186);
#5185 = CARTESIAN_POINT('',(3.14159265359,0.));
#5186 = VECTOR('',#5187,1.);
#5187 = DIRECTION('',(0.,-1.));
#5188 = ( GEOMETRIC_REPRESENTATION_CONTEXT(2)
PARAMETRIC_REPRESENTATION_CONTEXT() REPRESENTATION_CONTEXT('2D SPACE',''
  ) );
#5189 = PCURVE('',#2397,#5190);
#5190 = DEFINITIONAL_REPRESENTATION('',(#5191),#5195);
#5191 = LINE('',#5192,#5193);
#5192 = CARTESIAN_POINT('',(-1.7763568394E-15,0.));
#5193 = VECTOR('',#5194,1.);
#5194 = DIRECTION('',(0.,-1.));
#5195 = ( GEOMETRIC_REPRESENTATION_CONTEXT(2)
PARAMETRIC_REPRESENTATION_CONTEXT() REPRESENTATION_CONTEXT('2D SPACE',''
  ) );
#5196 = ADVANCED_FACE('',(#5197),#2397,.F.);
#5197 = FACE_BOUND('',#5198,.F.);
#5198 = EDGE_LOOP('',(#5199,#5222,#5223,#5224));
#5199 = ORIENTED_EDGE('',*,*,#5200,.F.);
#5200 = EDGE_CURVE('',#5151,#5201,#5203,.T.);
#5201 = VERTEX_POINT('',#5202);
#5202 = CARTESIAN_POINT('',(-12.,4.6,23.));
#5203 = SURFACE_CURVE('',#5204,(#5208,#5215),.PCURVE_S1.);
#5204 = LINE('',#5205,#5206);
#5205 = CARTESIAN_POINT('',(6.,4.6,23.));
#5206 = VECTOR('',#5207,1.);
#5207 = DIRECTION('',(-1.,-0.,0.));
#5208 = PCURVE('',#2397,#5209);
#5209 = DEFINITIONAL_REPRESENTATION('',(#5210),#5214);
#5210 = LINE('',#5211,#5212);
#5211 = CARTESIAN_POINT('',(6.,-1.));
#5212 = VECTOR('',#5213,1.);
#5213 = DIRECTION('',(1.,0.));
#5214 = ( GEOMETRIC_REPRESENTATION_CONTEXT(2)
PARAMETRIC_REPRESENTATION_CONTEXT() REPRESENTATION_CONTEXT('2D SPACE',''
  ) );
#5215 = PCURVE('',#5092,#5216);
#5216 = DEFINITIONAL_REPRESENTATION('',(#5217),#5221);
#5217 = LINE('',#5218,#5219);
#5218 = CARTESIAN_POINT('',(-6.,-4.6));
#5219 = VECTOR('',#5220,1.);
#5220 = DIRECTION('',(1.,0.));
#5221 = ( GEOMETRIC_REPRESENTATION_CONTEXT(2)
PARAMETRIC_REPRESENTATION_CONTEXT() REPRESENTATION_CONTEXT('2D SPACE',''
  ) );
#5222 = ORIENTED_EDGE('',*,*,#5176,.T.);
#5223 = ORIENTED_EDGE('',*,*,#2381,.T.);
#5224 = ORIENTED_EDGE('',*,*,#5225,.F.);
#5225 = EDGE_CURVE('',#5201,#2353,#5226,.T.);
#5226 = SURFACE_CURVE('',#5227,(#5231,#5238),.PCURVE_S1.);
#5227 = LINE('',#5228,#5229);
#5228 = CARTESIAN_POINT('',(-12.,4.6,24.));
#5229 = VECTOR('',#5230,1.);
#5230 = DIRECTION('',(0.,-1.224646799147E-16,-1.));
#5231 = PCURVE('',#2397,#5232);
#5232 = DEFINITIONAL_REPRESENTATION('',(#5233),#5237);
#5233 = LINE('',#5234,#5235);
#5234 = CARTESIAN_POINT('',(24.,0.));
#5235 = VECTOR('',#5236,1.);
#5236 = DIRECTION('',(0.,-1.));
#5237 = ( GEOMETRIC_REPRESENTATION_CONTEXT(2)
PARAMETRIC_REPRESENTATION_CONTEXT() REPRESENTATION_CONTEXT('2D SPACE',''
  ) );
#5238 = PCURVE('',#2369,#5239);
#5239 = DEFINITIONAL_REPRESENTATION('',(#5240),#5244);
#5240 = LINE('',#5241,#5242);
#5241 = CARTESIAN_POINT('',(0.,0.));
#5242 = VECTOR('',#5243,1.);
#5243 = DIRECTION('',(0.,-1.));
#5244 = ( GEOMETRIC_REPRESENTATION_CONTEXT(2)
PARAMETRIC_REPRESENTATION_CONTEXT() REPRESENTATION_CONTEXT('2D SPACE',''
  ) );
#5245 = ADVANCED_FACE('',(#5246),#2369,.F.);
#5246 = FACE_BOUND('',#5247,.F.);
#5247 = EDGE_LOOP('',(#5248,#5270,#5271,#5272));
#5248 = ORIENTED_EDGE('',*,*,#5249,.F.);
#5249 = EDGE_CURVE('',#5201,#5075,#5250,.T.);
#5250 = SURFACE_CURVE('',#5251,(#5256,#5263),.PCURVE_S1.);
#5251 = CIRCLE('',#5252,4.6);
#5252 = AXIS2_PLACEMENT_3D('',#5253,#5254,#5255);
#5253 = CARTESIAN_POINT('',(-12.,-3.37569878617E-16,23.));
#5254 = DIRECTION('',(0.,1.224646799147E-16,1.));
#5255 = DIRECTION('',(-3.861645303044E-16,1.,-1.224646799147E-16));
#5256 = PCURVE('',#2369,#5257);
#5257 = DEFINITIONAL_REPRESENTATION('',(#5258),#5262);
#5258 = LINE('',#5259,#5260);
#5259 = CARTESIAN_POINT('',(0.,-1.));
#5260 = VECTOR('',#5261,1.);
#5261 = DIRECTION('',(1.,0.));
#5262 = ( GEOMETRIC_REPRESENTATION_CONTEXT(2)
PARAMETRIC_REPRESENTATION_CONTEXT() REPRESENTATION_CONTEXT('2D SPACE',''
  ) );
#5263 = PCURVE('',#5092,#5264);
#5264 = DEFINITIONAL_REPRESENTATION('',(#5265),#5269);
#5265 = CIRCLE('',#5266,4.6);
#5266 = AXIS2_PLACEMENT_2D('',#5267,#5268);
#5267 = CARTESIAN_POINT('',(12.,3.792683959738E-16));
#5268 = DIRECTION('',(3.861645303044E-16,-1.));
#5269 = ( GEOMETRIC_REPRESENTATION_CONTEXT(2)
PARAMETRIC_REPRESENTATION_CONTEXT() REPRESENTATION_CONTEXT('2D SPACE',''
  ) );
#5270 = ORIENTED_EDGE('',*,*,#5225,.T.);
#5271 = ORIENTED_EDGE('',*,*,#2352,.T.);
#5272 = ORIENTED_EDGE('',*,*,#5104,.F.);
#5273 = ADVANCED_FACE('',(#5274,#5288),#2464,.T.);
#5274 = FACE_BOUND('',#5275,.F.);
#5275 = EDGE_LOOP('',(#5276,#5277,#5278,#5279,#5280,#5281,#5282,#5283,
    #5284,#5285,#5286,#5287));
#5276 = ORIENTED_EDGE('',*,*,#2446,.T.);
#5277 = ORIENTED_EDGE('',*,*,#3012,.T.);
#5278 = ORIENTED_EDGE('',*,*,#2963,.T.);
#5279 = ORIENTED_EDGE('',*,*,#2914,.T.);
#5280 = ORIENTED_EDGE('',*,*,#2865,.T.);
#5281 = ORIENTED_EDGE('',*,*,#2816,.T.);
#5282 = ORIENTED_EDGE('',*,*,#2767,.T.);
#5283 = ORIENTED_EDGE('',*,*,#2718,.T.);
#5284 = ORIENTED_EDGE('',*,*,#2669,.T.);
#5285 = ORIENTED_EDGE('',*,*,#2620,.T.);
#5286 = ORIENTED_EDGE('',*,*,#2571,.T.);
#5287 = ORIENTED_EDGE('',*,*,#2522,.T.);
#5288 = FACE_BOUND('',#5289,.F.);
#5289 = EDGE_LOOP('',(#5290,#5322,#5352,#5382,#5412,#5442,#5472,#5502));
#5290 = ORIENTED_EDGE('',*,*,#5291,.T.);
#5291 = EDGE_CURVE('',#5292,#5294,#5296,.T.);
#5292 = VERTEX_POINT('',#5293);
#5293 = CARTESIAN_POINT('',(0.31640625,8.3544921875,2.55));
#5294 = VERTEX_POINT('',#5295);
#5295 = CARTESIAN_POINT('',(0.4154296875,7.79140625,2.55));
#5296 = SURFACE_CURVE('',#5297,(#5301,#5308),.PCURVE_S1.);
#5297 = B_SPLINE_CURVE_WITH_KNOTS('',2,(#5298,#5299,#5300),
  .UNSPECIFIED.,.F.,.F.,(3,3),(0.,1.),.PIECEWISE_BEZIER_KNOTS.);
#5298 = CARTESIAN_POINT('',(0.31640625,8.3544921875,2.55));
#5299 = CARTESIAN_POINT('',(0.31640625,7.9314453125,2.55));
#5300 = CARTESIAN_POINT('',(0.4154296875,7.79140625,2.55));
#5301 = PCURVE('',#2464,#5302);
#5302 = DEFINITIONAL_REPRESENTATION('',(#5303),#5307);
#5303 = B_SPLINE_CURVE_WITH_KNOTS('',2,(#5304,#5305,#5306),
  .UNSPECIFIED.,.F.,.F.,(3,3),(0.,1.),.PIECEWISE_BEZIER_KNOTS.);
#5304 = CARTESIAN_POINT('',(0.31640625,0.847265625));
#5305 = CARTESIAN_POINT('',(0.31640625,0.42421875));
#5306 = CARTESIAN_POINT('',(0.4154296875,0.2841796875));
#5307 = ( GEOMETRIC_REPRESENTATION_CONTEXT(2)
PARAMETRIC_REPRESENTATION_CONTEXT() REPRESENTATION_CONTEXT('2D SPACE',''
  ) );
#5308 = PCURVE('',#5309,#5316);
#5309 = SURFACE_OF_LINEAR_EXTRUSION('',#5310,#5314);
#5310 = B_SPLINE_CURVE_WITH_KNOTS('',2,(#5311,#5312,#5313),
  .UNSPECIFIED.,.F.,.F.,(3,3),(0.,1.),.PIECEWISE_BEZIER_KNOTS.);
#5311 = CARTESIAN_POINT('',(0.31640625,8.3544921875,2.55));
#5312 = CARTESIAN_POINT('',(0.31640625,7.9314453125,2.55));
#5313 = CARTESIAN_POINT('',(0.4154296875,7.79140625,2.55));
#5314 = VECTOR('',#5315,1.);
#5315 = DIRECTION('',(-0.,-0.,-1.));
#5316 = DEFINITIONAL_REPRESENTATION('',(#5317),#5321);
#5317 = LINE('',#5318,#5319);
#5318 = CARTESIAN_POINT('',(0.,0.));
#5319 = VECTOR('',#5320,1.);
#5320 = DIRECTION('',(1.,0.));
#5321 = ( GEOMETRIC_REPRESENTATION_CONTEXT(2)
PARAMETRIC_REPRESENTATION_CONTEXT() REPRESENTATION_CONTEXT('2D SPACE',''
  ) );
#5322 = ORIENTED_EDGE('',*,*,#5323,.T.);
#5323 = EDGE_CURVE('',#5294,#5324,#5326,.T.);
#5324 = VERTEX_POINT('',#5325);
#5325 = CARTESIAN_POINT('',(0.659765625,7.6513671875,2.55));
#5326 = SURFACE_CURVE('',#5327,(#5331,#5338),.PCURVE_S1.);
#5327 = B_SPLINE_CURVE_WITH_KNOTS('',2,(#5328,#5329,#5330),
  .UNSPECIFIED.,.F.,.F.,(3,3),(0.,1.),.PIECEWISE_BEZIER_KNOTS.);
#5328 = CARTESIAN_POINT('',(0.4154296875,7.79140625,2.55));
#5329 = CARTESIAN_POINT('',(0.514453125,7.6513671875,2.55));
#5330 = CARTESIAN_POINT('',(0.659765625,7.6513671875,2.55));
#5331 = PCURVE('',#2464,#5332);
#5332 = DEFINITIONAL_REPRESENTATION('',(#5333),#5337);
#5333 = B_SPLINE_CURVE_WITH_KNOTS('',2,(#5334,#5335,#5336),
  .UNSPECIFIED.,.F.,.F.,(3,3),(0.,1.),.PIECEWISE_BEZIER_KNOTS.);
#5334 = CARTESIAN_POINT('',(0.4154296875,0.2841796875));
#5335 = CARTESIAN_POINT('',(0.514453125,0.144140625));
#5336 = CARTESIAN_POINT('',(0.659765625,0.144140625));
#5337 = ( GEOMETRIC_REPRESENTATION_CONTEXT(2)
PARAMETRIC_REPRESENTATION_CONTEXT() REPRESENTATION_CONTEXT('2D SPACE',''
  ) );
#5338 = PCURVE('',#5339,#5346);
#5339 = SURFACE_OF_LINEAR_EXTRUSION('',#5340,#5344);
#5340 = B_SPLINE_CURVE_WITH_KNOTS('',2,(#5341,#5342,#5343),
  .UNSPECIFIED.,.F.,.F.,(3,3),(0.,1.),.PIECEWISE_BEZIER_KNOTS.);
#5341 = CARTESIAN_POINT('',(0.4154296875,7.79140625,2.55));
#5342 = CARTESIAN_POINT('',(0.514453125,7.6513671875,2.55));
#5343 = CARTESIAN_POINT('',(0.659765625,7.6513671875,2.55));
#5344 = VECTOR('',#5345,1.);
#5345 = DIRECTION('',(-0.,-0.,-1.));
#5346 = DEFINITIONAL_REPRESENTATION('',(#5347),#5351);
#5347 = LINE('',#5348,#5349);
#5348 = CARTESIAN_POINT('',(0.,0.));
#5349 = VECTOR('',#5350,1.);
#5350 = DIRECTION('',(1.,0.));
#5351 = ( GEOMETRIC_REPRESENTATION_CONTEXT(2)
PARAMETRIC_REPRESENTATION_CONTEXT() REPRESENTATION_CONTEXT('2D SPACE',''
  ) );
#5352 = ORIENTED_EDGE('',*,*,#5353,.T.);
#5353 = EDGE_CURVE('',#5324,#5354,#5356,.T.);
#5354 = VERTEX_POINT('',#5355);
#5355 = CARTESIAN_POINT('',(0.9041015625,7.7919921875,2.55));
#5356 = SURFACE_CURVE('',#5357,(#5361,#5368),.PCURVE_S1.);
#5357 = B_SPLINE_CURVE_WITH_KNOTS('',2,(#5358,#5359,#5360),
  .UNSPECIFIED.,.F.,.F.,(3,3),(0.,1.),.PIECEWISE_BEZIER_KNOTS.);
#5358 = CARTESIAN_POINT('',(0.659765625,7.6513671875,2.55));
#5359 = CARTESIAN_POINT('',(0.805078125,7.6513671875,2.55));
#5360 = CARTESIAN_POINT('',(0.9041015625,7.7919921875,2.55));
#5361 = PCURVE('',#2464,#5362);
#5362 = DEFINITIONAL_REPRESENTATION('',(#5363),#5367);
#5363 = B_SPLINE_CURVE_WITH_KNOTS('',2,(#5364,#5365,#5366),
  .UNSPECIFIED.,.F.,.F.,(3,3),(0.,1.),.PIECEWISE_BEZIER_KNOTS.);
#5364 = CARTESIAN_POINT('',(0.659765625,0.144140625));
#5365 = CARTESIAN_POINT('',(0.805078125,0.144140625));
#5366 = CARTESIAN_POINT('',(0.9041015625,0.284765625));
#5367 = ( GEOMETRIC_REPRESENTATION_CONTEXT(2)
PARAMETRIC_REPRESENTATION_CONTEXT() REPRESENTATION_CONTEXT('2D SPACE',''
  ) );
#5368 = PCURVE('',#5369,#5376);
#5369 = SURFACE_OF_LINEAR_EXTRUSION('',#5370,#5374);
#5370 = B_SPLINE_CURVE_WITH_KNOTS('',2,(#5371,#5372,#5373),
  .UNSPECIFIED.,.F.,.F.,(3,3),(0.,1.),.PIECEWISE_BEZIER_KNOTS.);
#5371 = CARTESIAN_POINT('',(0.659765625,7.6513671875,2.55));
#5372 = CARTESIAN_POINT('',(0.805078125,7.6513671875,2.55));
#5373 = CARTESIAN_POINT('',(0.9041015625,7.7919921875,2.55));
#5374 = VECTOR('',#5375,1.);
#5375 = DIRECTION('',(-0.,-0.,-1.));
#5376 = DEFINITIONAL_REPRESENTATION('',(#5377),#5381);
#5377 = LINE('',#5378,#5379);
#5378 = CARTESIAN_POINT('',(0.,0.));
#5379 = VECTOR('',#5380,1.);
#5380 = DIRECTION('',(1.,0.));
#5381 = ( GEOMETRIC_REPRESENTATION_CONTEXT(2)
PARAMETRIC_REPRESENTATION_CONTEXT() REPRESENTATION_CONTEXT('2D SPACE',''
  ) );
#5382 = ORIENTED_EDGE('',*,*,#5383,.T.);
#5383 = EDGE_CURVE('',#5354,#5384,#5386,.T.);
#5384 = VERTEX_POINT('',#5385);
#5385 = CARTESIAN_POINT('',(1.003125,8.3544921875,2.55));
#5386 = SURFACE_CURVE('',#5387,(#5391,#5398),.PCURVE_S1.);
#5387 = B_SPLINE_CURVE_WITH_KNOTS('',2,(#5388,#5389,#5390),
  .UNSPECIFIED.,.F.,.F.,(3,3),(0.,1.),.PIECEWISE_BEZIER_KNOTS.);
#5388 = CARTESIAN_POINT('',(0.9041015625,7.7919921875,2.55));
#5389 = CARTESIAN_POINT('',(1.003125,7.9326171875,2.55));
#5390 = CARTESIAN_POINT('',(1.003125,8.3544921875,2.55));
#5391 = PCURVE('',#2464,#5392);
#5392 = DEFINITIONAL_REPRESENTATION('',(#5393),#5397);
#5393 = B_SPLINE_CURVE_WITH_KNOTS('',2,(#5394,#5395,#5396),
  .UNSPECIFIED.,.F.,.F.,(3,3),(0.,1.),.PIECEWISE_BEZIER_KNOTS.);
#5394 = CARTESIAN_POINT('',(0.9041015625,0.284765625));
#5395 = CARTESIAN_POINT('',(1.003125,0.425390625));
#5396 = CARTESIAN_POINT('',(1.003125,0.847265625));
#5397 = ( GEOMETRIC_REPRESENTATION_CONTEXT(2)
PARAMETRIC_REPRESENTATION_CONTEXT() REPRESENTATION_CONTEXT('2D SPACE',''
  ) );
#5398 = PCURVE('',#5399,#5406);
#5399 = SURFACE_OF_LINEAR_EXTRUSION('',#5400,#5404);
#5400 = B_SPLINE_CURVE_WITH_KNOTS('',2,(#5401,#5402,#5403),
  .UNSPECIFIED.,.F.,.F.,(3,3),(0.,1.),.PIECEWISE_BEZIER_KNOTS.);
#5401 = CARTESIAN_POINT('',(0.9041015625,7.7919921875,2.55));
#5402 = CARTESIAN_POINT('',(1.003125,7.9326171875,2.55));
#5403 = CARTESIAN_POINT('',(1.003125,8.3544921875,2.55));
#5404 = VECTOR('',#5405,1.);
#5405 = DIRECTION('',(-0.,-0.,-1.));
#5406 = DEFINITIONAL_REPRESENTATION('',(#5407),#5411);
#5407 = LINE('',#5408,#5409);
#5408 = CARTESIAN_POINT('',(0.,0.));
#5409 = VECTOR('',#5410,1.);
#5410 = DIRECTION('',(1.,0.));
#5411 = ( GEOMETRIC_REPRESENTATION_CONTEXT(2)
PARAMETRIC_REPRESENTATION_CONTEXT() REPRESENTATION_CONTEXT('2D SPACE',''
  ) );
#5412 = ORIENTED_EDGE('',*,*,#5413,.T.);
#5413 = EDGE_CURVE('',#5384,#5414,#5416,.T.);
#5414 = VERTEX_POINT('',#5415);
#5415 = CARTESIAN_POINT('',(0.9041015625,8.9181640625,2.55));
#5416 = SURFACE_CURVE('',#5417,(#5421,#5428),.PCURVE_S1.);
#5417 = B_SPLINE_CURVE_WITH_KNOTS('',2,(#5418,#5419,#5420),
  .UNSPECIFIED.,.F.,.F.,(3,3),(0.,1.),.PIECEWISE_BEZIER_KNOTS.);
#5418 = CARTESIAN_POINT('',(1.003125,8.3544921875,2.55));
#5419 = CARTESIAN_POINT('',(1.003125,8.7787109375,2.55));
#5420 = CARTESIAN_POINT('',(0.9041015625,8.9181640625,2.55));
#5421 = PCURVE('',#2464,#5422);
#5422 = DEFINITIONAL_REPRESENTATION('',(#5423),#5427);
#5423 = B_SPLINE_CURVE_WITH_KNOTS('',2,(#5424,#5425,#5426),
  .UNSPECIFIED.,.F.,.F.,(3,3),(0.,1.),.PIECEWISE_BEZIER_KNOTS.);
#5424 = CARTESIAN_POINT('',(1.003125,0.847265625));
#5425 = CARTESIAN_POINT('',(1.003125,1.271484375));
#5426 = CARTESIAN_POINT('',(0.9041015625,1.4109375));
#5427 = ( GEOMETRIC_REPRESENTATION_CONTEXT(2)
PARAMETRIC_REPRESENTATION_CONTEXT() REPRESENTATION_CONTEXT('2D SPACE',''
  ) );
#5428 = PCURVE('',#5429,#5436);
#5429 = SURFACE_OF_LINEAR_EXTRUSION('',#5430,#5434);
#5430 = B_SPLINE_CURVE_WITH_KNOTS('',2,(#5431,#5432,#5433),
  .UNSPECIFIED.,.F.,.F.,(3,3),(0.,1.),.PIECEWISE_BEZIER_KNOTS.);
#5431 = CARTESIAN_POINT('',(1.003125,8.3544921875,2.55));
#5432 = CARTESIAN_POINT('',(1.003125,8.7787109375,2.55));
#5433 = CARTESIAN_POINT('',(0.9041015625,8.9181640625,2.55));
#5434 = VECTOR('',#5435,1.);
#5435 = DIRECTION('',(-0.,-0.,-1.));
#5436 = DEFINITIONAL_REPRESENTATION('',(#5437),#5441);
#5437 = LINE('',#5438,#5439);
#5438 = CARTESIAN_POINT('',(0.,0.));
#5439 = VECTOR('',#5440,1.);
#5440 = DIRECTION('',(1.,0.));
#5441 = ( GEOMETRIC_REPRESENTATION_CONTEXT(2)
PARAMETRIC_REPRESENTATION_CONTEXT() REPRESENTATION_CONTEXT('2D SPACE',''
  ) );
#5442 = ORIENTED_EDGE('',*,*,#5443,.T.);
#5443 = EDGE_CURVE('',#5414,#5444,#5446,.T.);
#5444 = VERTEX_POINT('',#5445);
#5445 = CARTESIAN_POINT('',(0.657421875,9.0576171875,2.55));
#5446 = SURFACE_CURVE('',#5447,(#5451,#5458),.PCURVE_S1.);
#5447 = B_SPLINE_CURVE_WITH_KNOTS('',2,(#5448,#5449,#5450),
  .UNSPECIFIED.,.F.,.F.,(3,3),(0.,1.),.PIECEWISE_BEZIER_KNOTS.);
#5448 = CARTESIAN_POINT('',(0.9041015625,8.9181640625,2.55));
#5449 = CARTESIAN_POINT('',(0.805078125,9.0576171875,2.55));
#5450 = CARTESIAN_POINT('',(0.657421875,9.0576171875,2.55));
#5451 = PCURVE('',#2464,#5452);
#5452 = DEFINITIONAL_REPRESENTATION('',(#5453),#5457);
#5453 = B_SPLINE_CURVE_WITH_KNOTS('',2,(#5454,#5455,#5456),
  .UNSPECIFIED.,.F.,.F.,(3,3),(0.,1.),.PIECEWISE_BEZIER_KNOTS.);
#5454 = CARTESIAN_POINT('',(0.9041015625,1.4109375));
#5455 = CARTESIAN_POINT('',(0.805078125,1.550390625));
#5456 = CARTESIAN_POINT('',(0.657421875,1.550390625));
#5457 = ( GEOMETRIC_REPRESENTATION_CONTEXT(2)
PARAMETRIC_REPRESENTATION_CONTEXT() REPRESENTATION_CONTEXT('2D SPACE',''
  ) );
#5458 = PCURVE('',#5459,#5466);
#5459 = SURFACE_OF_LINEAR_EXTRUSION('',#5460,#5464);
#5460 = B_SPLINE_CURVE_WITH_KNOTS('',2,(#5461,#5462,#5463),
  .UNSPECIFIED.,.F.,.F.,(3,3),(0.,1.),.PIECEWISE_BEZIER_KNOTS.);
#5461 = CARTESIAN_POINT('',(0.9041015625,8.9181640625,2.55));
#5462 = CARTESIAN_POINT('',(0.805078125,9.0576171875,2.55));
#5463 = CARTESIAN_POINT('',(0.657421875,9.0576171875,2.55));
#5464 = VECTOR('',#5465,1.);
#5465 = DIRECTION('',(-0.,-0.,-1.));
#5466 = DEFINITIONAL_REPRESENTATION('',(#5467),#5471);
#5467 = LINE('',#5468,#5469);
#5468 = CARTESIAN_POINT('',(0.,0.));
#5469 = VECTOR('',#5470,1.);
#5470 = DIRECTION('',(1.,0.));
#5471 = ( GEOMETRIC_REPRESENTATION_CONTEXT(2)
PARAMETRIC_REPRESENTATION_CONTEXT() REPRESENTATION_CONTEXT('2D SPACE',''
  ) );
#5472 = ORIENTED_EDGE('',*,*,#5473,.T.);
#5473 = EDGE_CURVE('',#5444,#5474,#5476,.T.);
#5474 = VERTEX_POINT('',#5475);
#5475 = CARTESIAN_POINT('',(0.425390625,8.9345703125,2.55));
#5476 = SURFACE_CURVE('',#5477,(#5481,#5488),.PCURVE_S1.);
#5477 = B_SPLINE_CURVE_WITH_KNOTS('',2,(#5478,#5479,#5480),
  .UNSPECIFIED.,.F.,.F.,(3,3),(0.,1.),.PIECEWISE_BEZIER_KNOTS.);
#5478 = CARTESIAN_POINT('',(0.657421875,9.0576171875,2.55));
#5479 = CARTESIAN_POINT('',(0.512109375,9.0576171875,2.55));
#5480 = CARTESIAN_POINT('',(0.425390625,8.9345703125,2.55));
#5481 = PCURVE('',#2464,#5482);
#5482 = DEFINITIONAL_REPRESENTATION('',(#5483),#5487);
#5483 = B_SPLINE_CURVE_WITH_KNOTS('',2,(#5484,#5485,#5486),
  .UNSPECIFIED.,.F.,.F.,(3,3),(0.,1.),.PIECEWISE_BEZIER_KNOTS.);
#5484 = CARTESIAN_POINT('',(0.657421875,1.550390625));
#5485 = CARTESIAN_POINT('',(0.512109375,1.550390625));
#5486 = CARTESIAN_POINT('',(0.425390625,1.42734375));
#5487 = ( GEOMETRIC_REPRESENTATION_CONTEXT(2)
PARAMETRIC_REPRESENTATION_CONTEXT() REPRESENTATION_CONTEXT('2D SPACE',''
  ) );
#5488 = PCURVE('',#5489,#5496);
#5489 = SURFACE_OF_LINEAR_EXTRUSION('',#5490,#5494);
#5490 = B_SPLINE_CURVE_WITH_KNOTS('',2,(#5491,#5492,#5493),
  .UNSPECIFIED.,.F.,.F.,(3,3),(0.,1.),.PIECEWISE_BEZIER_KNOTS.);
#5491 = CARTESIAN_POINT('',(0.657421875,9.0576171875,2.55));
#5492 = CARTESIAN_POINT('',(0.512109375,9.0576171875,2.55));
#5493 = CARTESIAN_POINT('',(0.425390625,8.9345703125,2.55));
#5494 = VECTOR('',#5495,1.);
#5495 = DIRECTION('',(-0.,-0.,-1.));
#5496 = DEFINITIONAL_REPRESENTATION('',(#5497),#5501);
#5497 = LINE('',#5498,#5499);
#5498 = CARTESIAN_POINT('',(0.,0.));
#5499 = VECTOR('',#5500,1.);
#5500 = DIRECTION('',(1.,0.));
#5501 = ( GEOMETRIC_REPRESENTATION_CONTEXT(2)
PARAMETRIC_REPRESENTATION_CONTEXT() REPRESENTATION_CONTEXT('2D SPACE',''
  ) );
#5502 = ORIENTED_EDGE('',*,*,#5503,.T.);
#5503 = EDGE_CURVE('',#5474,#5292,#5504,.T.);
#5504 = SURFACE_CURVE('',#5505,(#5509,#5516),.PCURVE_S1.);
#5505 = B_SPLINE_CURVE_WITH_KNOTS('',2,(#5506,#5507,#5508),
  .UNSPECIFIED.,.F.,.F.,(3,3),(0.,1.),.PIECEWISE_BEZIER_KNOTS.);
#5506 = CARTESIAN_POINT('',(0.425390625,8.9345703125,2.55));
#5507 = CARTESIAN_POINT('',(0.31640625,8.7775390625,2.55));
#5508 = CARTESIAN_POINT('',(0.31640625,8.3544921875,2.55));
#5509 = PCURVE('',#2464,#5510);
#5510 = DEFINITIONAL_REPRESENTATION('',(#5511),#5515);
#5511 = B_SPLINE_CURVE_WITH_KNOTS('',2,(#5512,#5513,#5514),
  .UNSPECIFIED.,.F.,.F.,(3,3),(0.,1.),.PIECEWISE_BEZIER_KNOTS.);
#5512 = CARTESIAN_POINT('',(0.425390625,1.42734375));
#5513 = CARTESIAN_POINT('',(0.31640625,1.2703125));
#5514 = CARTESIAN_POINT('',(0.31640625,0.847265625));
#5515 = ( GEOMETRIC_REPRESENTATION_CONTEXT(2)
PARAMETRIC_REPRESENTATION_CONTEXT() REPRESENTATION_CONTEXT('2D SPACE',''
  ) );
#5516 = PCURVE('',#5517,#5524);
#5517 = SURFACE_OF_LINEAR_EXTRUSION('',#5518,#5522);
#5518 = B_SPLINE_CURVE_WITH_KNOTS('',2,(#5519,#5520,#5521),
  .UNSPECIFIED.,.F.,.F.,(3,3),(0.,1.),.PIECEWISE_BEZIER_KNOTS.);
#5519 = CARTESIAN_POINT('',(0.425390625,8.9345703125,2.55));
#5520 = CARTESIAN_POINT('',(0.31640625,8.7775390625,2.55));
#5521 = CARTESIAN_POINT('',(0.31640625,8.3544921875,2.55));
#5522 = VECTOR('',#5523,1.);
#5523 = DIRECTION('',(-0.,-0.,-1.));
#5524 = DEFINITIONAL_REPRESENTATION('',(#5525),#5529);
#5525 = LINE('',#5526,#5527);
#5526 = CARTESIAN_POINT('',(0.,0.));
#5527 = VECTOR('',#5528,1.);
#5528 = DIRECTION('',(1.,0.));
#5529 = ( GEOMETRIC_REPRESENTATION_CONTEXT(2)
PARAMETRIC_REPRESENTATION_CONTEXT() REPRESENTATION_CONTEXT('2D SPACE',''
  ) );
#5530 = ADVANCED_FACE('',(#5531),#3057,.T.);
#5531 = FACE_BOUND('',#5532,.F.);
#5532 = EDGE_LOOP('',(#5533,#5534,#5535,#5536,#5537,#5538,#5539,#5540,
    #5541,#5542,#5543,#5544,#5545,#5546,#5547,#5548,#5549,#5550,#5551,
    #5552,#5553,#5554,#5555,#5556,#5557,#5558,#5559,#5560,#5561,#5562));
#5533 = ORIENTED_EDGE('',*,*,#3039,.T.);
#5534 = ORIENTED_EDGE('',*,*,#4487,.T.);
#5535 = ORIENTED_EDGE('',*,*,#4438,.T.);
#5536 = ORIENTED_EDGE('',*,*,#4389,.T.);
#5537 = ORIENTED_EDGE('',*,*,#4340,.T.);
#5538 = ORIENTED_EDGE('',*,*,#4291,.T.);
#5539 = ORIENTED_EDGE('',*,*,#4242,.T.);
#5540 = ORIENTED_EDGE('',*,*,#4193,.T.);
#5541 = ORIENTED_EDGE('',*,*,#4144,.T.);
#5542 = ORIENTED_EDGE('',*,*,#4095,.T.);
#5543 = ORIENTED_EDGE('',*,*,#4046,.T.);
#5544 = ORIENTED_EDGE('',*,*,#3997,.T.);
#5545 = ORIENTED_EDGE('',*,*,#3948,.T.);
#5546 = ORIENTED_EDGE('',*,*,#3899,.T.);
#5547 = ORIENTED_EDGE('',*,*,#3850,.T.);
#5548 = ORIENTED_EDGE('',*,*,#3801,.T.);
#5549 = ORIENTED_EDGE('',*,*,#3752,.T.);
#5550 = ORIENTED_EDGE('',*,*,#3703,.T.);
#5551 = ORIENTED_EDGE('',*,*,#3654,.T.);
#5552 = ORIENTED_EDGE('',*,*,#3605,.T.);
#5553 = ORIENTED_EDGE('',*,*,#3556,.T.);
#5554 = ORIENTED_EDGE('',*,*,#3507,.T.);
#5555 = ORIENTED_EDGE('',*,*,#3458,.T.);
#5556 = ORIENTED_EDGE('',*,*,#3409,.T.);
#5557 = ORIENTED_EDGE('',*,*,#3360,.T.);
#5558 = ORIENTED_EDGE('',*,*,#3311,.T.);
#5559 = ORIENTED_EDGE('',*,*,#3262,.T.);
#5560 = ORIENTED_EDGE('',*,*,#3213,.T.);
#5561 = ORIENTED_EDGE('',*,*,#3164,.T.);
#5562 = ORIENTED_EDGE('',*,*,#3115,.T.);
#5563 = ADVANCED_FACE('',(#5564),#4575,.T.);
#5564 = FACE_BOUND('',#5565,.T.);
#5565 = EDGE_LOOP('',(#5566,#5589,#5590,#5613));
#5566 = ORIENTED_EDGE('',*,*,#5567,.F.);
#5567 = EDGE_CURVE('',#4515,#5568,#5570,.T.);
#5568 = VERTEX_POINT('',#5569);
#5569 = CARTESIAN_POINT('',(-12.,-5.75,23.));
#5570 = SURFACE_CURVE('',#5571,(#5575,#5582),.PCURVE_S1.);
#5571 = LINE('',#5572,#5573);
#5572 = CARTESIAN_POINT('',(-12.,-5.975,22.775));
#5573 = VECTOR('',#5574,1.);
#5574 = DIRECTION('',(-3.405797163643E-34,0.707106781187,0.707106781187)
  );
#5575 = PCURVE('',#4575,#5576);
#5576 = DEFINITIONAL_REPRESENTATION('',(#5577),#5581);
#5577 = LINE('',#5578,#5579);
#5578 = CARTESIAN_POINT('',(0.,0.));
#5579 = VECTOR('',#5580,1.);
#5580 = DIRECTION('',(6.821209161101E-35,1.));
#5581 = ( GEOMETRIC_REPRESENTATION_CONTEXT(2)
PARAMETRIC_REPRESENTATION_CONTEXT() REPRESENTATION_CONTEXT('2D SPACE',''
  ) );
#5582 = PCURVE('',#4972,#5583);
#5583 = DEFINITIONAL_REPRESENTATION('',(#5584),#5588);
#5584 = LINE('',#5585,#5586);
#5585 = CARTESIAN_POINT('',(-3.14159265359,-0.225));
#5586 = VECTOR('',#5587,1.);
#5587 = DIRECTION('',(-0.,-1.));
#5588 = ( GEOMETRIC_REPRESENTATION_CONTEXT(2)
PARAMETRIC_REPRESENTATION_CONTEXT() REPRESENTATION_CONTEXT('2D SPACE',''
  ) );
#5589 = ORIENTED_EDGE('',*,*,#4561,.T.);
#5590 = ORIENTED_EDGE('',*,*,#5591,.T.);
#5591 = EDGE_CURVE('',#4539,#5592,#5594,.T.);
#5592 = VERTEX_POINT('',#5593);
#5593 = CARTESIAN_POINT('',(12.,-5.75,23.));
#5594 = SURFACE_CURVE('',#5595,(#5599,#5606),.PCURVE_S1.);
#5595 = LINE('',#5596,#5597);
#5596 = CARTESIAN_POINT('',(12.,-5.975,22.775));
#5597 = VECTOR('',#5598,1.);
#5598 = DIRECTION('',(-3.405797163643E-34,0.707106781187,0.707106781187)
  );
#5599 = PCURVE('',#4575,#5600);
#5600 = DEFINITIONAL_REPRESENTATION('',(#5601),#5605);
#5601 = LINE('',#5602,#5603);
#5602 = CARTESIAN_POINT('',(24.,-8.173913192743E-33));
#5603 = VECTOR('',#5604,1.);
#5604 = DIRECTION('',(6.821209161101E-35,1.));
#5605 = ( GEOMETRIC_REPRESENTATION_CONTEXT(2)
PARAMETRIC_REPRESENTATION_CONTEXT() REPRESENTATION_CONTEXT('2D SPACE',''
  ) );
#5606 = PCURVE('',#5027,#5607);
#5607 = DEFINITIONAL_REPRESENTATION('',(#5608),#5612);
#5608 = LINE('',#5609,#5610);
#5609 = CARTESIAN_POINT('',(-0.,-0.225));
#5610 = VECTOR('',#5611,1.);
#5611 = DIRECTION('',(-0.,-1.));
#5612 = ( GEOMETRIC_REPRESENTATION_CONTEXT(2)
PARAMETRIC_REPRESENTATION_CONTEXT() REPRESENTATION_CONTEXT('2D SPACE',''
  ) );
#5613 = ORIENTED_EDGE('',*,*,#5614,.F.);
#5614 = EDGE_CURVE('',#5568,#5592,#5615,.T.);
#5615 = SURFACE_CURVE('',#5616,(#5620,#5627),.PCURVE_S1.);
#5616 = LINE('',#5617,#5618);
#5617 = CARTESIAN_POINT('',(-12.,-5.75,23.));
#5618 = VECTOR('',#5619,1.);
#5619 = DIRECTION('',(1.,0.,0.));
#5620 = PCURVE('',#4575,#5621);
#5621 = DEFINITIONAL_REPRESENTATION('',(#5622),#5626);
#5622 = LINE('',#5623,#5624);
#5623 = CARTESIAN_POINT('',(1.810940742354E-33,0.318198051534));
#5624 = VECTOR('',#5625,1.);
#5625 = DIRECTION('',(1.,-5.095668917052E-34));
#5626 = ( GEOMETRIC_REPRESENTATION_CONTEXT(2)
PARAMETRIC_REPRESENTATION_CONTEXT() REPRESENTATION_CONTEXT('2D SPACE',''
  ) );
#5627 = PCURVE('',#5092,#5628);
#5628 = DEFINITIONAL_REPRESENTATION('',(#5629),#5633);
#5629 = LINE('',#5630,#5631);
#5630 = CARTESIAN_POINT('',(12.,5.75));
#5631 = VECTOR('',#5632,1.);
#5632 = DIRECTION('',(-1.,0.));
#5633 = ( GEOMETRIC_REPRESENTATION_CONTEXT(2)
PARAMETRIC_REPRESENTATION_CONTEXT() REPRESENTATION_CONTEXT('2D SPACE',''
  ) );
#5634 = ADVANCED_FACE('',(#5635),#4607,.F.);
#5635 = FACE_BOUND('',#5636,.F.);
#5636 = EDGE_LOOP('',(#5637,#5660,#5688,#5709));
#5637 = ORIENTED_EDGE('',*,*,#5638,.F.);
#5638 = EDGE_CURVE('',#5639,#4590,#5641,.T.);
#5639 = VERTEX_POINT('',#5640);
#5640 = CARTESIAN_POINT('',(-4.,-6.05,7.85));
#5641 = SURFACE_CURVE('',#5642,(#5646,#5653),.PCURVE_S1.);
#5642 = LINE('',#5643,#5644);
#5643 = CARTESIAN_POINT('',(-4.,-6.05,7.85));
#5644 = VECTOR('',#5645,1.);
#5645 = DIRECTION('',(0.,-1.,1.224646799147E-16));
#5646 = PCURVE('',#4607,#5647);
#5647 = DEFINITIONAL_REPRESENTATION('',(#5648),#5652);
#5648 = LINE('',#5649,#5650);
#5649 = CARTESIAN_POINT('',(0.,0.));
#5650 = VECTOR('',#5651,1.);
#5651 = DIRECTION('',(0.,1.));
#5652 = ( GEOMETRIC_REPRESENTATION_CONTEXT(2)
PARAMETRIC_REPRESENTATION_CONTEXT() REPRESENTATION_CONTEXT('2D SPACE',''
  ) );
#5653 = PCURVE('',#4635,#5654);
#5654 = DEFINITIONAL_REPRESENTATION('',(#5655),#5659);
#5655 = LINE('',#5656,#5657);
#5656 = CARTESIAN_POINT('',(0.3,3.673940397442E-17));
#5657 = VECTOR('',#5658,1.);
#5658 = DIRECTION('',(0.,-1.));
#5659 = ( GEOMETRIC_REPRESENTATION_CONTEXT(2)
PARAMETRIC_REPRESENTATION_CONTEXT() REPRESENTATION_CONTEXT('2D SPACE',''
  ) );
#5660 = ORIENTED_EDGE('',*,*,#5661,.T.);
#5661 = EDGE_CURVE('',#5639,#5662,#5664,.T.);
#5662 = VERTEX_POINT('',#5663);
#5663 = CARTESIAN_POINT('',(4.,-6.05,7.85));
#5664 = SURFACE_CURVE('',#5665,(#5669,#5676),.PCURVE_S1.);
#5665 = LINE('',#5666,#5667);
#5666 = CARTESIAN_POINT('',(-4.,-6.05,7.85));
#5667 = VECTOR('',#5668,1.);
#5668 = DIRECTION('',(1.,0.,0.));
#5669 = PCURVE('',#4607,#5670);
#5670 = DEFINITIONAL_REPRESENTATION('',(#5671),#5675);
#5671 = LINE('',#5672,#5673);
#5672 = CARTESIAN_POINT('',(0.,0.));
#5673 = VECTOR('',#5674,1.);
#5674 = DIRECTION('',(1.,0.));
#5675 = ( GEOMETRIC_REPRESENTATION_CONTEXT(2)
PARAMETRIC_REPRESENTATION_CONTEXT() REPRESENTATION_CONTEXT('2D SPACE',''
  ) );
#5676 = PCURVE('',#5677,#5682);
#5677 = PLANE('',#5678);
#5678 = AXIS2_PLACEMENT_3D('',#5679,#5680,#5681);
#5679 = CARTESIAN_POINT('',(-4.,-6.05,8.15));
#5680 = DIRECTION('',(0.,-1.,1.224646799147E-16));
#5681 = DIRECTION('',(0.,-1.224646799147E-16,-1.));
#5682 = DEFINITIONAL_REPRESENTATION('',(#5683),#5687);
#5683 = LINE('',#5684,#5685);
#5684 = CARTESIAN_POINT('',(0.3,0.));
#5685 = VECTOR('',#5686,1.);
#5686 = DIRECTION('',(0.,1.));
#5687 = ( GEOMETRIC_REPRESENTATION_CONTEXT(2)
PARAMETRIC_REPRESENTATION_CONTEXT() REPRESENTATION_CONTEXT('2D SPACE',''
  ) );
#5688 = ORIENTED_EDGE('',*,*,#5689,.T.);
#5689 = EDGE_CURVE('',#5662,#4592,#5690,.T.);
#5690 = SURFACE_CURVE('',#5691,(#5695,#5702),.PCURVE_S1.);
#5691 = LINE('',#5692,#5693);
#5692 = CARTESIAN_POINT('',(4.,-6.05,7.85));
#5693 = VECTOR('',#5694,1.);
#5694 = DIRECTION('',(0.,-1.,1.224646799147E-16));
#5695 = PCURVE('',#4607,#5696);
#5696 = DEFINITIONAL_REPRESENTATION('',(#5697),#5701);
#5697 = LINE('',#5698,#5699);
#5698 = CARTESIAN_POINT('',(8.,0.));
#5699 = VECTOR('',#5700,1.);
#5700 = DIRECTION('',(0.,1.));
#5701 = ( GEOMETRIC_REPRESENTATION_CONTEXT(2)
PARAMETRIC_REPRESENTATION_CONTEXT() REPRESENTATION_CONTEXT('2D SPACE',''
  ) );
#5702 = PCURVE('',#4689,#5703);
#5703 = DEFINITIONAL_REPRESENTATION('',(#5704),#5708);
#5704 = LINE('',#5705,#5706);
#5705 = CARTESIAN_POINT('',(0.3,3.673940397442E-17));
#5706 = VECTOR('',#5707,1.);
#5707 = DIRECTION('',(0.,-1.));
#5708 = ( GEOMETRIC_REPRESENTATION_CONTEXT(2)
PARAMETRIC_REPRESENTATION_CONTEXT() REPRESENTATION_CONTEXT('2D SPACE',''
  ) );
#5709 = ORIENTED_EDGE('',*,*,#4589,.F.);
#5710 = ADVANCED_FACE('',(#5711),#4689,.F.);
#5711 = FACE_BOUND('',#5712,.F.);
#5712 = EDGE_LOOP('',(#5713,#5714,#5737,#5758));
#5713 = ORIENTED_EDGE('',*,*,#5689,.F.);
#5714 = ORIENTED_EDGE('',*,*,#5715,.F.);
#5715 = EDGE_CURVE('',#5716,#5662,#5718,.T.);
#5716 = VERTEX_POINT('',#5717);
#5717 = CARTESIAN_POINT('',(4.,-6.05,8.15));
#5718 = SURFACE_CURVE('',#5719,(#5723,#5730),.PCURVE_S1.);
#5719 = LINE('',#5720,#5721);
#5720 = CARTESIAN_POINT('',(4.,-6.05,8.15));
#5721 = VECTOR('',#5722,1.);
#5722 = DIRECTION('',(0.,-1.224646799147E-16,-1.));
#5723 = PCURVE('',#4689,#5724);
#5724 = DEFINITIONAL_REPRESENTATION('',(#5725),#5729);
#5725 = LINE('',#5726,#5727);
#5726 = CARTESIAN_POINT('',(0.,0.));
#5727 = VECTOR('',#5728,1.);
#5728 = DIRECTION('',(1.,0.));
#5729 = ( GEOMETRIC_REPRESENTATION_CONTEXT(2)
PARAMETRIC_REPRESENTATION_CONTEXT() REPRESENTATION_CONTEXT('2D SPACE',''
  ) );
#5730 = PCURVE('',#5677,#5731);
#5731 = DEFINITIONAL_REPRESENTATION('',(#5732),#5736);
#5732 = LINE('',#5733,#5734);
#5733 = CARTESIAN_POINT('',(0.,8.));
#5734 = VECTOR('',#5735,1.);
#5735 = DIRECTION('',(1.,0.));
#5736 = ( GEOMETRIC_REPRESENTATION_CONTEXT(2)
PARAMETRIC_REPRESENTATION_CONTEXT() REPRESENTATION_CONTEXT('2D SPACE',''
  ) );
#5737 = ORIENTED_EDGE('',*,*,#5738,.T.);
#5738 = EDGE_CURVE('',#5716,#4648,#5739,.T.);
#5739 = SURFACE_CURVE('',#5740,(#5744,#5751),.PCURVE_S1.);
#5740 = LINE('',#5741,#5742);
#5741 = CARTESIAN_POINT('',(4.,-6.05,8.15));
#5742 = VECTOR('',#5743,1.);
#5743 = DIRECTION('',(0.,-1.,1.224646799147E-16));
#5744 = PCURVE('',#4689,#5745);
#5745 = DEFINITIONAL_REPRESENTATION('',(#5746),#5750);
#5746 = LINE('',#5747,#5748);
#5747 = CARTESIAN_POINT('',(0.,0.));
#5748 = VECTOR('',#5749,1.);
#5749 = DIRECTION('',(0.,-1.));
#5750 = ( GEOMETRIC_REPRESENTATION_CONTEXT(2)
PARAMETRIC_REPRESENTATION_CONTEXT() REPRESENTATION_CONTEXT('2D SPACE',''
  ) );
#5751 = PCURVE('',#4663,#5752);
#5752 = DEFINITIONAL_REPRESENTATION('',(#5753),#5757);
#5753 = LINE('',#5754,#5755);
#5754 = CARTESIAN_POINT('',(8.,0.));
#5755 = VECTOR('',#5756,1.);
#5756 = DIRECTION('',(0.,1.));
#5757 = ( GEOMETRIC_REPRESENTATION_CONTEXT(2)
PARAMETRIC_REPRESENTATION_CONTEXT() REPRESENTATION_CONTEXT('2D SPACE',''
  ) );
#5758 = ORIENTED_EDGE('',*,*,#4675,.F.);
#5759 = ADVANCED_FACE('',(#5760),#4663,.T.);
#5760 = FACE_BOUND('',#5761,.T.);
#5761 = EDGE_LOOP('',(#5762,#5785,#5806,#5807));
#5762 = ORIENTED_EDGE('',*,*,#5763,.F.);
#5763 = EDGE_CURVE('',#5764,#4620,#5766,.T.);
#5764 = VERTEX_POINT('',#5765);
#5765 = CARTESIAN_POINT('',(-4.,-6.05,8.15));
#5766 = SURFACE_CURVE('',#5767,(#5771,#5778),.PCURVE_S1.);
#5767 = LINE('',#5768,#5769);
#5768 = CARTESIAN_POINT('',(-4.,-6.05,8.15));
#5769 = VECTOR('',#5770,1.);
#5770 = DIRECTION('',(0.,-1.,1.224646799147E-16));
#5771 = PCURVE('',#4663,#5772);
#5772 = DEFINITIONAL_REPRESENTATION('',(#5773),#5777);
#5773 = LINE('',#5774,#5775);
#5774 = CARTESIAN_POINT('',(0.,0.));
#5775 = VECTOR('',#5776,1.);
#5776 = DIRECTION('',(0.,1.));
#5777 = ( GEOMETRIC_REPRESENTATION_CONTEXT(2)
PARAMETRIC_REPRESENTATION_CONTEXT() REPRESENTATION_CONTEXT('2D SPACE',''
  ) );
#5778 = PCURVE('',#4635,#5779);
#5779 = DEFINITIONAL_REPRESENTATION('',(#5780),#5784);
#5780 = LINE('',#5781,#5782);
#5781 = CARTESIAN_POINT('',(0.,0.));
#5782 = VECTOR('',#5783,1.);
#5783 = DIRECTION('',(0.,-1.));
#5784 = ( GEOMETRIC_REPRESENTATION_CONTEXT(2)
PARAMETRIC_REPRESENTATION_CONTEXT() REPRESENTATION_CONTEXT('2D SPACE',''
  ) );
#5785 = ORIENTED_EDGE('',*,*,#5786,.T.);
#5786 = EDGE_CURVE('',#5764,#5716,#5787,.T.);
#5787 = SURFACE_CURVE('',#5788,(#5792,#5799),.PCURVE_S1.);
#5788 = LINE('',#5789,#5790);
#5789 = CARTESIAN_POINT('',(-4.,-6.05,8.15));
#5790 = VECTOR('',#5791,1.);
#5791 = DIRECTION('',(1.,0.,0.));
#5792 = PCURVE('',#4663,#5793);
#5793 = DEFINITIONAL_REPRESENTATION('',(#5794),#5798);
#5794 = LINE('',#5795,#5796);
#5795 = CARTESIAN_POINT('',(0.,0.));
#5796 = VECTOR('',#5797,1.);
#5797 = DIRECTION('',(1.,0.));
#5798 = ( GEOMETRIC_REPRESENTATION_CONTEXT(2)
PARAMETRIC_REPRESENTATION_CONTEXT() REPRESENTATION_CONTEXT('2D SPACE',''
  ) );
#5799 = PCURVE('',#5677,#5800);
#5800 = DEFINITIONAL_REPRESENTATION('',(#5801),#5805);
#5801 = LINE('',#5802,#5803);
#5802 = CARTESIAN_POINT('',(0.,0.));
#5803 = VECTOR('',#5804,1.);
#5804 = DIRECTION('',(0.,1.));
#5805 = ( GEOMETRIC_REPRESENTATION_CONTEXT(2)
PARAMETRIC_REPRESENTATION_CONTEXT() REPRESENTATION_CONTEXT('2D SPACE',''
  ) );
#5806 = ORIENTED_EDGE('',*,*,#5738,.T.);
#5807 = ORIENTED_EDGE('',*,*,#4647,.F.);
#5808 = ADVANCED_FACE('',(#5809),#4635,.T.);
#5809 = FACE_BOUND('',#5810,.T.);
#5810 = EDGE_LOOP('',(#5811,#5812,#5833,#5834));
#5811 = ORIENTED_EDGE('',*,*,#5638,.F.);
#5812 = ORIENTED_EDGE('',*,*,#5813,.F.);
#5813 = EDGE_CURVE('',#5764,#5639,#5814,.T.);
#5814 = SURFACE_CURVE('',#5815,(#5819,#5826),.PCURVE_S1.);
#5815 = LINE('',#5816,#5817);
#5816 = CARTESIAN_POINT('',(-4.,-6.05,8.15));
#5817 = VECTOR('',#5818,1.);
#5818 = DIRECTION('',(0.,-1.224646799147E-16,-1.));
#5819 = PCURVE('',#4635,#5820);
#5820 = DEFINITIONAL_REPRESENTATION('',(#5821),#5825);
#5821 = LINE('',#5822,#5823);
#5822 = CARTESIAN_POINT('',(0.,0.));
#5823 = VECTOR('',#5824,1.);
#5824 = DIRECTION('',(1.,0.));
#5825 = ( GEOMETRIC_REPRESENTATION_CONTEXT(2)
PARAMETRIC_REPRESENTATION_CONTEXT() REPRESENTATION_CONTEXT('2D SPACE',''
  ) );
#5826 = PCURVE('',#5677,#5827);
#5827 = DEFINITIONAL_REPRESENTATION('',(#5828),#5832);
#5828 = LINE('',#5829,#5830);
#5829 = CARTESIAN_POINT('',(0.,0.));
#5830 = VECTOR('',#5831,1.);
#5831 = DIRECTION('',(1.,0.));
#5832 = ( GEOMETRIC_REPRESENTATION_CONTEXT(2)
PARAMETRIC_REPRESENTATION_CONTEXT() REPRESENTATION_CONTEXT('2D SPACE',''
  ) );
#5833 = ORIENTED_EDGE('',*,*,#5763,.T.);
#5834 = ORIENTED_EDGE('',*,*,#4619,.F.);
#5835 = ADVANCED_FACE('',(#5836),#4721,.F.);
#5836 = FACE_BOUND('',#5837,.F.);
#5837 = EDGE_LOOP('',(#5838,#5861,#5889,#5910));
#5838 = ORIENTED_EDGE('',*,*,#5839,.F.);
#5839 = EDGE_CURVE('',#5840,#4704,#5842,.T.);
#5840 = VERTEX_POINT('',#5841);
#5841 = CARTESIAN_POINT('',(-4.,-6.05,12.85));
#5842 = SURFACE_CURVE('',#5843,(#5847,#5854),.PCURVE_S1.);
#5843 = LINE('',#5844,#5845);
#5844 = CARTESIAN_POINT('',(-4.,-6.05,12.85));
#5845 = VECTOR('',#5846,1.);
#5846 = DIRECTION('',(0.,-1.,1.224646799147E-16));
#5847 = PCURVE('',#4721,#5848);
#5848 = DEFINITIONAL_REPRESENTATION('',(#5849),#5853);
#5849 = LINE('',#5850,#5851);
#5850 = CARTESIAN_POINT('',(0.,0.));
#5851 = VECTOR('',#5852,1.);
#5852 = DIRECTION('',(0.,1.));
#5853 = ( GEOMETRIC_REPRESENTATION_CONTEXT(2)
PARAMETRIC_REPRESENTATION_CONTEXT() REPRESENTATION_CONTEXT('2D SPACE',''
  ) );
#5854 = PCURVE('',#4749,#5855);
#5855 = DEFINITIONAL_REPRESENTATION('',(#5856),#5860);
#5856 = LINE('',#5857,#5858);
#5857 = CARTESIAN_POINT('',(0.3,3.673940397442E-17));
#5858 = VECTOR('',#5859,1.);
#5859 = DIRECTION('',(0.,-1.));
#5860 = ( GEOMETRIC_REPRESENTATION_CONTEXT(2)
PARAMETRIC_REPRESENTATION_CONTEXT() REPRESENTATION_CONTEXT('2D SPACE',''
  ) );
#5861 = ORIENTED_EDGE('',*,*,#5862,.T.);
#5862 = EDGE_CURVE('',#5840,#5863,#5865,.T.);
#5863 = VERTEX_POINT('',#5864);
#5864 = CARTESIAN_POINT('',(4.,-6.05,12.85));
#5865 = SURFACE_CURVE('',#5866,(#5870,#5877),.PCURVE_S1.);
#5866 = LINE('',#5867,#5868);
#5867 = CARTESIAN_POINT('',(-4.,-6.05,12.85));
#5868 = VECTOR('',#5869,1.);
#5869 = DIRECTION('',(1.,0.,0.));
#5870 = PCURVE('',#4721,#5871);
#5871 = DEFINITIONAL_REPRESENTATION('',(#5872),#5876);
#5872 = LINE('',#5873,#5874);
#5873 = CARTESIAN_POINT('',(0.,0.));
#5874 = VECTOR('',#5875,1.);
#5875 = DIRECTION('',(1.,0.));
#5876 = ( GEOMETRIC_REPRESENTATION_CONTEXT(2)
PARAMETRIC_REPRESENTATION_CONTEXT() REPRESENTATION_CONTEXT('2D SPACE',''
  ) );
#5877 = PCURVE('',#5878,#5883);
#5878 = PLANE('',#5879);
#5879 = AXIS2_PLACEMENT_3D('',#5880,#5881,#5882);
#5880 = CARTESIAN_POINT('',(-4.,-6.05,13.15));
#5881 = DIRECTION('',(0.,-1.,1.224646799147E-16));
#5882 = DIRECTION('',(0.,-1.224646799147E-16,-1.));
#5883 = DEFINITIONAL_REPRESENTATION('',(#5884),#5888);
#5884 = LINE('',#5885,#5886);
#5885 = CARTESIAN_POINT('',(0.3,0.));
#5886 = VECTOR('',#5887,1.);
#5887 = DIRECTION('',(0.,1.));
#5888 = ( GEOMETRIC_REPRESENTATION_CONTEXT(2)
PARAMETRIC_REPRESENTATION_CONTEXT() REPRESENTATION_CONTEXT('2D SPACE',''
  ) );
#5889 = ORIENTED_EDGE('',*,*,#5890,.T.);
#5890 = EDGE_CURVE('',#5863,#4706,#5891,.T.);
#5891 = SURFACE_CURVE('',#5892,(#5896,#5903),.PCURVE_S1.);
#5892 = LINE('',#5893,#5894);
#5893 = CARTESIAN_POINT('',(4.,-6.05,12.85));
#5894 = VECTOR('',#5895,1.);
#5895 = DIRECTION('',(0.,-1.,1.224646799147E-16));
#5896 = PCURVE('',#4721,#5897);
#5897 = DEFINITIONAL_REPRESENTATION('',(#5898),#5902);
#5898 = LINE('',#5899,#5900);
#5899 = CARTESIAN_POINT('',(8.,0.));
#5900 = VECTOR('',#5901,1.);
#5901 = DIRECTION('',(0.,1.));
#5902 = ( GEOMETRIC_REPRESENTATION_CONTEXT(2)
PARAMETRIC_REPRESENTATION_CONTEXT() REPRESENTATION_CONTEXT('2D SPACE',''
  ) );
#5903 = PCURVE('',#4803,#5904);
#5904 = DEFINITIONAL_REPRESENTATION('',(#5905),#5909);
#5905 = LINE('',#5906,#5907);
#5906 = CARTESIAN_POINT('',(0.3,3.673940397442E-17));
#5907 = VECTOR('',#5908,1.);
#5908 = DIRECTION('',(0.,-1.));
#5909 = ( GEOMETRIC_REPRESENTATION_CONTEXT(2)
PARAMETRIC_REPRESENTATION_CONTEXT() REPRESENTATION_CONTEXT('2D SPACE',''
  ) );
#5910 = ORIENTED_EDGE('',*,*,#4703,.F.);
#5911 = ADVANCED_FACE('',(#5912),#4749,.T.);
#5912 = FACE_BOUND('',#5913,.T.);
#5913 = EDGE_LOOP('',(#5914,#5915,#5938,#5959));
#5914 = ORIENTED_EDGE('',*,*,#5839,.F.);
#5915 = ORIENTED_EDGE('',*,*,#5916,.F.);
#5916 = EDGE_CURVE('',#5917,#5840,#5919,.T.);
#5917 = VERTEX_POINT('',#5918);
#5918 = CARTESIAN_POINT('',(-4.,-6.05,13.15));
#5919 = SURFACE_CURVE('',#5920,(#5924,#5931),.PCURVE_S1.);
#5920 = LINE('',#5921,#5922);
#5921 = CARTESIAN_POINT('',(-4.,-6.05,13.15));
#5922 = VECTOR('',#5923,1.);
#5923 = DIRECTION('',(0.,-1.224646799147E-16,-1.));
#5924 = PCURVE('',#4749,#5925);
#5925 = DEFINITIONAL_REPRESENTATION('',(#5926),#5930);
#5926 = LINE('',#5927,#5928);
#5927 = CARTESIAN_POINT('',(0.,0.));
#5928 = VECTOR('',#5929,1.);
#5929 = DIRECTION('',(1.,0.));
#5930 = ( GEOMETRIC_REPRESENTATION_CONTEXT(2)
PARAMETRIC_REPRESENTATION_CONTEXT() REPRESENTATION_CONTEXT('2D SPACE',''
  ) );
#5931 = PCURVE('',#5878,#5932);
#5932 = DEFINITIONAL_REPRESENTATION('',(#5933),#5937);
#5933 = LINE('',#5934,#5935);
#5934 = CARTESIAN_POINT('',(0.,0.));
#5935 = VECTOR('',#5936,1.);
#5936 = DIRECTION('',(1.,0.));
#5937 = ( GEOMETRIC_REPRESENTATION_CONTEXT(2)
PARAMETRIC_REPRESENTATION_CONTEXT() REPRESENTATION_CONTEXT('2D SPACE',''
  ) );
#5938 = ORIENTED_EDGE('',*,*,#5939,.T.);
#5939 = EDGE_CURVE('',#5917,#4734,#5940,.T.);
#5940 = SURFACE_CURVE('',#5941,(#5945,#5952),.PCURVE_S1.);
#5941 = LINE('',#5942,#5943);
#5942 = CARTESIAN_POINT('',(-4.,-6.05,13.15));
#5943 = VECTOR('',#5944,1.);
#5944 = DIRECTION('',(0.,-1.,1.224646799147E-16));
#5945 = PCURVE('',#4749,#5946);
#5946 = DEFINITIONAL_REPRESENTATION('',(#5947),#5951);
#5947 = LINE('',#5948,#5949);
#5948 = CARTESIAN_POINT('',(0.,0.));
#5949 = VECTOR('',#5950,1.);
#5950 = DIRECTION('',(0.,-1.));
#5951 = ( GEOMETRIC_REPRESENTATION_CONTEXT(2)
PARAMETRIC_REPRESENTATION_CONTEXT() REPRESENTATION_CONTEXT('2D SPACE',''
  ) );
#5952 = PCURVE('',#4777,#5953);
#5953 = DEFINITIONAL_REPRESENTATION('',(#5954),#5958);
#5954 = LINE('',#5955,#5956);
#5955 = CARTESIAN_POINT('',(0.,0.));
#5956 = VECTOR('',#5957,1.);
#5957 = DIRECTION('',(0.,1.));
#5958 = ( GEOMETRIC_REPRESENTATION_CONTEXT(2)
PARAMETRIC_REPRESENTATION_CONTEXT() REPRESENTATION_CONTEXT('2D SPACE',''
  ) );
#5959 = ORIENTED_EDGE('',*,*,#4733,.F.);
#5960 = ADVANCED_FACE('',(#5961),#4803,.F.);
#5961 = FACE_BOUND('',#5962,.F.);
#5962 = EDGE_LOOP('',(#5963,#5964,#5987,#6008));
#5963 = ORIENTED_EDGE('',*,*,#5890,.F.);
#5964 = ORIENTED_EDGE('',*,*,#5965,.F.);
#5965 = EDGE_CURVE('',#5966,#5863,#5968,.T.);
#5966 = VERTEX_POINT('',#5967);
#5967 = CARTESIAN_POINT('',(4.,-6.05,13.15));
#5968 = SURFACE_CURVE('',#5969,(#5973,#5980),.PCURVE_S1.);
#5969 = LINE('',#5970,#5971);
#5970 = CARTESIAN_POINT('',(4.,-6.05,13.15));
#5971 = VECTOR('',#5972,1.);
#5972 = DIRECTION('',(0.,-1.224646799147E-16,-1.));
#5973 = PCURVE('',#4803,#5974);
#5974 = DEFINITIONAL_REPRESENTATION('',(#5975),#5979);
#5975 = LINE('',#5976,#5977);
#5976 = CARTESIAN_POINT('',(0.,0.));
#5977 = VECTOR('',#5978,1.);
#5978 = DIRECTION('',(1.,0.));
#5979 = ( GEOMETRIC_REPRESENTATION_CONTEXT(2)
PARAMETRIC_REPRESENTATION_CONTEXT() REPRESENTATION_CONTEXT('2D SPACE',''
  ) );
#5980 = PCURVE('',#5878,#5981);
#5981 = DEFINITIONAL_REPRESENTATION('',(#5982),#5986);
#5982 = LINE('',#5983,#5984);
#5983 = CARTESIAN_POINT('',(0.,8.));
#5984 = VECTOR('',#5985,1.);
#5985 = DIRECTION('',(1.,0.));
#5986 = ( GEOMETRIC_REPRESENTATION_CONTEXT(2)
PARAMETRIC_REPRESENTATION_CONTEXT() REPRESENTATION_CONTEXT('2D SPACE',''
  ) );
#5987 = ORIENTED_EDGE('',*,*,#5988,.T.);
#5988 = EDGE_CURVE('',#5966,#4762,#5989,.T.);
#5989 = SURFACE_CURVE('',#5990,(#5994,#6001),.PCURVE_S1.);
#5990 = LINE('',#5991,#5992);
#5991 = CARTESIAN_POINT('',(4.,-6.05,13.15));
#5992 = VECTOR('',#5993,1.);
#5993 = DIRECTION('',(0.,-1.,1.224646799147E-16));
#5994 = PCURVE('',#4803,#5995);
#5995 = DEFINITIONAL_REPRESENTATION('',(#5996),#6000);
#5996 = LINE('',#5997,#5998);
#5997 = CARTESIAN_POINT('',(0.,0.));
#5998 = VECTOR('',#5999,1.);
#5999 = DIRECTION('',(0.,-1.));
#6000 = ( GEOMETRIC_REPRESENTATION_CONTEXT(2)
PARAMETRIC_REPRESENTATION_CONTEXT() REPRESENTATION_CONTEXT('2D SPACE',''
  ) );
#6001 = PCURVE('',#4777,#6002);
#6002 = DEFINITIONAL_REPRESENTATION('',(#6003),#6007);
#6003 = LINE('',#6004,#6005);
#6004 = CARTESIAN_POINT('',(8.,0.));
#6005 = VECTOR('',#6006,1.);
#6006 = DIRECTION('',(0.,1.));
#6007 = ( GEOMETRIC_REPRESENTATION_CONTEXT(2)
PARAMETRIC_REPRESENTATION_CONTEXT() REPRESENTATION_CONTEXT('2D SPACE',''
  ) );
#6008 = ORIENTED_EDGE('',*,*,#4789,.F.);
#6009 = ADVANCED_FACE('',(#6010),#4777,.T.);
#6010 = FACE_BOUND('',#6011,.T.);
#6011 = EDGE_LOOP('',(#6012,#6013,#6034,#6035));
#6012 = ORIENTED_EDGE('',*,*,#5939,.F.);
#6013 = ORIENTED_EDGE('',*,*,#6014,.T.);
#6014 = EDGE_CURVE('',#5917,#5966,#6015,.T.);
#6015 = SURFACE_CURVE('',#6016,(#6020,#6027),.PCURVE_S1.);
#6016 = LINE('',#6017,#6018);
#6017 = CARTESIAN_POINT('',(-4.,-6.05,13.15));
#6018 = VECTOR('',#6019,1.);
#6019 = DIRECTION('',(1.,0.,0.));
#6020 = PCURVE('',#4777,#6021);
#6021 = DEFINITIONAL_REPRESENTATION('',(#6022),#6026);
#6022 = LINE('',#6023,#6024);
#6023 = CARTESIAN_POINT('',(0.,0.));
#6024 = VECTOR('',#6025,1.);
#6025 = DIRECTION('',(1.,0.));
#6026 = ( GEOMETRIC_REPRESENTATION_CONTEXT(2)
PARAMETRIC_REPRESENTATION_CONTEXT() REPRESENTATION_CONTEXT('2D SPACE',''
  ) );
#6027 = PCURVE('',#5878,#6028);
#6028 = DEFINITIONAL_REPRESENTATION('',(#6029),#6033);
#6029 = LINE('',#6030,#6031);
#6030 = CARTESIAN_POINT('',(0.,0.));
#6031 = VECTOR('',#6032,1.);
#6032 = DIRECTION('',(0.,1.));
#6033 = ( GEOMETRIC_REPRESENTATION_CONTEXT(2)
PARAMETRIC_REPRESENTATION_CONTEXT() REPRESENTATION_CONTEXT('2D SPACE',''
  ) );
#6034 = ORIENTED_EDGE('',*,*,#5988,.T.);
#6035 = ORIENTED_EDGE('',*,*,#4761,.F.);
#6036 = ADVANCED_FACE('',(#6037),#4835,.F.);
#6037 = FACE_BOUND('',#6038,.F.);
#6038 = EDGE_LOOP('',(#6039,#6062,#6090,#6111));
#6039 = ORIENTED_EDGE('',*,*,#6040,.F.);
#6040 = EDGE_CURVE('',#6041,#4818,#6043,.T.);
#6041 = VERTEX_POINT('',#6042);
#6042 = CARTESIAN_POINT('',(-4.,-6.05,17.85));
#6043 = SURFACE_CURVE('',#6044,(#6048,#6055),.PCURVE_S1.);
#6044 = LINE('',#6045,#6046);
#6045 = CARTESIAN_POINT('',(-4.,-6.05,17.85));
#6046 = VECTOR('',#6047,1.);
#6047 = DIRECTION('',(0.,-1.,1.224646799147E-16));
#6048 = PCURVE('',#4835,#6049);
#6049 = DEFINITIONAL_REPRESENTATION('',(#6050),#6054);
#6050 = LINE('',#6051,#6052);
#6051 = CARTESIAN_POINT('',(0.,0.));
#6052 = VECTOR('',#6053,1.);
#6053 = DIRECTION('',(0.,1.));
#6054 = ( GEOMETRIC_REPRESENTATION_CONTEXT(2)
PARAMETRIC_REPRESENTATION_CONTEXT() REPRESENTATION_CONTEXT('2D SPACE',''
  ) );
#6055 = PCURVE('',#4863,#6056);
#6056 = DEFINITIONAL_REPRESENTATION('',(#6057),#6061);
#6057 = LINE('',#6058,#6059);
#6058 = CARTESIAN_POINT('',(0.3,3.673940397442E-17));
#6059 = VECTOR('',#6060,1.);
#6060 = DIRECTION('',(0.,-1.));
#6061 = ( GEOMETRIC_REPRESENTATION_CONTEXT(2)
PARAMETRIC_REPRESENTATION_CONTEXT() REPRESENTATION_CONTEXT('2D SPACE',''
  ) );
#6062 = ORIENTED_EDGE('',*,*,#6063,.T.);
#6063 = EDGE_CURVE('',#6041,#6064,#6066,.T.);
#6064 = VERTEX_POINT('',#6065);
#6065 = CARTESIAN_POINT('',(4.,-6.05,17.85));
#6066 = SURFACE_CURVE('',#6067,(#6071,#6078),.PCURVE_S1.);
#6067 = LINE('',#6068,#6069);
#6068 = CARTESIAN_POINT('',(-4.,-6.05,17.85));
#6069 = VECTOR('',#6070,1.);
#6070 = DIRECTION('',(1.,0.,0.));
#6071 = PCURVE('',#4835,#6072);
#6072 = DEFINITIONAL_REPRESENTATION('',(#6073),#6077);
#6073 = LINE('',#6074,#6075);
#6074 = CARTESIAN_POINT('',(0.,0.));
#6075 = VECTOR('',#6076,1.);
#6076 = DIRECTION('',(1.,0.));
#6077 = ( GEOMETRIC_REPRESENTATION_CONTEXT(2)
PARAMETRIC_REPRESENTATION_CONTEXT() REPRESENTATION_CONTEXT('2D SPACE',''
  ) );
#6078 = PCURVE('',#6079,#6084);
#6079 = PLANE('',#6080);
#6080 = AXIS2_PLACEMENT_3D('',#6081,#6082,#6083);
#6081 = CARTESIAN_POINT('',(-4.,-6.05,18.15));
#6082 = DIRECTION('',(0.,-1.,1.224646799147E-16));
#6083 = DIRECTION('',(0.,-1.224646799147E-16,-1.));
#6084 = DEFINITIONAL_REPRESENTATION('',(#6085),#6089);
#6085 = LINE('',#6086,#6087);
#6086 = CARTESIAN_POINT('',(0.3,0.));
#6087 = VECTOR('',#6088,1.);
#6088 = DIRECTION('',(0.,1.));
#6089 = ( GEOMETRIC_REPRESENTATION_CONTEXT(2)
PARAMETRIC_REPRESENTATION_CONTEXT() REPRESENTATION_CONTEXT('2D SPACE',''
  ) );
#6090 = ORIENTED_EDGE('',*,*,#6091,.T.);
#6091 = EDGE_CURVE('',#6064,#4820,#6092,.T.);
#6092 = SURFACE_CURVE('',#6093,(#6097,#6104),.PCURVE_S1.);
#6093 = LINE('',#6094,#6095);
#6094 = CARTESIAN_POINT('',(4.,-6.05,17.85));
#6095 = VECTOR('',#6096,1.);
#6096 = DIRECTION('',(0.,-1.,1.224646799147E-16));
#6097 = PCURVE('',#4835,#6098);
#6098 = DEFINITIONAL_REPRESENTATION('',(#6099),#6103);
#6099 = LINE('',#6100,#6101);
#6100 = CARTESIAN_POINT('',(8.,0.));
#6101 = VECTOR('',#6102,1.);
#6102 = DIRECTION('',(0.,1.));
#6103 = ( GEOMETRIC_REPRESENTATION_CONTEXT(2)
PARAMETRIC_REPRESENTATION_CONTEXT() REPRESENTATION_CONTEXT('2D SPACE',''
  ) );
#6104 = PCURVE('',#4917,#6105);
#6105 = DEFINITIONAL_REPRESENTATION('',(#6106),#6110);
#6106 = LINE('',#6107,#6108);
#6107 = CARTESIAN_POINT('',(0.3,3.673940397442E-17));
#6108 = VECTOR('',#6109,1.);
#6109 = DIRECTION('',(0.,-1.));
#6110 = ( GEOMETRIC_REPRESENTATION_CONTEXT(2)
PARAMETRIC_REPRESENTATION_CONTEXT() REPRESENTATION_CONTEXT('2D SPACE',''
  ) );
#6111 = ORIENTED_EDGE('',*,*,#4817,.F.);
#6112 = ADVANCED_FACE('',(#6113),#4863,.T.);
#6113 = FACE_BOUND('',#6114,.T.);
#6114 = EDGE_LOOP('',(#6115,#6116,#6139,#6160));
#6115 = ORIENTED_EDGE('',*,*,#6040,.F.);
#6116 = ORIENTED_EDGE('',*,*,#6117,.F.);
#6117 = EDGE_CURVE('',#6118,#6041,#6120,.T.);
#6118 = VERTEX_POINT('',#6119);
#6119 = CARTESIAN_POINT('',(-4.,-6.05,18.15));
#6120 = SURFACE_CURVE('',#6121,(#6125,#6132),.PCURVE_S1.);
#6121 = LINE('',#6122,#6123);
#6122 = CARTESIAN_POINT('',(-4.,-6.05,18.15));
#6123 = VECTOR('',#6124,1.);
#6124 = DIRECTION('',(0.,-1.224646799147E-16,-1.));
#6125 = PCURVE('',#4863,#6126);
#6126 = DEFINITIONAL_REPRESENTATION('',(#6127),#6131);
#6127 = LINE('',#6128,#6129);
#6128 = CARTESIAN_POINT('',(0.,0.));
#6129 = VECTOR('',#6130,1.);
#6130 = DIRECTION('',(1.,0.));
#6131 = ( GEOMETRIC_REPRESENTATION_CONTEXT(2)
PARAMETRIC_REPRESENTATION_CONTEXT() REPRESENTATION_CONTEXT('2D SPACE',''
  ) );
#6132 = PCURVE('',#6079,#6133);
#6133 = DEFINITIONAL_REPRESENTATION('',(#6134),#6138);
#6134 = LINE('',#6135,#6136);
#6135 = CARTESIAN_POINT('',(0.,0.));
#6136 = VECTOR('',#6137,1.);
#6137 = DIRECTION('',(1.,0.));
#6138 = ( GEOMETRIC_REPRESENTATION_CONTEXT(2)
PARAMETRIC_REPRESENTATION_CONTEXT() REPRESENTATION_CONTEXT('2D SPACE',''
  ) );
#6139 = ORIENTED_EDGE('',*,*,#6140,.T.);
#6140 = EDGE_CURVE('',#6118,#4848,#6141,.T.);
#6141 = SURFACE_CURVE('',#6142,(#6146,#6153),.PCURVE_S1.);
#6142 = LINE('',#6143,#6144);
#6143 = CARTESIAN_POINT('',(-4.,-6.05,18.15));
#6144 = VECTOR('',#6145,1.);
#6145 = DIRECTION('',(0.,-1.,1.224646799147E-16));
#6146 = PCURVE('',#4863,#6147);
#6147 = DEFINITIONAL_REPRESENTATION('',(#6148),#6152);
#6148 = LINE('',#6149,#6150);
#6149 = CARTESIAN_POINT('',(0.,0.));
#6150 = VECTOR('',#6151,1.);
#6151 = DIRECTION('',(0.,-1.));
#6152 = ( GEOMETRIC_REPRESENTATION_CONTEXT(2)
PARAMETRIC_REPRESENTATION_CONTEXT() REPRESENTATION_CONTEXT('2D SPACE',''
  ) );
#6153 = PCURVE('',#4891,#6154);
#6154 = DEFINITIONAL_REPRESENTATION('',(#6155),#6159);
#6155 = LINE('',#6156,#6157);
#6156 = CARTESIAN_POINT('',(0.,0.));
#6157 = VECTOR('',#6158,1.);
#6158 = DIRECTION('',(0.,1.));
#6159 = ( GEOMETRIC_REPRESENTATION_CONTEXT(2)
PARAMETRIC_REPRESENTATION_CONTEXT() REPRESENTATION_CONTEXT('2D SPACE',''
  ) );
#6160 = ORIENTED_EDGE('',*,*,#4847,.F.);
#6161 = ADVANCED_FACE('',(#6162),#4917,.F.);
#6162 = FACE_BOUND('',#6163,.F.);
#6163 = EDGE_LOOP('',(#6164,#6165,#6188,#6209));
#6164 = ORIENTED_EDGE('',*,*,#6091,.F.);
#6165 = ORIENTED_EDGE('',*,*,#6166,.F.);
#6166 = EDGE_CURVE('',#6167,#6064,#6169,.T.);
#6167 = VERTEX_POINT('',#6168);
#6168 = CARTESIAN_POINT('',(4.,-6.05,18.15));
#6169 = SURFACE_CURVE('',#6170,(#6174,#6181),.PCURVE_S1.);
#6170 = LINE('',#6171,#6172);
#6171 = CARTESIAN_POINT('',(4.,-6.05,18.15));
#6172 = VECTOR('',#6173,1.);
#6173 = DIRECTION('',(0.,-1.224646799147E-16,-1.));
#6174 = PCURVE('',#4917,#6175);
#6175 = DEFINITIONAL_REPRESENTATION('',(#6176),#6180);
#6176 = LINE('',#6177,#6178);
#6177 = CARTESIAN_POINT('',(0.,0.));
#6178 = VECTOR('',#6179,1.);
#6179 = DIRECTION('',(1.,0.));
#6180 = ( GEOMETRIC_REPRESENTATION_CONTEXT(2)
PARAMETRIC_REPRESENTATION_CONTEXT() REPRESENTATION_CONTEXT('2D SPACE',''
  ) );
#6181 = PCURVE('',#6079,#6182);
#6182 = DEFINITIONAL_REPRESENTATION('',(#6183),#6187);
#6183 = LINE('',#6184,#6185);
#6184 = CARTESIAN_POINT('',(0.,8.));
#6185 = VECTOR('',#6186,1.);
#6186 = DIRECTION('',(1.,0.));
#6187 = ( GEOMETRIC_REPRESENTATION_CONTEXT(2)
PARAMETRIC_REPRESENTATION_CONTEXT() REPRESENTATION_CONTEXT('2D SPACE',''
  ) );
#6188 = ORIENTED_EDGE('',*,*,#6189,.T.);
#6189 = EDGE_CURVE('',#6167,#4876,#6190,.T.);
#6190 = SURFACE_CURVE('',#6191,(#6195,#6202),.PCURVE_S1.);
#6191 = LINE('',#6192,#6193);
#6192 = CARTESIAN_POINT('',(4.,-6.05,18.15));
#6193 = VECTOR('',#6194,1.);
#6194 = DIRECTION('',(0.,-1.,1.224646799147E-16));
#6195 = PCURVE('',#4917,#6196);
#6196 = DEFINITIONAL_REPRESENTATION('',(#6197),#6201);
#6197 = LINE('',#6198,#6199);
#6198 = CARTESIAN_POINT('',(0.,0.));
#6199 = VECTOR('',#6200,1.);
#6200 = DIRECTION('',(0.,-1.));
#6201 = ( GEOMETRIC_REPRESENTATION_CONTEXT(2)
PARAMETRIC_REPRESENTATION_CONTEXT() REPRESENTATION_CONTEXT('2D SPACE',''
  ) );
#6202 = PCURVE('',#4891,#6203);
#6203 = DEFINITIONAL_REPRESENTATION('',(#6204),#6208);
#6204 = LINE('',#6205,#6206);
#6205 = CARTESIAN_POINT('',(8.,0.));
#6206 = VECTOR('',#6207,1.);
#6207 = DIRECTION('',(0.,1.));
#6208 = ( GEOMETRIC_REPRESENTATION_CONTEXT(2)
PARAMETRIC_REPRESENTATION_CONTEXT() REPRESENTATION_CONTEXT('2D SPACE',''
  ) );
#6209 = ORIENTED_EDGE('',*,*,#4903,.F.);
#6210 = ADVANCED_FACE('',(#6211),#4891,.T.);
#6211 = FACE_BOUND('',#6212,.T.);
#6212 = EDGE_LOOP('',(#6213,#6214,#6235,#6236));
#6213 = ORIENTED_EDGE('',*,*,#6140,.F.);
#6214 = ORIENTED_EDGE('',*,*,#6215,.T.);
#6215 = EDGE_CURVE('',#6118,#6167,#6216,.T.);
#6216 = SURFACE_CURVE('',#6217,(#6221,#6228),.PCURVE_S1.);
#6217 = LINE('',#6218,#6219);
#6218 = CARTESIAN_POINT('',(-4.,-6.05,18.15));
#6219 = VECTOR('',#6220,1.);
#6220 = DIRECTION('',(1.,0.,0.));
#6221 = PCURVE('',#4891,#6222);
#6222 = DEFINITIONAL_REPRESENTATION('',(#6223),#6227);
#6223 = LINE('',#6224,#6225);
#6224 = CARTESIAN_POINT('',(0.,0.));
#6225 = VECTOR('',#6226,1.);
#6226 = DIRECTION('',(1.,0.));
#6227 = ( GEOMETRIC_REPRESENTATION_CONTEXT(2)
PARAMETRIC_REPRESENTATION_CONTEXT() REPRESENTATION_CONTEXT('2D SPACE',''
  ) );
#6228 = PCURVE('',#6079,#6229);
#6229 = DEFINITIONAL_REPRESENTATION('',(#6230),#6234);
#6230 = LINE('',#6231,#6232);
#6231 = CARTESIAN_POINT('',(0.,0.));
#6232 = VECTOR('',#6233,1.);
#6233 = DIRECTION('',(0.,1.));
#6234 = ( GEOMETRIC_REPRESENTATION_CONTEXT(2)
PARAMETRIC_REPRESENTATION_CONTEXT() REPRESENTATION_CONTEXT('2D SPACE',''
  ) );
#6235 = ORIENTED_EDGE('',*,*,#6189,.T.);
#6236 = ORIENTED_EDGE('',*,*,#4875,.F.);
#6237 = ADVANCED_FACE('',(#6238),#4972,.T.);
#6238 = FACE_BOUND('',#6239,.T.);
#6239 = EDGE_LOOP('',(#6240,#6263,#6264,#6265));
#6240 = ORIENTED_EDGE('',*,*,#6241,.F.);
#6241 = EDGE_CURVE('',#4933,#6242,#6244,.T.);
#6242 = VERTEX_POINT('',#6243);
#6243 = CARTESIAN_POINT('',(-12.,5.75,23.));
#6244 = SURFACE_CURVE('',#6245,(#6249,#6256),.PCURVE_S1.);
#6245 = LINE('',#6246,#6247);
#6246 = CARTESIAN_POINT('',(-12.,5.975,22.775));
#6247 = VECTOR('',#6248,1.);
#6248 = DIRECTION('',(3.405797163643E-34,-0.707106781187,0.707106781187)
  );
#6249 = PCURVE('',#4972,#6250);
#6250 = DEFINITIONAL_REPRESENTATION('',(#6251),#6255);
#6251 = LINE('',#6252,#6253);
#6252 = CARTESIAN_POINT('',(-0.,-0.225));
#6253 = VECTOR('',#6254,1.);
#6254 = DIRECTION('',(-0.,-1.));
#6255 = ( GEOMETRIC_REPRESENTATION_CONTEXT(2)
PARAMETRIC_REPRESENTATION_CONTEXT() REPRESENTATION_CONTEXT('2D SPACE',''
  ) );
#6256 = PCURVE('',#5059,#6257);
#6257 = DEFINITIONAL_REPRESENTATION('',(#6258),#6262);
#6258 = LINE('',#6259,#6260);
#6259 = CARTESIAN_POINT('',(24.,-8.173913192743E-33));
#6260 = VECTOR('',#6261,1.);
#6261 = DIRECTION('',(9.529464828959E-35,1.));
#6262 = ( GEOMETRIC_REPRESENTATION_CONTEXT(2)
PARAMETRIC_REPRESENTATION_CONTEXT() REPRESENTATION_CONTEXT('2D SPACE',''
  ) );
#6263 = ORIENTED_EDGE('',*,*,#4957,.T.);
#6264 = ORIENTED_EDGE('',*,*,#5567,.T.);
#6265 = ORIENTED_EDGE('',*,*,#6266,.F.);
#6266 = EDGE_CURVE('',#6242,#5568,#6267,.T.);
#6267 = SURFACE_CURVE('',#6268,(#6273,#6280),.PCURVE_S1.);
#6268 = CIRCLE('',#6269,5.75);
#6269 = AXIS2_PLACEMENT_3D('',#6270,#6271,#6272);
#6270 = CARTESIAN_POINT('',(-12.,-2.43364331096E-16,23.));
#6271 = DIRECTION('',(0.,1.224646799147E-16,1.));
#6272 = DIRECTION('',(0.,1.,-1.224646799147E-16));
#6273 = PCURVE('',#4972,#6274);
#6274 = DEFINITIONAL_REPRESENTATION('',(#6275),#6279);
#6275 = LINE('',#6276,#6277);
#6276 = CARTESIAN_POINT('',(-0.,-0.45));
#6277 = VECTOR('',#6278,1.);
#6278 = DIRECTION('',(-1.,-0.));
#6279 = ( GEOMETRIC_REPRESENTATION_CONTEXT(2)
PARAMETRIC_REPRESENTATION_CONTEXT() REPRESENTATION_CONTEXT('2D SPACE',''
  ) );
#6280 = PCURVE('',#5092,#6281);
#6281 = DEFINITIONAL_REPRESENTATION('',(#6282),#6286);
#6282 = CIRCLE('',#6283,5.75);
#6283 = AXIS2_PLACEMENT_2D('',#6284,#6285);
#6284 = CARTESIAN_POINT('',(12.,2.850628484528E-16));
#6285 = DIRECTION('',(-0.,-1.));
#6286 = ( GEOMETRIC_REPRESENTATION_CONTEXT(2)
PARAMETRIC_REPRESENTATION_CONTEXT() REPRESENTATION_CONTEXT('2D SPACE',''
  ) );
#6287 = ADVANCED_FACE('',(#6288),#5027,.T.);
#6288 = FACE_BOUND('',#6289,.T.);
#6289 = EDGE_LOOP('',(#6290,#6291,#6292,#6315));
#6290 = ORIENTED_EDGE('',*,*,#5591,.F.);
#6291 = ORIENTED_EDGE('',*,*,#5012,.T.);
#6292 = ORIENTED_EDGE('',*,*,#6293,.T.);
#6293 = EDGE_CURVE('',#4990,#6294,#6296,.T.);
#6294 = VERTEX_POINT('',#6295);
#6295 = CARTESIAN_POINT('',(12.,5.75,23.));
#6296 = SURFACE_CURVE('',#6297,(#6301,#6308),.PCURVE_S1.);
#6297 = LINE('',#6298,#6299);
#6298 = CARTESIAN_POINT('',(12.,6.2,22.55));
#6299 = VECTOR('',#6300,1.);
#6300 = DIRECTION('',(-8.659560562355E-17,-0.707106781187,0.707106781187
    ));
#6301 = PCURVE('',#5027,#6302);
#6302 = DEFINITIONAL_REPRESENTATION('',(#6303),#6307);
#6303 = LINE('',#6304,#6305);
#6304 = CARTESIAN_POINT('',(-3.14159265359,-0.));
#6305 = VECTOR('',#6306,1.);
#6306 = DIRECTION('',(-0.,-1.));
#6307 = ( GEOMETRIC_REPRESENTATION_CONTEXT(2)
PARAMETRIC_REPRESENTATION_CONTEXT() REPRESENTATION_CONTEXT('2D SPACE',''
  ) );
#6308 = PCURVE('',#5059,#6309);
#6309 = DEFINITIONAL_REPRESENTATION('',(#6310),#6314);
#6310 = LINE('',#6311,#6312);
#6311 = CARTESIAN_POINT('',(-2.176867431787E-33,-0.318198051534));
#6312 = VECTOR('',#6313,1.);
#6313 = DIRECTION('',(8.659560562355E-17,1.));
#6314 = ( GEOMETRIC_REPRESENTATION_CONTEXT(2)
PARAMETRIC_REPRESENTATION_CONTEXT() REPRESENTATION_CONTEXT('2D SPACE',''
  ) );
#6315 = ORIENTED_EDGE('',*,*,#6316,.F.);
#6316 = EDGE_CURVE('',#5592,#6294,#6317,.T.);
#6317 = SURFACE_CURVE('',#6318,(#6323,#6330),.PCURVE_S1.);
#6318 = CIRCLE('',#6319,5.75);
#6319 = AXIS2_PLACEMENT_3D('',#6320,#6321,#6322);
#6320 = CARTESIAN_POINT('',(12.,2.43364331096E-16,23.));
#6321 = DIRECTION('',(-0.,1.224646799147E-16,1.));
#6322 = DIRECTION('',(0.,-1.,1.224646799147E-16));
#6323 = PCURVE('',#5027,#6324);
#6324 = DEFINITIONAL_REPRESENTATION('',(#6325),#6329);
#6325 = LINE('',#6326,#6327);
#6326 = CARTESIAN_POINT('',(-0.,-0.45));
#6327 = VECTOR('',#6328,1.);
#6328 = DIRECTION('',(-1.,-0.));
#6329 = ( GEOMETRIC_REPRESENTATION_CONTEXT(2)
PARAMETRIC_REPRESENTATION_CONTEXT() REPRESENTATION_CONTEXT('2D SPACE',''
  ) );
#6330 = PCURVE('',#5092,#6331);
#6331 = DEFINITIONAL_REPRESENTATION('',(#6332),#6336);
#6332 = CIRCLE('',#6333,5.75);
#6333 = AXIS2_PLACEMENT_2D('',#6334,#6335);
#6334 = CARTESIAN_POINT('',(-12.,-2.016658137392E-16));
#6335 = DIRECTION('',(0.,1.));
#6336 = ( GEOMETRIC_REPRESENTATION_CONTEXT(2)
PARAMETRIC_REPRESENTATION_CONTEXT() REPRESENTATION_CONTEXT('2D SPACE',''
  ) );
#6337 = ADVANCED_FACE('',(#6338),#5059,.T.);
#6338 = FACE_BOUND('',#6339,.T.);
#6339 = EDGE_LOOP('',(#6340,#6341,#6342,#6343));
#6340 = ORIENTED_EDGE('',*,*,#6293,.F.);
#6341 = ORIENTED_EDGE('',*,*,#5045,.T.);
#6342 = ORIENTED_EDGE('',*,*,#6241,.T.);
#6343 = ORIENTED_EDGE('',*,*,#6344,.F.);
#6344 = EDGE_CURVE('',#6294,#6242,#6345,.T.);
#6345 = SURFACE_CURVE('',#6346,(#6350,#6357),.PCURVE_S1.);
#6346 = LINE('',#6347,#6348);
#6347 = CARTESIAN_POINT('',(12.,5.75,23.));
#6348 = VECTOR('',#6349,1.);
#6349 = DIRECTION('',(-1.,-0.,0.));
#6350 = PCURVE('',#5059,#6351);
#6351 = DEFINITIONAL_REPRESENTATION('',(#6352),#6356);
#6352 = LINE('',#6353,#6354);
#6353 = CARTESIAN_POINT('',(-1.964826273028E-33,0.318198051534));
#6354 = VECTOR('',#6355,1.);
#6355 = DIRECTION('',(1.,-2.898913405879E-34));
#6356 = ( GEOMETRIC_REPRESENTATION_CONTEXT(2)
PARAMETRIC_REPRESENTATION_CONTEXT() REPRESENTATION_CONTEXT('2D SPACE',''
  ) );
#6357 = PCURVE('',#5092,#6358);
#6358 = DEFINITIONAL_REPRESENTATION('',(#6359),#6363);
#6359 = LINE('',#6360,#6361);
#6360 = CARTESIAN_POINT('',(-12.,-5.75));
#6361 = VECTOR('',#6362,1.);
#6362 = DIRECTION('',(1.,0.));
#6363 = ( GEOMETRIC_REPRESENTATION_CONTEXT(2)
PARAMETRIC_REPRESENTATION_CONTEXT() REPRESENTATION_CONTEXT('2D SPACE',''
  ) );
#6364 = ADVANCED_FACE('',(#6365,#6371),#5092,.T.);
#6365 = FACE_BOUND('',#6366,.T.);
#6366 = EDGE_LOOP('',(#6367,#6368,#6369,#6370));
#6367 = ORIENTED_EDGE('',*,*,#5614,.T.);
#6368 = ORIENTED_EDGE('',*,*,#6316,.T.);
#6369 = ORIENTED_EDGE('',*,*,#6344,.T.);
#6370 = ORIENTED_EDGE('',*,*,#6266,.T.);
#6371 = FACE_BOUND('',#6372,.T.);
#6372 = EDGE_LOOP('',(#6373,#6374,#6375,#6376));
#6373 = ORIENTED_EDGE('',*,*,#5074,.F.);
#6374 = ORIENTED_EDGE('',*,*,#5249,.F.);
#6375 = ORIENTED_EDGE('',*,*,#5200,.F.);
#6376 = ORIENTED_EDGE('',*,*,#5150,.F.);
#6377 = ADVANCED_FACE('',(#6378),#5309,.F.);
#6378 = FACE_BOUND('',#6379,.F.);
#6379 = EDGE_LOOP('',(#6380,#6381,#6404,#6447));
#6380 = ORIENTED_EDGE('',*,*,#5291,.F.);
#6381 = ORIENTED_EDGE('',*,*,#6382,.T.);
#6382 = EDGE_CURVE('',#5292,#6383,#6385,.T.);
#6383 = VERTEX_POINT('',#6384);
#6384 = CARTESIAN_POINT('',(0.31640625,8.3544921875,3.));
#6385 = SURFACE_CURVE('',#6386,(#6390,#6397),.PCURVE_S1.);
#6386 = LINE('',#6387,#6388);
#6387 = CARTESIAN_POINT('',(0.31640625,8.3544921875,2.55));
#6388 = VECTOR('',#6389,1.);
#6389 = DIRECTION('',(0.,0.,1.));
#6390 = PCURVE('',#5309,#6391);
#6391 = DEFINITIONAL_REPRESENTATION('',(#6392),#6396);
#6392 = LINE('',#6393,#6394);
#6393 = CARTESIAN_POINT('',(0.,0.));
#6394 = VECTOR('',#6395,1.);
#6395 = DIRECTION('',(0.,-1.));
#6396 = ( GEOMETRIC_REPRESENTATION_CONTEXT(2)
PARAMETRIC_REPRESENTATION_CONTEXT() REPRESENTATION_CONTEXT('2D SPACE',''
  ) );
#6397 = PCURVE('',#5517,#6398);
#6398 = DEFINITIONAL_REPRESENTATION('',(#6399),#6403);
#6399 = LINE('',#6400,#6401);
#6400 = CARTESIAN_POINT('',(1.,0.));
#6401 = VECTOR('',#6402,1.);
#6402 = DIRECTION('',(0.,-1.));
#6403 = ( GEOMETRIC_REPRESENTATION_CONTEXT(2)
PARAMETRIC_REPRESENTATION_CONTEXT() REPRESENTATION_CONTEXT('2D SPACE',''
  ) );
#6404 = ORIENTED_EDGE('',*,*,#6405,.F.);
#6405 = EDGE_CURVE('',#6406,#6383,#6408,.T.);
#6406 = VERTEX_POINT('',#6407);
#6407 = CARTESIAN_POINT('',(0.4154296875,7.79140625,3.));
#6408 = SURFACE_CURVE('',#6409,(#6418,#6430),.PCURVE_S1.);
#6409 = B_SPLINE_CURVE_WITH_KNOTS('',7,(#6410,#6411,#6412,#6413,#6414,
    #6415,#6416,#6417),.UNSPECIFIED.,.F.,.F.,(8,8),(0.,1.),
  .PIECEWISE_BEZIER_KNOTS.);
#6410 = CARTESIAN_POINT('',(0.4154296875,7.79140625,3.));
#6411 = CARTESIAN_POINT('',(0.384301153239,7.835428259991,3.));
#6412 = CARTESIAN_POINT('',(0.359527457081,7.8948498909,3.));
#6413 = CARTESIAN_POINT('',(0.340998304922,7.968001293493,3.));
#6414 = CARTESIAN_POINT('',(0.328093425371,8.052510273039,3.));
#6415 = CARTESIAN_POINT('',(0.320118023225,8.146190813314,3.));
#6416 = CARTESIAN_POINT('',(0.31640625,8.247254915576,3.));
#6417 = CARTESIAN_POINT('',(0.31640625,8.3544921875,3.));
#6418 = PCURVE('',#5309,#6419);
#6419 = DEFINITIONAL_REPRESENTATION('',(#6420),#6429);
#6420 = B_SPLINE_CURVE_WITH_KNOTS('',7,(#6421,#6422,#6423,#6424,#6425,
    #6426,#6427,#6428),.UNSPECIFIED.,.F.,.F.,(8,8),(0.,1.),
  .PIECEWISE_BEZIER_KNOTS.);
#6421 = CARTESIAN_POINT('',(1.,-0.45));
#6422 = CARTESIAN_POINT('',(0.842822391107,-0.45));
#6423 = CARTESIAN_POINT('',(0.688909705488,-0.45));
#6424 = CARTESIAN_POINT('',(0.539862983204,-0.45));
#6425 = CARTESIAN_POINT('',(0.396390734907,-0.45));
#6426 = CARTESIAN_POINT('',(0.258729695306,-0.45));
#6427 = CARTESIAN_POINT('',(0.12674395943,-0.45));
#6428 = CARTESIAN_POINT('',(0.,-0.45));
#6429 = ( GEOMETRIC_REPRESENTATION_CONTEXT(2)
PARAMETRIC_REPRESENTATION_CONTEXT() REPRESENTATION_CONTEXT('2D SPACE',''
  ) );
#6430 = PCURVE('',#6431,#6436);
#6431 = PLANE('',#6432);
#6432 = AXIS2_PLACEMENT_3D('',#6433,#6434,#6435);
#6433 = CARTESIAN_POINT('',(-6.401285907749E-17,-2.257255021062E-15,3.)
  );
#6434 = DIRECTION('',(-0.,1.224646799147E-16,1.));
#6435 = DIRECTION('',(-1.,-0.,0.));
#6436 = DEFINITIONAL_REPRESENTATION('',(#6437),#6446);
#6437 = B_SPLINE_CURVE_WITH_KNOTS('',7,(#6438,#6439,#6440,#6441,#6442,
    #6443,#6444,#6445),.UNSPECIFIED.,.F.,.F.,(8,8),(0.,1.),
  .PIECEWISE_BEZIER_KNOTS.);
#6438 = CARTESIAN_POINT('',(-0.4154296875,-7.79140625));
#6439 = CARTESIAN_POINT('',(-0.384301153239,-7.835428259991));
#6440 = CARTESIAN_POINT('',(-0.359527457081,-7.8948498909));
#6441 = CARTESIAN_POINT('',(-0.340998304922,-7.968001293493));
#6442 = CARTESIAN_POINT('',(-0.328093425371,-8.052510273039));
#6443 = CARTESIAN_POINT('',(-0.320118023225,-8.146190813314));
#6444 = CARTESIAN_POINT('',(-0.31640625,-8.247254915576));
#6445 = CARTESIAN_POINT('',(-0.31640625,-8.3544921875));
#6446 = ( GEOMETRIC_REPRESENTATION_CONTEXT(2)
PARAMETRIC_REPRESENTATION_CONTEXT() REPRESENTATION_CONTEXT('2D SPACE',''
  ) );
#6447 = ORIENTED_EDGE('',*,*,#6448,.F.);
#6448 = EDGE_CURVE('',#5294,#6406,#6449,.T.);
#6449 = SURFACE_CURVE('',#6450,(#6454,#6461),.PCURVE_S1.);
#6450 = LINE('',#6451,#6452);
#6451 = CARTESIAN_POINT('',(0.4154296875,7.79140625,2.55));
#6452 = VECTOR('',#6453,1.);
#6453 = DIRECTION('',(0.,0.,1.));
#6454 = PCURVE('',#5309,#6455);
#6455 = DEFINITIONAL_REPRESENTATION('',(#6456),#6460);
#6456 = LINE('',#6457,#6458);
#6457 = CARTESIAN_POINT('',(1.,0.));
#6458 = VECTOR('',#6459,1.);
#6459 = DIRECTION('',(0.,-1.));
#6460 = ( GEOMETRIC_REPRESENTATION_CONTEXT(2)
PARAMETRIC_REPRESENTATION_CONTEXT() REPRESENTATION_CONTEXT('2D SPACE',''
  ) );
#6461 = PCURVE('',#5339,#6462);
#6462 = DEFINITIONAL_REPRESENTATION('',(#6463),#6467);
#6463 = LINE('',#6464,#6465);
#6464 = CARTESIAN_POINT('',(0.,0.));
#6465 = VECTOR('',#6466,1.);
#6466 = DIRECTION('',(0.,-1.));
#6467 = ( GEOMETRIC_REPRESENTATION_CONTEXT(2)
PARAMETRIC_REPRESENTATION_CONTEXT() REPRESENTATION_CONTEXT('2D SPACE',''
  ) );
#6468 = ADVANCED_FACE('',(#6469),#5339,.F.);
#6469 = FACE_BOUND('',#6470,.F.);
#6470 = EDGE_LOOP('',(#6471,#6472,#6473,#6517));
#6471 = ORIENTED_EDGE('',*,*,#5323,.F.);
#6472 = ORIENTED_EDGE('',*,*,#6448,.T.);
#6473 = ORIENTED_EDGE('',*,*,#6474,.F.);
#6474 = EDGE_CURVE('',#6475,#6406,#6477,.T.);
#6475 = VERTEX_POINT('',#6476);
#6476 = CARTESIAN_POINT('',(0.659765625,7.6513671875,3.));
#6477 = SURFACE_CURVE('',#6478,(#6489,#6503),.PCURVE_S1.);
#6478 = B_SPLINE_CURVE_WITH_KNOTS('',5,(#6479,#6480,#6481,#6482,#6483,
    #6484,#6485,#6486,#6487,#6488),.UNSPECIFIED.,.F.,.F.,(6,4,6),(0.,
    0.307917429825,1.),.UNSPECIFIED.);
#6479 = CARTESIAN_POINT('',(0.659765625,7.6513671875,3.));
#6480 = CARTESIAN_POINT('',(0.64185099329,7.6513671875,3.));
#6481 = CARTESIAN_POINT('',(0.624341774716,7.652697430249,3.));
#6482 = CARTESIAN_POINT('',(0.607252521053,7.655368201569,3.));
#6483 = CARTESIAN_POINT('',(0.59059580616,7.659382944085,3.));
#6484 = CARTESIAN_POINT('',(0.53794019588,7.676774986961,3.));
#6485 = CARTESIAN_POINT('',(0.503734719969,7.695584556366,3.));
#6486 = CARTESIAN_POINT('',(0.471890841291,7.721127446341,3.));
#6487 = CARTESIAN_POINT('',(0.44245783557,7.753183011014,3.));
#6488 = CARTESIAN_POINT('',(0.4154296875,7.79140625,3.));
#6489 = PCURVE('',#5339,#6490);
#6490 = DEFINITIONAL_REPRESENTATION('',(#6491),#6502);
#6491 = B_SPLINE_CURVE_WITH_KNOTS('',5,(#6492,#6493,#6494,#6495,#6496,
    #6497,#6498,#6499,#6500,#6501),.UNSPECIFIED.,.F.,.F.,(6,4,6),(0.,
    0.307917429825,1.),.UNSPECIFIED.);
#6492 = CARTESIAN_POINT('',(1.,-0.45));
#6493 = CARTESIAN_POINT('',(0.938358256482,-0.45));
#6494 = CARTESIAN_POINT('',(0.876598524029,-0.45));
#6495 = CARTESIAN_POINT('',(0.81475917463,-0.45));
#6496 = CARTESIAN_POINT('',(0.752879557684,-0.45));
#6497 = CARTESIAN_POINT('',(0.551918028097,-0.45));
#6498 = CARTESIAN_POINT('',(0.412828600273,-0.45));
#6499 = CARTESIAN_POINT('',(0.274206919442,-0.45));
#6500 = CARTESIAN_POINT('',(0.136473489268,-0.45));
#6501 = CARTESIAN_POINT('',(0.,-0.45));
#6502 = ( GEOMETRIC_REPRESENTATION_CONTEXT(2)
PARAMETRIC_REPRESENTATION_CONTEXT() REPRESENTATION_CONTEXT('2D SPACE',''
  ) );
#6503 = PCURVE('',#6431,#6504);
#6504 = DEFINITIONAL_REPRESENTATION('',(#6505),#6516);
#6505 = B_SPLINE_CURVE_WITH_KNOTS('',5,(#6506,#6507,#6508,#6509,#6510,
    #6511,#6512,#6513,#6514,#6515),.UNSPECIFIED.,.F.,.F.,(6,4,6),(0.,
    0.307917429825,1.),.UNSPECIFIED.);
#6506 = CARTESIAN_POINT('',(-0.659765625,-7.6513671875));
#6507 = CARTESIAN_POINT('',(-0.64185099329,-7.6513671875));
#6508 = CARTESIAN_POINT('',(-0.624341774716,-7.652697430249));
#6509 = CARTESIAN_POINT('',(-0.607252521053,-7.655368201569));
#6510 = CARTESIAN_POINT('',(-0.59059580616,-7.659382944085));
#6511 = CARTESIAN_POINT('',(-0.53794019588,-7.676774986961));
#6512 = CARTESIAN_POINT('',(-0.503734719969,-7.695584556366));
#6513 = CARTESIAN_POINT('',(-0.471890841291,-7.721127446341));
#6514 = CARTESIAN_POINT('',(-0.44245783557,-7.753183011014));
#6515 = CARTESIAN_POINT('',(-0.4154296875,-7.79140625));
#6516 = ( GEOMETRIC_REPRESENTATION_CONTEXT(2)
PARAMETRIC_REPRESENTATION_CONTEXT() REPRESENTATION_CONTEXT('2D SPACE',''
  ) );
#6517 = ORIENTED_EDGE('',*,*,#6518,.F.);
#6518 = EDGE_CURVE('',#5324,#6475,#6519,.T.);
#6519 = SURFACE_CURVE('',#6520,(#6524,#6531),.PCURVE_S1.);
#6520 = LINE('',#6521,#6522);
#6521 = CARTESIAN_POINT('',(0.659765625,7.6513671875,2.55));
#6522 = VECTOR('',#6523,1.);
#6523 = DIRECTION('',(0.,0.,1.));
#6524 = PCURVE('',#5339,#6525);
#6525 = DEFINITIONAL_REPRESENTATION('',(#6526),#6530);
#6526 = LINE('',#6527,#6528);
#6527 = CARTESIAN_POINT('',(1.,0.));
#6528 = VECTOR('',#6529,1.);
#6529 = DIRECTION('',(0.,-1.));
#6530 = ( GEOMETRIC_REPRESENTATION_CONTEXT(2)
PARAMETRIC_REPRESENTATION_CONTEXT() REPRESENTATION_CONTEXT('2D SPACE',''
  ) );
#6531 = PCURVE('',#5369,#6532);
#6532 = DEFINITIONAL_REPRESENTATION('',(#6533),#6537);
#6533 = LINE('',#6534,#6535);
#6534 = CARTESIAN_POINT('',(0.,0.));
#6535 = VECTOR('',#6536,1.);
#6536 = DIRECTION('',(0.,-1.));
#6537 = ( GEOMETRIC_REPRESENTATION_CONTEXT(2)
PARAMETRIC_REPRESENTATION_CONTEXT() REPRESENTATION_CONTEXT('2D SPACE',''
  ) );
#6538 = ADVANCED_FACE('',(#6539),#5369,.F.);
#6539 = FACE_BOUND('',#6540,.F.);
#6540 = EDGE_LOOP('',(#6541,#6542,#6543,#6587));
#6541 = ORIENTED_EDGE('',*,*,#5353,.F.);
#6542 = ORIENTED_EDGE('',*,*,#6518,.T.);
#6543 = ORIENTED_EDGE('',*,*,#6544,.F.);
#6544 = EDGE_CURVE('',#6545,#6475,#6547,.T.);
#6545 = VERTEX_POINT('',#6546);
#6546 = CARTESIAN_POINT('',(0.9041015625,7.7919921875,3.));
#6547 = SURFACE_CURVE('',#6548,(#6559,#6573),.PCURVE_S1.);
#6548 = B_SPLINE_CURVE_WITH_KNOTS('',5,(#6549,#6550,#6551,#6552,#6553,
    #6554,#6555,#6556,#6557,#6558),.UNSPECIFIED.,.F.,.F.,(6,4,6),(0.,
    0.694100738416,1.),.UNSPECIFIED.);
#6549 = CARTESIAN_POINT('',(0.9041015625,7.7919921875,3.));
#6550 = CARTESIAN_POINT('',(0.87699985827,7.753504560191,3.));
#6551 = CARTESIAN_POINT('',(0.847477572565,7.721240454365,3.));
#6552 = CARTESIAN_POINT('',(0.815528202414,7.695552255943,3.));
#6553 = CARTESIAN_POINT('',(0.781201533659,7.676665689267,3.));
#6554 = CARTESIAN_POINT('',(0.728504958816,7.659312680582,3.));
#6555 = CARTESIAN_POINT('',(0.711947676339,7.655333177746,3.));
#6556 = CARTESIAN_POINT('',(0.694963426764,7.652685807767,3.));
#6557 = CARTESIAN_POINT('',(0.677564624236,7.6513671875,3.));
#6558 = CARTESIAN_POINT('',(0.659765625,7.6513671875,3.));
#6559 = PCURVE('',#5369,#6560);
#6560 = DEFINITIONAL_REPRESENTATION('',(#6561),#6572);
#6561 = B_SPLINE_CURVE_WITH_KNOTS('',5,(#6562,#6563,#6564,#6565,#6566,
    #6567,#6568,#6569,#6570,#6571),.UNSPECIFIED.,.F.,.F.,(6,4,6),(0.,
    0.694100738416,1.),.UNSPECIFIED.);
#6562 = CARTESIAN_POINT('',(1.,-0.45));
#6563 = CARTESIAN_POINT('',(0.863155102902,-0.45));
#6564 = CARTESIAN_POINT('',(0.725030186351,-0.45));
#6565 = CARTESIAN_POINT('',(0.586001992635,-0.45));
#6566 = CARTESIAN_POINT('',(0.446497486992,-0.45));
#6567 = CARTESIAN_POINT('',(0.245521635403,-0.45));
#6568 = CARTESIAN_POINT('',(0.184043090334,-0.45));
#6569 = CARTESIAN_POINT('',(0.122604206802,-0.45));
#6570 = CARTESIAN_POINT('',(6.124386833793E-02,-0.45));
#6571 = CARTESIAN_POINT('',(0.,-0.45));
#6572 = ( GEOMETRIC_REPRESENTATION_CONTEXT(2)
PARAMETRIC_REPRESENTATION_CONTEXT() REPRESENTATION_CONTEXT('2D SPACE',''
  ) );
#6573 = PCURVE('',#6431,#6574);
#6574 = DEFINITIONAL_REPRESENTATION('',(#6575),#6586);
#6575 = B_SPLINE_CURVE_WITH_KNOTS('',5,(#6576,#6577,#6578,#6579,#6580,
    #6581,#6582,#6583,#6584,#6585),.UNSPECIFIED.,.F.,.F.,(6,4,6),(0.,
    0.694100738416,1.),.UNSPECIFIED.);
#6576 = CARTESIAN_POINT('',(-0.9041015625,-7.7919921875));
#6577 = CARTESIAN_POINT('',(-0.87699985827,-7.753504560191));
#6578 = CARTESIAN_POINT('',(-0.847477572565,-7.721240454365));
#6579 = CARTESIAN_POINT('',(-0.815528202414,-7.695552255943));
#6580 = CARTESIAN_POINT('',(-0.781201533659,-7.676665689267));
#6581 = CARTESIAN_POINT('',(-0.728504958816,-7.659312680582));
#6582 = CARTESIAN_POINT('',(-0.711947676339,-7.655333177746));
#6583 = CARTESIAN_POINT('',(-0.694963426764,-7.652685807767));
#6584 = CARTESIAN_POINT('',(-0.677564624236,-7.6513671875));
#6585 = CARTESIAN_POINT('',(-0.659765625,-7.6513671875));
#6586 = ( GEOMETRIC_REPRESENTATION_CONTEXT(2)
PARAMETRIC_REPRESENTATION_CONTEXT() REPRESENTATION_CONTEXT('2D SPACE',''
  ) );
#6587 = ORIENTED_EDGE('',*,*,#6588,.F.);
#6588 = EDGE_CURVE('',#5354,#6545,#6589,.T.);
#6589 = SURFACE_CURVE('',#6590,(#6594,#6601),.PCURVE_S1.);
#6590 = LINE('',#6591,#6592);
#6591 = CARTESIAN_POINT('',(0.9041015625,7.7919921875,2.55));
#6592 = VECTOR('',#6593,1.);
#6593 = DIRECTION('',(0.,0.,1.));
#6594 = PCURVE('',#5369,#6595);
#6595 = DEFINITIONAL_REPRESENTATION('',(#6596),#6600);
#6596 = LINE('',#6597,#6598);
#6597 = CARTESIAN_POINT('',(1.,0.));
#6598 = VECTOR('',#6599,1.);
#6599 = DIRECTION('',(0.,-1.));
#6600 = ( GEOMETRIC_REPRESENTATION_CONTEXT(2)
PARAMETRIC_REPRESENTATION_CONTEXT() REPRESENTATION_CONTEXT('2D SPACE',''
  ) );
#6601 = PCURVE('',#5399,#6602);
#6602 = DEFINITIONAL_REPRESENTATION('',(#6603),#6607);
#6603 = LINE('',#6604,#6605);
#6604 = CARTESIAN_POINT('',(0.,0.));
#6605 = VECTOR('',#6606,1.);
#6606 = DIRECTION('',(0.,-1.));
#6607 = ( GEOMETRIC_REPRESENTATION_CONTEXT(2)
PARAMETRIC_REPRESENTATION_CONTEXT() REPRESENTATION_CONTEXT('2D SPACE',''
  ) );
#6608 = ADVANCED_FACE('',(#6609),#5399,.F.);
#6609 = FACE_BOUND('',#6610,.F.);
#6610 = EDGE_LOOP('',(#6611,#6612,#6613,#6651));
#6611 = ORIENTED_EDGE('',*,*,#5383,.F.);
#6612 = ORIENTED_EDGE('',*,*,#6588,.T.);
#6613 = ORIENTED_EDGE('',*,*,#6614,.F.);
#6614 = EDGE_CURVE('',#6615,#6545,#6617,.T.);
#6615 = VERTEX_POINT('',#6616);
#6616 = CARTESIAN_POINT('',(1.003125,8.3544921875,3.));
#6617 = SURFACE_CURVE('',#6618,(#6627,#6639),.PCURVE_S1.);
#6618 = B_SPLINE_CURVE_WITH_KNOTS('',7,(#6619,#6620,#6621,#6622,#6623,
    #6624,#6625,#6626),.UNSPECIFIED.,.F.,.F.,(8,8),(0.,1.),
  .PIECEWISE_BEZIER_KNOTS.);
#6619 = CARTESIAN_POINT('',(1.003125,8.3544921875,3.));
#6620 = CARTESIAN_POINT('',(1.003125,8.247463859372,3.));
#6621 = CARTESIAN_POINT('',(0.999407112156,8.146594554656,3.));
#6622 = CARTESIAN_POINT('',(0.991421756802,8.053087339489,3.));
#6623 = CARTESIAN_POINT('',(0.978507433686,7.968711574974,3.));
#6624 = CARTESIAN_POINT('',(0.959974775896,7.895626354341,3.));
#6625 = CARTESIAN_POINT('',(0.935209940529,7.836169765766,3.));
#6626 = CARTESIAN_POINT('',(0.9041015625,7.7919921875,3.));
#6627 = PCURVE('',#5399,#6628);
#6628 = DEFINITIONAL_REPRESENTATION('',(#6629),#6638);
#6629 = B_SPLINE_CURVE_WITH_KNOTS('',7,(#6630,#6631,#6632,#6633,#6634,
    #6635,#6636,#6637),.UNSPECIFIED.,.F.,.F.,(8,8),(0.,1.),
  .PIECEWISE_BEZIER_KNOTS.);
#6630 = CARTESIAN_POINT('',(1.,-0.45));
#6631 = CARTESIAN_POINT('',(0.873151611108,-0.45));
#6632 = CARTESIAN_POINT('',(0.741087627502,-0.45));
#6633 = CARTESIAN_POINT('',(0.603383906736,-0.45));
#6634 = CARTESIAN_POINT('',(0.459910722961,-0.45));
#6635 = CARTESIAN_POINT('',(0.310906450151,-0.45));
#6636 = CARTESIAN_POINT('',(0.157075833836,-0.45));
#6637 = CARTESIAN_POINT('',(0.,-0.45));
#6638 = ( GEOMETRIC_REPRESENTATION_CONTEXT(2)
PARAMETRIC_REPRESENTATION_CONTEXT() REPRESENTATION_CONTEXT('2D SPACE',''
  ) );
#6639 = PCURVE('',#6431,#6640);
#6640 = DEFINITIONAL_REPRESENTATION('',(#6641),#6650);
#6641 = B_SPLINE_CURVE_WITH_KNOTS('',7,(#6642,#6643,#6644,#6645,#6646,
    #6647,#6648,#6649),.UNSPECIFIED.,.F.,.F.,(8,8),(0.,1.),
  .PIECEWISE_BEZIER_KNOTS.);
#6642 = CARTESIAN_POINT('',(-1.003125,-8.3544921875));
#6643 = CARTESIAN_POINT('',(-1.003125,-8.247463859372));
#6644 = CARTESIAN_POINT('',(-0.999407112156,-8.146594554656));
#6645 = CARTESIAN_POINT('',(-0.991421756802,-8.053087339489));
#6646 = CARTESIAN_POINT('',(-0.978507433686,-7.968711574974));
#6647 = CARTESIAN_POINT('',(-0.959974775896,-7.895626354341));
#6648 = CARTESIAN_POINT('',(-0.935209940529,-7.836169765766));
#6649 = CARTESIAN_POINT('',(-0.9041015625,-7.7919921875));
#6650 = ( GEOMETRIC_REPRESENTATION_CONTEXT(2)
PARAMETRIC_REPRESENTATION_CONTEXT() REPRESENTATION_CONTEXT('2D SPACE',''
  ) );
#6651 = ORIENTED_EDGE('',*,*,#6652,.F.);
#6652 = EDGE_CURVE('',#5384,#6615,#6653,.T.);
#6653 = SURFACE_CURVE('',#6654,(#6658,#6665),.PCURVE_S1.);
#6654 = LINE('',#6655,#6656);
#6655 = CARTESIAN_POINT('',(1.003125,8.3544921875,2.55));
#6656 = VECTOR('',#6657,1.);
#6657 = DIRECTION('',(0.,0.,1.));
#6658 = PCURVE('',#5399,#6659);
#6659 = DEFINITIONAL_REPRESENTATION('',(#6660),#6664);
#6660 = LINE('',#6661,#6662);
#6661 = CARTESIAN_POINT('',(1.,0.));
#6662 = VECTOR('',#6663,1.);
#6663 = DIRECTION('',(0.,-1.));
#6664 = ( GEOMETRIC_REPRESENTATION_CONTEXT(2)
PARAMETRIC_REPRESENTATION_CONTEXT() REPRESENTATION_CONTEXT('2D SPACE',''
  ) );
#6665 = PCURVE('',#5429,#6666);
#6666 = DEFINITIONAL_REPRESENTATION('',(#6667),#6671);
#6667 = LINE('',#6668,#6669);
#6668 = CARTESIAN_POINT('',(0.,0.));
#6669 = VECTOR('',#6670,1.);
#6670 = DIRECTION('',(0.,-1.));
#6671 = ( GEOMETRIC_REPRESENTATION_CONTEXT(2)
PARAMETRIC_REPRESENTATION_CONTEXT() REPRESENTATION_CONTEXT('2D SPACE',''
  ) );
#6672 = ADVANCED_FACE('',(#6673),#5429,.F.);
#6673 = FACE_BOUND('',#6674,.F.);
#6674 = EDGE_LOOP('',(#6675,#6676,#6677,#6715));
#6675 = ORIENTED_EDGE('',*,*,#5413,.F.);
#6676 = ORIENTED_EDGE('',*,*,#6652,.T.);
#6677 = ORIENTED_EDGE('',*,*,#6678,.F.);
#6678 = EDGE_CURVE('',#6679,#6615,#6681,.T.);
#6679 = VERTEX_POINT('',#6680);
#6680 = CARTESIAN_POINT('',(0.9041015625,8.9181640625,3.));
#6681 = SURFACE_CURVE('',#6682,(#6691,#6703),.PCURVE_S1.);
#6682 = B_SPLINE_CURVE_WITH_KNOTS('',7,(#6683,#6684,#6685,#6686,#6687,
    #6688,#6689,#6690),.UNSPECIFIED.,.F.,.F.,(8,8),(0.,1.),
  .PIECEWISE_BEZIER_KNOTS.);
#6683 = CARTESIAN_POINT('',(0.9041015625,8.9181640625,3.));
#6684 = CARTESIAN_POINT('',(0.935250237477,8.874297881171,3.));
#6685 = CARTESIAN_POINT('',(0.96003282148,8.814911103091,3.));
#6686 = CARTESIAN_POINT('',(0.978558463036,8.741693107735,3.));
#6687 = CARTESIAN_POINT('',(0.991453884646,8.657050559921,3.));
#6688 = CARTESIAN_POINT('',(0.999419326805,8.563196642656,3.));
#6689 = CARTESIAN_POINT('',(1.003125,8.46193805105,3.));
#6690 = CARTESIAN_POINT('',(1.003125,8.3544921875,3.));
#6691 = PCURVE('',#5429,#6692);
#6692 = DEFINITIONAL_REPRESENTATION('',(#6693),#6702);
#6693 = B_SPLINE_CURVE_WITH_KNOTS('',7,(#6694,#6695,#6696,#6697,#6698,
    #6699,#6700,#6701),.UNSPECIFIED.,.F.,.F.,(8,8),(0.,1.),
  .PIECEWISE_BEZIER_KNOTS.);
#6694 = CARTESIAN_POINT('',(1.,-0.45));
#6695 = CARTESIAN_POINT('',(0.842720694396,-0.45));
#6696 = CARTESIAN_POINT('',(0.688725806849,-0.45));
#6697 = CARTESIAN_POINT('',(0.539636548977,-0.45));
#6698 = CARTESIAN_POINT('',(0.396165258542,-0.45));
#6699 = CARTESIAN_POINT('',(0.258547042623,-0.45));
#6700 = CARTESIAN_POINT('',(0.126639691845,-0.45));
#6701 = CARTESIAN_POINT('',(0.,-0.45));
#6702 = ( GEOMETRIC_REPRESENTATION_CONTEXT(2)
PARAMETRIC_REPRESENTATION_CONTEXT() REPRESENTATION_CONTEXT('2D SPACE',''
  ) );
#6703 = PCURVE('',#6431,#6704);
#6704 = DEFINITIONAL_REPRESENTATION('',(#6705),#6714);
#6705 = B_SPLINE_CURVE_WITH_KNOTS('',7,(#6706,#6707,#6708,#6709,#6710,
    #6711,#6712,#6713),.UNSPECIFIED.,.F.,.F.,(8,8),(0.,1.),
  .PIECEWISE_BEZIER_KNOTS.);
#6706 = CARTESIAN_POINT('',(-0.9041015625,-8.9181640625));
#6707 = CARTESIAN_POINT('',(-0.935250237477,-8.874297881171));
#6708 = CARTESIAN_POINT('',(-0.96003282148,-8.814911103091));
#6709 = CARTESIAN_POINT('',(-0.978558463036,-8.741693107735));
#6710 = CARTESIAN_POINT('',(-0.991453884646,-8.657050559921));
#6711 = CARTESIAN_POINT('',(-0.999419326805,-8.563196642656));
#6712 = CARTESIAN_POINT('',(-1.003125,-8.46193805105));
#6713 = CARTESIAN_POINT('',(-1.003125,-8.3544921875));
#6714 = ( GEOMETRIC_REPRESENTATION_CONTEXT(2)
PARAMETRIC_REPRESENTATION_CONTEXT() REPRESENTATION_CONTEXT('2D SPACE',''
  ) );
#6715 = ORIENTED_EDGE('',*,*,#6716,.F.);
#6716 = EDGE_CURVE('',#5414,#6679,#6717,.T.);
#6717 = SURFACE_CURVE('',#6718,(#6722,#6729),.PCURVE_S1.);
#6718 = LINE('',#6719,#6720);
#6719 = CARTESIAN_POINT('',(0.9041015625,8.9181640625,2.55));
#6720 = VECTOR('',#6721,1.);
#6721 = DIRECTION('',(0.,0.,1.));
#6722 = PCURVE('',#5429,#6723);
#6723 = DEFINITIONAL_REPRESENTATION('',(#6724),#6728);
#6724 = LINE('',#6725,#6726);
#6725 = CARTESIAN_POINT('',(1.,0.));
#6726 = VECTOR('',#6727,1.);
#6727 = DIRECTION('',(0.,-1.));
#6728 = ( GEOMETRIC_REPRESENTATION_CONTEXT(2)
PARAMETRIC_REPRESENTATION_CONTEXT() REPRESENTATION_CONTEXT('2D SPACE',''
  ) );
#6729 = PCURVE('',#5459,#6730);
#6730 = DEFINITIONAL_REPRESENTATION('',(#6731),#6735);
#6731 = LINE('',#6732,#6733);
#6732 = CARTESIAN_POINT('',(0.,0.));
#6733 = VECTOR('',#6734,1.);
#6734 = DIRECTION('',(0.,-1.));
#6735 = ( GEOMETRIC_REPRESENTATION_CONTEXT(2)
PARAMETRIC_REPRESENTATION_CONTEXT() REPRESENTATION_CONTEXT('2D SPACE',''
  ) );
#6736 = ADVANCED_FACE('',(#6737),#5459,.F.);
#6737 = FACE_BOUND('',#6738,.F.);
#6738 = EDGE_LOOP('',(#6739,#6740,#6741,#6785));
#6739 = ORIENTED_EDGE('',*,*,#5443,.F.);
#6740 = ORIENTED_EDGE('',*,*,#6716,.T.);
#6741 = ORIENTED_EDGE('',*,*,#6742,.F.);
#6742 = EDGE_CURVE('',#6743,#6679,#6745,.T.);
#6743 = VERTEX_POINT('',#6744);
#6744 = CARTESIAN_POINT('',(0.657421875,9.0576171875,3.));
#6745 = SURFACE_CURVE('',#6746,(#6757,#6771),.PCURVE_S1.);
#6746 = B_SPLINE_CURVE_WITH_KNOTS('',5,(#6747,#6748,#6749,#6750,#6751,
    #6752,#6753,#6754,#6755,#6756),.UNSPECIFIED.,.F.,.F.,(6,4,6),(0.,
    0.328991989951,1.),.UNSPECIFIED.);
#6747 = CARTESIAN_POINT('',(0.657421875,9.0576171875,3.));
#6748 = CARTESIAN_POINT('',(0.676855811236,9.0576171875,3.));
#6749 = CARTESIAN_POINT('',(0.69580552269,9.056107400681,3.));
#6750 = CARTESIAN_POINT('',(0.714252619869,9.05307453482,3.));
#6751 = CARTESIAN_POINT('',(0.732181407939,9.048514166716,3.));
#6752 = CARTESIAN_POINT('',(0.785062570128,9.030023064457,3.));
#6753 = CARTESIAN_POINT('',(0.818337929016,9.011279127215,3.));
#6754 = CARTESIAN_POINT('',(0.849290849338,8.986237692769,3.));
#6755 = CARTESIAN_POINT('',(0.877876538415,8.95509634494,3.));
#6756 = CARTESIAN_POINT('',(0.9041015625,8.9181640625,3.));
#6757 = PCURVE('',#5459,#6758);
#6758 = DEFINITIONAL_REPRESENTATION('',(#6759),#6770);
#6759 = B_SPLINE_CURVE_WITH_KNOTS('',5,(#6760,#6761,#6762,#6763,#6764,
    #6765,#6766,#6767,#6768,#6769),.UNSPECIFIED.,.F.,.F.,(6,4,6),(0.,
    0.328991989951,1.),.UNSPECIFIED.);
#6760 = CARTESIAN_POINT('',(1.,-0.45));
#6761 = CARTESIAN_POINT('',(0.934191961951,-0.45));
#6762 = CARTESIAN_POINT('',(0.868240694235,-0.45));
#6763 = CARTESIAN_POINT('',(0.802192771134,-0.45));
#6764 = CARTESIAN_POINT('',(0.736096115749,-0.45));
#6765 = CARTESIAN_POINT('',(0.535191176517,-0.45));
#6766 = CARTESIAN_POINT('',(0.400377681961,-0.45));
#6767 = CARTESIAN_POINT('',(0.265991709321,-0.45));
#6768 = CARTESIAN_POINT('',(0.132418267572,-0.45));
#6769 = CARTESIAN_POINT('',(0.,-0.45));
#6770 = ( GEOMETRIC_REPRESENTATION_CONTEXT(2)
PARAMETRIC_REPRESENTATION_CONTEXT() REPRESENTATION_CONTEXT('2D SPACE',''
  ) );
#6771 = PCURVE('',#6431,#6772);
#6772 = DEFINITIONAL_REPRESENTATION('',(#6773),#6784);
#6773 = B_SPLINE_CURVE_WITH_KNOTS('',5,(#6774,#6775,#6776,#6777,#6778,
    #6779,#6780,#6781,#6782,#6783),.UNSPECIFIED.,.F.,.F.,(6,4,6),(0.,
    0.328991989951,1.),.UNSPECIFIED.);
#6774 = CARTESIAN_POINT('',(-0.657421875,-9.0576171875));
#6775 = CARTESIAN_POINT('',(-0.676855811236,-9.0576171875));
#6776 = CARTESIAN_POINT('',(-0.69580552269,-9.056107400681));
#6777 = CARTESIAN_POINT('',(-0.714252619869,-9.05307453482));
#6778 = CARTESIAN_POINT('',(-0.732181407939,-9.048514166716));
#6779 = CARTESIAN_POINT('',(-0.785062570128,-9.030023064457));
#6780 = CARTESIAN_POINT('',(-0.818337929016,-9.011279127215));
#6781 = CARTESIAN_POINT('',(-0.849290849338,-8.986237692769));
#6782 = CARTESIAN_POINT('',(-0.877876538415,-8.95509634494));
#6783 = CARTESIAN_POINT('',(-0.9041015625,-8.9181640625));
#6784 = ( GEOMETRIC_REPRESENTATION_CONTEXT(2)
PARAMETRIC_REPRESENTATION_CONTEXT() REPRESENTATION_CONTEXT('2D SPACE',''
  ) );
#6785 = ORIENTED_EDGE('',*,*,#6786,.F.);
#6786 = EDGE_CURVE('',#5444,#6743,#6787,.T.);
#6787 = SURFACE_CURVE('',#6788,(#6792,#6799),.PCURVE_S1.);
#6788 = LINE('',#6789,#6790);
#6789 = CARTESIAN_POINT('',(0.657421875,9.0576171875,2.55));
#6790 = VECTOR('',#6791,1.);
#6791 = DIRECTION('',(0.,0.,1.));
#6792 = PCURVE('',#5459,#6793);
#6793 = DEFINITIONAL_REPRESENTATION('',(#6794),#6798);
#6794 = LINE('',#6795,#6796);
#6795 = CARTESIAN_POINT('',(1.,0.));
#6796 = VECTOR('',#6797,1.);
#6797 = DIRECTION('',(0.,-1.));
#6798 = ( GEOMETRIC_REPRESENTATION_CONTEXT(2)
PARAMETRIC_REPRESENTATION_CONTEXT() REPRESENTATION_CONTEXT('2D SPACE',''
  ) );
#6799 = PCURVE('',#5489,#6800);
#6800 = DEFINITIONAL_REPRESENTATION('',(#6801),#6805);
#6801 = LINE('',#6802,#6803);
#6802 = CARTESIAN_POINT('',(0.,0.));
#6803 = VECTOR('',#6804,1.);
#6804 = DIRECTION('',(0.,-1.));
#6805 = ( GEOMETRIC_REPRESENTATION_CONTEXT(2)
PARAMETRIC_REPRESENTATION_CONTEXT() REPRESENTATION_CONTEXT('2D SPACE',''
  ) );
#6806 = ADVANCED_FACE('',(#6807),#5489,.F.);
#6807 = FACE_BOUND('',#6808,.F.);
#6808 = EDGE_LOOP('',(#6809,#6810,#6811,#6855));
#6809 = ORIENTED_EDGE('',*,*,#5473,.F.);
#6810 = ORIENTED_EDGE('',*,*,#6786,.T.);
#6811 = ORIENTED_EDGE('',*,*,#6812,.F.);
#6812 = EDGE_CURVE('',#6813,#6743,#6815,.T.);
#6813 = VERTEX_POINT('',#6814);
#6814 = CARTESIAN_POINT('',(0.425390625,8.9345703125,3.));
#6815 = SURFACE_CURVE('',#6816,(#6827,#6841),.PCURVE_S1.);
#6816 = B_SPLINE_CURVE_WITH_KNOTS('',5,(#6817,#6818,#6819,#6820,#6821,
    #6822,#6823,#6824,#6825,#6826),.UNSPECIFIED.,.F.,.F.,(6,4,6),(0.,
    0.543232719531,1.),.UNSPECIFIED.);
#6817 = CARTESIAN_POINT('',(0.425390625,8.9345703125,3.));
#6818 = CARTESIAN_POINT('',(0.444099745827,8.961117037998,3.));
#6819 = CARTESIAN_POINT('',(0.464606806686,8.984216699165,3.));
#6820 = CARTESIAN_POINT('',(0.486916574456,9.003756242708,3.));
#6821 = CARTESIAN_POINT('',(0.511010753176,9.019664060481,3.));
#6822 = CARTESIAN_POINT('',(0.558564484734,9.042223287459,3.));
#6823 = CARTESIAN_POINT('',(0.581515159522,9.049945052948,3.));
#6824 = CARTESIAN_POINT('',(0.605668303129,9.055072181289,3.));
#6825 = CARTESIAN_POINT('',(0.630986447729,9.0576171875,3.));
#6826 = CARTESIAN_POINT('',(0.657421875,9.0576171875,3.));
#6827 = PCURVE('',#5489,#6828);
#6828 = DEFINITIONAL_REPRESENTATION('',(#6829),#6840);
#6829 = B_SPLINE_CURVE_WITH_KNOTS('',5,(#6830,#6831,#6832,#6833,#6834,
    #6835,#6836,#6837,#6838,#6839),.UNSPECIFIED.,.F.,.F.,(6,4,6),(0.,
    0.543232719531,1.),.UNSPECIFIED.);
#6830 = CARTESIAN_POINT('',(1.,-0.45));
#6831 = CARTESIAN_POINT('',(0.892127591629,-0.45));
#6832 = CARTESIAN_POINT('',(0.783716754603,-0.45));
#6833 = CARTESIAN_POINT('',(0.674936325137,-0.45));
#6834 = CARTESIAN_POINT('',(0.565966587363,-0.45));
#6835 = CARTESIAN_POINT('',(0.365377441229,-0.45));
#6836 = CARTESIAN_POINT('',(0.273755227125,-0.45));
#6837 = CARTESIAN_POINT('',(0.182246811493,-0.45));
#6838 = CARTESIAN_POINT('',(9.096060996491E-02,-0.45));
#6839 = CARTESIAN_POINT('',(0.,-0.45));
#6840 = ( GEOMETRIC_REPRESENTATION_CONTEXT(2)
PARAMETRIC_REPRESENTATION_CONTEXT() REPRESENTATION_CONTEXT('2D SPACE',''
  ) );
#6841 = PCURVE('',#6431,#6842);
#6842 = DEFINITIONAL_REPRESENTATION('',(#6843),#6854);
#6843 = B_SPLINE_CURVE_WITH_KNOTS('',5,(#6844,#6845,#6846,#6847,#6848,
    #6849,#6850,#6851,#6852,#6853),.UNSPECIFIED.,.F.,.F.,(6,4,6),(0.,
    0.543232719531,1.),.UNSPECIFIED.);
#6844 = CARTESIAN_POINT('',(-0.425390625,-8.9345703125));
#6845 = CARTESIAN_POINT('',(-0.444099745827,-8.961117037998));
#6846 = CARTESIAN_POINT('',(-0.464606806686,-8.984216699165));
#6847 = CARTESIAN_POINT('',(-0.486916574456,-9.003756242708));
#6848 = CARTESIAN_POINT('',(-0.511010753176,-9.019664060481));
#6849 = CARTESIAN_POINT('',(-0.558564484734,-9.042223287459));
#6850 = CARTESIAN_POINT('',(-0.581515159522,-9.049945052948));
#6851 = CARTESIAN_POINT('',(-0.605668303129,-9.055072181289));
#6852 = CARTESIAN_POINT('',(-0.630986447729,-9.0576171875));
#6853 = CARTESIAN_POINT('',(-0.657421875,-9.0576171875));
#6854 = ( GEOMETRIC_REPRESENTATION_CONTEXT(2)
PARAMETRIC_REPRESENTATION_CONTEXT() REPRESENTATION_CONTEXT('2D SPACE',''
  ) );
#6855 = ORIENTED_EDGE('',*,*,#6856,.F.);
#6856 = EDGE_CURVE('',#5474,#6813,#6857,.T.);
#6857 = SURFACE_CURVE('',#6858,(#6862,#6869),.PCURVE_S1.);
#6858 = LINE('',#6859,#6860);
#6859 = CARTESIAN_POINT('',(0.425390625,8.9345703125,2.55));
#6860 = VECTOR('',#6861,1.);
#6861 = DIRECTION('',(0.,0.,1.));
#6862 = PCURVE('',#5489,#6863);
#6863 = DEFINITIONAL_REPRESENTATION('',(#6864),#6868);
#6864 = LINE('',#6865,#6866);
#6865 = CARTESIAN_POINT('',(1.,0.));
#6866 = VECTOR('',#6867,1.);
#6867 = DIRECTION('',(0.,-1.));
#6868 = ( GEOMETRIC_REPRESENTATION_CONTEXT(2)
PARAMETRIC_REPRESENTATION_CONTEXT() REPRESENTATION_CONTEXT('2D SPACE',''
  ) );
#6869 = PCURVE('',#5517,#6870);
#6870 = DEFINITIONAL_REPRESENTATION('',(#6871),#6875);
#6871 = LINE('',#6872,#6873);
#6872 = CARTESIAN_POINT('',(0.,0.));
#6873 = VECTOR('',#6874,1.);
#6874 = DIRECTION('',(0.,-1.));
#6875 = ( GEOMETRIC_REPRESENTATION_CONTEXT(2)
PARAMETRIC_REPRESENTATION_CONTEXT() REPRESENTATION_CONTEXT('2D SPACE',''
  ) );
#6876 = ADVANCED_FACE('',(#6877),#5517,.F.);
#6877 = FACE_BOUND('',#6878,.F.);
#6878 = EDGE_LOOP('',(#6879,#6880,#6881,#6917));
#6879 = ORIENTED_EDGE('',*,*,#5503,.F.);
#6880 = ORIENTED_EDGE('',*,*,#6856,.T.);
#6881 = ORIENTED_EDGE('',*,*,#6882,.F.);
#6882 = EDGE_CURVE('',#6383,#6813,#6883,.T.);
#6883 = SURFACE_CURVE('',#6884,(#6893,#6905),.PCURVE_S1.);
#6884 = B_SPLINE_CURVE_WITH_KNOTS('',7,(#6885,#6886,#6887,#6888,#6889,
    #6890,#6891,#6892),.UNSPECIFIED.,.F.,.F.,(8,8),(0.,1.),
  .PIECEWISE_BEZIER_KNOTS.);
#6885 = CARTESIAN_POINT('',(0.31640625,8.3544921875,3.));
#6886 = CARTESIAN_POINT('',(0.31640625,8.462510788682,3.));
#6887 = CARTESIAN_POINT('',(0.320551105956,8.564644416232,3.));
#6888 = CARTESIAN_POINT('',(0.329424830013,8.659764807279,3.));
#6889 = CARTESIAN_POINT('',(0.343716939813,8.746263025025,3.));
#6890 = CARTESIAN_POINT('',(0.364139701279,8.822195885286,3.));
#6891 = CARTESIAN_POINT('',(0.391318276326,8.885476820863,3.));
#6892 = CARTESIAN_POINT('',(0.425390625,8.9345703125,3.));
#6893 = PCURVE('',#5517,#6894);
#6894 = DEFINITIONAL_REPRESENTATION('',(#6895),#6904);
#6895 = B_SPLINE_CURVE_WITH_KNOTS('',7,(#6896,#6897,#6898,#6899,#6900,
    #6901,#6902,#6903),.UNSPECIFIED.,.F.,.F.,(8,8),(0.,1.),
  .PIECEWISE_BEZIER_KNOTS.);
#6896 = CARTESIAN_POINT('',(1.,-0.45));
#6897 = CARTESIAN_POINT('',(0.87233258586,-0.45));
#6898 = CARTESIAN_POINT('',(0.739663314222,-0.45));
#6899 = CARTESIAN_POINT('',(0.601640889335,-0.45));
#6900 = CARTESIAN_POINT('',(0.45817775662,-0.45));
#6901 = CARTESIAN_POINT('',(0.309515783635,-0.45));
#6902 = CARTESIAN_POINT('',(0.156317585313,-0.45));
#6903 = CARTESIAN_POINT('',(0.,-0.45));
#6904 = ( GEOMETRIC_REPRESENTATION_CONTEXT(2)
PARAMETRIC_REPRESENTATION_CONTEXT() REPRESENTATION_CONTEXT('2D SPACE',''
  ) );
#6905 = PCURVE('',#6431,#6906);
#6906 = DEFINITIONAL_REPRESENTATION('',(#6907),#6916);
#6907 = B_SPLINE_CURVE_WITH_KNOTS('',7,(#6908,#6909,#6910,#6911,#6912,
    #6913,#6914,#6915),.UNSPECIFIED.,.F.,.F.,(8,8),(0.,1.),
  .PIECEWISE_BEZIER_KNOTS.);
#6908 = CARTESIAN_POINT('',(-0.31640625,-8.3544921875));
#6909 = CARTESIAN_POINT('',(-0.31640625,-8.462510788682));
#6910 = CARTESIAN_POINT('',(-0.320551105956,-8.564644416232));
#6911 = CARTESIAN_POINT('',(-0.329424830013,-8.659764807279));
#6912 = CARTESIAN_POINT('',(-0.343716939813,-8.746263025025));
#6913 = CARTESIAN_POINT('',(-0.364139701279,-8.822195885286));
#6914 = CARTESIAN_POINT('',(-0.391318276326,-8.885476820863));
#6915 = CARTESIAN_POINT('',(-0.425390625,-8.9345703125));
#6916 = ( GEOMETRIC_REPRESENTATION_CONTEXT(2)
PARAMETRIC_REPRESENTATION_CONTEXT() REPRESENTATION_CONTEXT('2D SPACE',''
  ) );
#6917 = ORIENTED_EDGE('',*,*,#6382,.F.);
#6918 = ADVANCED_FACE('',(#6919),#5677,.T.);
#6919 = FACE_BOUND('',#6920,.T.);
#6920 = EDGE_LOOP('',(#6921,#6922,#6923,#6924));
#6921 = ORIENTED_EDGE('',*,*,#5786,.F.);
#6922 = ORIENTED_EDGE('',*,*,#5813,.T.);
#6923 = ORIENTED_EDGE('',*,*,#5661,.T.);
#6924 = ORIENTED_EDGE('',*,*,#5715,.F.);
#6925 = ADVANCED_FACE('',(#6926),#5878,.T.);
#6926 = FACE_BOUND('',#6927,.T.);
#6927 = EDGE_LOOP('',(#6928,#6929,#6930,#6931));
#6928 = ORIENTED_EDGE('',*,*,#6014,.F.);
#6929 = ORIENTED_EDGE('',*,*,#5916,.T.);
#6930 = ORIENTED_EDGE('',*,*,#5862,.T.);
#6931 = ORIENTED_EDGE('',*,*,#5965,.F.);
#6932 = ADVANCED_FACE('',(#6933),#6079,.T.);
#6933 = FACE_BOUND('',#6934,.T.);
#6934 = EDGE_LOOP('',(#6935,#6936,#6937,#6938));
#6935 = ORIENTED_EDGE('',*,*,#6215,.F.);
#6936 = ORIENTED_EDGE('',*,*,#6117,.T.);
#6937 = ORIENTED_EDGE('',*,*,#6063,.T.);
#6938 = ORIENTED_EDGE('',*,*,#6166,.F.);
#6939 = ADVANCED_FACE('',(#6940),#6431,.T.);
#6940 = FACE_BOUND('',#6941,.T.);
#6941 = EDGE_LOOP('',(#6942,#6943,#6944,#6945,#6946,#6947,#6948,#6949));
#6942 = ORIENTED_EDGE('',*,*,#6405,.F.);
#6943 = ORIENTED_EDGE('',*,*,#6474,.F.);
#6944 = ORIENTED_EDGE('',*,*,#6544,.F.);
#6945 = ORIENTED_EDGE('',*,*,#6614,.F.);
#6946 = ORIENTED_EDGE('',*,*,#6678,.F.);
#6947 = ORIENTED_EDGE('',*,*,#6742,.F.);
#6948 = ORIENTED_EDGE('',*,*,#6812,.F.);
#6949 = ORIENTED_EDGE('',*,*,#6882,.F.);
#6950 = ( GEOMETRIC_REPRESENTATION_CONTEXT(3)
GLOBAL_UNCERTAINTY_ASSIGNED_CONTEXT((#6954))
GLOBAL_UNIT_ASSIGNED_CONTEXT((#6951,#6952,#6953)) REPRESENTATION_CONTEXT
('Context #1','3D Context with UNIT and UNCERTAINTY') );
#6951 = ( LENGTH_UNIT() NAMED_UNIT(*) SI_UNIT(.MILLI.,.METRE.) );
#6952 = ( NAMED_UNIT(*) PLANE_ANGLE_UNIT() SI_UNIT($,.RADIAN.) );
#6953 = ( NAMED_UNIT(*) SI_UNIT($,.STERADIAN.) SOLID_ANGLE_UNIT() );
#6954 = UNCERTAINTY_MEASURE_WITH_UNIT(LENGTH_MEASURE(2.E-06),#6951,
  'distance_accuracy_value','confusion accuracy');
#6955 = PRODUCT_RELATED_PRODUCT_CATEGORY('part',$,(#7));
ENDSEC;
END-ISO-10303-21;
