ISO-10303-21;
HEADER;
FILE_DESCRIPTION(('Open CASCADE Model'),'2;1');
FILE_NAME('Open CASCADE Shape Model','2026-09-21T15:27:16',('Author'),(
    'Open CASCADE'),'Open CASCADE STEP processor 7.9','Open CASCADE 7.9'
  ,'Unknown');
FILE_SCHEMA(('AUTOMOTIVE_DESIGN { 1 0 10303 214 1 1 1 1 }'));
ENDSEC;
DATA;
#1 = APPLICATION_PROTOCOL_DEFINITION('international standard',
  'automotive_design',2000,#2);
#2 = APPLICATION_CONTEXT(
  'core data for automotive mechanical design processes');
#3 = SHAPE_DEFINITION_REPRESENTATION(#4,#10);
#4 = PRODUCT_DEFINITION_SHAPE('','',#5);
#5 = PRODUCT_DEFINITION('design','',#6,#9);
#6 = PRODUCT_DEFINITION_FORMATION('','',#7);
#7 = PRODUCT('Open CASCADE STEP translator 7.9 1',
  'Open CASCADE STEP translator 7.9 1','',(#8));
#8 = PRODUCT_CONTEXT('',#2,'mechanical');
#9 = PRODUCT_DEFINITION_CONTEXT('part definition',#2,'design');
#10 = ADVANCED_BREP_SHAPE_REPRESENTATION('',(#11,#15),#4943);
#11 = AXIS2_PLACEMENT_3D('',#12,#13,#14);
#12 = CARTESIAN_POINT('',(0.,0.,0.));
#13 = DIRECTION('',(0.,0.,1.));
#14 = DIRECTION('',(1.,0.,-0.));
#15 = MANIFOLD_SOLID_BREP('',#16);
#16 = CLOSED_SHELL('',(#17,#137,#215,#288,#1629,#1772,#1779,#1855,#1904,
    #1953,#2002,#2051,#2100,#2149,#2198,#2247,#2296,#2345,#2394,#2443,
    #2492,#2541,#2590,#2639,#2688,#2737,#2786,#2835,#2862,#2938,#2987,
    #3036,#3085,#3134,#3183,#3232,#3281,#3308,#3726,#3781,#3836,#3868,
    #3944,#3994,#4043,#4071,#4096,#4108,#4179,#4255,#4304,#4353,#4380,
    #4456,#4505,#4554,#4581,#4657,#4706,#4755,#4782,#4832,#4882,#4909,
    #4922,#4929,#4936));
#17 = ADVANCED_FACE('',(#18),#32,.T.);
#18 = FACE_BOUND('',#19,.T.);
#19 = EDGE_LOOP('',(#20,#55,#83,#111));
#20 = ORIENTED_EDGE('',*,*,#21,.T.);
#21 = EDGE_CURVE('',#22,#24,#26,.T.);
#22 = VERTEX_POINT('',#23);
#23 = CARTESIAN_POINT('',(-12.,-10.5,3.));
#24 = VERTEX_POINT('',#25);
#25 = CARTESIAN_POINT('',(-12.,-10.5,0.));
#26 = SURFACE_CURVE('',#27,(#31,#43),.PCURVE_S1.);
#27 = LINE('',#28,#29);
#28 = CARTESIAN_POINT('',(-12.,-10.5,3.));
#29 = VECTOR('',#30,1.);
#30 = DIRECTION('',(0.,-1.224646799147E-16,-1.));
#31 = PCURVE('',#32,#37);
#32 = PLANE('',#33);
#33 = AXIS2_PLACEMENT_3D('',#34,#35,#36);
#34 = CARTESIAN_POINT('',(-12.,-10.5,3.));
#35 = DIRECTION('',(0.,-1.,1.224646799147E-16));
#36 = DIRECTION('',(1.,0.,0.));
#37 = DEFINITIONAL_REPRESENTATION('',(#38),#42);
#38 = LINE('',#39,#40);
#39 = CARTESIAN_POINT('',(0.,0.));
#40 = VECTOR('',#41,1.);
#41 = DIRECTION('',(0.,-1.));
#42 = ( GEOMETRIC_REPRESENTATION_CONTEXT(2)
PARAMETRIC_REPRESENTATION_CONTEXT() REPRESENTATION_CONTEXT('2D SPACE',''
  ) );
#43 = PCURVE('',#44,#49);
#44 = CYLINDRICAL_SURFACE('',#45,10.5);
#45 = AXIS2_PLACEMENT_3D('',#46,#47,#48);
#46 = CARTESIAN_POINT('',(-12.,-2.449293598295E-15,3.));
#47 = DIRECTION('',(0.,1.224646799147E-16,1.));
#48 = DIRECTION('',(0.,1.,-1.224646799147E-16));
#49 = DEFINITIONAL_REPRESENTATION('',(#50),#54);
#50 = LINE('',#51,#52);
#51 = CARTESIAN_POINT('',(3.14159265359,0.));
#52 = VECTOR('',#53,1.);
#53 = DIRECTION('',(0.,-1.));
#54 = ( GEOMETRIC_REPRESENTATION_CONTEXT(2)
PARAMETRIC_REPRESENTATION_CONTEXT() REPRESENTATION_CONTEXT('2D SPACE',''
  ) );
#55 = ORIENTED_EDGE('',*,*,#56,.T.);
#56 = EDGE_CURVE('',#24,#57,#59,.T.);
#57 = VERTEX_POINT('',#58);
#58 = CARTESIAN_POINT('',(12.,-10.5,0.));
#59 = SURFACE_CURVE('',#60,(#64,#71),.PCURVE_S1.);
#60 = LINE('',#61,#62);
#61 = CARTESIAN_POINT('',(-12.,-10.5,0.));
#62 = VECTOR('',#63,1.);
#63 = DIRECTION('',(1.,0.,0.));
#64 = PCURVE('',#32,#65);
#65 = DEFINITIONAL_REPRESENTATION('',(#66),#70);
#66 = LINE('',#67,#68);
#67 = CARTESIAN_POINT('',(0.,-3.));
#68 = VECTOR('',#69,1.);
#69 = DIRECTION('',(1.,0.));
#70 = ( GEOMETRIC_REPRESENTATION_CONTEXT(2)
PARAMETRIC_REPRESENTATION_CONTEXT() REPRESENTATION_CONTEXT('2D SPACE',''
  ) );
#71 = PCURVE('',#72,#77);
#72 = PLANE('',#73);
#73 = AXIS2_PLACEMENT_3D('',#74,#75,#76);
#74 = CARTESIAN_POINT('',(-6.401285907749E-17,-2.624649060806E-15,0.));
#75 = DIRECTION('',(-0.,1.224646799147E-16,1.));
#76 = DIRECTION('',(-1.,-0.,0.));
#77 = DEFINITIONAL_REPRESENTATION('',(#78),#82);
#78 = LINE('',#79,#80);
#79 = CARTESIAN_POINT('',(12.,10.5));
#80 = VECTOR('',#81,1.);
#81 = DIRECTION('',(-1.,0.));
#82 = ( GEOMETRIC_REPRESENTATION_CONTEXT(2)
PARAMETRIC_REPRESENTATION_CONTEXT() REPRESENTATION_CONTEXT('2D SPACE',''
  ) );
#83 = ORIENTED_EDGE('',*,*,#84,.F.);
#84 = EDGE_CURVE('',#85,#57,#87,.T.);
#85 = VERTEX_POINT('',#86);
#86 = CARTESIAN_POINT('',(12.,-10.5,3.));
#87 = SURFACE_CURVE('',#88,(#92,#99),.PCURVE_S1.);
#88 = LINE('',#89,#90);
#89 = CARTESIAN_POINT('',(12.,-10.5,3.));
#90 = VECTOR('',#91,1.);
#91 = DIRECTION('',(0.,-1.224646799147E-16,-1.));
#92 = PCURVE('',#32,#93);
#93 = DEFINITIONAL_REPRESENTATION('',(#94),#98);
#94 = LINE('',#95,#96);
#95 = CARTESIAN_POINT('',(24.,0.));
#96 = VECTOR('',#97,1.);
#97 = DIRECTION('',(0.,-1.));
#98 = ( GEOMETRIC_REPRESENTATION_CONTEXT(2)
PARAMETRIC_REPRESENTATION_CONTEXT() REPRESENTATION_CONTEXT('2D SPACE',''
  ) );
#99 = PCURVE('',#100,#105);
#100 = CYLINDRICAL_SURFACE('',#101,10.5);
#101 = AXIS2_PLACEMENT_3D('',#102,#103,#104);
#102 = CARTESIAN_POINT('',(12.,-2.449293598295E-15,3.));
#103 = DIRECTION('',(0.,1.224646799147E-16,1.));
#104 = DIRECTION('',(0.,-1.,1.224646799147E-16));
#105 = DEFINITIONAL_REPRESENTATION('',(#106),#110);
#106 = LINE('',#107,#108);
#107 = CARTESIAN_POINT('',(0.,0.));
#108 = VECTOR('',#109,1.);
#109 = DIRECTION('',(0.,-1.));
#110 = ( GEOMETRIC_REPRESENTATION_CONTEXT(2)
PARAMETRIC_REPRESENTATION_CONTEXT() REPRESENTATION_CONTEXT('2D SPACE',''
  ) );
#111 = ORIENTED_EDGE('',*,*,#112,.F.);
#112 = EDGE_CURVE('',#22,#85,#113,.T.);
#113 = SURFACE_CURVE('',#114,(#118,#125),.PCURVE_S1.);
#114 = LINE('',#115,#116);
#115 = CARTESIAN_POINT('',(-12.,-10.5,3.));
#116 = VECTOR('',#117,1.);
#117 = DIRECTION('',(1.,0.,0.));
#118 = PCURVE('',#32,#119);
#119 = DEFINITIONAL_REPRESENTATION('',(#120),#124);
#120 = LINE('',#121,#122);
#121 = CARTESIAN_POINT('',(0.,0.));
#122 = VECTOR('',#123,1.);
#123 = DIRECTION('',(1.,0.));
#124 = ( GEOMETRIC_REPRESENTATION_CONTEXT(2)
PARAMETRIC_REPRESENTATION_CONTEXT() REPRESENTATION_CONTEXT('2D SPACE',''
  ) );
#125 = PCURVE('',#126,#131);
#126 = PLANE('',#127);
#127 = AXIS2_PLACEMENT_3D('',#128,#129,#130);
#128 = CARTESIAN_POINT('',(-6.401285907749E-17,-2.257255021062E-15,3.));
#129 = DIRECTION('',(-0.,1.224646799147E-16,1.));
#130 = DIRECTION('',(-1.,-0.,0.));
#131 = DEFINITIONAL_REPRESENTATION('',(#132),#136);
#132 = LINE('',#133,#134);
#133 = CARTESIAN_POINT('',(12.,10.5));
#134 = VECTOR('',#135,1.);
#135 = DIRECTION('',(-1.,0.));
#136 = ( GEOMETRIC_REPRESENTATION_CONTEXT(2)
PARAMETRIC_REPRESENTATION_CONTEXT() REPRESENTATION_CONTEXT('2D SPACE',''
  ) );
#137 = ADVANCED_FACE('',(#138),#44,.T.);
#138 = FACE_BOUND('',#139,.T.);
#139 = EDGE_LOOP('',(#140,#170,#192,#193));
#140 = ORIENTED_EDGE('',*,*,#141,.T.);
#141 = EDGE_CURVE('',#142,#144,#146,.T.);
#142 = VERTEX_POINT('',#143);
#143 = CARTESIAN_POINT('',(-12.,10.5,3.));
#144 = VERTEX_POINT('',#145);
#145 = CARTESIAN_POINT('',(-12.,10.5,0.));
#146 = SURFACE_CURVE('',#147,(#151,#158),.PCURVE_S1.);
#147 = LINE('',#148,#149);
#148 = CARTESIAN_POINT('',(-12.,10.5,3.));
#149 = VECTOR('',#150,1.);
#150 = DIRECTION('',(0.,-1.224646799147E-16,-1.));
#151 = PCURVE('',#44,#152);
#152 = DEFINITIONAL_REPRESENTATION('',(#153),#157);
#153 = LINE('',#154,#155);
#154 = CARTESIAN_POINT('',(0.,0.));
#155 = VECTOR('',#156,1.);
#156 = DIRECTION('',(0.,-1.));
#157 = ( GEOMETRIC_REPRESENTATION_CONTEXT(2)
PARAMETRIC_REPRESENTATION_CONTEXT() REPRESENTATION_CONTEXT('2D SPACE',''
  ) );
#158 = PCURVE('',#159,#164);
#159 = PLANE('',#160);
#160 = AXIS2_PLACEMENT_3D('',#161,#162,#163);
#161 = CARTESIAN_POINT('',(12.,10.5,3.));
#162 = DIRECTION('',(0.,1.,-1.224646799147E-16));
#163 = DIRECTION('',(-1.,-0.,0.));
#164 = DEFINITIONAL_REPRESENTATION('',(#165),#169);
#165 = LINE('',#166,#167);
#166 = CARTESIAN_POINT('',(24.,0.));
#167 = VECTOR('',#168,1.);
#168 = DIRECTION('',(0.,-1.));
#169 = ( GEOMETRIC_REPRESENTATION_CONTEXT(2)
PARAMETRIC_REPRESENTATION_CONTEXT() REPRESENTATION_CONTEXT('2D SPACE',''
  ) );
#170 = ORIENTED_EDGE('',*,*,#171,.T.);
#171 = EDGE_CURVE('',#144,#24,#172,.T.);
#172 = SURFACE_CURVE('',#173,(#178,#185),.PCURVE_S1.);
#173 = CIRCLE('',#174,10.5);
#174 = AXIS2_PLACEMENT_3D('',#175,#176,#177);
#175 = CARTESIAN_POINT('',(-12.,-2.816687638039E-15,0.));
#176 = DIRECTION('',(0.,1.224646799147E-16,1.));
#177 = DIRECTION('',(0.,1.,-1.224646799147E-16));
#178 = PCURVE('',#44,#179);
#179 = DEFINITIONAL_REPRESENTATION('',(#180),#184);
#180 = LINE('',#181,#182);
#181 = CARTESIAN_POINT('',(0.,-3.));
#182 = VECTOR('',#183,1.);
#183 = DIRECTION('',(1.,0.));
#184 = ( GEOMETRIC_REPRESENTATION_CONTEXT(2)
PARAMETRIC_REPRESENTATION_CONTEXT() REPRESENTATION_CONTEXT('2D SPACE',''
  ) );
#185 = PCURVE('',#72,#186);
#186 = DEFINITIONAL_REPRESENTATION('',(#187),#191);
#187 = CIRCLE('',#188,10.5);
#188 = AXIS2_PLACEMENT_2D('',#189,#190);
#189 = CARTESIAN_POINT('',(12.,1.920385772325E-16));
#190 = DIRECTION('',(-0.,-1.));
#191 = ( GEOMETRIC_REPRESENTATION_CONTEXT(2)
PARAMETRIC_REPRESENTATION_CONTEXT() REPRESENTATION_CONTEXT('2D SPACE',''
  ) );
#192 = ORIENTED_EDGE('',*,*,#21,.F.);
#193 = ORIENTED_EDGE('',*,*,#194,.F.);
#194 = EDGE_CURVE('',#142,#22,#195,.T.);
#195 = SURFACE_CURVE('',#196,(#201,#208),.PCURVE_S1.);
#196 = CIRCLE('',#197,10.5);
#197 = AXIS2_PLACEMENT_3D('',#198,#199,#200);
#198 = CARTESIAN_POINT('',(-12.,-2.449293598295E-15,3.));
#199 = DIRECTION('',(0.,1.224646799147E-16,1.));
#200 = DIRECTION('',(0.,1.,-1.224646799147E-16));
#201 = PCURVE('',#44,#202);
#202 = DEFINITIONAL_REPRESENTATION('',(#203),#207);
#203 = LINE('',#204,#205);
#204 = CARTESIAN_POINT('',(0.,0.));
#205 = VECTOR('',#206,1.);
#206 = DIRECTION('',(1.,0.));
#207 = ( GEOMETRIC_REPRESENTATION_CONTEXT(2)
PARAMETRIC_REPRESENTATION_CONTEXT() REPRESENTATION_CONTEXT('2D SPACE',''
  ) );
#208 = PCURVE('',#126,#209);
#209 = DEFINITIONAL_REPRESENTATION('',(#210),#214);
#210 = CIRCLE('',#211,10.5);
#211 = AXIS2_PLACEMENT_2D('',#212,#213);
#212 = CARTESIAN_POINT('',(12.,1.920385772325E-16));
#213 = DIRECTION('',(-0.,-1.));
#214 = ( GEOMETRIC_REPRESENTATION_CONTEXT(2)
PARAMETRIC_REPRESENTATION_CONTEXT() REPRESENTATION_CONTEXT('2D SPACE',''
  ) );
#215 = ADVANCED_FACE('',(#216),#100,.T.);
#216 = FACE_BOUND('',#217,.T.);
#217 = EDGE_LOOP('',(#218,#219,#243,#266));
#218 = ORIENTED_EDGE('',*,*,#84,.T.);
#219 = ORIENTED_EDGE('',*,*,#220,.T.);
#220 = EDGE_CURVE('',#57,#221,#223,.T.);
#221 = VERTEX_POINT('',#222);
#222 = CARTESIAN_POINT('',(12.,10.5,0.));
#223 = SURFACE_CURVE('',#224,(#229,#236),.PCURVE_S1.);
#224 = CIRCLE('',#225,10.5);
#225 = AXIS2_PLACEMENT_3D('',#226,#227,#228);
#226 = CARTESIAN_POINT('',(12.,-2.816687638039E-15,0.));
#227 = DIRECTION('',(-0.,1.224646799147E-16,1.));
#228 = DIRECTION('',(0.,-1.,1.224646799147E-16));
#229 = PCURVE('',#100,#230);
#230 = DEFINITIONAL_REPRESENTATION('',(#231),#235);
#231 = LINE('',#232,#233);
#232 = CARTESIAN_POINT('',(0.,-3.));
#233 = VECTOR('',#234,1.);
#234 = DIRECTION('',(1.,0.));
#235 = ( GEOMETRIC_REPRESENTATION_CONTEXT(2)
PARAMETRIC_REPRESENTATION_CONTEXT() REPRESENTATION_CONTEXT('2D SPACE',''
  ) );
#236 = PCURVE('',#72,#237);
#237 = DEFINITIONAL_REPRESENTATION('',(#238),#242);
#238 = CIRCLE('',#239,10.5);
#239 = AXIS2_PLACEMENT_2D('',#240,#241);
#240 = CARTESIAN_POINT('',(-12.,1.920385772325E-16));
#241 = DIRECTION('',(0.,1.));
#242 = ( GEOMETRIC_REPRESENTATION_CONTEXT(2)
PARAMETRIC_REPRESENTATION_CONTEXT() REPRESENTATION_CONTEXT('2D SPACE',''
  ) );
#243 = ORIENTED_EDGE('',*,*,#244,.F.);
#244 = EDGE_CURVE('',#245,#221,#247,.T.);
#245 = VERTEX_POINT('',#246);
#246 = CARTESIAN_POINT('',(12.,10.5,3.));
#247 = SURFACE_CURVE('',#248,(#252,#259),.PCURVE_S1.);
#248 = LINE('',#249,#250);
#249 = CARTESIAN_POINT('',(12.,10.5,3.));
#250 = VECTOR('',#251,1.);
#251 = DIRECTION('',(0.,-1.224646799147E-16,-1.));
#252 = PCURVE('',#100,#253);
#253 = DEFINITIONAL_REPRESENTATION('',(#254),#258);
#254 = LINE('',#255,#256);
#255 = CARTESIAN_POINT('',(3.14159265359,0.));
#256 = VECTOR('',#257,1.);
#257 = DIRECTION('',(0.,-1.));
#258 = ( GEOMETRIC_REPRESENTATION_CONTEXT(2)
PARAMETRIC_REPRESENTATION_CONTEXT() REPRESENTATION_CONTEXT('2D SPACE',''
  ) );
#259 = PCURVE('',#159,#260);
#260 = DEFINITIONAL_REPRESENTATION('',(#261),#265);
#261 = LINE('',#262,#263);
#262 = CARTESIAN_POINT('',(0.,0.));
#263 = VECTOR('',#264,1.);
#264 = DIRECTION('',(0.,-1.));
#265 = ( GEOMETRIC_REPRESENTATION_CONTEXT(2)
PARAMETRIC_REPRESENTATION_CONTEXT() REPRESENTATION_CONTEXT('2D SPACE',''
  ) );
#266 = ORIENTED_EDGE('',*,*,#267,.F.);
#267 = EDGE_CURVE('',#85,#245,#268,.T.);
#268 = SURFACE_CURVE('',#269,(#274,#281),.PCURVE_S1.);
#269 = CIRCLE('',#270,10.5);
#270 = AXIS2_PLACEMENT_3D('',#271,#272,#273);
#271 = CARTESIAN_POINT('',(12.,-2.449293598295E-15,3.));
#272 = DIRECTION('',(-0.,1.224646799147E-16,1.));
#273 = DIRECTION('',(0.,-1.,1.224646799147E-16));
#274 = PCURVE('',#100,#275);
#275 = DEFINITIONAL_REPRESENTATION('',(#276),#280);
#276 = LINE('',#277,#278);
#277 = CARTESIAN_POINT('',(0.,0.));
#278 = VECTOR('',#279,1.);
#279 = DIRECTION('',(1.,0.));
#280 = ( GEOMETRIC_REPRESENTATION_CONTEXT(2)
PARAMETRIC_REPRESENTATION_CONTEXT() REPRESENTATION_CONTEXT('2D SPACE',''
  ) );
#281 = PCURVE('',#126,#282);
#282 = DEFINITIONAL_REPRESENTATION('',(#283),#287);
#283 = CIRCLE('',#284,10.5);
#284 = AXIS2_PLACEMENT_2D('',#285,#286);
#285 = CARTESIAN_POINT('',(-12.,1.920385772325E-16));
#286 = DIRECTION('',(0.,1.));
#287 = ( GEOMETRIC_REPRESENTATION_CONTEXT(2)
PARAMETRIC_REPRESENTATION_CONTEXT() REPRESENTATION_CONTEXT('2D SPACE',''
  ) );
#288 = ADVANCED_FACE('',(#289,#315,#1228,#1513),#126,.T.);
#289 = FACE_BOUND('',#290,.T.);
#290 = EDGE_LOOP('',(#291,#292,#293,#314));
#291 = ORIENTED_EDGE('',*,*,#112,.T.);
#292 = ORIENTED_EDGE('',*,*,#267,.T.);
#293 = ORIENTED_EDGE('',*,*,#294,.T.);
#294 = EDGE_CURVE('',#245,#142,#295,.T.);
#295 = SURFACE_CURVE('',#296,(#300,#307),.PCURVE_S1.);
#296 = LINE('',#297,#298);
#297 = CARTESIAN_POINT('',(12.,10.5,3.));
#298 = VECTOR('',#299,1.);
#299 = DIRECTION('',(-1.,-0.,0.));
#300 = PCURVE('',#126,#301);
#301 = DEFINITIONAL_REPRESENTATION('',(#302),#306);
#302 = LINE('',#303,#304);
#303 = CARTESIAN_POINT('',(-12.,-10.5));
#304 = VECTOR('',#305,1.);
#305 = DIRECTION('',(1.,0.));
#306 = ( GEOMETRIC_REPRESENTATION_CONTEXT(2)
PARAMETRIC_REPRESENTATION_CONTEXT() REPRESENTATION_CONTEXT('2D SPACE',''
  ) );
#307 = PCURVE('',#159,#308);
#308 = DEFINITIONAL_REPRESENTATION('',(#309),#313);
#309 = LINE('',#310,#311);
#310 = CARTESIAN_POINT('',(0.,0.));
#311 = VECTOR('',#312,1.);
#312 = DIRECTION('',(1.,0.));
#313 = ( GEOMETRIC_REPRESENTATION_CONTEXT(2)
PARAMETRIC_REPRESENTATION_CONTEXT() REPRESENTATION_CONTEXT('2D SPACE',''
  ) );
#314 = ORIENTED_EDGE('',*,*,#194,.T.);
#315 = FACE_BOUND('',#316,.T.);
#316 = EDGE_LOOP('',(#317,#345,#384,#429,#474,#525,#576,#627,#672,#717,
    #743,#769,#795,#821,#847,#873,#924,#975,#1026,#1077,#1128,#1179));
#317 = ORIENTED_EDGE('',*,*,#318,.F.);
#318 = EDGE_CURVE('',#319,#321,#323,.T.);
#319 = VERTEX_POINT('',#320);
#320 = CARTESIAN_POINT('',(0.32109375,7.9759765625,3.));
#321 = VERTEX_POINT('',#322);
#322 = CARTESIAN_POINT('',(9.9609375E-02,7.9572265625,3.));
#323 = SURFACE_CURVE('',#324,(#328,#334),.PCURVE_S1.);
#324 = LINE('',#325,#326);
#325 = CARTESIAN_POINT('',(-0.284258090455,7.924729845848,3.));
#326 = VECTOR('',#327,1.);
#327 = DIRECTION('',(-0.996435819697,-8.43543551066E-02,
    1.033042909754E-17));
#328 = PCURVE('',#126,#329);
#329 = DEFINITIONAL_REPRESENTATION('',(#330),#333);
#330 = B_SPLINE_CURVE_WITH_KNOTS('',1,(#331,#332),.UNSPECIFIED.,.F.,.F.,
  (2,2),(-0.607517141084,-0.385240532172),.PIECEWISE_BEZIER_KNOTS.);
#331 = CARTESIAN_POINT('',(-0.32109375,-7.9759765625));
#332 = CARTESIAN_POINT('',(-9.9609375E-02,-7.9572265625));
#333 = ( GEOMETRIC_REPRESENTATION_CONTEXT(2)
PARAMETRIC_REPRESENTATION_CONTEXT() REPRESENTATION_CONTEXT('2D SPACE',''
  ) );
#334 = PCURVE('',#335,#340);
#335 = PLANE('',#336);
#336 = AXIS2_PLACEMENT_3D('',#337,#338,#339);
#337 = CARTESIAN_POINT('',(9.9609375E-02,7.9572265625,2.55));
#338 = DIRECTION('',(-8.43543551066E-02,0.996435819697,0.));
#339 = DIRECTION('',(0.996435819697,8.43543551066E-02,0.));
#340 = DEFINITIONAL_REPRESENTATION('',(#341),#344);
#341 = B_SPLINE_CURVE_WITH_KNOTS('',1,(#342,#343),.UNSPECIFIED.,.F.,.F.,
  (2,2),(-0.607517141084,-0.385240532172),.PIECEWISE_BEZIER_KNOTS.);
#342 = CARTESIAN_POINT('',(0.222276608911,-0.45));
#343 = CARTESIAN_POINT('',(0.,-0.45));
#344 = ( GEOMETRIC_REPRESENTATION_CONTEXT(2)
PARAMETRIC_REPRESENTATION_CONTEXT() REPRESENTATION_CONTEXT('2D SPACE',''
  ) );
#345 = ORIENTED_EDGE('',*,*,#346,.F.);
#346 = EDGE_CURVE('',#347,#319,#349,.T.);
#347 = VERTEX_POINT('',#348);
#348 = CARTESIAN_POINT('',(0.4353515625,7.7328125,3.));
#349 = SURFACE_CURVE('',#350,(#357,#367),.PCURVE_S1.);
#350 = B_SPLINE_CURVE_WITH_KNOTS('',5,(#351,#352,#353,#354,#355,#356),
  .UNSPECIFIED.,.F.,.F.,(6,6),(0.,1.),.PIECEWISE_BEZIER_KNOTS.);
#351 = CARTESIAN_POINT('',(0.4353515625,7.7328125,3.));
#352 = CARTESIAN_POINT('',(0.399205556574,7.76565102826,3.));
#353 = CARTESIAN_POINT('',(0.369690339299,7.806625280885,3.));
#354 = CARTESIAN_POINT('',(0.346918785451,7.855597634298,3.));
#355 = CARTESIAN_POINT('',(0.330797005354,7.912212313031,3.));
#356 = CARTESIAN_POINT('',(0.32109375,7.9759765625,3.));
#357 = PCURVE('',#126,#358);
#358 = DEFINITIONAL_REPRESENTATION('',(#359),#366);
#359 = B_SPLINE_CURVE_WITH_KNOTS('',5,(#360,#361,#362,#363,#364,#365),
  .UNSPECIFIED.,.F.,.F.,(6,6),(0.,1.),.PIECEWISE_BEZIER_KNOTS.);
#360 = CARTESIAN_POINT('',(-0.4353515625,-7.7328125));
#361 = CARTESIAN_POINT('',(-0.399205556574,-7.76565102826));
#362 = CARTESIAN_POINT('',(-0.369690339299,-7.806625280885));
#363 = CARTESIAN_POINT('',(-0.346918785451,-7.855597634298));
#364 = CARTESIAN_POINT('',(-0.330797005354,-7.912212313031));
#365 = CARTESIAN_POINT('',(-0.32109375,-7.9759765625));
#366 = ( GEOMETRIC_REPRESENTATION_CONTEXT(2)
PARAMETRIC_REPRESENTATION_CONTEXT() REPRESENTATION_CONTEXT('2D SPACE',''
  ) );
#367 = PCURVE('',#368,#375);
#368 = SURFACE_OF_LINEAR_EXTRUSION('',#369,#373);
#369 = B_SPLINE_CURVE_WITH_KNOTS('',2,(#370,#371,#372),.UNSPECIFIED.,.F.
  ,.F.,(3,3),(0.,1.),.PIECEWISE_BEZIER_KNOTS.);
#370 = CARTESIAN_POINT('',(0.32109375,7.9759765625,2.55));
#371 = CARTESIAN_POINT('',(0.345703125,7.8142578125,2.55));
#372 = CARTESIAN_POINT('',(0.4353515625,7.7328125,2.55));
#373 = VECTOR('',#374,1.);
#374 = DIRECTION('',(-0.,-0.,-1.));
#375 = DEFINITIONAL_REPRESENTATION('',(#376),#383);
#376 = B_SPLINE_CURVE_WITH_KNOTS('',5,(#377,#378,#379,#380,#381,#382),
  .UNSPECIFIED.,.F.,.F.,(6,6),(0.,1.),.PIECEWISE_BEZIER_KNOTS.);
#377 = CARTESIAN_POINT('',(1.,-0.45));
#378 = CARTESIAN_POINT('',(0.798401361283,-0.45));
#379 = CARTESIAN_POINT('',(0.5969282402,-0.45));
#380 = CARTESIAN_POINT('',(0.396301480914,-0.45));
#381 = CARTESIAN_POINT('',(0.197145505606,-0.45));
#382 = CARTESIAN_POINT('',(0.,-0.45));
#383 = ( GEOMETRIC_REPRESENTATION_CONTEXT(2)
PARAMETRIC_REPRESENTATION_CONTEXT() REPRESENTATION_CONTEXT('2D SPACE',''
  ) );
#384 = ORIENTED_EDGE('',*,*,#385,.F.);
#385 = EDGE_CURVE('',#386,#347,#388,.T.);
#386 = VERTEX_POINT('',#387);
#387 = CARTESIAN_POINT('',(0.6515625,7.6513671875,3.));
#388 = SURFACE_CURVE('',#389,(#398,#410),.PCURVE_S1.);
#389 = B_SPLINE_CURVE_WITH_KNOTS('',4,(#390,#391,#392,#393,#394,#395,
    #396,#397),.UNSPECIFIED.,.F.,.F.,(5,3,5),(0.,0.585205357611,1.),
  .UNSPECIFIED.);
#390 = CARTESIAN_POINT('',(0.6515625,7.6513671875,3.));
#391 = CARTESIAN_POINT('',(0.614669972726,7.6513671875,3.));
#392 = CARTESIAN_POINT('',(0.579742303369,7.655980650242,3.));
#393 = CARTESIAN_POINT('',(0.54687324546,7.665279495216,3.));
#394 = CARTESIAN_POINT('',(0.494317411818,7.689134906266,3.));
#395 = CARTESIAN_POINT('',(0.473579020308,7.701371920873,3.));
#396 = CARTESIAN_POINT('',(0.453921228477,7.715942019145,3.));
#397 = CARTESIAN_POINT('',(0.4353515625,7.7328125,3.));
#398 = PCURVE('',#126,#399);
#399 = DEFINITIONAL_REPRESENTATION('',(#400),#409);
#400 = B_SPLINE_CURVE_WITH_KNOTS('',4,(#401,#402,#403,#404,#405,#406,
    #407,#408),.UNSPECIFIED.,.F.,.F.,(5,3,5),(0.,0.585205357611,1.),
  .UNSPECIFIED.);
#401 = CARTESIAN_POINT('',(-0.6515625,-7.6513671875));
#402 = CARTESIAN_POINT('',(-0.614669972726,-7.6513671875));
#403 = CARTESIAN_POINT('',(-0.579742303369,-7.655980650242));
#404 = CARTESIAN_POINT('',(-0.54687324546,-7.665279495216));
#405 = CARTESIAN_POINT('',(-0.494317411818,-7.689134906266));
#406 = CARTESIAN_POINT('',(-0.473579020308,-7.701371920873));
#407 = CARTESIAN_POINT('',(-0.453921228477,-7.715942019145));
#408 = CARTESIAN_POINT('',(-0.4353515625,-7.7328125));
#409 = ( GEOMETRIC_REPRESENTATION_CONTEXT(2)
PARAMETRIC_REPRESENTATION_CONTEXT() REPRESENTATION_CONTEXT('2D SPACE',''
  ) );
#410 = PCURVE('',#411,#418);
#411 = SURFACE_OF_LINEAR_EXTRUSION('',#412,#416);
#412 = B_SPLINE_CURVE_WITH_KNOTS('',2,(#413,#414,#415),.UNSPECIFIED.,.F.
  ,.F.,(3,3),(0.,1.),.PIECEWISE_BEZIER_KNOTS.);
#413 = CARTESIAN_POINT('',(0.4353515625,7.7328125,2.55));
#414 = CARTESIAN_POINT('',(0.525,7.6513671875,2.55));
#415 = CARTESIAN_POINT('',(0.6515625,7.6513671875,2.55));
#416 = VECTOR('',#417,1.);
#417 = DIRECTION('',(-0.,-0.,-1.));
#418 = DEFINITIONAL_REPRESENTATION('',(#419),#428);
#419 = B_SPLINE_CURVE_WITH_KNOTS('',4,(#420,#421,#422,#423,#424,#425,
    #426,#427),.UNSPECIFIED.,.F.,.F.,(5,3,5),(0.,0.585205357611,1.),
  .UNSPECIFIED.);
#420 = CARTESIAN_POINT('',(1.,-0.45));
#421 = CARTESIAN_POINT('',(0.854251744103,-0.45));
#422 = CARTESIAN_POINT('',(0.708005173192,-0.45));
#423 = CARTESIAN_POINT('',(0.561501894884,-0.45));
#424 = CARTESIAN_POINT('',(0.311159185306,-0.45));
#425 = CARTESIAN_POINT('',(0.207318536147,-0.45));
#426 = CARTESIAN_POINT('',(0.10356937887,-0.45));
#427 = CARTESIAN_POINT('',(0.,-0.45));
#428 = ( GEOMETRIC_REPRESENTATION_CONTEXT(2)
PARAMETRIC_REPRESENTATION_CONTEXT() REPRESENTATION_CONTEXT('2D SPACE',''
  ) );
#429 = ORIENTED_EDGE('',*,*,#430,.F.);
#430 = EDGE_CURVE('',#431,#386,#433,.T.);
#431 = VERTEX_POINT('',#432);
#432 = CARTESIAN_POINT('',(0.909375,7.7662109375,3.));
#433 = SURFACE_CURVE('',#434,(#443,#455),.PCURVE_S1.);
#434 = B_SPLINE_CURVE_WITH_KNOTS('',4,(#435,#436,#437,#438,#439,#440,
    #441,#442),.UNSPECIFIED.,.F.,.F.,(5,3,5),(0.,0.537165558722,1.),
  .UNSPECIFIED.);
#435 = CARTESIAN_POINT('',(0.909375,7.7662109375,3.));
#436 = CARTESIAN_POINT('',(0.881209413967,7.73554174382,3.));
#437 = CARTESIAN_POINT('',(0.850664229376,7.710167688476,3.));
#438 = CARTESIAN_POINT('',(0.817756478447,7.690301735386,3.));
#439 = CARTESIAN_POINT('',(0.752279062312,7.663651463771,3.));
#440 = CARTESIAN_POINT('',(0.720292244839,7.655436985144,3.));
#441 = CARTESIAN_POINT('',(0.686687240397,7.6513671875,3.));
#442 = CARTESIAN_POINT('',(0.6515625,7.6513671875,3.));
#443 = PCURVE('',#126,#444);
#444 = DEFINITIONAL_REPRESENTATION('',(#445),#454);
#445 = B_SPLINE_CURVE_WITH_KNOTS('',4,(#446,#447,#448,#449,#450,#451,
    #452,#453),.UNSPECIFIED.,.F.,.F.,(5,3,5),(0.,0.537165558722,1.),
  .UNSPECIFIED.);
#446 = CARTESIAN_POINT('',(-0.909375,-7.7662109375));
#447 = CARTESIAN_POINT('',(-0.881209413967,-7.73554174382));
#448 = CARTESIAN_POINT('',(-0.850664229376,-7.710167688476));
#449 = CARTESIAN_POINT('',(-0.817756478447,-7.690301735386));
#450 = CARTESIAN_POINT('',(-0.752279062312,-7.663651463771));
#451 = CARTESIAN_POINT('',(-0.720292244839,-7.655436985144));
#452 = CARTESIAN_POINT('',(-0.686687240397,-7.6513671875));
#453 = CARTESIAN_POINT('',(-0.6515625,-7.6513671875));
#454 = ( GEOMETRIC_REPRESENTATION_CONTEXT(2)
PARAMETRIC_REPRESENTATION_CONTEXT() REPRESENTATION_CONTEXT('2D SPACE',''
  ) );
#455 = PCURVE('',#456,#463);
#456 = SURFACE_OF_LINEAR_EXTRUSION('',#457,#461);
#457 = B_SPLINE_CURVE_WITH_KNOTS('',2,(#458,#459,#460),.UNSPECIFIED.,.F.
  ,.F.,(3,3),(0.,1.),.PIECEWISE_BEZIER_KNOTS.);
#458 = CARTESIAN_POINT('',(0.6515625,7.6513671875,2.55));
#459 = CARTESIAN_POINT('',(0.80390625,7.6513671875,2.55));
#460 = CARTESIAN_POINT('',(0.909375,7.7662109375,2.55));
#461 = VECTOR('',#462,1.);
#462 = DIRECTION('',(-0.,-0.,-1.));
#463 = DEFINITIONAL_REPRESENTATION('',(#464),#473);
#464 = B_SPLINE_CURVE_WITH_KNOTS('',4,(#465,#466,#467,#468,#469,#470,
    #471,#472),.UNSPECIFIED.,.F.,.F.,(5,3,5),(0.,0.537165558722,1.),
  .UNSPECIFIED.);
#465 = CARTESIAN_POINT('',(1.,-0.45));
#466 = CARTESIAN_POINT('',(0.866474258807,-0.45));
#467 = CARTESIAN_POINT('',(0.732231988039,-0.45));
#468 = CARTESIAN_POINT('',(0.597614377502,-0.45));
#469 = CARTESIAN_POINT('',(0.3470130958,-0.45));
#470 = CARTESIAN_POINT('',(0.23102650005,-0.45));
#471 = CARTESIAN_POINT('',(0.115281199252,-0.45));
#472 = CARTESIAN_POINT('',(0.,-0.45));
#473 = ( GEOMETRIC_REPRESENTATION_CONTEXT(2)
PARAMETRIC_REPRESENTATION_CONTEXT() REPRESENTATION_CONTEXT('2D SPACE',''
  ) );
#474 = ORIENTED_EDGE('',*,*,#475,.F.);
#475 = EDGE_CURVE('',#476,#431,#478,.T.);
#476 = VERTEX_POINT('',#477);
#477 = CARTESIAN_POINT('',(1.01484375,8.0708984375,3.));
#478 = SURFACE_CURVE('',#479,(#490,#504),.PCURVE_S1.);
#479 = B_SPLINE_CURVE_WITH_KNOTS('',5,(#480,#481,#482,#483,#484,#485,
    #486,#487,#488,#489),.UNSPECIFIED.,.F.,.F.,(6,4,6),(0.,
    0.849902760797,1.),.UNSPECIFIED.);
#480 = CARTESIAN_POINT('',(1.01484375,8.0708984375,3.));
#481 = CARTESIAN_POINT('',(1.01484375,8.007345270865,3.));
#482 = CARTESIAN_POINT('',(1.007456469113,7.948378660815,3.));
#483 = CARTESIAN_POINT('',(0.992371865767,7.894411807624,3.));
#484 = CARTESIAN_POINT('',(0.969452940255,7.845764070581,3.));
#485 = CARTESIAN_POINT('',(0.933412145782,7.794981501596,3.));
#486 = CARTESIAN_POINT('',(0.927761919004,7.787530243281,3.));
#487 = CARTESIAN_POINT('',(0.921871717143,7.780250939089,3.));
#488 = CARTESIAN_POINT('',(0.915742388154,7.773144315712,3.));
#489 = CARTESIAN_POINT('',(0.909375,7.7662109375,3.));
#490 = PCURVE('',#126,#491);
#491 = DEFINITIONAL_REPRESENTATION('',(#492),#503);
#492 = B_SPLINE_CURVE_WITH_KNOTS('',5,(#493,#494,#495,#496,#497,#498,
    #499,#500,#501,#502),.UNSPECIFIED.,.F.,.F.,(6,4,6),(0.,
    0.849902760797,1.),.UNSPECIFIED.);
#493 = CARTESIAN_POINT('',(-1.01484375,-8.0708984375));
#494 = CARTESIAN_POINT('',(-1.01484375,-8.007345270865));
#495 = CARTESIAN_POINT('',(-1.007456469113,-7.948378660815));
#496 = CARTESIAN_POINT('',(-0.992371865767,-7.894411807624));
#497 = CARTESIAN_POINT('',(-0.969452940255,-7.845764070581));
#498 = CARTESIAN_POINT('',(-0.933412145782,-7.794981501596));
#499 = CARTESIAN_POINT('',(-0.927761919004,-7.787530243281));
#500 = CARTESIAN_POINT('',(-0.921871717143,-7.780250939089));
#501 = CARTESIAN_POINT('',(-0.915742388154,-7.773144315712));
#502 = CARTESIAN_POINT('',(-0.909375,-7.7662109375));
#503 = ( GEOMETRIC_REPRESENTATION_CONTEXT(2)
PARAMETRIC_REPRESENTATION_CONTEXT() REPRESENTATION_CONTEXT('2D SPACE',''
  ) );
#504 = PCURVE('',#505,#512);
#505 = SURFACE_OF_LINEAR_EXTRUSION('',#506,#510);
#506 = B_SPLINE_CURVE_WITH_KNOTS('',2,(#507,#508,#509),.UNSPECIFIED.,.F.
  ,.F.,(3,3),(0.,1.),.PIECEWISE_BEZIER_KNOTS.);
#507 = CARTESIAN_POINT('',(0.909375,7.7662109375,2.55));
#508 = CARTESIAN_POINT('',(1.01484375,7.8810546875,2.55));
#509 = CARTESIAN_POINT('',(1.01484375,8.0708984375,2.55));
#510 = VECTOR('',#511,1.);
#511 = DIRECTION('',(-0.,-0.,-1.));
#512 = DEFINITIONAL_REPRESENTATION('',(#513),#524);
#513 = B_SPLINE_CURVE_WITH_KNOTS('',5,(#514,#515,#516,#517,#518,#519,
    #520,#521,#522,#523),.UNSPECIFIED.,.F.,.F.,(6,4,6),(0.,
    0.849902760797,1.),.UNSPECIFIED.);
#514 = CARTESIAN_POINT('',(1.,-0.45));
#515 = CARTESIAN_POINT('',(0.832617174295,-0.45));
#516 = CARTESIAN_POINT('',(0.663478639133,-0.45));
#517 = CARTESIAN_POINT('',(0.493091986326,-0.45));
#518 = CARTESIAN_POINT('',(0.322041742034,-0.45));
#519 = CARTESIAN_POINT('',(0.120793140519,-0.45));
#520 = CARTESIAN_POINT('',(9.058620097831E-02,-0.45));
#521 = CARTESIAN_POINT('',(6.038269893509E-02,-0.45));
#522 = CARTESIAN_POINT('',(3.018613643267E-02,-0.45));
#523 = CARTESIAN_POINT('',(0.,-0.45));
#524 = ( GEOMETRIC_REPRESENTATION_CONTEXT(2)
PARAMETRIC_REPRESENTATION_CONTEXT() REPRESENTATION_CONTEXT('2D SPACE',''
  ) );
#525 = ORIENTED_EDGE('',*,*,#526,.F.);
#526 = EDGE_CURVE('',#527,#476,#529,.T.);
#527 = VERTEX_POINT('',#528);
#528 = CARTESIAN_POINT('',(0.9134765625,8.3556640625,3.));
#529 = SURFACE_CURVE('',#530,(#541,#555),.PCURVE_S1.);
#530 = B_SPLINE_CURVE_WITH_KNOTS('',5,(#531,#532,#533,#534,#535,#536,
    #537,#538,#539,#540),.UNSPECIFIED.,.F.,.F.,(6,4,6),(0.,
    0.143147701164,1.),.UNSPECIFIED.);
#531 = CARTESIAN_POINT('',(0.9134765625,8.3556640625,3.));
#532 = CARTESIAN_POINT('',(0.919312894623,8.349659050258,3.));
#533 = CARTESIAN_POINT('',(0.924941011588,8.343494361006,3.));
#534 = CARTESIAN_POINT('',(0.93036005753,8.337170411876,3.));
#535 = CARTESIAN_POINT('',(0.935569346506,8.330687751998,3.));
#536 = CARTESIAN_POINT('',(0.970491430155,8.284297279472,3.));
#537 = CARTESIAN_POINT('',(0.992882402672,8.238882849873,3.));
#538 = CARTESIAN_POINT('',(1.007622863186,8.187955979667,3.));
#539 = CARTESIAN_POINT('',(1.01484375,8.131825339386,3.));
#540 = CARTESIAN_POINT('',(1.01484375,8.0708984375,3.));
#541 = PCURVE('',#126,#542);
#542 = DEFINITIONAL_REPRESENTATION('',(#543),#554);
#543 = B_SPLINE_CURVE_WITH_KNOTS('',5,(#544,#545,#546,#547,#548,#549,
    #550,#551,#552,#553),.UNSPECIFIED.,.F.,.F.,(6,4,6),(0.,
    0.143147701164,1.),.UNSPECIFIED.);
#544 = CARTESIAN_POINT('',(-0.9134765625,-8.3556640625));
#545 = CARTESIAN_POINT('',(-0.919312894623,-8.349659050258));
#546 = CARTESIAN_POINT('',(-0.924941011588,-8.343494361006));
#547 = CARTESIAN_POINT('',(-0.93036005753,-8.337170411876));
#548 = CARTESIAN_POINT('',(-0.935569346506,-8.330687751998));
#549 = CARTESIAN_POINT('',(-0.970491430155,-8.284297279472));
#550 = CARTESIAN_POINT('',(-0.992882402672,-8.238882849873));
#551 = CARTESIAN_POINT('',(-1.007622863186,-8.187955979667));
#552 = CARTESIAN_POINT('',(-1.01484375,-8.131825339386));
#553 = CARTESIAN_POINT('',(-1.01484375,-8.0708984375));
#554 = ( GEOMETRIC_REPRESENTATION_CONTEXT(2)
PARAMETRIC_REPRESENTATION_CONTEXT() REPRESENTATION_CONTEXT('2D SPACE',''
  ) );
#555 = PCURVE('',#556,#563);
#556 = SURFACE_OF_LINEAR_EXTRUSION('',#557,#561);
#557 = B_SPLINE_CURVE_WITH_KNOTS('',2,(#558,#559,#560),.UNSPECIFIED.,.F.
  ,.F.,(3,3),(0.,1.),.PIECEWISE_BEZIER_KNOTS.);
#558 = CARTESIAN_POINT('',(1.01484375,8.0708984375,2.55));
#559 = CARTESIAN_POINT('',(1.01484375,8.2513671875,2.55));
#560 = CARTESIAN_POINT('',(0.9134765625,8.3556640625,2.55));
#561 = VECTOR('',#562,1.);
#562 = DIRECTION('',(-0.,-0.,-1.));
#563 = DEFINITIONAL_REPRESENTATION('',(#564),#575);
#564 = B_SPLINE_CURVE_WITH_KNOTS('',5,(#565,#566,#567,#568,#569,#570,
    #571,#572,#573,#574),.UNSPECIFIED.,.F.,.F.,(6,4,6),(0.,
    0.143147701164,1.),.UNSPECIFIED.);
#565 = CARTESIAN_POINT('',(1.,-0.45));
#566 = CARTESIAN_POINT('',(0.97121192633,-0.45));
#567 = CARTESIAN_POINT('',(0.942414945986,-0.45));
#568 = CARTESIAN_POINT('',(0.913611996508,-0.45));
#569 = CARTESIAN_POINT('',(0.884806027374,-0.45));
#570 = CARTESIAN_POINT('',(0.683573124998,-0.45));
#571 = CARTESIAN_POINT('',(0.511133254151,-0.45));
#572 = CARTESIAN_POINT('',(0.339348618763,-0.45));
#573 = CARTESIAN_POINT('',(0.16880180609,-0.45));
#574 = CARTESIAN_POINT('',(0.,-0.45));
#575 = ( GEOMETRIC_REPRESENTATION_CONTEXT(2)
PARAMETRIC_REPRESENTATION_CONTEXT() REPRESENTATION_CONTEXT('2D SPACE',''
  ) );
#576 = ORIENTED_EDGE('',*,*,#577,.F.);
#577 = EDGE_CURVE('',#578,#527,#580,.T.);
#578 = VERTEX_POINT('',#579);
#579 = CARTESIAN_POINT('',(0.648046875,8.4599609375,3.));
#580 = SURFACE_CURVE('',#581,(#592,#606),.PCURVE_S1.);
#581 = B_SPLINE_CURVE_WITH_KNOTS('',5,(#582,#583,#584,#585,#586,#587,
    #588,#589,#590,#591),.UNSPECIFIED.,.F.,.F.,(6,4,6),(0.,0.69674358102
    ,1.),.UNSPECIFIED.);
#582 = CARTESIAN_POINT('',(0.648046875,8.4599609375,3.));
#583 = CARTESIAN_POINT('',(0.693326317756,8.4599609375,3.));
#584 = CARTESIAN_POINT('',(0.735912452922,8.454995770625,3.));
#585 = CARTESIAN_POINT('',(0.775638860311,8.444937565753,3.));
#586 = CARTESIAN_POINT('',(0.812377582361,8.429735655915,3.));
#587 = CARTESIAN_POINT('',(0.860707672593,8.400603283593,3.));
#588 = CARTESIAN_POINT('',(0.87478360906,8.390803218614,3.));
#589 = CARTESIAN_POINT('',(0.888272851683,8.380041483297,3.));
#590 = CARTESIAN_POINT('',(0.901171217839,8.36832505296,3.));
#591 = CARTESIAN_POINT('',(0.9134765625,8.3556640625,3.));
#592 = PCURVE('',#126,#593);
#593 = DEFINITIONAL_REPRESENTATION('',(#594),#605);
#594 = B_SPLINE_CURVE_WITH_KNOTS('',5,(#595,#596,#597,#598,#599,#600,
    #601,#602,#603,#604),.UNSPECIFIED.,.F.,.F.,(6,4,6),(0.,0.69674358102
    ,1.),.UNSPECIFIED.);
#595 = CARTESIAN_POINT('',(-0.648046875,-8.4599609375));
#596 = CARTESIAN_POINT('',(-0.693326317756,-8.4599609375));
#597 = CARTESIAN_POINT('',(-0.735912452922,-8.454995770625));
#598 = CARTESIAN_POINT('',(-0.775638860311,-8.444937565753));
#599 = CARTESIAN_POINT('',(-0.812377582361,-8.429735655915));
#600 = CARTESIAN_POINT('',(-0.860707672593,-8.400603283593));
#601 = CARTESIAN_POINT('',(-0.87478360906,-8.390803218614));
#602 = CARTESIAN_POINT('',(-0.888272851683,-8.380041483297));
#603 = CARTESIAN_POINT('',(-0.901171217839,-8.36832505296));
#604 = CARTESIAN_POINT('',(-0.9134765625,-8.3556640625));
#605 = ( GEOMETRIC_REPRESENTATION_CONTEXT(2)
PARAMETRIC_REPRESENTATION_CONTEXT() REPRESENTATION_CONTEXT('2D SPACE',''
  ) );
#606 = PCURVE('',#607,#614);
#607 = SURFACE_OF_LINEAR_EXTRUSION('',#608,#612);
#608 = B_SPLINE_CURVE_WITH_KNOTS('',2,(#609,#610,#611),.UNSPECIFIED.,.F.
  ,.F.,(3,3),(0.,1.),.PIECEWISE_BEZIER_KNOTS.);
#609 = CARTESIAN_POINT('',(0.9134765625,8.3556640625,2.55));
#610 = CARTESIAN_POINT('',(0.812109375,8.4599609375,2.55));
#611 = CARTESIAN_POINT('',(0.648046875,8.4599609375,2.55));
#612 = VECTOR('',#613,1.);
#613 = DIRECTION('',(-0.,-0.,-1.));
#614 = DEFINITIONAL_REPRESENTATION('',(#615),#626);
#615 = B_SPLINE_CURVE_WITH_KNOTS('',5,(#616,#617,#618,#619,#620,#621,
    #622,#623,#624,#625),.UNSPECIFIED.,.F.,.F.,(6,4,6),(0.,0.69674358102
    ,1.),.UNSPECIFIED.);
#616 = CARTESIAN_POINT('',(1.,-0.45));
#617 = CARTESIAN_POINT('',(0.86200550779,-0.45));
#618 = CARTESIAN_POINT('',(0.723123026632,-0.45));
#619 = CARTESIAN_POINT('',(0.583625482508,-0.45));
#620 = CARTESIAN_POINT('',(0.443810019649,-0.45));
#621 = CARTESIAN_POINT('',(0.24314793469,-0.45));
#622 = CARTESIAN_POINT('',(0.182296165505,-0.45));
#623 = CARTESIAN_POINT('',(0.121470639713,-0.45));
#624 = CARTESIAN_POINT('',(6.06968831064E-02,-0.45));
#625 = CARTESIAN_POINT('',(0.,-0.45));
#626 = ( GEOMETRIC_REPRESENTATION_CONTEXT(2)
PARAMETRIC_REPRESENTATION_CONTEXT() REPRESENTATION_CONTEXT('2D SPACE',''
  ) );
#627 = ORIENTED_EDGE('',*,*,#628,.F.);
#628 = EDGE_CURVE('',#629,#578,#631,.T.);
#629 = VERTEX_POINT('',#630);
#630 = CARTESIAN_POINT('',(0.4640625,8.413671875,3.));
#631 = SURFACE_CURVE('',#632,(#641,#653),.PCURVE_S1.);
#632 = B_SPLINE_CURVE_WITH_KNOTS('',4,(#633,#634,#635,#636,#637,#638,
    #639,#640),.UNSPECIFIED.,.F.,.F.,(5,3,5),(0.,0.199843486785,1.),
  .UNSPECIFIED.);
#633 = CARTESIAN_POINT('',(0.4640625,8.413671875,3.));
#634 = CARTESIAN_POINT('',(0.472264550184,8.418300174746,3.));
#635 = CARTESIAN_POINT('',(0.480600451987,8.422620567622,3.));
#636 = CARTESIAN_POINT('',(0.48906974795,8.426632569451,3.));
#637 = CARTESIAN_POINT('',(0.532114068225,8.445163911695,3.));
#638 = CARTESIAN_POINT('',(0.568685815957,8.455044044399,3.));
#639 = CARTESIAN_POINT('',(0.607350560978,8.4599609375,3.));
#640 = CARTESIAN_POINT('',(0.648046875,8.4599609375,3.));
#641 = PCURVE('',#126,#642);
#642 = DEFINITIONAL_REPRESENTATION('',(#643),#652);
#643 = B_SPLINE_CURVE_WITH_KNOTS('',4,(#644,#645,#646,#647,#648,#649,
    #650,#651),.UNSPECIFIED.,.F.,.F.,(5,3,5),(0.,0.199843486785,1.),
  .UNSPECIFIED.);
#644 = CARTESIAN_POINT('',(-0.4640625,-8.413671875));
#645 = CARTESIAN_POINT('',(-0.472264550184,-8.418300174746));
#646 = CARTESIAN_POINT('',(-0.480600451987,-8.422620567622));
#647 = CARTESIAN_POINT('',(-0.48906974795,-8.426632569451));
#648 = CARTESIAN_POINT('',(-0.532114068225,-8.445163911695));
#649 = CARTESIAN_POINT('',(-0.568685815957,-8.455044044399));
#650 = CARTESIAN_POINT('',(-0.607350560978,-8.4599609375));
#651 = CARTESIAN_POINT('',(-0.648046875,-8.4599609375));
#652 = ( GEOMETRIC_REPRESENTATION_CONTEXT(2)
PARAMETRIC_REPRESENTATION_CONTEXT() REPRESENTATION_CONTEXT('2D SPACE',''
  ) );
#653 = PCURVE('',#654,#661);
#654 = SURFACE_OF_LINEAR_EXTRUSION('',#655,#659);
#655 = B_SPLINE_CURVE_WITH_KNOTS('',2,(#656,#657,#658),.UNSPECIFIED.,.F.
  ,.F.,(3,3),(0.,1.),.PIECEWISE_BEZIER_KNOTS.);
#656 = CARTESIAN_POINT('',(0.648046875,8.4599609375,2.55));
#657 = CARTESIAN_POINT('',(0.54609375,8.4599609375,2.55));
#658 = CARTESIAN_POINT('',(0.4640625,8.413671875,2.55));
#659 = VECTOR('',#660,1.);
#660 = DIRECTION('',(-0.,-0.,-1.));
#661 = DEFINITIONAL_REPRESENTATION('',(#662),#671);
#662 = B_SPLINE_CURVE_WITH_KNOTS('',4,(#663,#664,#665,#666,#667,#668,
    #669,#670),.UNSPECIFIED.,.F.,.F.,(5,3,5),(0.,0.199843486785,1.),
  .UNSPECIFIED.);
#663 = CARTESIAN_POINT('',(1.,-0.45));
#664 = CARTESIAN_POINT('',(0.950006551262,-0.45));
#665 = CARTESIAN_POINT('',(0.900006556681,-0.45));
#666 = CARTESIAN_POINT('',(0.850003281671,-0.45));
#667 = CARTESIAN_POINT('',(0.599791065724,-0.45));
#668 = CARTESIAN_POINT('',(0.399581622689,-0.45));
#669 = CARTESIAN_POINT('',(0.199583455741,-0.45));
#670 = CARTESIAN_POINT('',(0.,-0.45));
#671 = ( GEOMETRIC_REPRESENTATION_CONTEXT(2)
PARAMETRIC_REPRESENTATION_CONTEXT() REPRESENTATION_CONTEXT('2D SPACE',''
  ) );
#672 = ORIENTED_EDGE('',*,*,#673,.F.);
#673 = EDGE_CURVE('',#674,#629,#676,.T.);
#674 = VERTEX_POINT('',#675);
#675 = CARTESIAN_POINT('',(0.33515625,8.2935546875,3.));
#676 = SURFACE_CURVE('',#677,(#686,#698),.PCURVE_S1.);
#677 = B_SPLINE_CURVE_WITH_KNOTS('',4,(#678,#679,#680,#681,#682,#683,
    #684,#685),.UNSPECIFIED.,.F.,.F.,(5,3,5),(0.,0.194875523406,1.),
  .UNSPECIFIED.);
#678 = CARTESIAN_POINT('',(0.33515625,8.2935546875,3.));
#679 = CARTESIAN_POINT('',(0.339726120451,8.30075223346,3.));
#680 = CARTESIAN_POINT('',(0.344519194617,8.307775983809,3.));
#681 = CARTESIAN_POINT('',(0.349535345973,8.314625509456,3.));
#682 = CARTESIAN_POINT('',(0.37641902198,8.348878009851,3.));
#683 = CARTESIAN_POINT('',(0.40186711359,8.37347610378,3.));
#684 = CARTESIAN_POINT('',(0.431100120405,8.395071675086,3.));
#685 = CARTESIAN_POINT('',(0.4640625,8.413671875,3.));
#686 = PCURVE('',#126,#687);
#687 = DEFINITIONAL_REPRESENTATION('',(#688),#697);
#688 = B_SPLINE_CURVE_WITH_KNOTS('',4,(#689,#690,#691,#692,#693,#694,
    #695,#696),.UNSPECIFIED.,.F.,.F.,(5,3,5),(0.,0.194875523406,1.),
  .UNSPECIFIED.);
#689 = CARTESIAN_POINT('',(-0.33515625,-8.2935546875));
#690 = CARTESIAN_POINT('',(-0.339726120451,-8.30075223346));
#691 = CARTESIAN_POINT('',(-0.344519194617,-8.307775983809));
#692 = CARTESIAN_POINT('',(-0.349535345973,-8.314625509456));
#693 = CARTESIAN_POINT('',(-0.37641902198,-8.348878009851));
#694 = CARTESIAN_POINT('',(-0.40186711359,-8.37347610378));
#695 = CARTESIAN_POINT('',(-0.431100120405,-8.395071675086));
#696 = CARTESIAN_POINT('',(-0.4640625,-8.413671875));
#697 = ( GEOMETRIC_REPRESENTATION_CONTEXT(2)
PARAMETRIC_REPRESENTATION_CONTEXT() REPRESENTATION_CONTEXT('2D SPACE',''
  ) );
#698 = PCURVE('',#699,#706);
#699 = SURFACE_OF_LINEAR_EXTRUSION('',#700,#704);
#700 = B_SPLINE_CURVE_WITH_KNOTS('',2,(#701,#702,#703),.UNSPECIFIED.,.F.
  ,.F.,(3,3),(0.,1.),.PIECEWISE_BEZIER_KNOTS.);
#701 = CARTESIAN_POINT('',(0.4640625,8.413671875,2.55));
#702 = CARTESIAN_POINT('',(0.38203125,8.3673828125,2.55));
#703 = CARTESIAN_POINT('',(0.33515625,8.2935546875,2.55));
#704 = VECTOR('',#705,1.);
#705 = DIRECTION('',(-0.,-0.,-1.));
#706 = DEFINITIONAL_REPRESENTATION('',(#707),#716);
#707 = B_SPLINE_CURVE_WITH_KNOTS('',4,(#708,#709,#710,#711,#712,#713,
    #714,#715),.UNSPECIFIED.,.F.,.F.,(5,3,5),(0.,0.194875523406,1.),
  .UNSPECIFIED.);
#708 = CARTESIAN_POINT('',(1.,-0.45));
#709 = CARTESIAN_POINT('',(0.951254715189,-0.45));
#710 = CARTESIAN_POINT('',(0.902504693482,-0.45));
#711 = CARTESIAN_POINT('',(0.853752323912,-0.45));
#712 = CARTESIAN_POINT('',(0.603580711491,-0.45));
#713 = CARTESIAN_POINT('',(0.402161936169,-0.45));
#714 = CARTESIAN_POINT('',(0.200913551816,-0.45));
#715 = CARTESIAN_POINT('',(0.,-0.45));
#716 = ( GEOMETRIC_REPRESENTATION_CONTEXT(2)
PARAMETRIC_REPRESENTATION_CONTEXT() REPRESENTATION_CONTEXT('2D SPACE',''
  ) );
#717 = ORIENTED_EDGE('',*,*,#718,.F.);
#718 = EDGE_CURVE('',#719,#674,#721,.T.);
#719 = VERTEX_POINT('',#720);
#720 = CARTESIAN_POINT('',(0.137109375,8.3193359375,3.));
#721 = SURFACE_CURVE('',#722,(#726,#732),.PCURVE_S1.);
#722 = LINE('',#723,#724);
#723 = CARTESIAN_POINT('',(0.701192377937,8.245905014041,3.));
#724 = VECTOR('',#725,1.);
#725 = DIRECTION('',(0.991633098704,-0.129088332376,1.580876130511E-17)
  );
#726 = PCURVE('',#126,#727);
#727 = DEFINITIONAL_REPRESENTATION('',(#728),#731);
#728 = B_SPLINE_CURVE_WITH_KNOTS('',1,(#729,#730),.UNSPECIFIED.,.F.,.F.,
  (2,2),(-0.568842451583,-0.369124556669),.PIECEWISE_BEZIER_KNOTS.);
#729 = CARTESIAN_POINT('',(-0.137109375,-8.3193359375));
#730 = CARTESIAN_POINT('',(-0.33515625,-8.2935546875));
#731 = ( GEOMETRIC_REPRESENTATION_CONTEXT(2)
PARAMETRIC_REPRESENTATION_CONTEXT() REPRESENTATION_CONTEXT('2D SPACE',''
  ) );
#732 = PCURVE('',#733,#738);
#733 = PLANE('',#734);
#734 = AXIS2_PLACEMENT_3D('',#735,#736,#737);
#735 = CARTESIAN_POINT('',(0.33515625,8.2935546875,2.55));
#736 = DIRECTION('',(-0.129088332376,-0.991633098704,0.));
#737 = DIRECTION('',(-0.991633098704,0.129088332376,0.));
#738 = DEFINITIONAL_REPRESENTATION('',(#739),#742);
#739 = B_SPLINE_CURVE_WITH_KNOTS('',1,(#740,#741),.UNSPECIFIED.,.F.,.F.,
  (2,2),(-0.568842451583,-0.369124556669),.PIECEWISE_BEZIER_KNOTS.);
#740 = CARTESIAN_POINT('',(0.199717894914,-0.45));
#741 = CARTESIAN_POINT('',(0.,-0.45));
#742 = ( GEOMETRIC_REPRESENTATION_CONTEXT(2)
PARAMETRIC_REPRESENTATION_CONTEXT() REPRESENTATION_CONTEXT('2D SPACE',''
  ) );
#743 = ORIENTED_EDGE('',*,*,#744,.F.);
#744 = EDGE_CURVE('',#745,#719,#747,.T.);
#745 = VERTEX_POINT('',#746);
#746 = CARTESIAN_POINT('',(0.303515625,9.2017578125,3.));
#747 = SURFACE_CURVE('',#748,(#752,#758),.PCURVE_S1.);
#748 = LINE('',#749,#750);
#749 = CARTESIAN_POINT('',(-0.622733114258,4.290030343052,3.));
#750 = VECTOR('',#751,1.);
#751 = DIRECTION('',(-0.18531275207,-0.982679593723,1.203435419041E-16)
  );
#752 = PCURVE('',#126,#753);
#753 = DEFINITIONAL_REPRESENTATION('',(#754),#757);
#754 = B_SPLINE_CURVE_WITH_KNOTS('',1,(#755,#756),.UNSPECIFIED.,.F.,.F.,
  (2,2),(-4.99830005713,-4.100324887363),.PIECEWISE_BEZIER_KNOTS.);
#755 = CARTESIAN_POINT('',(-0.303515625,-9.2017578125));
#756 = CARTESIAN_POINT('',(-0.137109375,-8.3193359375));
#757 = ( GEOMETRIC_REPRESENTATION_CONTEXT(2)
PARAMETRIC_REPRESENTATION_CONTEXT() REPRESENTATION_CONTEXT('2D SPACE',''
  ) );
#758 = PCURVE('',#759,#764);
#759 = PLANE('',#760);
#760 = AXIS2_PLACEMENT_3D('',#761,#762,#763);
#761 = CARTESIAN_POINT('',(0.137109375,8.3193359375,2.55));
#762 = DIRECTION('',(-0.982679593723,0.18531275207,0.));
#763 = DIRECTION('',(0.18531275207,0.982679593723,0.));
#764 = DEFINITIONAL_REPRESENTATION('',(#765),#768);
#765 = B_SPLINE_CURVE_WITH_KNOTS('',1,(#766,#767),.UNSPECIFIED.,.F.,.F.,
  (2,2),(-4.99830005713,-4.100324887363),.PIECEWISE_BEZIER_KNOTS.);
#766 = CARTESIAN_POINT('',(0.897975169767,-0.45));
#767 = CARTESIAN_POINT('',(0.,-0.45));
#768 = ( GEOMETRIC_REPRESENTATION_CONTEXT(2)
PARAMETRIC_REPRESENTATION_CONTEXT() REPRESENTATION_CONTEXT('2D SPACE',''
  ) );
#769 = ORIENTED_EDGE('',*,*,#770,.F.);
#770 = EDGE_CURVE('',#771,#745,#773,.T.);
#771 = VERTEX_POINT('',#772);
#772 = CARTESIAN_POINT('',(1.1578125,9.2017578125,3.));
#773 = SURFACE_CURVE('',#774,(#778,#784),.PCURVE_S1.);
#774 = LINE('',#775,#776);
#775 = CARTESIAN_POINT('',(0.1517578125,9.2017578125,3.));
#776 = VECTOR('',#777,1.);
#777 = DIRECTION('',(-1.,0.,-0.));
#778 = PCURVE('',#126,#779);
#779 = DEFINITIONAL_REPRESENTATION('',(#780),#783);
#780 = B_SPLINE_CURVE_WITH_KNOTS('',1,(#781,#782),.UNSPECIFIED.,.F.,.F.,
  (2,2),(-1.0060546875,-0.1517578125),.PIECEWISE_BEZIER_KNOTS.);
#781 = CARTESIAN_POINT('',(-1.1578125,-9.2017578125));
#782 = CARTESIAN_POINT('',(-0.303515625,-9.2017578125));
#783 = ( GEOMETRIC_REPRESENTATION_CONTEXT(2)
PARAMETRIC_REPRESENTATION_CONTEXT() REPRESENTATION_CONTEXT('2D SPACE',''
  ) );
#784 = PCURVE('',#785,#790);
#785 = PLANE('',#786);
#786 = AXIS2_PLACEMENT_3D('',#787,#788,#789);
#787 = CARTESIAN_POINT('',(0.303515625,9.2017578125,2.55));
#788 = DIRECTION('',(0.,1.,0.));
#789 = DIRECTION('',(1.,0.,0.));
#790 = DEFINITIONAL_REPRESENTATION('',(#791),#794);
#791 = B_SPLINE_CURVE_WITH_KNOTS('',1,(#792,#793),.UNSPECIFIED.,.F.,.F.,
  (2,2),(-1.0060546875,-0.1517578125),.PIECEWISE_BEZIER_KNOTS.);
#792 = CARTESIAN_POINT('',(0.854296875,-0.45));
#793 = CARTESIAN_POINT('',(0.,-0.45));
#794 = ( GEOMETRIC_REPRESENTATION_CONTEXT(2)
PARAMETRIC_REPRESENTATION_CONTEXT() REPRESENTATION_CONTEXT('2D SPACE',''
  ) );
#795 = ORIENTED_EDGE('',*,*,#796,.F.);
#796 = EDGE_CURVE('',#797,#771,#799,.T.);
#797 = VERTEX_POINT('',#798);
#798 = CARTESIAN_POINT('',(1.1578125,9.0001953125,3.));
#799 = SURFACE_CURVE('',#800,(#804,#810),.PCURVE_S1.);
#800 = LINE('',#801,#802);
#801 = CARTESIAN_POINT('',(1.1578125,4.60087890625,3.));
#802 = VECTOR('',#803,1.);
#803 = DIRECTION('',(0.,1.,-1.224646799147E-16));
#804 = PCURVE('',#126,#805);
#805 = DEFINITIONAL_REPRESENTATION('',(#806),#809);
#806 = B_SPLINE_CURVE_WITH_KNOTS('',1,(#807,#808),.UNSPECIFIED.,.F.,.F.,
  (2,2),(4.39931640625,4.60087890625),.PIECEWISE_BEZIER_KNOTS.);
#807 = CARTESIAN_POINT('',(-1.1578125,-9.0001953125));
#808 = CARTESIAN_POINT('',(-1.1578125,-9.2017578125));
#809 = ( GEOMETRIC_REPRESENTATION_CONTEXT(2)
PARAMETRIC_REPRESENTATION_CONTEXT() REPRESENTATION_CONTEXT('2D SPACE',''
  ) );
#810 = PCURVE('',#811,#816);
#811 = PLANE('',#812);
#812 = AXIS2_PLACEMENT_3D('',#813,#814,#815);
#813 = CARTESIAN_POINT('',(1.1578125,9.2017578125,2.55));
#814 = DIRECTION('',(1.,0.,0.));
#815 = DIRECTION('',(0.,-1.,0.));
#816 = DEFINITIONAL_REPRESENTATION('',(#817),#820);
#817 = B_SPLINE_CURVE_WITH_KNOTS('',1,(#818,#819),.UNSPECIFIED.,.F.,.F.,
  (2,2),(4.39931640625,4.60087890625),.PIECEWISE_BEZIER_KNOTS.);
#818 = CARTESIAN_POINT('',(0.2015625,-0.45));
#819 = CARTESIAN_POINT('',(0.,-0.45));
#820 = ( GEOMETRIC_REPRESENTATION_CONTEXT(2)
PARAMETRIC_REPRESENTATION_CONTEXT() REPRESENTATION_CONTEXT('2D SPACE',''
  ) );
#821 = ORIENTED_EDGE('',*,*,#822,.F.);
#822 = EDGE_CURVE('',#823,#797,#825,.T.);
#823 = VERTEX_POINT('',#824);
#824 = CARTESIAN_POINT('',(0.472265625,9.0001953125,3.));
#825 = SURFACE_CURVE('',#826,(#830,#836),.PCURVE_S1.);
#826 = LINE('',#827,#828);
#827 = CARTESIAN_POINT('',(0.57890625,9.0001953125,3.));
#828 = VECTOR('',#829,1.);
#829 = DIRECTION('',(1.,0.,0.));
#830 = PCURVE('',#126,#831);
#831 = DEFINITIONAL_REPRESENTATION('',(#832),#835);
#832 = B_SPLINE_CURVE_WITH_KNOTS('',1,(#833,#834),.UNSPECIFIED.,.F.,.F.,
  (2,2),(-0.106640625,0.57890625),.PIECEWISE_BEZIER_KNOTS.);
#833 = CARTESIAN_POINT('',(-0.472265625,-9.0001953125));
#834 = CARTESIAN_POINT('',(-1.1578125,-9.0001953125));
#835 = ( GEOMETRIC_REPRESENTATION_CONTEXT(2)
PARAMETRIC_REPRESENTATION_CONTEXT() REPRESENTATION_CONTEXT('2D SPACE',''
  ) );
#836 = PCURVE('',#837,#842);
#837 = PLANE('',#838);
#838 = AXIS2_PLACEMENT_3D('',#839,#840,#841);
#839 = CARTESIAN_POINT('',(1.1578125,9.0001953125,2.55));
#840 = DIRECTION('',(0.,-1.,0.));
#841 = DIRECTION('',(-1.,0.,0.));
#842 = DEFINITIONAL_REPRESENTATION('',(#843),#846);
#843 = B_SPLINE_CURVE_WITH_KNOTS('',1,(#844,#845),.UNSPECIFIED.,.F.,.F.,
  (2,2),(-0.106640625,0.57890625),.PIECEWISE_BEZIER_KNOTS.);
#844 = CARTESIAN_POINT('',(0.685546875,-0.45));
#845 = CARTESIAN_POINT('',(0.,-0.45));
#846 = ( GEOMETRIC_REPRESENTATION_CONTEXT(2)
PARAMETRIC_REPRESENTATION_CONTEXT() REPRESENTATION_CONTEXT('2D SPACE',''
  ) );
#847 = ORIENTED_EDGE('',*,*,#848,.F.);
#848 = EDGE_CURVE('',#849,#823,#851,.T.);
#849 = VERTEX_POINT('',#850);
#850 = CARTESIAN_POINT('',(0.3796875,8.5384765625,3.));
#851 = SURFACE_CURVE('',#852,(#856,#862),.PCURVE_S1.);
#852 = LINE('',#853,#854);
#853 = CARTESIAN_POINT('',(-0.404291064381,4.628507519889,3.));
#854 = VECTOR('',#855,1.);
#855 = DIRECTION('',(0.196594677209,0.980484845825,-1.200747628053E-16)
  );
#856 = PCURVE('',#126,#857);
#857 = DEFINITIONAL_REPRESENTATION('',(#858),#861);
#858 = B_SPLINE_CURVE_WITH_KNOTS('',1,(#859,#860),.UNSPECIFIED.,.F.,.F.,
  (2,2),(3.98779140673,4.458700010739),.PIECEWISE_BEZIER_KNOTS.);
#859 = CARTESIAN_POINT('',(-0.3796875,-8.5384765625));
#860 = CARTESIAN_POINT('',(-0.472265625,-9.0001953125));
#861 = ( GEOMETRIC_REPRESENTATION_CONTEXT(2)
PARAMETRIC_REPRESENTATION_CONTEXT() REPRESENTATION_CONTEXT('2D SPACE',''
  ) );
#862 = PCURVE('',#863,#868);
#863 = PLANE('',#864);
#864 = AXIS2_PLACEMENT_3D('',#865,#866,#867);
#865 = CARTESIAN_POINT('',(0.472265625,9.0001953125,2.55));
#866 = DIRECTION('',(0.980484845825,-0.196594677209,0.));
#867 = DIRECTION('',(-0.196594677209,-0.980484845825,0.));
#868 = DEFINITIONAL_REPRESENTATION('',(#869),#872);
#869 = B_SPLINE_CURVE_WITH_KNOTS('',1,(#870,#871),.UNSPECIFIED.,.F.,.F.,
  (2,2),(3.98779140673,4.458700010739),.PIECEWISE_BEZIER_KNOTS.);
#870 = CARTESIAN_POINT('',(0.470908604009,-0.45));
#871 = CARTESIAN_POINT('',(0.,-0.45));
#872 = ( GEOMETRIC_REPRESENTATION_CONTEXT(2)
PARAMETRIC_REPRESENTATION_CONTEXT() REPRESENTATION_CONTEXT('2D SPACE',''
  ) );
#873 = ORIENTED_EDGE('',*,*,#874,.F.);
#874 = EDGE_CURVE('',#875,#849,#877,.T.);
#875 = VERTEX_POINT('',#876);
#876 = CARTESIAN_POINT('',(0.704296875,8.6462890625,3.));
#877 = SURFACE_CURVE('',#878,(#889,#903),.PCURVE_S1.);
#878 = B_SPLINE_CURVE_WITH_KNOTS('',5,(#879,#880,#881,#882,#883,#884,
    #885,#886,#887,#888),.UNSPECIFIED.,.F.,.F.,(6,4,6),(0.,
    0.218321226646,1.),.UNSPECIFIED.);
#879 = CARTESIAN_POINT('',(0.704296875,8.6462890625,3.));
#880 = CARTESIAN_POINT('',(0.689421794914,8.6462890625,3.));
#881 = CARTESIAN_POINT('',(0.67461212422,8.645772683462,3.));
#882 = CARTESIAN_POINT('',(0.659870522403,8.644738873257,3.));
#883 = CARTESIAN_POINT('',(0.645199566201,8.643187283027,3.));
#884 = CARTESIAN_POINT('',(0.578335629901,8.6337103491,3.));
#885 = CARTESIAN_POINT('',(0.52700580225,8.619669229868,3.));
#886 = CARTESIAN_POINT('',(0.476730374415,8.599011033443,3.));
#887 = CARTESIAN_POINT('',(0.427601040808,8.571870848517,3.));
#888 = CARTESIAN_POINT('',(0.3796875,8.5384765625,3.));
#889 = PCURVE('',#126,#890);
#890 = DEFINITIONAL_REPRESENTATION('',(#891),#902);
#891 = B_SPLINE_CURVE_WITH_KNOTS('',5,(#892,#893,#894,#895,#896,#897,
    #898,#899,#900,#901),.UNSPECIFIED.,.F.,.F.,(6,4,6),(0.,
    0.218321226646,1.),.UNSPECIFIED.);
#892 = CARTESIAN_POINT('',(-0.704296875,-8.6462890625));
#893 = CARTESIAN_POINT('',(-0.689421794914,-8.6462890625));
#894 = CARTESIAN_POINT('',(-0.67461212422,-8.645772683462));
#895 = CARTESIAN_POINT('',(-0.659870522403,-8.644738873257));
#896 = CARTESIAN_POINT('',(-0.645199566201,-8.643187283027));
#897 = CARTESIAN_POINT('',(-0.578335629901,-8.6337103491));
#898 = CARTESIAN_POINT('',(-0.52700580225,-8.619669229868));
#899 = CARTESIAN_POINT('',(-0.476730374415,-8.599011033443));
#900 = CARTESIAN_POINT('',(-0.427601040808,-8.571870848517));
#901 = CARTESIAN_POINT('',(-0.3796875,-8.5384765625));
#902 = ( GEOMETRIC_REPRESENTATION_CONTEXT(2)
PARAMETRIC_REPRESENTATION_CONTEXT() REPRESENTATION_CONTEXT('2D SPACE',''
  ) );
#903 = PCURVE('',#904,#911);
#904 = SURFACE_OF_LINEAR_EXTRUSION('',#905,#909);
#905 = B_SPLINE_CURVE_WITH_KNOTS('',2,(#906,#907,#908),.UNSPECIFIED.,.F.
  ,.F.,(3,3),(0.,1.),.PIECEWISE_BEZIER_KNOTS.);
#906 = CARTESIAN_POINT('',(0.3796875,8.5384765625,2.55));
#907 = CARTESIAN_POINT('',(0.534375,8.6462890625,2.55));
#908 = CARTESIAN_POINT('',(0.704296875,8.6462890625,2.55));
#909 = VECTOR('',#910,1.);
#910 = DIRECTION('',(-0.,-0.,-1.));
#911 = DEFINITIONAL_REPRESENTATION('',(#912),#923);
#912 = B_SPLINE_CURVE_WITH_KNOTS('',5,(#913,#914,#915,#916,#917,#918,
    #919,#920,#921,#922),.UNSPECIFIED.,.F.,.F.,(6,4,6),(0.,
    0.218321226646,1.),.UNSPECIFIED.);
#913 = CARTESIAN_POINT('',(1.,-0.45));
#914 = CARTESIAN_POINT('',(0.956229649401,-0.45));
#915 = CARTESIAN_POINT('',(0.912437061493,-0.45));
#916 = CARTESIAN_POINT('',(0.868629624416,-0.45));
#917 = CARTESIAN_POINT('',(0.824814775246,-0.45));
#918 = CARTESIAN_POINT('',(0.624125287011,-0.45));
#919 = CARTESIAN_POINT('',(0.467247607645,-0.45));
#920 = CARTESIAN_POINT('',(0.310721201589,-0.45));
#921 = CARTESIAN_POINT('',(0.154872051095,-0.45));
#922 = CARTESIAN_POINT('',(0.,-0.45));
#923 = ( GEOMETRIC_REPRESENTATION_CONTEXT(2)
PARAMETRIC_REPRESENTATION_CONTEXT() REPRESENTATION_CONTEXT('2D SPACE',''
  ) );
#924 = ORIENTED_EDGE('',*,*,#925,.F.);
#925 = EDGE_CURVE('',#926,#875,#928,.T.);
#926 = VERTEX_POINT('',#927);
#927 = CARTESIAN_POINT('',(1.083984375,8.4904296875,3.));
#928 = SURFACE_CURVE('',#929,(#940,#954),.PCURVE_S1.);
#929 = B_SPLINE_CURVE_WITH_KNOTS('',5,(#930,#931,#932,#933,#934,#935,
    #936,#937,#938,#939),.UNSPECIFIED.,.F.,.F.,(6,4,6),(0.,
    0.457667594493,1.),.UNSPECIFIED.);
#930 = CARTESIAN_POINT('',(1.083984375,8.4904296875,3.));
#931 = CARTESIAN_POINT('',(1.055841368895,8.518785898197,3.));
#932 = CARTESIAN_POINT('',(1.026099295287,8.544063321251,3.));
#933 = CARTESIAN_POINT('',(0.994773286262,8.566150355052,3.));
#934 = CARTESIAN_POINT('',(0.961899974315,8.58497297699,3.));
#935 = CARTESIAN_POINT('',(0.886827190097,8.61890636502,3.));
#936 = CARTESIAN_POINT('',(0.844025505108,8.632687201617,3.));
#937 = CARTESIAN_POINT('',(0.799240618531,8.641797639551,3.));
#938 = CARTESIAN_POINT('',(0.752610384568,8.6462890625,3.));
#939 = CARTESIAN_POINT('',(0.704296875,8.6462890625,3.));
#940 = PCURVE('',#126,#941);
#941 = DEFINITIONAL_REPRESENTATION('',(#942),#953);
#942 = B_SPLINE_CURVE_WITH_KNOTS('',5,(#943,#944,#945,#946,#947,#948,
    #949,#950,#951,#952),.UNSPECIFIED.,.F.,.F.,(6,4,6),(0.,
    0.457667594493,1.),.UNSPECIFIED.);
#943 = CARTESIAN_POINT('',(-1.083984375,-8.4904296875));
#944 = CARTESIAN_POINT('',(-1.055841368895,-8.518785898197));
#945 = CARTESIAN_POINT('',(-1.026099295287,-8.544063321251));
#946 = CARTESIAN_POINT('',(-0.994773286262,-8.566150355052));
#947 = CARTESIAN_POINT('',(-0.961899974315,-8.58497297699));
#948 = CARTESIAN_POINT('',(-0.886827190097,-8.61890636502));
#949 = CARTESIAN_POINT('',(-0.844025505108,-8.632687201617));
#950 = CARTESIAN_POINT('',(-0.799240618531,-8.641797639551));
#951 = CARTESIAN_POINT('',(-0.752610384568,-8.6462890625));
#952 = CARTESIAN_POINT('',(-0.704296875,-8.6462890625));
#953 = ( GEOMETRIC_REPRESENTATION_CONTEXT(2)
PARAMETRIC_REPRESENTATION_CONTEXT() REPRESENTATION_CONTEXT('2D SPACE',''
  ) );
#954 = PCURVE('',#955,#962);
#955 = SURFACE_OF_LINEAR_EXTRUSION('',#956,#960);
#956 = B_SPLINE_CURVE_WITH_KNOTS('',2,(#957,#958,#959),.UNSPECIFIED.,.F.
  ,.F.,(3,3),(0.,1.),.PIECEWISE_BEZIER_KNOTS.);
#957 = CARTESIAN_POINT('',(0.704296875,8.6462890625,2.55));
#958 = CARTESIAN_POINT('',(0.929296875,8.6462890625,2.55));
#959 = CARTESIAN_POINT('',(1.083984375,8.4904296875,2.55));
#960 = VECTOR('',#961,1.);
#961 = DIRECTION('',(-0.,-0.,-1.));
#962 = DEFINITIONAL_REPRESENTATION('',(#963),#974);
#963 = B_SPLINE_CURVE_WITH_KNOTS('',5,(#964,#965,#966,#967,#968,#969,
    #970,#971,#972,#973),.UNSPECIFIED.,.F.,.F.,(6,4,6),(0.,
    0.457667594493,1.),.UNSPECIFIED.);
#964 = CARTESIAN_POINT('',(1.,-0.45));
#965 = CARTESIAN_POINT('',(0.909032707539,-0.45));
#966 = CARTESIAN_POINT('',(0.817598435641,-0.45));
#967 = CARTESIAN_POINT('',(0.725842692476,-0.45));
#968 = CARTESIAN_POINT('',(0.63392109172,-0.45));
#969 = CARTESIAN_POINT('',(0.433074248233,-0.45));
#970 = CARTESIAN_POINT('',(0.324144017667,-0.45));
#971 = CARTESIAN_POINT('',(0.215488776384,-0.45));
#972 = CARTESIAN_POINT('',(0.107363354595,-0.45));
#973 = CARTESIAN_POINT('',(0.,-0.45));
#974 = ( GEOMETRIC_REPRESENTATION_CONTEXT(2)
PARAMETRIC_REPRESENTATION_CONTEXT() REPRESENTATION_CONTEXT('2D SPACE',''
  ) );
#975 = ORIENTED_EDGE('',*,*,#976,.F.);
#976 = EDGE_CURVE('',#977,#926,#979,.T.);
#977 = VERTEX_POINT('',#978);
#978 = CARTESIAN_POINT('',(1.238671875,8.0896484375,3.));
#979 = SURFACE_CURVE('',#980,(#991,#1005),.PCURVE_S1.);
#980 = B_SPLINE_CURVE_WITH_KNOTS('',5,(#981,#982,#983,#984,#985,#986,
    #987,#988,#989,#990),.UNSPECIFIED.,.F.,.F.,(6,4,6),(0.,
    0.686407863916,1.),.UNSPECIFIED.);
#981 = CARTESIAN_POINT('',(1.238671875,8.0896484375,3.));
#982 = CARTESIAN_POINT('',(1.238671875,8.155666717868,3.));
#983 = CARTESIAN_POINT('',(1.231647500044,8.218430019342,3.));
#984 = CARTESIAN_POINT('',(1.21726273323,8.27752073702,3.));
#985 = CARTESIAN_POINT('',(1.195364460396,8.332587646359,3.));
#986 = CARTESIAN_POINT('',(1.152713685073,8.406615656526,3.));
#987 = CARTESIAN_POINT('',(1.137798287712,8.428943372509,3.));
#988 = CARTESIAN_POINT('',(1.121354794355,8.450363222636,3.));
#989 = CARTESIAN_POINT('',(1.103405846796,8.470861083342,3.));
#990 = CARTESIAN_POINT('',(1.083984375,8.4904296875,3.));
#991 = PCURVE('',#126,#992);
#992 = DEFINITIONAL_REPRESENTATION('',(#993),#1004);
#993 = B_SPLINE_CURVE_WITH_KNOTS('',5,(#994,#995,#996,#997,#998,#999,
    #1000,#1001,#1002,#1003),.UNSPECIFIED.,.F.,.F.,(6,4,6),(0.,
    0.686407863916,1.),.UNSPECIFIED.);
#994 = CARTESIAN_POINT('',(-1.238671875,-8.0896484375));
#995 = CARTESIAN_POINT('',(-1.238671875,-8.155666717868));
#996 = CARTESIAN_POINT('',(-1.231647500044,-8.218430019342));
#997 = CARTESIAN_POINT('',(-1.21726273323,-8.27752073702));
#998 = CARTESIAN_POINT('',(-1.195364460396,-8.332587646359));
#999 = CARTESIAN_POINT('',(-1.152713685073,-8.406615656526));
#1000 = CARTESIAN_POINT('',(-1.137798287712,-8.428943372509));
#1001 = CARTESIAN_POINT('',(-1.121354794355,-8.450363222636));
#1002 = CARTESIAN_POINT('',(-1.103405846796,-8.470861083342));
#1003 = CARTESIAN_POINT('',(-1.083984375,-8.4904296875));
#1004 = ( GEOMETRIC_REPRESENTATION_CONTEXT(2)
PARAMETRIC_REPRESENTATION_CONTEXT() REPRESENTATION_CONTEXT('2D SPACE',''
  ) );
#1005 = PCURVE('',#1006,#1013);
#1006 = SURFACE_OF_LINEAR_EXTRUSION('',#1007,#1011);
#1007 = B_SPLINE_CURVE_WITH_KNOTS('',2,(#1008,#1009,#1010),
  .UNSPECIFIED.,.F.,.F.,(3,3),(0.,1.),.PIECEWISE_BEZIER_KNOTS.);
#1008 = CARTESIAN_POINT('',(1.083984375,8.4904296875,2.55));
#1009 = CARTESIAN_POINT('',(1.238671875,8.3345703125,2.55));
#1010 = CARTESIAN_POINT('',(1.238671875,8.0896484375,2.55));
#1011 = VECTOR('',#1012,1.);
#1012 = DIRECTION('',(-0.,-0.,-1.));
#1013 = DEFINITIONAL_REPRESENTATION('',(#1014),#1025);
#1014 = B_SPLINE_CURVE_WITH_KNOTS('',5,(#1015,#1016,#1017,#1018,#1019,
    #1020,#1021,#1022,#1023,#1024),.UNSPECIFIED.,.F.,.F.,(6,4,6),(0.,
    0.686407863916,1.),.UNSPECIFIED.);
#1015 = CARTESIAN_POINT('',(1.,-0.45));
#1016 = CARTESIAN_POINT('',(0.865225839121,-0.45));
#1017 = CARTESIAN_POINT('',(0.728840229282,-0.45));
#1018 = CARTESIAN_POINT('',(0.591300746238,-0.45));
#1019 = CARTESIAN_POINT('',(0.453144434519,-0.45));
#1020 = CARTESIAN_POINT('',(0.251887365973,-0.45));
#1021 = CARTESIAN_POINT('',(0.18877465093,-0.45));
#1022 = CARTESIAN_POINT('',(0.12571920519,-0.45));
#1023 = CARTESIAN_POINT('',(6.277647449133E-02,-0.45));
#1024 = CARTESIAN_POINT('',(0.,-0.45));
#1025 = ( GEOMETRIC_REPRESENTATION_CONTEXT(2)
PARAMETRIC_REPRESENTATION_CONTEXT() REPRESENTATION_CONTEXT('2D SPACE',''
  ) );
#1026 = ORIENTED_EDGE('',*,*,#1027,.F.);
#1027 = EDGE_CURVE('',#1028,#977,#1030,.T.);
#1028 = VERTEX_POINT('',#1029);
#1029 = CARTESIAN_POINT('',(1.102734375,7.6865234375,3.));
#1030 = SURFACE_CURVE('',#1031,(#1042,#1056),.PCURVE_S1.);
#1031 = B_SPLINE_CURVE_WITH_KNOTS('',5,(#1032,#1033,#1034,#1035,#1036,
    #1037,#1038,#1039,#1040,#1041),.UNSPECIFIED.,.F.,.F.,(6,4,6),(0.,
    0.344108312917,1.),.UNSPECIFIED.);
#1032 = CARTESIAN_POINT('',(1.102734375,7.6865234375,3.));
#1033 = CARTESIAN_POINT('',(1.121437692064,7.70990258383,3.));
#1034 = CARTESIAN_POINT('',(1.138574562742,7.734082737485,3.));
#1035 = CARTESIAN_POINT('',(1.154116802985,7.759053650842,3.));
#1036 = CARTESIAN_POINT('',(1.168045555362,7.784800039449,3.));
#1037 = CARTESIAN_POINT('',(1.203806777159,7.861815158199,3.));
#1038 = CARTESIAN_POINT('',(1.221366899522,7.915074374507,3.));
#1039 = CARTESIAN_POINT('',(1.232963675727,7.970934388818,3.));
#1040 = CARTESIAN_POINT('',(1.238671875,8.029201425734,3.));
#1041 = CARTESIAN_POINT('',(1.238671875,8.0896484375,3.));
#1042 = PCURVE('',#126,#1043);
#1043 = DEFINITIONAL_REPRESENTATION('',(#1044),#1055);
#1044 = B_SPLINE_CURVE_WITH_KNOTS('',5,(#1045,#1046,#1047,#1048,#1049,
    #1050,#1051,#1052,#1053,#1054),.UNSPECIFIED.,.F.,.F.,(6,4,6),(0.,
    0.344108312917,1.),.UNSPECIFIED.);
#1045 = CARTESIAN_POINT('',(-1.102734375,-7.6865234375));
#1046 = CARTESIAN_POINT('',(-1.121437692064,-7.70990258383));
#1047 = CARTESIAN_POINT('',(-1.138574562742,-7.734082737485));
#1048 = CARTESIAN_POINT('',(-1.154116802985,-7.759053650842));
#1049 = CARTESIAN_POINT('',(-1.168045555362,-7.784800039449));
#1050 = CARTESIAN_POINT('',(-1.203806777159,-7.861815158199));
#1051 = CARTESIAN_POINT('',(-1.221366899522,-7.915074374507));
#1052 = CARTESIAN_POINT('',(-1.232963675727,-7.970934388818));
#1053 = CARTESIAN_POINT('',(-1.238671875,-8.029201425734));
#1054 = CARTESIAN_POINT('',(-1.238671875,-8.0896484375));
#1055 = ( GEOMETRIC_REPRESENTATION_CONTEXT(2)
PARAMETRIC_REPRESENTATION_CONTEXT() REPRESENTATION_CONTEXT('2D SPACE',''
  ) );
#1056 = PCURVE('',#1057,#1064);
#1057 = SURFACE_OF_LINEAR_EXTRUSION('',#1058,#1062);
#1058 = B_SPLINE_CURVE_WITH_KNOTS('',2,(#1059,#1060,#1061),
  .UNSPECIFIED.,.F.,.F.,(3,3),(0.,1.),.PIECEWISE_BEZIER_KNOTS.);
#1059 = CARTESIAN_POINT('',(1.238671875,8.0896484375,2.55));
#1060 = CARTESIAN_POINT('',(1.238671875,7.8564453125,2.55));
#1061 = CARTESIAN_POINT('',(1.102734375,7.6865234375,2.55));
#1062 = VECTOR('',#1063,1.);
#1063 = DIRECTION('',(-0.,-0.,-1.));
#1064 = DEFINITIONAL_REPRESENTATION('',(#1065),#1076);
#1065 = B_SPLINE_CURVE_WITH_KNOTS('',5,(#1066,#1067,#1068,#1069,#1070,
    #1071,#1072,#1073,#1074,#1075),.UNSPECIFIED.,.F.,.F.,(6,4,6),(0.,
    0.344108312917,1.),.UNSPECIFIED.);
#1066 = CARTESIAN_POINT('',(1.,-0.45));
#1067 = CARTESIAN_POINT('',(0.931206190111,-0.45));
#1068 = CARTESIAN_POINT('',(0.862258438189,-0.45));
#1069 = CARTESIAN_POINT('',(0.793206846022,-0.45));
#1070 = CARTESIAN_POINT('',(0.724103005776,-0.45));
#1071 = CARTESIAN_POINT('',(0.523285405091,-0.45));
#1072 = CARTESIAN_POINT('',(0.391568139235,-0.45));
#1073 = CARTESIAN_POINT('',(0.260226602583,-0.45));
#1074 = CARTESIAN_POINT('',(0.129601633268,-0.45));
#1075 = CARTESIAN_POINT('',(0.,-0.45));
#1076 = ( GEOMETRIC_REPRESENTATION_CONTEXT(2)
PARAMETRIC_REPRESENTATION_CONTEXT() REPRESENTATION_CONTEXT('2D SPACE',''
  ) );
#1077 = ORIENTED_EDGE('',*,*,#1078,.F.);
#1078 = EDGE_CURVE('',#1079,#1028,#1081,.T.);
#1079 = VERTEX_POINT('',#1080);
#1080 = CARTESIAN_POINT('',(0.6515625,7.4779296875,3.));
#1081 = SURFACE_CURVE('',#1082,(#1093,#1107),.PCURVE_S1.);
#1082 = B_SPLINE_CURVE_WITH_KNOTS('',5,(#1083,#1084,#1085,#1086,#1087,
    #1088,#1089,#1090,#1091,#1092),.UNSPECIFIED.,.F.,.F.,(6,4,6),(0.,
    0.595379481844,1.),.UNSPECIFIED.);
#1083 = CARTESIAN_POINT('',(0.6515625,7.4779296875,3.));
#1084 = CARTESIAN_POINT('',(0.718081081144,7.4779296875,3.));
#1085 = CARTESIAN_POINT('',(0.781533835323,7.484985173355,3.));
#1086 = CARTESIAN_POINT('',(0.841397729672,7.49952732789,3.));
#1087 = CARTESIAN_POINT('',(0.897211842101,7.521769716663,3.));
#1088 = CARTESIAN_POINT('',(0.983637393629,7.571753560782,3.));
#1089 = CARTESIAN_POINT('',(1.016598358133,7.595452254977,3.));
#1090 = CARTESIAN_POINT('',(1.047456258084,7.622571303787,3.));
#1091 = CARTESIAN_POINT('',(1.076168852408,7.652986820327,3.));
#1092 = CARTESIAN_POINT('',(1.102734375,7.6865234375,3.));
#1093 = PCURVE('',#126,#1094);
#1094 = DEFINITIONAL_REPRESENTATION('',(#1095),#1106);
#1095 = B_SPLINE_CURVE_WITH_KNOTS('',5,(#1096,#1097,#1098,#1099,#1100,
    #1101,#1102,#1103,#1104,#1105),.UNSPECIFIED.,.F.,.F.,(6,4,6),(0.,
    0.595379481844,1.),.UNSPECIFIED.);
#1096 = CARTESIAN_POINT('',(-0.6515625,-7.4779296875));
#1097 = CARTESIAN_POINT('',(-0.718081081144,-7.4779296875));
#1098 = CARTESIAN_POINT('',(-0.781533835323,-7.484985173355));
#1099 = CARTESIAN_POINT('',(-0.841397729672,-7.49952732789));
#1100 = CARTESIAN_POINT('',(-0.897211842101,-7.521769716663));
#1101 = CARTESIAN_POINT('',(-0.983637393629,-7.571753560782));
#1102 = CARTESIAN_POINT('',(-1.016598358133,-7.595452254977));
#1103 = CARTESIAN_POINT('',(-1.047456258084,-7.622571303787));
#1104 = CARTESIAN_POINT('',(-1.076168852408,-7.652986820327));
#1105 = CARTESIAN_POINT('',(-1.102734375,-7.6865234375));
#1106 = ( GEOMETRIC_REPRESENTATION_CONTEXT(2)
PARAMETRIC_REPRESENTATION_CONTEXT() REPRESENTATION_CONTEXT('2D SPACE',''
  ) );
#1107 = PCURVE('',#1108,#1115);
#1108 = SURFACE_OF_LINEAR_EXTRUSION('',#1109,#1113);
#1109 = B_SPLINE_CURVE_WITH_KNOTS('',2,(#1110,#1111,#1112),
  .UNSPECIFIED.,.F.,.F.,(3,3),(0.,1.),.PIECEWISE_BEZIER_KNOTS.);
#1110 = CARTESIAN_POINT('',(1.102734375,7.6865234375,2.55));
#1111 = CARTESIAN_POINT('',(0.9375,7.4779296875,2.55));
#1112 = CARTESIAN_POINT('',(0.6515625,7.4779296875,2.55));
#1113 = VECTOR('',#1114,1.);
#1114 = DIRECTION('',(-0.,-0.,-1.));
#1115 = DEFINITIONAL_REPRESENTATION('',(#1116),#1127);
#1116 = B_SPLINE_CURVE_WITH_KNOTS('',5,(#1117,#1118,#1119,#1120,#1121,
    #1122,#1123,#1124,#1125,#1126),.UNSPECIFIED.,.F.,.F.,(6,4,6),(0.,
    0.595379481844,1.),.UNSPECIFIED.);
#1117 = CARTESIAN_POINT('',(1.,-0.45));
#1118 = CARTESIAN_POINT('',(0.883683355377,-0.45));
#1119 = CARTESIAN_POINT('',(0.765588626702,-0.45));
#1120 = CARTESIAN_POINT('',(0.646194114651,-0.45));
#1121 = CARTESIAN_POINT('',(0.526089706905,-0.45));
#1122 = CARTESIAN_POINT('',(0.324386909669,-0.45));
#1123 = CARTESIAN_POINT('',(0.242770728087,-0.45));
#1124 = CARTESIAN_POINT('',(0.161371150817,-0.45));
#1125 = CARTESIAN_POINT('',(8.038739696789E-02,-0.45));
#1126 = CARTESIAN_POINT('',(0.,-0.45));
#1127 = ( GEOMETRIC_REPRESENTATION_CONTEXT(2)
PARAMETRIC_REPRESENTATION_CONTEXT() REPRESENTATION_CONTEXT('2D SPACE',''
  ) );
#1128 = ORIENTED_EDGE('',*,*,#1129,.F.);
#1129 = EDGE_CURVE('',#1130,#1079,#1132,.T.);
#1130 = VERTEX_POINT('',#1131);
#1131 = CARTESIAN_POINT('',(0.2689453125,7.6091796875,3.));
#1132 = SURFACE_CURVE('',#1133,(#1144,#1158),.PCURVE_S1.);
#1133 = B_SPLINE_CURVE_WITH_KNOTS('',5,(#1134,#1135,#1136,#1137,#1138,
    #1139,#1140,#1141,#1142,#1143),.UNSPECIFIED.,.F.,.F.,(6,4,6),(0.,
    0.178685217139,1.),.UNSPECIFIED.);
#1134 = CARTESIAN_POINT('',(0.2689453125,7.6091796875,3.));
#1135 = CARTESIAN_POINT('',(0.279608847673,7.599738454778,3.));
#1136 = CARTESIAN_POINT('',(0.290558328383,7.590715136315,3.));
#1137 = CARTESIAN_POINT('',(0.301792098705,7.582113066055,3.));
#1138 = CARTESIAN_POINT('',(0.313307966442,7.573934814258,3.));
#1139 = CARTESIAN_POINT('',(0.379319228434,7.530547751342,3.));
#1140 = CARTESIAN_POINT('',(0.439443149766,7.503901837507,3.));
#1141 = CARTESIAN_POINT('',(0.505195253022,7.486434600867,3.));
#1142 = CARTESIAN_POINT('',(0.576095609219,7.4779296875,3.));
#1143 = CARTESIAN_POINT('',(0.6515625,7.4779296875,3.));
#1144 = PCURVE('',#126,#1145);
#1145 = DEFINITIONAL_REPRESENTATION('',(#1146),#1157);
#1146 = B_SPLINE_CURVE_WITH_KNOTS('',5,(#1147,#1148,#1149,#1150,#1151,
    #1152,#1153,#1154,#1155,#1156),.UNSPECIFIED.,.F.,.F.,(6,4,6),(0.,
    0.178685217139,1.),.UNSPECIFIED.);
#1147 = CARTESIAN_POINT('',(-0.2689453125,-7.6091796875));
#1148 = CARTESIAN_POINT('',(-0.279608847673,-7.599738454778));
#1149 = CARTESIAN_POINT('',(-0.290558328383,-7.590715136315));
#1150 = CARTESIAN_POINT('',(-0.301792098705,-7.582113066055));
#1151 = CARTESIAN_POINT('',(-0.313307966442,-7.573934814258));
#1152 = CARTESIAN_POINT('',(-0.379319228434,-7.530547751342));
#1153 = CARTESIAN_POINT('',(-0.439443149766,-7.503901837507));
#1154 = CARTESIAN_POINT('',(-0.505195253022,-7.486434600867));
#1155 = CARTESIAN_POINT('',(-0.576095609219,-7.4779296875));
#1156 = CARTESIAN_POINT('',(-0.6515625,-7.4779296875));
#1157 = ( GEOMETRIC_REPRESENTATION_CONTEXT(2)
PARAMETRIC_REPRESENTATION_CONTEXT() REPRESENTATION_CONTEXT('2D SPACE',''
  ) );
#1158 = PCURVE('',#1159,#1166);
#1159 = SURFACE_OF_LINEAR_EXTRUSION('',#1160,#1164);
#1160 = B_SPLINE_CURVE_WITH_KNOTS('',2,(#1161,#1162,#1163),
  .UNSPECIFIED.,.F.,.F.,(3,3),(0.,1.),.PIECEWISE_BEZIER_KNOTS.);
#1161 = CARTESIAN_POINT('',(0.6515625,7.4779296875,2.55));
#1162 = CARTESIAN_POINT('',(0.4171875,7.4779296875,2.55));
#1163 = CARTESIAN_POINT('',(0.2689453125,7.6091796875,2.55));
#1164 = VECTOR('',#1165,1.);
#1165 = DIRECTION('',(-0.,-0.,-1.));
#1166 = DEFINITIONAL_REPRESENTATION('',(#1167),#1178);
#1167 = B_SPLINE_CURVE_WITH_KNOTS('',5,(#1168,#1169,#1170,#1171,#1172,
    #1173,#1174,#1175,#1176,#1177),.UNSPECIFIED.,.F.,.F.,(6,4,6),(0.,
    0.178685217139,1.),.UNSPECIFIED.);
#1168 = CARTESIAN_POINT('',(1.,-0.45));
#1169 = CARTESIAN_POINT('',(0.964033399155,-0.45));
#1170 = CARTESIAN_POINT('',(0.928041861125,-0.45));
#1171 = CARTESIAN_POINT('',(0.892033586073,-0.45));
#1172 = CARTESIAN_POINT('',(0.856016849051,-0.45));
#1173 = CARTESIAN_POINT('',(0.654450935386,-0.45));
#1174 = CARTESIAN_POINT('',(0.48888229051,-0.45));
#1175 = CARTESIAN_POINT('',(0.324157005601,-0.45));
#1176 = CARTESIAN_POINT('',(0.160996033666,-0.45));
#1177 = CARTESIAN_POINT('',(0.,-0.45));
#1178 = ( GEOMETRIC_REPRESENTATION_CONTEXT(2)
PARAMETRIC_REPRESENTATION_CONTEXT() REPRESENTATION_CONTEXT('2D SPACE',''
  ) );
#1179 = ORIENTED_EDGE('',*,*,#1180,.F.);
#1180 = EDGE_CURVE('',#321,#1130,#1181,.T.);
#1181 = SURFACE_CURVE('',#1182,(#1193,#1207),.PCURVE_S1.);
#1182 = B_SPLINE_CURVE_WITH_KNOTS('',5,(#1183,#1184,#1185,#1186,#1187,
    #1188,#1189,#1190,#1191,#1192),.UNSPECIFIED.,.F.,.F.,(6,4,6),(0.,
    0.676038710654,1.),.UNSPECIFIED.);
#1183 = CARTESIAN_POINT('',(9.9609375E-02,7.9572265625,3.));
#1184 = CARTESIAN_POINT('',(0.105235743114,7.899400001328,3.));
#1185 = CARTESIAN_POINT('',(0.11656621607,7.84486009365,3.));
#1186 = CARTESIAN_POINT('',(0.133788291459,7.793896033872,3.));
#1187 = CARTESIAN_POINT('',(0.156971148398,7.746738120054,3.));
#1188 = CARTESIAN_POINT('',(0.199937321016,7.68282159693,3.));
#1189 = CARTESIAN_POINT('',(0.215203670095,7.663021189746,3.));
#1190 = CARTESIAN_POINT('',(0.231806726399,7.644141941042,3.));
#1191 = CARTESIAN_POINT('',(0.249728907256,7.626193421787,3.));
#1192 = CARTESIAN_POINT('',(0.2689453125,7.6091796875,3.));
#1193 = PCURVE('',#126,#1194);
#1194 = DEFINITIONAL_REPRESENTATION('',(#1195),#1206);
#1195 = B_SPLINE_CURVE_WITH_KNOTS('',5,(#1196,#1197,#1198,#1199,#1200,
    #1201,#1202,#1203,#1204,#1205),.UNSPECIFIED.,.F.,.F.,(6,4,6),(0.,
    0.676038710654,1.),.UNSPECIFIED.);
#1196 = CARTESIAN_POINT('',(-9.9609375E-02,-7.9572265625));
#1197 = CARTESIAN_POINT('',(-0.105235743114,-7.899400001328));
#1198 = CARTESIAN_POINT('',(-0.11656621607,-7.84486009365));
#1199 = CARTESIAN_POINT('',(-0.133788291459,-7.793896033872));
#1200 = CARTESIAN_POINT('',(-0.156971148398,-7.746738120054));
#1201 = CARTESIAN_POINT('',(-0.199937321016,-7.68282159693));
#1202 = CARTESIAN_POINT('',(-0.215203670095,-7.663021189746));
#1203 = CARTESIAN_POINT('',(-0.231806726399,-7.644141941042));
#1204 = CARTESIAN_POINT('',(-0.249728907256,-7.626193421787));
#1205 = CARTESIAN_POINT('',(-0.2689453125,-7.6091796875));
#1206 = ( GEOMETRIC_REPRESENTATION_CONTEXT(2)
PARAMETRIC_REPRESENTATION_CONTEXT() REPRESENTATION_CONTEXT('2D SPACE',''
  ) );
#1207 = PCURVE('',#1208,#1215);
#1208 = SURFACE_OF_LINEAR_EXTRUSION('',#1209,#1213);
#1209 = B_SPLINE_CURVE_WITH_KNOTS('',2,(#1210,#1211,#1212),
  .UNSPECIFIED.,.F.,.F.,(3,3),(0.,1.),.PIECEWISE_BEZIER_KNOTS.);
#1210 = CARTESIAN_POINT('',(0.2689453125,7.6091796875,2.55));
#1211 = CARTESIAN_POINT('',(0.120703125,7.7404296875,2.55));
#1212 = CARTESIAN_POINT('',(9.9609375E-02,7.9572265625,2.55));
#1213 = VECTOR('',#1214,1.);
#1214 = DIRECTION('',(-0.,-0.,-1.));
#1215 = DEFINITIONAL_REPRESENTATION('',(#1216),#1227);
#1216 = B_SPLINE_CURVE_WITH_KNOTS('',5,(#1217,#1218,#1219,#1220,#1221,
    #1222,#1223,#1224,#1225,#1226),.UNSPECIFIED.,.F.,.F.,(6,4,6),(0.,
    0.676038710654,1.),.UNSPECIFIED.);
#1217 = CARTESIAN_POINT('',(1.,-0.45));
#1218 = CARTESIAN_POINT('',(0.866634237296,-0.45));
#1219 = CARTESIAN_POINT('',(0.732075492741,-0.45));
#1220 = CARTESIAN_POINT('',(0.596676692153,-0.45));
#1221 = CARTESIAN_POINT('',(0.460835589537,-0.45));
#1222 = CARTESIAN_POINT('',(0.259906874367,-0.45));
#1223 = CARTESIAN_POINT('',(0.194813346398,-0.45));
#1224 = CARTESIAN_POINT('',(0.129767022142,-0.45));
#1225 = CARTESIAN_POINT('',(6.481422585516E-02,-0.45));
#1226 = CARTESIAN_POINT('',(0.,-0.45));
#1227 = ( GEOMETRIC_REPRESENTATION_CONTEXT(2)
PARAMETRIC_REPRESENTATION_CONTEXT() REPRESENTATION_CONTEXT('2D SPACE',''
  ) );
#1228 = FACE_BOUND('',#1229,.T.);
#1229 = EDGE_LOOP('',(#1230,#1258,#1284,#1310,#1349,#1385,#1411,#1450,
    #1489));
#1230 = ORIENTED_EDGE('',*,*,#1231,.F.);
#1231 = EDGE_CURVE('',#1232,#1234,#1236,.T.);
#1232 = VERTEX_POINT('',#1233);
#1233 = CARTESIAN_POINT('',(-0.440625,7.5072265625,3.));
#1234 = VERTEX_POINT('',#1235);
#1235 = CARTESIAN_POINT('',(-0.440625,9.2322265625,3.));
#1236 = SURFACE_CURVE('',#1237,(#1241,#1247),.PCURVE_S1.);
#1237 = LINE('',#1238,#1239);
#1238 = CARTESIAN_POINT('',(-0.440625,4.61611328125,3.));
#1239 = VECTOR('',#1240,1.);
#1240 = DIRECTION('',(0.,1.,-1.224646799147E-16));
#1241 = PCURVE('',#126,#1242);
#1242 = DEFINITIONAL_REPRESENTATION('',(#1243),#1246);
#1243 = B_SPLINE_CURVE_WITH_KNOTS('',1,(#1244,#1245),.UNSPECIFIED.,.F.,
  .F.,(2,2),(2.89111328125,4.61611328125),.PIECEWISE_BEZIER_KNOTS.);
#1244 = CARTESIAN_POINT('',(0.440625,-7.5072265625));
#1245 = CARTESIAN_POINT('',(0.440625,-9.2322265625));
#1246 = ( GEOMETRIC_REPRESENTATION_CONTEXT(2)
PARAMETRIC_REPRESENTATION_CONTEXT() REPRESENTATION_CONTEXT('2D SPACE',''
  ) );
#1247 = PCURVE('',#1248,#1253);
#1248 = PLANE('',#1249);
#1249 = AXIS2_PLACEMENT_3D('',#1250,#1251,#1252);
#1250 = CARTESIAN_POINT('',(-0.440625,9.2322265625,2.55));
#1251 = DIRECTION('',(1.,0.,0.));
#1252 = DIRECTION('',(0.,-1.,0.));
#1253 = DEFINITIONAL_REPRESENTATION('',(#1254),#1257);
#1254 = B_SPLINE_CURVE_WITH_KNOTS('',1,(#1255,#1256),.UNSPECIFIED.,.F.,
  .F.,(2,2),(2.89111328125,4.61611328125),.PIECEWISE_BEZIER_KNOTS.);
#1255 = CARTESIAN_POINT('',(1.725,-0.45));
#1256 = CARTESIAN_POINT('',(0.,-0.45));
#1257 = ( GEOMETRIC_REPRESENTATION_CONTEXT(2)
PARAMETRIC_REPRESENTATION_CONTEXT() REPRESENTATION_CONTEXT('2D SPACE',''
  ) );
#1258 = ORIENTED_EDGE('',*,*,#1259,.F.);
#1259 = EDGE_CURVE('',#1260,#1232,#1262,.T.);
#1260 = VERTEX_POINT('',#1261);
#1261 = CARTESIAN_POINT('',(-0.6515625,7.5072265625,3.));
#1262 = SURFACE_CURVE('',#1263,(#1267,#1273),.PCURVE_S1.);
#1263 = LINE('',#1264,#1265);
#1264 = CARTESIAN_POINT('',(-0.2203125,7.5072265625,3.));
#1265 = VECTOR('',#1266,1.);
#1266 = DIRECTION('',(1.,0.,0.));
#1267 = PCURVE('',#126,#1268);
#1268 = DEFINITIONAL_REPRESENTATION('',(#1269),#1272);
#1269 = B_SPLINE_CURVE_WITH_KNOTS('',1,(#1270,#1271),.UNSPECIFIED.,.F.,
  .F.,(2,2),(-0.43125,-0.2203125),.PIECEWISE_BEZIER_KNOTS.);
#1270 = CARTESIAN_POINT('',(0.6515625,-7.5072265625));
#1271 = CARTESIAN_POINT('',(0.440625,-7.5072265625));
#1272 = ( GEOMETRIC_REPRESENTATION_CONTEXT(2)
PARAMETRIC_REPRESENTATION_CONTEXT() REPRESENTATION_CONTEXT('2D SPACE',''
  ) );
#1273 = PCURVE('',#1274,#1279);
#1274 = PLANE('',#1275);
#1275 = AXIS2_PLACEMENT_3D('',#1276,#1277,#1278);
#1276 = CARTESIAN_POINT('',(-0.440625,7.5072265625,2.55));
#1277 = DIRECTION('',(0.,-1.,0.));
#1278 = DIRECTION('',(-1.,0.,0.));
#1279 = DEFINITIONAL_REPRESENTATION('',(#1280),#1283);
#1280 = B_SPLINE_CURVE_WITH_KNOTS('',1,(#1281,#1282),.UNSPECIFIED.,.F.,
  .F.,(2,2),(-0.43125,-0.2203125),.PIECEWISE_BEZIER_KNOTS.);
#1281 = CARTESIAN_POINT('',(0.2109375,-0.45));
#1282 = CARTESIAN_POINT('',(0.,-0.45));
#1283 = ( GEOMETRIC_REPRESENTATION_CONTEXT(2)
PARAMETRIC_REPRESENTATION_CONTEXT() REPRESENTATION_CONTEXT('2D SPACE',''
  ) );
#1284 = ORIENTED_EDGE('',*,*,#1285,.F.);
#1285 = EDGE_CURVE('',#1286,#1260,#1288,.T.);
#1286 = VERTEX_POINT('',#1287);
#1287 = CARTESIAN_POINT('',(-0.6515625,8.8513671875,3.));
#1288 = SURFACE_CURVE('',#1289,(#1293,#1299),.PCURVE_S1.);
#1289 = LINE('',#1290,#1291);
#1290 = CARTESIAN_POINT('',(-0.6515625,3.75361328125,3.));
#1291 = VECTOR('',#1292,1.);
#1292 = DIRECTION('',(0.,-1.,1.224646799147E-16));
#1293 = PCURVE('',#126,#1294);
#1294 = DEFINITIONAL_REPRESENTATION('',(#1295),#1298);
#1295 = B_SPLINE_CURVE_WITH_KNOTS('',1,(#1296,#1297),.UNSPECIFIED.,.F.,
  .F.,(2,2),(-5.09775390625,-3.75361328125),.PIECEWISE_BEZIER_KNOTS.);
#1296 = CARTESIAN_POINT('',(0.6515625,-8.8513671875));
#1297 = CARTESIAN_POINT('',(0.6515625,-7.5072265625));
#1298 = ( GEOMETRIC_REPRESENTATION_CONTEXT(2)
PARAMETRIC_REPRESENTATION_CONTEXT() REPRESENTATION_CONTEXT('2D SPACE',''
  ) );
#1299 = PCURVE('',#1300,#1305);
#1300 = PLANE('',#1301);
#1301 = AXIS2_PLACEMENT_3D('',#1302,#1303,#1304);
#1302 = CARTESIAN_POINT('',(-0.6515625,7.5072265625,2.55));
#1303 = DIRECTION('',(-1.,0.,0.));
#1304 = DIRECTION('',(0.,1.,0.));
#1305 = DEFINITIONAL_REPRESENTATION('',(#1306),#1309);
#1306 = B_SPLINE_CURVE_WITH_KNOTS('',1,(#1307,#1308),.UNSPECIFIED.,.F.,
  .F.,(2,2),(-5.09775390625,-3.75361328125),.PIECEWISE_BEZIER_KNOTS.);
#1307 = CARTESIAN_POINT('',(1.344140625,-0.45));
#1308 = CARTESIAN_POINT('',(0.,-0.45));
#1309 = ( GEOMETRIC_REPRESENTATION_CONTEXT(2)
PARAMETRIC_REPRESENTATION_CONTEXT() REPRESENTATION_CONTEXT('2D SPACE',''
  ) );
#1310 = ORIENTED_EDGE('',*,*,#1311,.F.);
#1311 = EDGE_CURVE('',#1312,#1286,#1314,.T.);
#1312 = VERTEX_POINT('',#1313);
#1313 = CARTESIAN_POINT('',(-0.8513671875,8.7060546875,3.));
#1314 = SURFACE_CURVE('',#1315,(#1322,#1332),.PCURVE_S1.);
#1315 = B_SPLINE_CURVE_WITH_KNOTS('',5,(#1316,#1317,#1318,#1319,#1320,
    #1321),.UNSPECIFIED.,.F.,.F.,(6,6),(0.,1.),
  .PIECEWISE_BEZIER_KNOTS.);
#1316 = CARTESIAN_POINT('',(-0.8513671875,8.7060546875,3.));
#1317 = CARTESIAN_POINT('',(-0.802384599845,8.734840663184,3.));
#1318 = CARTESIAN_POINT('',(-0.75779507202,8.763781286516,3.));
#1319 = CARTESIAN_POINT('',(-0.717724725503,8.792861228623,3.));
#1320 = CARTESIAN_POINT('',(-0.682284535917,8.822063091702,3.));
#1321 = CARTESIAN_POINT('',(-0.6515625,8.8513671875,3.));
#1322 = PCURVE('',#126,#1323);
#1323 = DEFINITIONAL_REPRESENTATION('',(#1324),#1331);
#1324 = B_SPLINE_CURVE_WITH_KNOTS('',5,(#1325,#1326,#1327,#1328,#1329,
    #1330),.UNSPECIFIED.,.F.,.F.,(6,6),(0.,1.),
  .PIECEWISE_BEZIER_KNOTS.);
#1325 = CARTESIAN_POINT('',(0.8513671875,-8.7060546875));
#1326 = CARTESIAN_POINT('',(0.802384599845,-8.734840663184));
#1327 = CARTESIAN_POINT('',(0.75779507202,-8.763781286516));
#1328 = CARTESIAN_POINT('',(0.717724725503,-8.792861228623));
#1329 = CARTESIAN_POINT('',(0.682284535917,-8.822063091702));
#1330 = CARTESIAN_POINT('',(0.6515625,-8.8513671875));
#1331 = ( GEOMETRIC_REPRESENTATION_CONTEXT(2)
PARAMETRIC_REPRESENTATION_CONTEXT() REPRESENTATION_CONTEXT('2D SPACE',''
  ) );
#1332 = PCURVE('',#1333,#1340);
#1333 = SURFACE_OF_LINEAR_EXTRUSION('',#1334,#1338);
#1334 = B_SPLINE_CURVE_WITH_KNOTS('',2,(#1335,#1336,#1337),
  .UNSPECIFIED.,.F.,.F.,(3,3),(0.,1.),.PIECEWISE_BEZIER_KNOTS.);
#1335 = CARTESIAN_POINT('',(-0.6515625,8.8513671875,2.55));
#1336 = CARTESIAN_POINT('',(-0.727734375,8.7787109375,2.55));
#1337 = CARTESIAN_POINT('',(-0.8513671875,8.7060546875,2.55));
#1338 = VECTOR('',#1339,1.);
#1339 = DIRECTION('',(-0.,-0.,-1.));
#1340 = DEFINITIONAL_REPRESENTATION('',(#1341),#1348);
#1341 = B_SPLINE_CURVE_WITH_KNOTS('',5,(#1342,#1343,#1344,#1345,#1346,
    #1347),.UNSPECIFIED.,.F.,.F.,(6,6),(0.,1.),
  .PIECEWISE_BEZIER_KNOTS.);
#1342 = CARTESIAN_POINT('',(1.,-0.45));
#1343 = CARTESIAN_POINT('',(0.801902963037,-0.45));
#1344 = CARTESIAN_POINT('',(0.602741684189,-0.45));
#1345 = CARTESIAN_POINT('',(0.402621652485,-0.45));
#1346 = CARTESIAN_POINT('',(0.201662594739,-0.45));
#1347 = CARTESIAN_POINT('',(0.,-0.45));
#1348 = ( GEOMETRIC_REPRESENTATION_CONTEXT(2)
PARAMETRIC_REPRESENTATION_CONTEXT() REPRESENTATION_CONTEXT('2D SPACE',''
  ) );
#1349 = ORIENTED_EDGE('',*,*,#1350,.F.);
#1350 = EDGE_CURVE('',#1351,#1312,#1353,.T.);
#1351 = VERTEX_POINT('',#1352);
#1352 = CARTESIAN_POINT('',(-1.0734375,8.5970703125,3.));
#1353 = SURFACE_CURVE('',#1354,(#1360,#1369),.PCURVE_S1.);
#1354 = B_SPLINE_CURVE_WITH_KNOTS('',4,(#1355,#1356,#1357,#1358,#1359),
  .UNSPECIFIED.,.F.,.F.,(5,5),(0.,1.),.PIECEWISE_BEZIER_KNOTS.);
#1355 = CARTESIAN_POINT('',(-1.0734375,8.5970703125,3.));
#1356 = CARTESIAN_POINT('',(-1.023801501454,8.615388359582,3.));
#1357 = CARTESIAN_POINT('',(-0.970137347509,8.639774998033,3.));
#1358 = CARTESIAN_POINT('',(-0.912597024787,8.670071276014,3.));
#1359 = CARTESIAN_POINT('',(-0.8513671875,8.7060546875,3.));
#1360 = PCURVE('',#126,#1361);
#1361 = DEFINITIONAL_REPRESENTATION('',(#1362),#1368);
#1362 = B_SPLINE_CURVE_WITH_KNOTS('',4,(#1363,#1364,#1365,#1366,#1367),
  .UNSPECIFIED.,.F.,.F.,(5,5),(0.,1.),.PIECEWISE_BEZIER_KNOTS.);
#1363 = CARTESIAN_POINT('',(1.0734375,-8.5970703125));
#1364 = CARTESIAN_POINT('',(1.023801501454,-8.615388359582));
#1365 = CARTESIAN_POINT('',(0.970137347509,-8.639774998033));
#1366 = CARTESIAN_POINT('',(0.912597024787,-8.670071276014));
#1367 = CARTESIAN_POINT('',(0.8513671875,-8.7060546875));
#1368 = ( GEOMETRIC_REPRESENTATION_CONTEXT(2)
PARAMETRIC_REPRESENTATION_CONTEXT() REPRESENTATION_CONTEXT('2D SPACE',''
  ) );
#1369 = PCURVE('',#1370,#1377);
#1370 = SURFACE_OF_LINEAR_EXTRUSION('',#1371,#1375);
#1371 = B_SPLINE_CURVE_WITH_KNOTS('',2,(#1372,#1373,#1374),
  .UNSPECIFIED.,.F.,.F.,(3,3),(0.,1.),.PIECEWISE_BEZIER_KNOTS.);
#1372 = CARTESIAN_POINT('',(-0.8513671875,8.7060546875,2.55));
#1373 = CARTESIAN_POINT('',(-0.975,8.6333984375,2.55));
#1374 = CARTESIAN_POINT('',(-1.0734375,8.5970703125,2.55));
#1375 = VECTOR('',#1376,1.);
#1376 = DIRECTION('',(-0.,-0.,-1.));
#1377 = DEFINITIONAL_REPRESENTATION('',(#1378),#1384);
#1378 = B_SPLINE_CURVE_WITH_KNOTS('',4,(#1379,#1380,#1381,#1382,#1383),
  .UNSPECIFIED.,.F.,.F.,(5,5),(0.,1.),.PIECEWISE_BEZIER_KNOTS.);
#1379 = CARTESIAN_POINT('',(1.,-0.45));
#1380 = CARTESIAN_POINT('',(0.747880642308,-0.45));
#1381 = CARTESIAN_POINT('',(0.496994906669,-0.45));
#1382 = CARTESIAN_POINT('',(0.247627777969,-0.45));
#1383 = CARTESIAN_POINT('',(0.,-0.45));
#1384 = ( GEOMETRIC_REPRESENTATION_CONTEXT(2)
PARAMETRIC_REPRESENTATION_CONTEXT() REPRESENTATION_CONTEXT('2D SPACE',''
  ) );
#1385 = ORIENTED_EDGE('',*,*,#1386,.F.);
#1386 = EDGE_CURVE('',#1387,#1351,#1389,.T.);
#1387 = VERTEX_POINT('',#1388);
#1388 = CARTESIAN_POINT('',(-1.0734375,8.8009765625,3.));
#1389 = SURFACE_CURVE('',#1390,(#1394,#1400),.PCURVE_S1.);
#1390 = LINE('',#1391,#1392);
#1391 = CARTESIAN_POINT('',(-1.0734375,4.29853515625,3.));
#1392 = VECTOR('',#1393,1.);
#1393 = DIRECTION('',(0.,-1.,1.224646799147E-16));
#1394 = PCURVE('',#126,#1395);
#1395 = DEFINITIONAL_REPRESENTATION('',(#1396),#1399);
#1396 = B_SPLINE_CURVE_WITH_KNOTS('',1,(#1397,#1398),.UNSPECIFIED.,.F.,
  .F.,(2,2),(-4.50244140625,-4.29853515625),.PIECEWISE_BEZIER_KNOTS.);
#1397 = CARTESIAN_POINT('',(1.0734375,-8.8009765625));
#1398 = CARTESIAN_POINT('',(1.0734375,-8.5970703125));
#1399 = ( GEOMETRIC_REPRESENTATION_CONTEXT(2)
PARAMETRIC_REPRESENTATION_CONTEXT() REPRESENTATION_CONTEXT('2D SPACE',''
  ) );
#1400 = PCURVE('',#1401,#1406);
#1401 = PLANE('',#1402);
#1402 = AXIS2_PLACEMENT_3D('',#1403,#1404,#1405);
#1403 = CARTESIAN_POINT('',(-1.0734375,8.5970703125,2.55));
#1404 = DIRECTION('',(-1.,0.,0.));
#1405 = DIRECTION('',(0.,1.,0.));
#1406 = DEFINITIONAL_REPRESENTATION('',(#1407),#1410);
#1407 = B_SPLINE_CURVE_WITH_KNOTS('',1,(#1408,#1409),.UNSPECIFIED.,.F.,
  .F.,(2,2),(-4.50244140625,-4.29853515625),.PIECEWISE_BEZIER_KNOTS.);
#1408 = CARTESIAN_POINT('',(0.20390625,-0.45));
#1409 = CARTESIAN_POINT('',(0.,-0.45));
#1410 = ( GEOMETRIC_REPRESENTATION_CONTEXT(2)
PARAMETRIC_REPRESENTATION_CONTEXT() REPRESENTATION_CONTEXT('2D SPACE',''
  ) );
#1411 = ORIENTED_EDGE('',*,*,#1412,.F.);
#1412 = EDGE_CURVE('',#1413,#1387,#1415,.T.);
#1413 = VERTEX_POINT('',#1414);
#1414 = CARTESIAN_POINT('',(-0.7640625,9.0025390625,3.));
#1415 = SURFACE_CURVE('',#1416,(#1423,#1433),.PCURVE_S1.);
#1416 = B_SPLINE_CURVE_WITH_KNOTS('',5,(#1417,#1418,#1419,#1420,#1421,
    #1422),.UNSPECIFIED.,.F.,.F.,(6,6),(0.,1.),
  .PIECEWISE_BEZIER_KNOTS.);
#1417 = CARTESIAN_POINT('',(-0.7640625,9.0025390625,3.));
#1418 = CARTESIAN_POINT('',(-0.817294455301,8.954960058204,3.));
#1419 = CARTESIAN_POINT('',(-0.874941681317,8.911005192112,3.));
#1420 = CARTESIAN_POINT('',(-0.936925130326,8.870698352356,3.));
#1421 = CARTESIAN_POINT('',(-1.003134983455,8.834032712663,3.));
#1422 = CARTESIAN_POINT('',(-1.0734375,8.8009765625,3.));
#1423 = PCURVE('',#126,#1424);
#1424 = DEFINITIONAL_REPRESENTATION('',(#1425),#1432);
#1425 = B_SPLINE_CURVE_WITH_KNOTS('',5,(#1426,#1427,#1428,#1429,#1430,
    #1431),.UNSPECIFIED.,.F.,.F.,(6,6),(0.,1.),
  .PIECEWISE_BEZIER_KNOTS.);
#1426 = CARTESIAN_POINT('',(0.7640625,-9.0025390625));
#1427 = CARTESIAN_POINT('',(0.817294455301,-8.954960058204));
#1428 = CARTESIAN_POINT('',(0.874941681317,-8.911005192112));
#1429 = CARTESIAN_POINT('',(0.936925130326,-8.870698352356));
#1430 = CARTESIAN_POINT('',(1.003134983455,-8.834032712663));
#1431 = CARTESIAN_POINT('',(1.0734375,-8.8009765625));
#1432 = ( GEOMETRIC_REPRESENTATION_CONTEXT(2)
PARAMETRIC_REPRESENTATION_CONTEXT() REPRESENTATION_CONTEXT('2D SPACE',''
  ) );
#1433 = PCURVE('',#1434,#1441);
#1434 = SURFACE_OF_LINEAR_EXTRUSION('',#1435,#1439);
#1435 = B_SPLINE_CURVE_WITH_KNOTS('',2,(#1436,#1437,#1438),
  .UNSPECIFIED.,.F.,.F.,(3,3),(0.,1.),.PIECEWISE_BEZIER_KNOTS.);
#1436 = CARTESIAN_POINT('',(-1.0734375,8.8009765625,2.55));
#1437 = CARTESIAN_POINT('',(-0.896484375,8.8841796875,2.55));
#1438 = CARTESIAN_POINT('',(-0.7640625,9.0025390625,2.55));
#1439 = VECTOR('',#1440,1.);
#1440 = DIRECTION('',(-0.,-0.,-1.));
#1441 = DEFINITIONAL_REPRESENTATION('',(#1442),#1449);
#1442 = B_SPLINE_CURVE_WITH_KNOTS('',5,(#1443,#1444,#1445,#1446,#1447,
    #1448),.UNSPECIFIED.,.F.,.F.,(6,6),(0.,1.),
  .PIECEWISE_BEZIER_KNOTS.);
#1443 = CARTESIAN_POINT('',(1.,-0.45));
#1444 = CARTESIAN_POINT('',(0.799006186474,-0.45));
#1445 = CARTESIAN_POINT('',(0.598322817827,-0.45));
#1446 = CARTESIAN_POINT('',(0.398143463111,-0.45));
#1447 = CARTESIAN_POINT('',(0.198647287366,-0.45));
#1448 = CARTESIAN_POINT('',(0.,-0.45));
#1449 = ( GEOMETRIC_REPRESENTATION_CONTEXT(2)
PARAMETRIC_REPRESENTATION_CONTEXT() REPRESENTATION_CONTEXT('2D SPACE',''
  ) );
#1450 = ORIENTED_EDGE('',*,*,#1451,.F.);
#1451 = EDGE_CURVE('',#1452,#1413,#1454,.T.);
#1452 = VERTEX_POINT('',#1453);
#1453 = CARTESIAN_POINT('',(-0.5765625,9.2322265625,3.));
#1454 = SURFACE_CURVE('',#1455,(#1462,#1472),.PCURVE_S1.);
#1455 = B_SPLINE_CURVE_WITH_KNOTS('',5,(#1456,#1457,#1458,#1459,#1460,
    #1461),.UNSPECIFIED.,.F.,.F.,(6,6),(0.,1.),
  .PIECEWISE_BEZIER_KNOTS.);
#1456 = CARTESIAN_POINT('',(-0.5765625,9.2322265625,3.));
#1457 = CARTESIAN_POINT('',(-0.598883686013,9.187109271623,3.));
#1458 = CARTESIAN_POINT('',(-0.629037030401,9.141486830448,3.));
#1459 = CARTESIAN_POINT('',(-0.666828357843,9.09545698244,3.));
#1460 = CARTESIAN_POINT('',(-0.711955455634,9.049112615429,3.));
#1461 = CARTESIAN_POINT('',(-0.7640625,9.0025390625,3.));
#1462 = PCURVE('',#126,#1463);
#1463 = DEFINITIONAL_REPRESENTATION('',(#1464),#1471);
#1464 = B_SPLINE_CURVE_WITH_KNOTS('',5,(#1465,#1466,#1467,#1468,#1469,
    #1470),.UNSPECIFIED.,.F.,.F.,(6,6),(0.,1.),
  .PIECEWISE_BEZIER_KNOTS.);
#1465 = CARTESIAN_POINT('',(0.5765625,-9.2322265625));
#1466 = CARTESIAN_POINT('',(0.598883686013,-9.187109271623));
#1467 = CARTESIAN_POINT('',(0.629037030401,-9.141486830448));
#1468 = CARTESIAN_POINT('',(0.666828357843,-9.09545698244));
#1469 = CARTESIAN_POINT('',(0.711955455634,-9.049112615429));
#1470 = CARTESIAN_POINT('',(0.7640625,-9.0025390625));
#1471 = ( GEOMETRIC_REPRESENTATION_CONTEXT(2)
PARAMETRIC_REPRESENTATION_CONTEXT() REPRESENTATION_CONTEXT('2D SPACE',''
  ) );
#1472 = PCURVE('',#1473,#1480);
#1473 = SURFACE_OF_LINEAR_EXTRUSION('',#1474,#1478);
#1474 = B_SPLINE_CURVE_WITH_KNOTS('',2,(#1475,#1476,#1477),
  .UNSPECIFIED.,.F.,.F.,(3,3),(0.,1.),.PIECEWISE_BEZIER_KNOTS.);
#1475 = CARTESIAN_POINT('',(-0.7640625,9.0025390625,2.55));
#1476 = CARTESIAN_POINT('',(-0.631640625,9.1208984375,2.55));
#1477 = CARTESIAN_POINT('',(-0.5765625,9.2322265625,2.55));
#1478 = VECTOR('',#1479,1.);
#1479 = DIRECTION('',(-0.,-0.,-1.));
#1480 = DEFINITIONAL_REPRESENTATION('',(#1481),#1488);
#1481 = B_SPLINE_CURVE_WITH_KNOTS('',5,(#1482,#1483,#1484,#1485,#1486,
    #1487),.UNSPECIFIED.,.F.,.F.,(6,6),(0.,1.),
  .PIECEWISE_BEZIER_KNOTS.);
#1482 = CARTESIAN_POINT('',(1.,-0.45));
#1483 = CARTESIAN_POINT('',(0.797367956765,-0.45));
#1484 = CARTESIAN_POINT('',(0.595708741355,-0.45));
#1485 = CARTESIAN_POINT('',(0.395399001603,-0.45));
#1486 = CARTESIAN_POINT('',(0.196746362209,-0.45));
#1487 = CARTESIAN_POINT('',(0.,-0.45));
#1488 = ( GEOMETRIC_REPRESENTATION_CONTEXT(2)
PARAMETRIC_REPRESENTATION_CONTEXT() REPRESENTATION_CONTEXT('2D SPACE',''
  ) );
#1489 = ORIENTED_EDGE('',*,*,#1490,.F.);
#1490 = EDGE_CURVE('',#1234,#1452,#1491,.T.);
#1491 = SURFACE_CURVE('',#1492,(#1496,#1502),.PCURVE_S1.);
#1492 = LINE('',#1493,#1494);
#1493 = CARTESIAN_POINT('',(-0.28828125,9.2322265625,3.));
#1494 = VECTOR('',#1495,1.);
#1495 = DIRECTION('',(-1.,0.,-0.));
#1496 = PCURVE('',#126,#1497);
#1497 = DEFINITIONAL_REPRESENTATION('',(#1498),#1501);
#1498 = B_SPLINE_CURVE_WITH_KNOTS('',1,(#1499,#1500),.UNSPECIFIED.,.F.,
  .F.,(2,2),(0.15234375,0.28828125),.PIECEWISE_BEZIER_KNOTS.);
#1499 = CARTESIAN_POINT('',(0.440625,-9.2322265625));
#1500 = CARTESIAN_POINT('',(0.5765625,-9.2322265625));
#1501 = ( GEOMETRIC_REPRESENTATION_CONTEXT(2)
PARAMETRIC_REPRESENTATION_CONTEXT() REPRESENTATION_CONTEXT('2D SPACE',''
  ) );
#1502 = PCURVE('',#1503,#1508);
#1503 = PLANE('',#1504);
#1504 = AXIS2_PLACEMENT_3D('',#1505,#1506,#1507);
#1505 = CARTESIAN_POINT('',(-0.5765625,9.2322265625,2.55));
#1506 = DIRECTION('',(0.,1.,0.));
#1507 = DIRECTION('',(1.,0.,0.));
#1508 = DEFINITIONAL_REPRESENTATION('',(#1509),#1512);
#1509 = B_SPLINE_CURVE_WITH_KNOTS('',1,(#1510,#1511),.UNSPECIFIED.,.F.,
  .F.,(2,2),(0.15234375,0.28828125),.PIECEWISE_BEZIER_KNOTS.);
#1510 = CARTESIAN_POINT('',(0.1359375,-0.45));
#1511 = CARTESIAN_POINT('',(0.,-0.45));
#1512 = ( GEOMETRIC_REPRESENTATION_CONTEXT(2)
PARAMETRIC_REPRESENTATION_CONTEXT() REPRESENTATION_CONTEXT('2D SPACE',''
  ) );
#1513 = FACE_BOUND('',#1514,.T.);
#1514 = EDGE_LOOP('',(#1515,#1545,#1574,#1602));
#1515 = ORIENTED_EDGE('',*,*,#1516,.F.);
#1516 = EDGE_CURVE('',#1517,#1519,#1521,.T.);
#1517 = VERTEX_POINT('',#1518);
#1518 = CARTESIAN_POINT('',(-12.,-6.35,3.));
#1519 = VERTEX_POINT('',#1520);
#1520 = CARTESIAN_POINT('',(12.,-6.35,3.));
#1521 = SURFACE_CURVE('',#1522,(#1526,#1533),.PCURVE_S1.);
#1522 = LINE('',#1523,#1524);
#1523 = CARTESIAN_POINT('',(-12.,-6.35,3.));
#1524 = VECTOR('',#1525,1.);
#1525 = DIRECTION('',(1.,0.,0.));
#1526 = PCURVE('',#126,#1527);
#1527 = DEFINITIONAL_REPRESENTATION('',(#1528),#1532);
#1528 = LINE('',#1529,#1530);
#1529 = CARTESIAN_POINT('',(12.,6.35));
#1530 = VECTOR('',#1531,1.);
#1531 = DIRECTION('',(-1.,0.));
#1532 = ( GEOMETRIC_REPRESENTATION_CONTEXT(2)
PARAMETRIC_REPRESENTATION_CONTEXT() REPRESENTATION_CONTEXT('2D SPACE',''
  ) );
#1533 = PCURVE('',#1534,#1539);
#1534 = PLANE('',#1535);
#1535 = AXIS2_PLACEMENT_3D('',#1536,#1537,#1538);
#1536 = CARTESIAN_POINT('',(-12.,-6.35,23.));
#1537 = DIRECTION('',(0.,-1.,1.224646799147E-16));
#1538 = DIRECTION('',(1.,0.,0.));
#1539 = DEFINITIONAL_REPRESENTATION('',(#1540),#1544);
#1540 = LINE('',#1541,#1542);
#1541 = CARTESIAN_POINT('',(0.,-20.));
#1542 = VECTOR('',#1543,1.);
#1543 = DIRECTION('',(1.,0.));
#1544 = ( GEOMETRIC_REPRESENTATION_CONTEXT(2)
PARAMETRIC_REPRESENTATION_CONTEXT() REPRESENTATION_CONTEXT('2D SPACE',''
  ) );
#1545 = ORIENTED_EDGE('',*,*,#1546,.F.);
#1546 = EDGE_CURVE('',#1547,#1517,#1549,.T.);
#1547 = VERTEX_POINT('',#1548);
#1548 = CARTESIAN_POINT('',(-12.,6.35,3.));
#1549 = SURFACE_CURVE('',#1550,(#1555,#1562),.PCURVE_S1.);
#1550 = CIRCLE('',#1551,6.35);
#1551 = AXIS2_PLACEMENT_3D('',#1552,#1553,#1554);
#1552 = CARTESIAN_POINT('',(-12.,-3.012564267848E-15,3.));
#1553 = DIRECTION('',(0.,1.224646799147E-16,1.));
#1554 = DIRECTION('',(-2.797412345512E-16,1.,-1.224646799147E-16));
#1555 = PCURVE('',#126,#1556);
#1556 = DEFINITIONAL_REPRESENTATION('',(#1557),#1561);
#1557 = CIRCLE('',#1558,6.35);
#1558 = AXIS2_PLACEMENT_2D('',#1559,#1560);
#1559 = CARTESIAN_POINT('',(12.,7.553092467853E-16));
#1560 = DIRECTION('',(2.797412345512E-16,-1.));
#1561 = ( GEOMETRIC_REPRESENTATION_CONTEXT(2)
PARAMETRIC_REPRESENTATION_CONTEXT() REPRESENTATION_CONTEXT('2D SPACE',''
  ) );
#1562 = PCURVE('',#1563,#1568);
#1563 = CYLINDRICAL_SURFACE('',#1564,6.35);
#1564 = AXIS2_PLACEMENT_3D('',#1565,#1566,#1567);
#1565 = CARTESIAN_POINT('',(-12.,-5.632706695528E-16,23.));
#1566 = DIRECTION('',(0.,1.224646799147E-16,1.));
#1567 = DIRECTION('',(-2.797412345512E-16,1.,-1.224646799147E-16));
#1568 = DEFINITIONAL_REPRESENTATION('',(#1569),#1573);
#1569 = LINE('',#1570,#1571);
#1570 = CARTESIAN_POINT('',(0.,-20.));
#1571 = VECTOR('',#1572,1.);
#1572 = DIRECTION('',(1.,0.));
#1573 = ( GEOMETRIC_REPRESENTATION_CONTEXT(2)
PARAMETRIC_REPRESENTATION_CONTEXT() REPRESENTATION_CONTEXT('2D SPACE',''
  ) );
#1574 = ORIENTED_EDGE('',*,*,#1575,.F.);
#1575 = EDGE_CURVE('',#1576,#1547,#1578,.T.);
#1576 = VERTEX_POINT('',#1577);
#1577 = CARTESIAN_POINT('',(12.,6.35,3.));
#1578 = SURFACE_CURVE('',#1579,(#1583,#1590),.PCURVE_S1.);
#1579 = LINE('',#1580,#1581);
#1580 = CARTESIAN_POINT('',(12.,6.35,3.));
#1581 = VECTOR('',#1582,1.);
#1582 = DIRECTION('',(-1.,-0.,0.));
#1583 = PCURVE('',#126,#1584);
#1584 = DEFINITIONAL_REPRESENTATION('',(#1585),#1589);
#1585 = LINE('',#1586,#1587);
#1586 = CARTESIAN_POINT('',(-12.,-6.35));
#1587 = VECTOR('',#1588,1.);
#1588 = DIRECTION('',(1.,0.));
#1589 = ( GEOMETRIC_REPRESENTATION_CONTEXT(2)
PARAMETRIC_REPRESENTATION_CONTEXT() REPRESENTATION_CONTEXT('2D SPACE',''
  ) );
#1590 = PCURVE('',#1591,#1596);
#1591 = PLANE('',#1592);
#1592 = AXIS2_PLACEMENT_3D('',#1593,#1594,#1595);
#1593 = CARTESIAN_POINT('',(12.,6.35,23.));
#1594 = DIRECTION('',(0.,1.,-1.224646799147E-16));
#1595 = DIRECTION('',(-1.,-0.,0.));
#1596 = DEFINITIONAL_REPRESENTATION('',(#1597),#1601);
#1597 = LINE('',#1598,#1599);
#1598 = CARTESIAN_POINT('',(0.,-20.));
#1599 = VECTOR('',#1600,1.);
#1600 = DIRECTION('',(1.,0.));
#1601 = ( GEOMETRIC_REPRESENTATION_CONTEXT(2)
PARAMETRIC_REPRESENTATION_CONTEXT() REPRESENTATION_CONTEXT('2D SPACE',''
  ) );
#1602 = ORIENTED_EDGE('',*,*,#1603,.F.);
#1603 = EDGE_CURVE('',#1519,#1576,#1604,.T.);
#1604 = SURFACE_CURVE('',#1605,(#1610,#1617),.PCURVE_S1.);
#1605 = CIRCLE('',#1606,6.35);
#1606 = AXIS2_PLACEMENT_3D('',#1607,#1608,#1609);
#1607 = CARTESIAN_POINT('',(12.,-1.886022928742E-15,3.));
#1608 = DIRECTION('',(0.,1.224646799147E-16,1.));
#1609 = DIRECTION('',(2.797412345512E-16,-1.,1.224646799147E-16));
#1610 = PCURVE('',#126,#1611);
#1611 = DEFINITIONAL_REPRESENTATION('',(#1612),#1616);
#1612 = CIRCLE('',#1613,6.35);
#1613 = AXIS2_PLACEMENT_2D('',#1614,#1615);
#1614 = CARTESIAN_POINT('',(-12.,-3.712320923203E-16));
#1615 = DIRECTION('',(-2.797412345512E-16,1.));
#1616 = ( GEOMETRIC_REPRESENTATION_CONTEXT(2)
PARAMETRIC_REPRESENTATION_CONTEXT() REPRESENTATION_CONTEXT('2D SPACE',''
  ) );
#1617 = PCURVE('',#1618,#1623);
#1618 = CYLINDRICAL_SURFACE('',#1619,6.35);
#1619 = AXIS2_PLACEMENT_3D('',#1620,#1621,#1622);
#1620 = CARTESIAN_POINT('',(12.,5.632706695528E-16,23.));
#1621 = DIRECTION('',(0.,1.224646799147E-16,1.));
#1622 = DIRECTION('',(2.797412345512E-16,-1.,1.224646799147E-16));
#1623 = DEFINITIONAL_REPRESENTATION('',(#1624),#1628);
#1624 = LINE('',#1625,#1626);
#1625 = CARTESIAN_POINT('',(0.,-20.));
#1626 = VECTOR('',#1627,1.);
#1627 = DIRECTION('',(1.,0.));
#1628 = ( GEOMETRIC_REPRESENTATION_CONTEXT(2)
PARAMETRIC_REPRESENTATION_CONTEXT() REPRESENTATION_CONTEXT('2D SPACE',''
  ) );
#1629 = ADVANCED_FACE('',(#1630,#1656),#72,.F.);
#1630 = FACE_BOUND('',#1631,.F.);
#1631 = EDGE_LOOP('',(#1632,#1633,#1634,#1655));
#1632 = ORIENTED_EDGE('',*,*,#56,.T.);
#1633 = ORIENTED_EDGE('',*,*,#220,.T.);
#1634 = ORIENTED_EDGE('',*,*,#1635,.T.);
#1635 = EDGE_CURVE('',#221,#144,#1636,.T.);
#1636 = SURFACE_CURVE('',#1637,(#1641,#1648),.PCURVE_S1.);
#1637 = LINE('',#1638,#1639);
#1638 = CARTESIAN_POINT('',(12.,10.5,0.));
#1639 = VECTOR('',#1640,1.);
#1640 = DIRECTION('',(-1.,-0.,0.));
#1641 = PCURVE('',#72,#1642);
#1642 = DEFINITIONAL_REPRESENTATION('',(#1643),#1647);
#1643 = LINE('',#1644,#1645);
#1644 = CARTESIAN_POINT('',(-12.,-10.5));
#1645 = VECTOR('',#1646,1.);
#1646 = DIRECTION('',(1.,0.));
#1647 = ( GEOMETRIC_REPRESENTATION_CONTEXT(2)
PARAMETRIC_REPRESENTATION_CONTEXT() REPRESENTATION_CONTEXT('2D SPACE',''
  ) );
#1648 = PCURVE('',#159,#1649);
#1649 = DEFINITIONAL_REPRESENTATION('',(#1650),#1654);
#1650 = LINE('',#1651,#1652);
#1651 = CARTESIAN_POINT('',(-0.,-3.));
#1652 = VECTOR('',#1653,1.);
#1653 = DIRECTION('',(1.,0.));
#1654 = ( GEOMETRIC_REPRESENTATION_CONTEXT(2)
PARAMETRIC_REPRESENTATION_CONTEXT() REPRESENTATION_CONTEXT('2D SPACE',''
  ) );
#1655 = ORIENTED_EDGE('',*,*,#171,.T.);
#1656 = FACE_BOUND('',#1657,.F.);
#1657 = EDGE_LOOP('',(#1658,#1688,#1717,#1745));
#1658 = ORIENTED_EDGE('',*,*,#1659,.F.);
#1659 = EDGE_CURVE('',#1660,#1662,#1664,.T.);
#1660 = VERTEX_POINT('',#1661);
#1661 = CARTESIAN_POINT('',(-12.,-4.75,0.));
#1662 = VERTEX_POINT('',#1663);
#1663 = CARTESIAN_POINT('',(12.,-4.75,0.));
#1664 = SURFACE_CURVE('',#1665,(#1669,#1676),.PCURVE_S1.);
#1665 = LINE('',#1666,#1667);
#1666 = CARTESIAN_POINT('',(-6.,-4.75,0.));
#1667 = VECTOR('',#1668,1.);
#1668 = DIRECTION('',(1.,0.,0.));
#1669 = PCURVE('',#72,#1670);
#1670 = DEFINITIONAL_REPRESENTATION('',(#1671),#1675);
#1671 = LINE('',#1672,#1673);
#1672 = CARTESIAN_POINT('',(6.,4.75));
#1673 = VECTOR('',#1674,1.);
#1674 = DIRECTION('',(-1.,0.));
#1675 = ( GEOMETRIC_REPRESENTATION_CONTEXT(2)
PARAMETRIC_REPRESENTATION_CONTEXT() REPRESENTATION_CONTEXT('2D SPACE',''
  ) );
#1676 = PCURVE('',#1677,#1682);
#1677 = PLANE('',#1678);
#1678 = AXIS2_PLACEMENT_3D('',#1679,#1680,#1681);
#1679 = CARTESIAN_POINT('',(-12.,-4.75,24.));
#1680 = DIRECTION('',(0.,-1.,1.224646799147E-16));
#1681 = DIRECTION('',(1.,0.,0.));
#1682 = DEFINITIONAL_REPRESENTATION('',(#1683),#1687);
#1683 = LINE('',#1684,#1685);
#1684 = CARTESIAN_POINT('',(6.,-24.));
#1685 = VECTOR('',#1686,1.);
#1686 = DIRECTION('',(1.,0.));
#1687 = ( GEOMETRIC_REPRESENTATION_CONTEXT(2)
PARAMETRIC_REPRESENTATION_CONTEXT() REPRESENTATION_CONTEXT('2D SPACE',''
  ) );
#1688 = ORIENTED_EDGE('',*,*,#1689,.F.);
#1689 = EDGE_CURVE('',#1690,#1660,#1692,.T.);
#1690 = VERTEX_POINT('',#1691);
#1691 = CARTESIAN_POINT('',(-12.,4.75,0.));
#1692 = SURFACE_CURVE('',#1693,(#1698,#1705),.PCURVE_S1.);
#1693 = CIRCLE('',#1694,4.75);
#1694 = AXIS2_PLACEMENT_3D('',#1695,#1696,#1697);
#1695 = CARTESIAN_POINT('',(-12.,-3.160145363376E-15,0.));
#1696 = DIRECTION('',(0.,1.224646799147E-16,1.));
#1697 = DIRECTION('',(0.,1.,-1.224646799147E-16));
#1698 = PCURVE('',#72,#1699);
#1699 = DEFINITIONAL_REPRESENTATION('',(#1700),#1704);
#1700 = CIRCLE('',#1701,4.75);
#1701 = AXIS2_PLACEMENT_2D('',#1702,#1703);
#1702 = CARTESIAN_POINT('',(12.,5.354963025695E-16));
#1703 = DIRECTION('',(-0.,-1.));
#1704 = ( GEOMETRIC_REPRESENTATION_CONTEXT(2)
PARAMETRIC_REPRESENTATION_CONTEXT() REPRESENTATION_CONTEXT('2D SPACE',''
  ) );
#1705 = PCURVE('',#1706,#1711);
#1706 = CYLINDRICAL_SURFACE('',#1707,4.75);
#1707 = AXIS2_PLACEMENT_3D('',#1708,#1709,#1710);
#1708 = CARTESIAN_POINT('',(-12.,-2.209930454223E-16,24.));
#1709 = DIRECTION('',(0.,1.224646799147E-16,1.));
#1710 = DIRECTION('',(0.,1.,-1.224646799147E-16));
#1711 = DEFINITIONAL_REPRESENTATION('',(#1712),#1716);
#1712 = LINE('',#1713,#1714);
#1713 = CARTESIAN_POINT('',(0.,-24.));
#1714 = VECTOR('',#1715,1.);
#1715 = DIRECTION('',(1.,0.));
#1716 = ( GEOMETRIC_REPRESENTATION_CONTEXT(2)
PARAMETRIC_REPRESENTATION_CONTEXT() REPRESENTATION_CONTEXT('2D SPACE',''
  ) );
#1717 = ORIENTED_EDGE('',*,*,#1718,.F.);
#1718 = EDGE_CURVE('',#1719,#1690,#1721,.T.);
#1719 = VERTEX_POINT('',#1720);
#1720 = CARTESIAN_POINT('',(12.,4.75,0.));
#1721 = SURFACE_CURVE('',#1722,(#1726,#1733),.PCURVE_S1.);
#1722 = LINE('',#1723,#1724);
#1723 = CARTESIAN_POINT('',(6.,4.75,0.));
#1724 = VECTOR('',#1725,1.);
#1725 = DIRECTION('',(-1.,-0.,0.));
#1726 = PCURVE('',#72,#1727);
#1727 = DEFINITIONAL_REPRESENTATION('',(#1728),#1732);
#1728 = LINE('',#1729,#1730);
#1729 = CARTESIAN_POINT('',(-6.,-4.75));
#1730 = VECTOR('',#1731,1.);
#1731 = DIRECTION('',(1.,0.));
#1732 = ( GEOMETRIC_REPRESENTATION_CONTEXT(2)
PARAMETRIC_REPRESENTATION_CONTEXT() REPRESENTATION_CONTEXT('2D SPACE',''
  ) );
#1733 = PCURVE('',#1734,#1739);
#1734 = PLANE('',#1735);
#1735 = AXIS2_PLACEMENT_3D('',#1736,#1737,#1738);
#1736 = CARTESIAN_POINT('',(12.,4.75,24.));
#1737 = DIRECTION('',(0.,1.,-1.224646799147E-16));
#1738 = DIRECTION('',(-1.,-0.,0.));
#1739 = DEFINITIONAL_REPRESENTATION('',(#1740),#1744);
#1740 = LINE('',#1741,#1742);
#1741 = CARTESIAN_POINT('',(6.,-24.));
#1742 = VECTOR('',#1743,1.);
#1743 = DIRECTION('',(1.,0.));
#1744 = ( GEOMETRIC_REPRESENTATION_CONTEXT(2)
PARAMETRIC_REPRESENTATION_CONTEXT() REPRESENTATION_CONTEXT('2D SPACE',''
  ) );
#1745 = ORIENTED_EDGE('',*,*,#1746,.F.);
#1746 = EDGE_CURVE('',#1662,#1719,#1747,.T.);
#1747 = SURFACE_CURVE('',#1748,(#1753,#1760),.PCURVE_S1.);
#1748 = CIRCLE('',#1749,4.75);
#1749 = AXIS2_PLACEMENT_3D('',#1750,#1751,#1752);
#1750 = CARTESIAN_POINT('',(12.,-2.473229912702E-15,0.));
#1751 = DIRECTION('',(-0.,1.224646799147E-16,1.));
#1752 = DIRECTION('',(0.,-1.,1.224646799147E-16));
#1753 = PCURVE('',#72,#1754);
#1754 = DEFINITIONAL_REPRESENTATION('',(#1755),#1759);
#1755 = CIRCLE('',#1756,4.75);
#1756 = AXIS2_PLACEMENT_2D('',#1757,#1758);
#1757 = CARTESIAN_POINT('',(-12.,-1.514191481046E-16));
#1758 = DIRECTION('',(0.,1.));
#1759 = ( GEOMETRIC_REPRESENTATION_CONTEXT(2)
PARAMETRIC_REPRESENTATION_CONTEXT() REPRESENTATION_CONTEXT('2D SPACE',''
  ) );
#1760 = PCURVE('',#1761,#1766);
#1761 = CYLINDRICAL_SURFACE('',#1762,4.75);
#1762 = AXIS2_PLACEMENT_3D('',#1763,#1764,#1765);
#1763 = CARTESIAN_POINT('',(12.,4.659224052518E-16,24.));
#1764 = DIRECTION('',(0.,1.224646799147E-16,1.));
#1765 = DIRECTION('',(0.,-1.,1.224646799147E-16));
#1766 = DEFINITIONAL_REPRESENTATION('',(#1767),#1771);
#1767 = LINE('',#1768,#1769);
#1768 = CARTESIAN_POINT('',(0.,-24.));
#1769 = VECTOR('',#1770,1.);
#1770 = DIRECTION('',(1.,0.));
#1771 = ( GEOMETRIC_REPRESENTATION_CONTEXT(2)
PARAMETRIC_REPRESENTATION_CONTEXT() REPRESENTATION_CONTEXT('2D SPACE',''
  ) );
#1772 = ADVANCED_FACE('',(#1773),#159,.T.);
#1773 = FACE_BOUND('',#1774,.T.);
#1774 = EDGE_LOOP('',(#1775,#1776,#1777,#1778));
#1775 = ORIENTED_EDGE('',*,*,#244,.T.);
#1776 = ORIENTED_EDGE('',*,*,#1635,.T.);
#1777 = ORIENTED_EDGE('',*,*,#141,.F.);
#1778 = ORIENTED_EDGE('',*,*,#294,.F.);
#1779 = ADVANCED_FACE('',(#1780),#335,.F.);
#1780 = FACE_BOUND('',#1781,.F.);
#1781 = EDGE_LOOP('',(#1782,#1812,#1833,#1834));
#1782 = ORIENTED_EDGE('',*,*,#1783,.F.);
#1783 = EDGE_CURVE('',#1784,#1786,#1788,.T.);
#1784 = VERTEX_POINT('',#1785);
#1785 = CARTESIAN_POINT('',(9.9609375E-02,7.9572265625,2.55));
#1786 = VERTEX_POINT('',#1787);
#1787 = CARTESIAN_POINT('',(0.32109375,7.9759765625,2.55));
#1788 = SURFACE_CURVE('',#1789,(#1793,#1800),.PCURVE_S1.);
#1789 = LINE('',#1790,#1791);
#1790 = CARTESIAN_POINT('',(9.9609375E-02,7.9572265625,2.55));
#1791 = VECTOR('',#1792,1.);
#1792 = DIRECTION('',(0.996435819697,8.43543551066E-02,0.));
#1793 = PCURVE('',#335,#1794);
#1794 = DEFINITIONAL_REPRESENTATION('',(#1795),#1799);
#1795 = LINE('',#1796,#1797);
#1796 = CARTESIAN_POINT('',(0.,0.));
#1797 = VECTOR('',#1798,1.);
#1798 = DIRECTION('',(1.,0.));
#1799 = ( GEOMETRIC_REPRESENTATION_CONTEXT(2)
PARAMETRIC_REPRESENTATION_CONTEXT() REPRESENTATION_CONTEXT('2D SPACE',''
  ) );
#1800 = PCURVE('',#1801,#1806);
#1801 = PLANE('',#1802);
#1802 = AXIS2_PLACEMENT_3D('',#1803,#1804,#1805);
#1803 = CARTESIAN_POINT('',(0.,7.5072265625,2.55));
#1804 = DIRECTION('',(0.,0.,1.));
#1805 = DIRECTION('',(1.,0.,0.));
#1806 = DEFINITIONAL_REPRESENTATION('',(#1807),#1811);
#1807 = LINE('',#1808,#1809);
#1808 = CARTESIAN_POINT('',(9.9609375E-02,0.45));
#1809 = VECTOR('',#1810,1.);
#1810 = DIRECTION('',(0.996435819697,8.43543551066E-02));
#1811 = ( GEOMETRIC_REPRESENTATION_CONTEXT(2)
PARAMETRIC_REPRESENTATION_CONTEXT() REPRESENTATION_CONTEXT('2D SPACE',''
  ) );
#1812 = ORIENTED_EDGE('',*,*,#1813,.T.);
#1813 = EDGE_CURVE('',#1784,#321,#1814,.T.);
#1814 = SURFACE_CURVE('',#1815,(#1819,#1826),.PCURVE_S1.);
#1815 = LINE('',#1816,#1817);
#1816 = CARTESIAN_POINT('',(9.9609375E-02,7.9572265625,2.55));
#1817 = VECTOR('',#1818,1.);
#1818 = DIRECTION('',(0.,0.,1.));
#1819 = PCURVE('',#335,#1820);
#1820 = DEFINITIONAL_REPRESENTATION('',(#1821),#1825);
#1821 = LINE('',#1822,#1823);
#1822 = CARTESIAN_POINT('',(0.,0.));
#1823 = VECTOR('',#1824,1.);
#1824 = DIRECTION('',(0.,-1.));
#1825 = ( GEOMETRIC_REPRESENTATION_CONTEXT(2)
PARAMETRIC_REPRESENTATION_CONTEXT() REPRESENTATION_CONTEXT('2D SPACE',''
  ) );
#1826 = PCURVE('',#1208,#1827);
#1827 = DEFINITIONAL_REPRESENTATION('',(#1828),#1832);
#1828 = LINE('',#1829,#1830);
#1829 = CARTESIAN_POINT('',(1.,0.));
#1830 = VECTOR('',#1831,1.);
#1831 = DIRECTION('',(0.,-1.));
#1832 = ( GEOMETRIC_REPRESENTATION_CONTEXT(2)
PARAMETRIC_REPRESENTATION_CONTEXT() REPRESENTATION_CONTEXT('2D SPACE',''
  ) );
#1833 = ORIENTED_EDGE('',*,*,#318,.F.);
#1834 = ORIENTED_EDGE('',*,*,#1835,.F.);
#1835 = EDGE_CURVE('',#1786,#319,#1836,.T.);
#1836 = SURFACE_CURVE('',#1837,(#1841,#1848),.PCURVE_S1.);
#1837 = LINE('',#1838,#1839);
#1838 = CARTESIAN_POINT('',(0.32109375,7.9759765625,2.55));
#1839 = VECTOR('',#1840,1.);
#1840 = DIRECTION('',(0.,0.,1.));
#1841 = PCURVE('',#335,#1842);
#1842 = DEFINITIONAL_REPRESENTATION('',(#1843),#1847);
#1843 = LINE('',#1844,#1845);
#1844 = CARTESIAN_POINT('',(0.222276608911,0.));
#1845 = VECTOR('',#1846,1.);
#1846 = DIRECTION('',(0.,-1.));
#1847 = ( GEOMETRIC_REPRESENTATION_CONTEXT(2)
PARAMETRIC_REPRESENTATION_CONTEXT() REPRESENTATION_CONTEXT('2D SPACE',''
  ) );
#1848 = PCURVE('',#368,#1849);
#1849 = DEFINITIONAL_REPRESENTATION('',(#1850),#1854);
#1850 = LINE('',#1851,#1852);
#1851 = CARTESIAN_POINT('',(0.,0.));
#1852 = VECTOR('',#1853,1.);
#1853 = DIRECTION('',(0.,-1.));
#1854 = ( GEOMETRIC_REPRESENTATION_CONTEXT(2)
PARAMETRIC_REPRESENTATION_CONTEXT() REPRESENTATION_CONTEXT('2D SPACE',''
  ) );
#1855 = ADVANCED_FACE('',(#1856),#1208,.F.);
#1856 = FACE_BOUND('',#1857,.F.);
#1857 = EDGE_LOOP('',(#1858,#1881,#1902,#1903));
#1858 = ORIENTED_EDGE('',*,*,#1859,.F.);
#1859 = EDGE_CURVE('',#1860,#1784,#1862,.T.);
#1860 = VERTEX_POINT('',#1861);
#1861 = CARTESIAN_POINT('',(0.2689453125,7.6091796875,2.55));
#1862 = SURFACE_CURVE('',#1863,(#1867,#1874),.PCURVE_S1.);
#1863 = B_SPLINE_CURVE_WITH_KNOTS('',2,(#1864,#1865,#1866),
  .UNSPECIFIED.,.F.,.F.,(3,3),(0.,1.),.PIECEWISE_BEZIER_KNOTS.);
#1864 = CARTESIAN_POINT('',(0.2689453125,7.6091796875,2.55));
#1865 = CARTESIAN_POINT('',(0.120703125,7.7404296875,2.55));
#1866 = CARTESIAN_POINT('',(9.9609375E-02,7.9572265625,2.55));
#1867 = PCURVE('',#1208,#1868);
#1868 = DEFINITIONAL_REPRESENTATION('',(#1869),#1873);
#1869 = LINE('',#1870,#1871);
#1870 = CARTESIAN_POINT('',(0.,0.));
#1871 = VECTOR('',#1872,1.);
#1872 = DIRECTION('',(1.,0.));
#1873 = ( GEOMETRIC_REPRESENTATION_CONTEXT(2)
PARAMETRIC_REPRESENTATION_CONTEXT() REPRESENTATION_CONTEXT('2D SPACE',''
  ) );
#1874 = PCURVE('',#1801,#1875);
#1875 = DEFINITIONAL_REPRESENTATION('',(#1876),#1880);
#1876 = B_SPLINE_CURVE_WITH_KNOTS('',2,(#1877,#1878,#1879),
  .UNSPECIFIED.,.F.,.F.,(3,3),(0.,1.),.PIECEWISE_BEZIER_KNOTS.);
#1877 = CARTESIAN_POINT('',(0.2689453125,0.101953125));
#1878 = CARTESIAN_POINT('',(0.120703125,0.233203125));
#1879 = CARTESIAN_POINT('',(9.9609375E-02,0.45));
#1880 = ( GEOMETRIC_REPRESENTATION_CONTEXT(2)
PARAMETRIC_REPRESENTATION_CONTEXT() REPRESENTATION_CONTEXT('2D SPACE',''
  ) );
#1881 = ORIENTED_EDGE('',*,*,#1882,.T.);
#1882 = EDGE_CURVE('',#1860,#1130,#1883,.T.);
#1883 = SURFACE_CURVE('',#1884,(#1888,#1895),.PCURVE_S1.);
#1884 = LINE('',#1885,#1886);
#1885 = CARTESIAN_POINT('',(0.2689453125,7.6091796875,2.55));
#1886 = VECTOR('',#1887,1.);
#1887 = DIRECTION('',(0.,0.,1.));
#1888 = PCURVE('',#1208,#1889);
#1889 = DEFINITIONAL_REPRESENTATION('',(#1890),#1894);
#1890 = LINE('',#1891,#1892);
#1891 = CARTESIAN_POINT('',(0.,0.));
#1892 = VECTOR('',#1893,1.);
#1893 = DIRECTION('',(0.,-1.));
#1894 = ( GEOMETRIC_REPRESENTATION_CONTEXT(2)
PARAMETRIC_REPRESENTATION_CONTEXT() REPRESENTATION_CONTEXT('2D SPACE',''
  ) );
#1895 = PCURVE('',#1159,#1896);
#1896 = DEFINITIONAL_REPRESENTATION('',(#1897),#1901);
#1897 = LINE('',#1898,#1899);
#1898 = CARTESIAN_POINT('',(1.,0.));
#1899 = VECTOR('',#1900,1.);
#1900 = DIRECTION('',(0.,-1.));
#1901 = ( GEOMETRIC_REPRESENTATION_CONTEXT(2)
PARAMETRIC_REPRESENTATION_CONTEXT() REPRESENTATION_CONTEXT('2D SPACE',''
  ) );
#1902 = ORIENTED_EDGE('',*,*,#1180,.F.);
#1903 = ORIENTED_EDGE('',*,*,#1813,.F.);
#1904 = ADVANCED_FACE('',(#1905),#1159,.F.);
#1905 = FACE_BOUND('',#1906,.F.);
#1906 = EDGE_LOOP('',(#1907,#1930,#1951,#1952));
#1907 = ORIENTED_EDGE('',*,*,#1908,.F.);
#1908 = EDGE_CURVE('',#1909,#1860,#1911,.T.);
#1909 = VERTEX_POINT('',#1910);
#1910 = CARTESIAN_POINT('',(0.6515625,7.4779296875,2.55));
#1911 = SURFACE_CURVE('',#1912,(#1916,#1923),.PCURVE_S1.);
#1912 = B_SPLINE_CURVE_WITH_KNOTS('',2,(#1913,#1914,#1915),
  .UNSPECIFIED.,.F.,.F.,(3,3),(0.,1.),.PIECEWISE_BEZIER_KNOTS.);
#1913 = CARTESIAN_POINT('',(0.6515625,7.4779296875,2.55));
#1914 = CARTESIAN_POINT('',(0.4171875,7.4779296875,2.55));
#1915 = CARTESIAN_POINT('',(0.2689453125,7.6091796875,2.55));
#1916 = PCURVE('',#1159,#1917);
#1917 = DEFINITIONAL_REPRESENTATION('',(#1918),#1922);
#1918 = LINE('',#1919,#1920);
#1919 = CARTESIAN_POINT('',(0.,0.));
#1920 = VECTOR('',#1921,1.);
#1921 = DIRECTION('',(1.,0.));
#1922 = ( GEOMETRIC_REPRESENTATION_CONTEXT(2)
PARAMETRIC_REPRESENTATION_CONTEXT() REPRESENTATION_CONTEXT('2D SPACE',''
  ) );
#1923 = PCURVE('',#1801,#1924);
#1924 = DEFINITIONAL_REPRESENTATION('',(#1925),#1929);
#1925 = B_SPLINE_CURVE_WITH_KNOTS('',2,(#1926,#1927,#1928),
  .UNSPECIFIED.,.F.,.F.,(3,3),(0.,1.),.PIECEWISE_BEZIER_KNOTS.);
#1926 = CARTESIAN_POINT('',(0.6515625,-2.9296875E-02));
#1927 = CARTESIAN_POINT('',(0.4171875,-2.9296875E-02));
#1928 = CARTESIAN_POINT('',(0.2689453125,0.101953125));
#1929 = ( GEOMETRIC_REPRESENTATION_CONTEXT(2)
PARAMETRIC_REPRESENTATION_CONTEXT() REPRESENTATION_CONTEXT('2D SPACE',''
  ) );
#1930 = ORIENTED_EDGE('',*,*,#1931,.T.);
#1931 = EDGE_CURVE('',#1909,#1079,#1932,.T.);
#1932 = SURFACE_CURVE('',#1933,(#1937,#1944),.PCURVE_S1.);
#1933 = LINE('',#1934,#1935);
#1934 = CARTESIAN_POINT('',(0.6515625,7.4779296875,2.55));
#1935 = VECTOR('',#1936,1.);
#1936 = DIRECTION('',(0.,0.,1.));
#1937 = PCURVE('',#1159,#1938);
#1938 = DEFINITIONAL_REPRESENTATION('',(#1939),#1943);
#1939 = LINE('',#1940,#1941);
#1940 = CARTESIAN_POINT('',(0.,0.));
#1941 = VECTOR('',#1942,1.);
#1942 = DIRECTION('',(0.,-1.));
#1943 = ( GEOMETRIC_REPRESENTATION_CONTEXT(2)
PARAMETRIC_REPRESENTATION_CONTEXT() REPRESENTATION_CONTEXT('2D SPACE',''
  ) );
#1944 = PCURVE('',#1108,#1945);
#1945 = DEFINITIONAL_REPRESENTATION('',(#1946),#1950);
#1946 = LINE('',#1947,#1948);
#1947 = CARTESIAN_POINT('',(1.,0.));
#1948 = VECTOR('',#1949,1.);
#1949 = DIRECTION('',(0.,-1.));
#1950 = ( GEOMETRIC_REPRESENTATION_CONTEXT(2)
PARAMETRIC_REPRESENTATION_CONTEXT() REPRESENTATION_CONTEXT('2D SPACE',''
  ) );
#1951 = ORIENTED_EDGE('',*,*,#1129,.F.);
#1952 = ORIENTED_EDGE('',*,*,#1882,.F.);
#1953 = ADVANCED_FACE('',(#1954),#1108,.F.);
#1954 = FACE_BOUND('',#1955,.F.);
#1955 = EDGE_LOOP('',(#1956,#1979,#2000,#2001));
#1956 = ORIENTED_EDGE('',*,*,#1957,.F.);
#1957 = EDGE_CURVE('',#1958,#1909,#1960,.T.);
#1958 = VERTEX_POINT('',#1959);
#1959 = CARTESIAN_POINT('',(1.102734375,7.6865234375,2.55));
#1960 = SURFACE_CURVE('',#1961,(#1965,#1972),.PCURVE_S1.);
#1961 = B_SPLINE_CURVE_WITH_KNOTS('',2,(#1962,#1963,#1964),
  .UNSPECIFIED.,.F.,.F.,(3,3),(0.,1.),.PIECEWISE_BEZIER_KNOTS.);
#1962 = CARTESIAN_POINT('',(1.102734375,7.6865234375,2.55));
#1963 = CARTESIAN_POINT('',(0.9375,7.4779296875,2.55));
#1964 = CARTESIAN_POINT('',(0.6515625,7.4779296875,2.55));
#1965 = PCURVE('',#1108,#1966);
#1966 = DEFINITIONAL_REPRESENTATION('',(#1967),#1971);
#1967 = LINE('',#1968,#1969);
#1968 = CARTESIAN_POINT('',(0.,0.));
#1969 = VECTOR('',#1970,1.);
#1970 = DIRECTION('',(1.,0.));
#1971 = ( GEOMETRIC_REPRESENTATION_CONTEXT(2)
PARAMETRIC_REPRESENTATION_CONTEXT() REPRESENTATION_CONTEXT('2D SPACE',''
  ) );
#1972 = PCURVE('',#1801,#1973);
#1973 = DEFINITIONAL_REPRESENTATION('',(#1974),#1978);
#1974 = B_SPLINE_CURVE_WITH_KNOTS('',2,(#1975,#1976,#1977),
  .UNSPECIFIED.,.F.,.F.,(3,3),(0.,1.),.PIECEWISE_BEZIER_KNOTS.);
#1975 = CARTESIAN_POINT('',(1.102734375,0.179296875));
#1976 = CARTESIAN_POINT('',(0.9375,-2.9296875E-02));
#1977 = CARTESIAN_POINT('',(0.6515625,-2.9296875E-02));
#1978 = ( GEOMETRIC_REPRESENTATION_CONTEXT(2)
PARAMETRIC_REPRESENTATION_CONTEXT() REPRESENTATION_CONTEXT('2D SPACE',''
  ) );
#1979 = ORIENTED_EDGE('',*,*,#1980,.T.);
#1980 = EDGE_CURVE('',#1958,#1028,#1981,.T.);
#1981 = SURFACE_CURVE('',#1982,(#1986,#1993),.PCURVE_S1.);
#1982 = LINE('',#1983,#1984);
#1983 = CARTESIAN_POINT('',(1.102734375,7.6865234375,2.55));
#1984 = VECTOR('',#1985,1.);
#1985 = DIRECTION('',(0.,0.,1.));
#1986 = PCURVE('',#1108,#1987);
#1987 = DEFINITIONAL_REPRESENTATION('',(#1988),#1992);
#1988 = LINE('',#1989,#1990);
#1989 = CARTESIAN_POINT('',(0.,0.));
#1990 = VECTOR('',#1991,1.);
#1991 = DIRECTION('',(0.,-1.));
#1992 = ( GEOMETRIC_REPRESENTATION_CONTEXT(2)
PARAMETRIC_REPRESENTATION_CONTEXT() REPRESENTATION_CONTEXT('2D SPACE',''
  ) );
#1993 = PCURVE('',#1057,#1994);
#1994 = DEFINITIONAL_REPRESENTATION('',(#1995),#1999);
#1995 = LINE('',#1996,#1997);
#1996 = CARTESIAN_POINT('',(1.,0.));
#1997 = VECTOR('',#1998,1.);
#1998 = DIRECTION('',(0.,-1.));
#1999 = ( GEOMETRIC_REPRESENTATION_CONTEXT(2)
PARAMETRIC_REPRESENTATION_CONTEXT() REPRESENTATION_CONTEXT('2D SPACE',''
  ) );
#2000 = ORIENTED_EDGE('',*,*,#1078,.F.);
#2001 = ORIENTED_EDGE('',*,*,#1931,.F.);
#2002 = ADVANCED_FACE('',(#2003),#1057,.F.);
#2003 = FACE_BOUND('',#2004,.F.);
#2004 = EDGE_LOOP('',(#2005,#2028,#2049,#2050));
#2005 = ORIENTED_EDGE('',*,*,#2006,.F.);
#2006 = EDGE_CURVE('',#2007,#1958,#2009,.T.);
#2007 = VERTEX_POINT('',#2008);
#2008 = CARTESIAN_POINT('',(1.238671875,8.0896484375,2.55));
#2009 = SURFACE_CURVE('',#2010,(#2014,#2021),.PCURVE_S1.);
#2010 = B_SPLINE_CURVE_WITH_KNOTS('',2,(#2011,#2012,#2013),
  .UNSPECIFIED.,.F.,.F.,(3,3),(0.,1.),.PIECEWISE_BEZIER_KNOTS.);
#2011 = CARTESIAN_POINT('',(1.238671875,8.0896484375,2.55));
#2012 = CARTESIAN_POINT('',(1.238671875,7.8564453125,2.55));
#2013 = CARTESIAN_POINT('',(1.102734375,7.6865234375,2.55));
#2014 = PCURVE('',#1057,#2015);
#2015 = DEFINITIONAL_REPRESENTATION('',(#2016),#2020);
#2016 = LINE('',#2017,#2018);
#2017 = CARTESIAN_POINT('',(0.,0.));
#2018 = VECTOR('',#2019,1.);
#2019 = DIRECTION('',(1.,0.));
#2020 = ( GEOMETRIC_REPRESENTATION_CONTEXT(2)
PARAMETRIC_REPRESENTATION_CONTEXT() REPRESENTATION_CONTEXT('2D SPACE',''
  ) );
#2021 = PCURVE('',#1801,#2022);
#2022 = DEFINITIONAL_REPRESENTATION('',(#2023),#2027);
#2023 = B_SPLINE_CURVE_WITH_KNOTS('',2,(#2024,#2025,#2026),
  .UNSPECIFIED.,.F.,.F.,(3,3),(0.,1.),.PIECEWISE_BEZIER_KNOTS.);
#2024 = CARTESIAN_POINT('',(1.238671875,0.582421875));
#2025 = CARTESIAN_POINT('',(1.238671875,0.34921875));
#2026 = CARTESIAN_POINT('',(1.102734375,0.179296875));
#2027 = ( GEOMETRIC_REPRESENTATION_CONTEXT(2)
PARAMETRIC_REPRESENTATION_CONTEXT() REPRESENTATION_CONTEXT('2D SPACE',''
  ) );
#2028 = ORIENTED_EDGE('',*,*,#2029,.T.);
#2029 = EDGE_CURVE('',#2007,#977,#2030,.T.);
#2030 = SURFACE_CURVE('',#2031,(#2035,#2042),.PCURVE_S1.);
#2031 = LINE('',#2032,#2033);
#2032 = CARTESIAN_POINT('',(1.238671875,8.0896484375,2.55));
#2033 = VECTOR('',#2034,1.);
#2034 = DIRECTION('',(0.,0.,1.));
#2035 = PCURVE('',#1057,#2036);
#2036 = DEFINITIONAL_REPRESENTATION('',(#2037),#2041);
#2037 = LINE('',#2038,#2039);
#2038 = CARTESIAN_POINT('',(0.,0.));
#2039 = VECTOR('',#2040,1.);
#2040 = DIRECTION('',(0.,-1.));
#2041 = ( GEOMETRIC_REPRESENTATION_CONTEXT(2)
PARAMETRIC_REPRESENTATION_CONTEXT() REPRESENTATION_CONTEXT('2D SPACE',''
  ) );
#2042 = PCURVE('',#1006,#2043);
#2043 = DEFINITIONAL_REPRESENTATION('',(#2044),#2048);
#2044 = LINE('',#2045,#2046);
#2045 = CARTESIAN_POINT('',(1.,0.));
#2046 = VECTOR('',#2047,1.);
#2047 = DIRECTION('',(0.,-1.));
#2048 = ( GEOMETRIC_REPRESENTATION_CONTEXT(2)
PARAMETRIC_REPRESENTATION_CONTEXT() REPRESENTATION_CONTEXT('2D SPACE',''
  ) );
#2049 = ORIENTED_EDGE('',*,*,#1027,.F.);
#2050 = ORIENTED_EDGE('',*,*,#1980,.F.);
#2051 = ADVANCED_FACE('',(#2052),#1006,.F.);
#2052 = FACE_BOUND('',#2053,.F.);
#2053 = EDGE_LOOP('',(#2054,#2077,#2098,#2099));
#2054 = ORIENTED_EDGE('',*,*,#2055,.F.);
#2055 = EDGE_CURVE('',#2056,#2007,#2058,.T.);
#2056 = VERTEX_POINT('',#2057);
#2057 = CARTESIAN_POINT('',(1.083984375,8.4904296875,2.55));
#2058 = SURFACE_CURVE('',#2059,(#2063,#2070),.PCURVE_S1.);
#2059 = B_SPLINE_CURVE_WITH_KNOTS('',2,(#2060,#2061,#2062),
  .UNSPECIFIED.,.F.,.F.,(3,3),(0.,1.),.PIECEWISE_BEZIER_KNOTS.);
#2060 = CARTESIAN_POINT('',(1.083984375,8.4904296875,2.55));
#2061 = CARTESIAN_POINT('',(1.238671875,8.3345703125,2.55));
#2062 = CARTESIAN_POINT('',(1.238671875,8.0896484375,2.55));
#2063 = PCURVE('',#1006,#2064);
#2064 = DEFINITIONAL_REPRESENTATION('',(#2065),#2069);
#2065 = LINE('',#2066,#2067);
#2066 = CARTESIAN_POINT('',(0.,0.));
#2067 = VECTOR('',#2068,1.);
#2068 = DIRECTION('',(1.,0.));
#2069 = ( GEOMETRIC_REPRESENTATION_CONTEXT(2)
PARAMETRIC_REPRESENTATION_CONTEXT() REPRESENTATION_CONTEXT('2D SPACE',''
  ) );
#2070 = PCURVE('',#1801,#2071);
#2071 = DEFINITIONAL_REPRESENTATION('',(#2072),#2076);
#2072 = B_SPLINE_CURVE_WITH_KNOTS('',2,(#2073,#2074,#2075),
  .UNSPECIFIED.,.F.,.F.,(3,3),(0.,1.),.PIECEWISE_BEZIER_KNOTS.);
#2073 = CARTESIAN_POINT('',(1.083984375,0.983203125));
#2074 = CARTESIAN_POINT('',(1.238671875,0.82734375));
#2075 = CARTESIAN_POINT('',(1.238671875,0.582421875));
#2076 = ( GEOMETRIC_REPRESENTATION_CONTEXT(2)
PARAMETRIC_REPRESENTATION_CONTEXT() REPRESENTATION_CONTEXT('2D SPACE',''
  ) );
#2077 = ORIENTED_EDGE('',*,*,#2078,.T.);
#2078 = EDGE_CURVE('',#2056,#926,#2079,.T.);
#2079 = SURFACE_CURVE('',#2080,(#2084,#2091),.PCURVE_S1.);
#2080 = LINE('',#2081,#2082);
#2081 = CARTESIAN_POINT('',(1.083984375,8.4904296875,2.55));
#2082 = VECTOR('',#2083,1.);
#2083 = DIRECTION('',(0.,0.,1.));
#2084 = PCURVE('',#1006,#2085);
#2085 = DEFINITIONAL_REPRESENTATION('',(#2086),#2090);
#2086 = LINE('',#2087,#2088);
#2087 = CARTESIAN_POINT('',(0.,0.));
#2088 = VECTOR('',#2089,1.);
#2089 = DIRECTION('',(0.,-1.));
#2090 = ( GEOMETRIC_REPRESENTATION_CONTEXT(2)
PARAMETRIC_REPRESENTATION_CONTEXT() REPRESENTATION_CONTEXT('2D SPACE',''
  ) );
#2091 = PCURVE('',#955,#2092);
#2092 = DEFINITIONAL_REPRESENTATION('',(#2093),#2097);
#2093 = LINE('',#2094,#2095);
#2094 = CARTESIAN_POINT('',(1.,0.));
#2095 = VECTOR('',#2096,1.);
#2096 = DIRECTION('',(0.,-1.));
#2097 = ( GEOMETRIC_REPRESENTATION_CONTEXT(2)
PARAMETRIC_REPRESENTATION_CONTEXT() REPRESENTATION_CONTEXT('2D SPACE',''
  ) );
#2098 = ORIENTED_EDGE('',*,*,#976,.F.);
#2099 = ORIENTED_EDGE('',*,*,#2029,.F.);
#2100 = ADVANCED_FACE('',(#2101),#955,.F.);
#2101 = FACE_BOUND('',#2102,.F.);
#2102 = EDGE_LOOP('',(#2103,#2126,#2147,#2148));
#2103 = ORIENTED_EDGE('',*,*,#2104,.F.);
#2104 = EDGE_CURVE('',#2105,#2056,#2107,.T.);
#2105 = VERTEX_POINT('',#2106);
#2106 = CARTESIAN_POINT('',(0.704296875,8.6462890625,2.55));
#2107 = SURFACE_CURVE('',#2108,(#2112,#2119),.PCURVE_S1.);
#2108 = B_SPLINE_CURVE_WITH_KNOTS('',2,(#2109,#2110,#2111),
  .UNSPECIFIED.,.F.,.F.,(3,3),(0.,1.),.PIECEWISE_BEZIER_KNOTS.);
#2109 = CARTESIAN_POINT('',(0.704296875,8.6462890625,2.55));
#2110 = CARTESIAN_POINT('',(0.929296875,8.6462890625,2.55));
#2111 = CARTESIAN_POINT('',(1.083984375,8.4904296875,2.55));
#2112 = PCURVE('',#955,#2113);
#2113 = DEFINITIONAL_REPRESENTATION('',(#2114),#2118);
#2114 = LINE('',#2115,#2116);
#2115 = CARTESIAN_POINT('',(0.,0.));
#2116 = VECTOR('',#2117,1.);
#2117 = DIRECTION('',(1.,0.));
#2118 = ( GEOMETRIC_REPRESENTATION_CONTEXT(2)
PARAMETRIC_REPRESENTATION_CONTEXT() REPRESENTATION_CONTEXT('2D SPACE',''
  ) );
#2119 = PCURVE('',#1801,#2120);
#2120 = DEFINITIONAL_REPRESENTATION('',(#2121),#2125);
#2121 = B_SPLINE_CURVE_WITH_KNOTS('',2,(#2122,#2123,#2124),
  .UNSPECIFIED.,.F.,.F.,(3,3),(0.,1.),.PIECEWISE_BEZIER_KNOTS.);
#2122 = CARTESIAN_POINT('',(0.704296875,1.1390625));
#2123 = CARTESIAN_POINT('',(0.929296875,1.1390625));
#2124 = CARTESIAN_POINT('',(1.083984375,0.983203125));
#2125 = ( GEOMETRIC_REPRESENTATION_CONTEXT(2)
PARAMETRIC_REPRESENTATION_CONTEXT() REPRESENTATION_CONTEXT('2D SPACE',''
  ) );
#2126 = ORIENTED_EDGE('',*,*,#2127,.T.);
#2127 = EDGE_CURVE('',#2105,#875,#2128,.T.);
#2128 = SURFACE_CURVE('',#2129,(#2133,#2140),.PCURVE_S1.);
#2129 = LINE('',#2130,#2131);
#2130 = CARTESIAN_POINT('',(0.704296875,8.6462890625,2.55));
#2131 = VECTOR('',#2132,1.);
#2132 = DIRECTION('',(0.,0.,1.));
#2133 = PCURVE('',#955,#2134);
#2134 = DEFINITIONAL_REPRESENTATION('',(#2135),#2139);
#2135 = LINE('',#2136,#2137);
#2136 = CARTESIAN_POINT('',(0.,0.));
#2137 = VECTOR('',#2138,1.);
#2138 = DIRECTION('',(0.,-1.));
#2139 = ( GEOMETRIC_REPRESENTATION_CONTEXT(2)
PARAMETRIC_REPRESENTATION_CONTEXT() REPRESENTATION_CONTEXT('2D SPACE',''
  ) );
#2140 = PCURVE('',#904,#2141);
#2141 = DEFINITIONAL_REPRESENTATION('',(#2142),#2146);
#2142 = LINE('',#2143,#2144);
#2143 = CARTESIAN_POINT('',(1.,0.));
#2144 = VECTOR('',#2145,1.);
#2145 = DIRECTION('',(0.,-1.));
#2146 = ( GEOMETRIC_REPRESENTATION_CONTEXT(2)
PARAMETRIC_REPRESENTATION_CONTEXT() REPRESENTATION_CONTEXT('2D SPACE',''
  ) );
#2147 = ORIENTED_EDGE('',*,*,#925,.F.);
#2148 = ORIENTED_EDGE('',*,*,#2078,.F.);
#2149 = ADVANCED_FACE('',(#2150),#904,.F.);
#2150 = FACE_BOUND('',#2151,.F.);
#2151 = EDGE_LOOP('',(#2152,#2175,#2196,#2197));
#2152 = ORIENTED_EDGE('',*,*,#2153,.F.);
#2153 = EDGE_CURVE('',#2154,#2105,#2156,.T.);
#2154 = VERTEX_POINT('',#2155);
#2155 = CARTESIAN_POINT('',(0.3796875,8.5384765625,2.55));
#2156 = SURFACE_CURVE('',#2157,(#2161,#2168),.PCURVE_S1.);
#2157 = B_SPLINE_CURVE_WITH_KNOTS('',2,(#2158,#2159,#2160),
  .UNSPECIFIED.,.F.,.F.,(3,3),(0.,1.),.PIECEWISE_BEZIER_KNOTS.);
#2158 = CARTESIAN_POINT('',(0.3796875,8.5384765625,2.55));
#2159 = CARTESIAN_POINT('',(0.534375,8.6462890625,2.55));
#2160 = CARTESIAN_POINT('',(0.704296875,8.6462890625,2.55));
#2161 = PCURVE('',#904,#2162);
#2162 = DEFINITIONAL_REPRESENTATION('',(#2163),#2167);
#2163 = LINE('',#2164,#2165);
#2164 = CARTESIAN_POINT('',(0.,0.));
#2165 = VECTOR('',#2166,1.);
#2166 = DIRECTION('',(1.,0.));
#2167 = ( GEOMETRIC_REPRESENTATION_CONTEXT(2)
PARAMETRIC_REPRESENTATION_CONTEXT() REPRESENTATION_CONTEXT('2D SPACE',''
  ) );
#2168 = PCURVE('',#1801,#2169);
#2169 = DEFINITIONAL_REPRESENTATION('',(#2170),#2174);
#2170 = B_SPLINE_CURVE_WITH_KNOTS('',2,(#2171,#2172,#2173),
  .UNSPECIFIED.,.F.,.F.,(3,3),(0.,1.),.PIECEWISE_BEZIER_KNOTS.);
#2171 = CARTESIAN_POINT('',(0.3796875,1.03125));
#2172 = CARTESIAN_POINT('',(0.534375,1.1390625));
#2173 = CARTESIAN_POINT('',(0.704296875,1.1390625));
#2174 = ( GEOMETRIC_REPRESENTATION_CONTEXT(2)
PARAMETRIC_REPRESENTATION_CONTEXT() REPRESENTATION_CONTEXT('2D SPACE',''
  ) );
#2175 = ORIENTED_EDGE('',*,*,#2176,.T.);
#2176 = EDGE_CURVE('',#2154,#849,#2177,.T.);
#2177 = SURFACE_CURVE('',#2178,(#2182,#2189),.PCURVE_S1.);
#2178 = LINE('',#2179,#2180);
#2179 = CARTESIAN_POINT('',(0.3796875,8.5384765625,2.55));
#2180 = VECTOR('',#2181,1.);
#2181 = DIRECTION('',(0.,0.,1.));
#2182 = PCURVE('',#904,#2183);
#2183 = DEFINITIONAL_REPRESENTATION('',(#2184),#2188);
#2184 = LINE('',#2185,#2186);
#2185 = CARTESIAN_POINT('',(0.,0.));
#2186 = VECTOR('',#2187,1.);
#2187 = DIRECTION('',(0.,-1.));
#2188 = ( GEOMETRIC_REPRESENTATION_CONTEXT(2)
PARAMETRIC_REPRESENTATION_CONTEXT() REPRESENTATION_CONTEXT('2D SPACE',''
  ) );
#2189 = PCURVE('',#863,#2190);
#2190 = DEFINITIONAL_REPRESENTATION('',(#2191),#2195);
#2191 = LINE('',#2192,#2193);
#2192 = CARTESIAN_POINT('',(0.470908604009,0.));
#2193 = VECTOR('',#2194,1.);
#2194 = DIRECTION('',(0.,-1.));
#2195 = ( GEOMETRIC_REPRESENTATION_CONTEXT(2)
PARAMETRIC_REPRESENTATION_CONTEXT() REPRESENTATION_CONTEXT('2D SPACE',''
  ) );
#2196 = ORIENTED_EDGE('',*,*,#874,.F.);
#2197 = ORIENTED_EDGE('',*,*,#2127,.F.);
#2198 = ADVANCED_FACE('',(#2199),#863,.F.);
#2199 = FACE_BOUND('',#2200,.F.);
#2200 = EDGE_LOOP('',(#2201,#2224,#2245,#2246));
#2201 = ORIENTED_EDGE('',*,*,#2202,.F.);
#2202 = EDGE_CURVE('',#2203,#2154,#2205,.T.);
#2203 = VERTEX_POINT('',#2204);
#2204 = CARTESIAN_POINT('',(0.472265625,9.0001953125,2.55));
#2205 = SURFACE_CURVE('',#2206,(#2210,#2217),.PCURVE_S1.);
#2206 = LINE('',#2207,#2208);
#2207 = CARTESIAN_POINT('',(0.472265625,9.0001953125,2.55));
#2208 = VECTOR('',#2209,1.);
#2209 = DIRECTION('',(-0.196594677209,-0.980484845825,0.));
#2210 = PCURVE('',#863,#2211);
#2211 = DEFINITIONAL_REPRESENTATION('',(#2212),#2216);
#2212 = LINE('',#2213,#2214);
#2213 = CARTESIAN_POINT('',(0.,0.));
#2214 = VECTOR('',#2215,1.);
#2215 = DIRECTION('',(1.,0.));
#2216 = ( GEOMETRIC_REPRESENTATION_CONTEXT(2)
PARAMETRIC_REPRESENTATION_CONTEXT() REPRESENTATION_CONTEXT('2D SPACE',''
  ) );
#2217 = PCURVE('',#1801,#2218);
#2218 = DEFINITIONAL_REPRESENTATION('',(#2219),#2223);
#2219 = LINE('',#2220,#2221);
#2220 = CARTESIAN_POINT('',(0.472265625,1.49296875));
#2221 = VECTOR('',#2222,1.);
#2222 = DIRECTION('',(-0.196594677209,-0.980484845825));
#2223 = ( GEOMETRIC_REPRESENTATION_CONTEXT(2)
PARAMETRIC_REPRESENTATION_CONTEXT() REPRESENTATION_CONTEXT('2D SPACE',''
  ) );
#2224 = ORIENTED_EDGE('',*,*,#2225,.T.);
#2225 = EDGE_CURVE('',#2203,#823,#2226,.T.);
#2226 = SURFACE_CURVE('',#2227,(#2231,#2238),.PCURVE_S1.);
#2227 = LINE('',#2228,#2229);
#2228 = CARTESIAN_POINT('',(0.472265625,9.0001953125,2.55));
#2229 = VECTOR('',#2230,1.);
#2230 = DIRECTION('',(0.,0.,1.));
#2231 = PCURVE('',#863,#2232);
#2232 = DEFINITIONAL_REPRESENTATION('',(#2233),#2237);
#2233 = LINE('',#2234,#2235);
#2234 = CARTESIAN_POINT('',(0.,0.));
#2235 = VECTOR('',#2236,1.);
#2236 = DIRECTION('',(0.,-1.));
#2237 = ( GEOMETRIC_REPRESENTATION_CONTEXT(2)
PARAMETRIC_REPRESENTATION_CONTEXT() REPRESENTATION_CONTEXT('2D SPACE',''
  ) );
#2238 = PCURVE('',#837,#2239);
#2239 = DEFINITIONAL_REPRESENTATION('',(#2240),#2244);
#2240 = LINE('',#2241,#2242);
#2241 = CARTESIAN_POINT('',(0.685546875,0.));
#2242 = VECTOR('',#2243,1.);
#2243 = DIRECTION('',(0.,-1.));
#2244 = ( GEOMETRIC_REPRESENTATION_CONTEXT(2)
PARAMETRIC_REPRESENTATION_CONTEXT() REPRESENTATION_CONTEXT('2D SPACE',''
  ) );
#2245 = ORIENTED_EDGE('',*,*,#848,.F.);
#2246 = ORIENTED_EDGE('',*,*,#2176,.F.);
#2247 = ADVANCED_FACE('',(#2248),#837,.F.);
#2248 = FACE_BOUND('',#2249,.F.);
#2249 = EDGE_LOOP('',(#2250,#2273,#2294,#2295));
#2250 = ORIENTED_EDGE('',*,*,#2251,.F.);
#2251 = EDGE_CURVE('',#2252,#2203,#2254,.T.);
#2252 = VERTEX_POINT('',#2253);
#2253 = CARTESIAN_POINT('',(1.1578125,9.0001953125,2.55));
#2254 = SURFACE_CURVE('',#2255,(#2259,#2266),.PCURVE_S1.);
#2255 = LINE('',#2256,#2257);
#2256 = CARTESIAN_POINT('',(1.1578125,9.0001953125,2.55));
#2257 = VECTOR('',#2258,1.);
#2258 = DIRECTION('',(-1.,0.,0.));
#2259 = PCURVE('',#837,#2260);
#2260 = DEFINITIONAL_REPRESENTATION('',(#2261),#2265);
#2261 = LINE('',#2262,#2263);
#2262 = CARTESIAN_POINT('',(0.,-0.));
#2263 = VECTOR('',#2264,1.);
#2264 = DIRECTION('',(1.,0.));
#2265 = ( GEOMETRIC_REPRESENTATION_CONTEXT(2)
PARAMETRIC_REPRESENTATION_CONTEXT() REPRESENTATION_CONTEXT('2D SPACE',''
  ) );
#2266 = PCURVE('',#1801,#2267);
#2267 = DEFINITIONAL_REPRESENTATION('',(#2268),#2272);
#2268 = LINE('',#2269,#2270);
#2269 = CARTESIAN_POINT('',(1.1578125,1.49296875));
#2270 = VECTOR('',#2271,1.);
#2271 = DIRECTION('',(-1.,0.));
#2272 = ( GEOMETRIC_REPRESENTATION_CONTEXT(2)
PARAMETRIC_REPRESENTATION_CONTEXT() REPRESENTATION_CONTEXT('2D SPACE',''
  ) );
#2273 = ORIENTED_EDGE('',*,*,#2274,.T.);
#2274 = EDGE_CURVE('',#2252,#797,#2275,.T.);
#2275 = SURFACE_CURVE('',#2276,(#2280,#2287),.PCURVE_S1.);
#2276 = LINE('',#2277,#2278);
#2277 = CARTESIAN_POINT('',(1.1578125,9.0001953125,2.55));
#2278 = VECTOR('',#2279,1.);
#2279 = DIRECTION('',(0.,0.,1.));
#2280 = PCURVE('',#837,#2281);
#2281 = DEFINITIONAL_REPRESENTATION('',(#2282),#2286);
#2282 = LINE('',#2283,#2284);
#2283 = CARTESIAN_POINT('',(0.,-0.));
#2284 = VECTOR('',#2285,1.);
#2285 = DIRECTION('',(0.,-1.));
#2286 = ( GEOMETRIC_REPRESENTATION_CONTEXT(2)
PARAMETRIC_REPRESENTATION_CONTEXT() REPRESENTATION_CONTEXT('2D SPACE',''
  ) );
#2287 = PCURVE('',#811,#2288);
#2288 = DEFINITIONAL_REPRESENTATION('',(#2289),#2293);
#2289 = LINE('',#2290,#2291);
#2290 = CARTESIAN_POINT('',(0.2015625,0.));
#2291 = VECTOR('',#2292,1.);
#2292 = DIRECTION('',(0.,-1.));
#2293 = ( GEOMETRIC_REPRESENTATION_CONTEXT(2)
PARAMETRIC_REPRESENTATION_CONTEXT() REPRESENTATION_CONTEXT('2D SPACE',''
  ) );
#2294 = ORIENTED_EDGE('',*,*,#822,.F.);
#2295 = ORIENTED_EDGE('',*,*,#2225,.F.);
#2296 = ADVANCED_FACE('',(#2297),#811,.F.);
#2297 = FACE_BOUND('',#2298,.F.);
#2298 = EDGE_LOOP('',(#2299,#2322,#2343,#2344));
#2299 = ORIENTED_EDGE('',*,*,#2300,.F.);
#2300 = EDGE_CURVE('',#2301,#2252,#2303,.T.);
#2301 = VERTEX_POINT('',#2302);
#2302 = CARTESIAN_POINT('',(1.1578125,9.2017578125,2.55));
#2303 = SURFACE_CURVE('',#2304,(#2308,#2315),.PCURVE_S1.);
#2304 = LINE('',#2305,#2306);
#2305 = CARTESIAN_POINT('',(1.1578125,9.2017578125,2.55));
#2306 = VECTOR('',#2307,1.);
#2307 = DIRECTION('',(0.,-1.,0.));
#2308 = PCURVE('',#811,#2309);
#2309 = DEFINITIONAL_REPRESENTATION('',(#2310),#2314);
#2310 = LINE('',#2311,#2312);
#2311 = CARTESIAN_POINT('',(0.,0.));
#2312 = VECTOR('',#2313,1.);
#2313 = DIRECTION('',(1.,0.));
#2314 = ( GEOMETRIC_REPRESENTATION_CONTEXT(2)
PARAMETRIC_REPRESENTATION_CONTEXT() REPRESENTATION_CONTEXT('2D SPACE',''
  ) );
#2315 = PCURVE('',#1801,#2316);
#2316 = DEFINITIONAL_REPRESENTATION('',(#2317),#2321);
#2317 = LINE('',#2318,#2319);
#2318 = CARTESIAN_POINT('',(1.1578125,1.69453125));
#2319 = VECTOR('',#2320,1.);
#2320 = DIRECTION('',(0.,-1.));
#2321 = ( GEOMETRIC_REPRESENTATION_CONTEXT(2)
PARAMETRIC_REPRESENTATION_CONTEXT() REPRESENTATION_CONTEXT('2D SPACE',''
  ) );
#2322 = ORIENTED_EDGE('',*,*,#2323,.T.);
#2323 = EDGE_CURVE('',#2301,#771,#2324,.T.);
#2324 = SURFACE_CURVE('',#2325,(#2329,#2336),.PCURVE_S1.);
#2325 = LINE('',#2326,#2327);
#2326 = CARTESIAN_POINT('',(1.1578125,9.2017578125,2.55));
#2327 = VECTOR('',#2328,1.);
#2328 = DIRECTION('',(0.,0.,1.));
#2329 = PCURVE('',#811,#2330);
#2330 = DEFINITIONAL_REPRESENTATION('',(#2331),#2335);
#2331 = LINE('',#2332,#2333);
#2332 = CARTESIAN_POINT('',(0.,0.));
#2333 = VECTOR('',#2334,1.);
#2334 = DIRECTION('',(0.,-1.));
#2335 = ( GEOMETRIC_REPRESENTATION_CONTEXT(2)
PARAMETRIC_REPRESENTATION_CONTEXT() REPRESENTATION_CONTEXT('2D SPACE',''
  ) );
#2336 = PCURVE('',#785,#2337);
#2337 = DEFINITIONAL_REPRESENTATION('',(#2338),#2342);
#2338 = LINE('',#2339,#2340);
#2339 = CARTESIAN_POINT('',(0.854296875,0.));
#2340 = VECTOR('',#2341,1.);
#2341 = DIRECTION('',(0.,-1.));
#2342 = ( GEOMETRIC_REPRESENTATION_CONTEXT(2)
PARAMETRIC_REPRESENTATION_CONTEXT() REPRESENTATION_CONTEXT('2D SPACE',''
  ) );
#2343 = ORIENTED_EDGE('',*,*,#796,.F.);
#2344 = ORIENTED_EDGE('',*,*,#2274,.F.);
#2345 = ADVANCED_FACE('',(#2346),#785,.F.);
#2346 = FACE_BOUND('',#2347,.F.);
#2347 = EDGE_LOOP('',(#2348,#2371,#2392,#2393));
#2348 = ORIENTED_EDGE('',*,*,#2349,.F.);
#2349 = EDGE_CURVE('',#2350,#2301,#2352,.T.);
#2350 = VERTEX_POINT('',#2351);
#2351 = CARTESIAN_POINT('',(0.303515625,9.2017578125,2.55));
#2352 = SURFACE_CURVE('',#2353,(#2357,#2364),.PCURVE_S1.);
#2353 = LINE('',#2354,#2355);
#2354 = CARTESIAN_POINT('',(0.303515625,9.2017578125,2.55));
#2355 = VECTOR('',#2356,1.);
#2356 = DIRECTION('',(1.,0.,0.));
#2357 = PCURVE('',#785,#2358);
#2358 = DEFINITIONAL_REPRESENTATION('',(#2359),#2363);
#2359 = LINE('',#2360,#2361);
#2360 = CARTESIAN_POINT('',(0.,0.));
#2361 = VECTOR('',#2362,1.);
#2362 = DIRECTION('',(1.,0.));
#2363 = ( GEOMETRIC_REPRESENTATION_CONTEXT(2)
PARAMETRIC_REPRESENTATION_CONTEXT() REPRESENTATION_CONTEXT('2D SPACE',''
  ) );
#2364 = PCURVE('',#1801,#2365);
#2365 = DEFINITIONAL_REPRESENTATION('',(#2366),#2370);
#2366 = LINE('',#2367,#2368);
#2367 = CARTESIAN_POINT('',(0.303515625,1.69453125));
#2368 = VECTOR('',#2369,1.);
#2369 = DIRECTION('',(1.,0.));
#2370 = ( GEOMETRIC_REPRESENTATION_CONTEXT(2)
PARAMETRIC_REPRESENTATION_CONTEXT() REPRESENTATION_CONTEXT('2D SPACE',''
  ) );
#2371 = ORIENTED_EDGE('',*,*,#2372,.T.);
#2372 = EDGE_CURVE('',#2350,#745,#2373,.T.);
#2373 = SURFACE_CURVE('',#2374,(#2378,#2385),.PCURVE_S1.);
#2374 = LINE('',#2375,#2376);
#2375 = CARTESIAN_POINT('',(0.303515625,9.2017578125,2.55));
#2376 = VECTOR('',#2377,1.);
#2377 = DIRECTION('',(0.,0.,1.));
#2378 = PCURVE('',#785,#2379);
#2379 = DEFINITIONAL_REPRESENTATION('',(#2380),#2384);
#2380 = LINE('',#2381,#2382);
#2381 = CARTESIAN_POINT('',(0.,0.));
#2382 = VECTOR('',#2383,1.);
#2383 = DIRECTION('',(0.,-1.));
#2384 = ( GEOMETRIC_REPRESENTATION_CONTEXT(2)
PARAMETRIC_REPRESENTATION_CONTEXT() REPRESENTATION_CONTEXT('2D SPACE',''
  ) );
#2385 = PCURVE('',#759,#2386);
#2386 = DEFINITIONAL_REPRESENTATION('',(#2387),#2391);
#2387 = LINE('',#2388,#2389);
#2388 = CARTESIAN_POINT('',(0.897975169767,0.));
#2389 = VECTOR('',#2390,1.);
#2390 = DIRECTION('',(0.,-1.));
#2391 = ( GEOMETRIC_REPRESENTATION_CONTEXT(2)
PARAMETRIC_REPRESENTATION_CONTEXT() REPRESENTATION_CONTEXT('2D SPACE',''
  ) );
#2392 = ORIENTED_EDGE('',*,*,#770,.F.);
#2393 = ORIENTED_EDGE('',*,*,#2323,.F.);
#2394 = ADVANCED_FACE('',(#2395),#759,.F.);
#2395 = FACE_BOUND('',#2396,.F.);
#2396 = EDGE_LOOP('',(#2397,#2420,#2441,#2442));
#2397 = ORIENTED_EDGE('',*,*,#2398,.F.);
#2398 = EDGE_CURVE('',#2399,#2350,#2401,.T.);
#2399 = VERTEX_POINT('',#2400);
#2400 = CARTESIAN_POINT('',(0.137109375,8.3193359375,2.55));
#2401 = SURFACE_CURVE('',#2402,(#2406,#2413),.PCURVE_S1.);
#2402 = LINE('',#2403,#2404);
#2403 = CARTESIAN_POINT('',(0.137109375,8.3193359375,2.55));
#2404 = VECTOR('',#2405,1.);
#2405 = DIRECTION('',(0.18531275207,0.982679593723,0.));
#2406 = PCURVE('',#759,#2407);
#2407 = DEFINITIONAL_REPRESENTATION('',(#2408),#2412);
#2408 = LINE('',#2409,#2410);
#2409 = CARTESIAN_POINT('',(0.,0.));
#2410 = VECTOR('',#2411,1.);
#2411 = DIRECTION('',(1.,0.));
#2412 = ( GEOMETRIC_REPRESENTATION_CONTEXT(2)
PARAMETRIC_REPRESENTATION_CONTEXT() REPRESENTATION_CONTEXT('2D SPACE',''
  ) );
#2413 = PCURVE('',#1801,#2414);
#2414 = DEFINITIONAL_REPRESENTATION('',(#2415),#2419);
#2415 = LINE('',#2416,#2417);
#2416 = CARTESIAN_POINT('',(0.137109375,0.812109375));
#2417 = VECTOR('',#2418,1.);
#2418 = DIRECTION('',(0.18531275207,0.982679593723));
#2419 = ( GEOMETRIC_REPRESENTATION_CONTEXT(2)
PARAMETRIC_REPRESENTATION_CONTEXT() REPRESENTATION_CONTEXT('2D SPACE',''
  ) );
#2420 = ORIENTED_EDGE('',*,*,#2421,.T.);
#2421 = EDGE_CURVE('',#2399,#719,#2422,.T.);
#2422 = SURFACE_CURVE('',#2423,(#2427,#2434),.PCURVE_S1.);
#2423 = LINE('',#2424,#2425);
#2424 = CARTESIAN_POINT('',(0.137109375,8.3193359375,2.55));
#2425 = VECTOR('',#2426,1.);
#2426 = DIRECTION('',(0.,0.,1.));
#2427 = PCURVE('',#759,#2428);
#2428 = DEFINITIONAL_REPRESENTATION('',(#2429),#2433);
#2429 = LINE('',#2430,#2431);
#2430 = CARTESIAN_POINT('',(0.,0.));
#2431 = VECTOR('',#2432,1.);
#2432 = DIRECTION('',(0.,-1.));
#2433 = ( GEOMETRIC_REPRESENTATION_CONTEXT(2)
PARAMETRIC_REPRESENTATION_CONTEXT() REPRESENTATION_CONTEXT('2D SPACE',''
  ) );
#2434 = PCURVE('',#733,#2435);
#2435 = DEFINITIONAL_REPRESENTATION('',(#2436),#2440);
#2436 = LINE('',#2437,#2438);
#2437 = CARTESIAN_POINT('',(0.199717894914,0.));
#2438 = VECTOR('',#2439,1.);
#2439 = DIRECTION('',(0.,-1.));
#2440 = ( GEOMETRIC_REPRESENTATION_CONTEXT(2)
PARAMETRIC_REPRESENTATION_CONTEXT() REPRESENTATION_CONTEXT('2D SPACE',''
  ) );
#2441 = ORIENTED_EDGE('',*,*,#744,.F.);
#2442 = ORIENTED_EDGE('',*,*,#2372,.F.);
#2443 = ADVANCED_FACE('',(#2444),#733,.F.);
#2444 = FACE_BOUND('',#2445,.F.);
#2445 = EDGE_LOOP('',(#2446,#2469,#2490,#2491));
#2446 = ORIENTED_EDGE('',*,*,#2447,.F.);
#2447 = EDGE_CURVE('',#2448,#2399,#2450,.T.);
#2448 = VERTEX_POINT('',#2449);
#2449 = CARTESIAN_POINT('',(0.33515625,8.2935546875,2.55));
#2450 = SURFACE_CURVE('',#2451,(#2455,#2462),.PCURVE_S1.);
#2451 = LINE('',#2452,#2453);
#2452 = CARTESIAN_POINT('',(0.33515625,8.2935546875,2.55));
#2453 = VECTOR('',#2454,1.);
#2454 = DIRECTION('',(-0.991633098704,0.129088332376,0.));
#2455 = PCURVE('',#733,#2456);
#2456 = DEFINITIONAL_REPRESENTATION('',(#2457),#2461);
#2457 = LINE('',#2458,#2459);
#2458 = CARTESIAN_POINT('',(0.,0.));
#2459 = VECTOR('',#2460,1.);
#2460 = DIRECTION('',(1.,0.));
#2461 = ( GEOMETRIC_REPRESENTATION_CONTEXT(2)
PARAMETRIC_REPRESENTATION_CONTEXT() REPRESENTATION_CONTEXT('2D SPACE',''
  ) );
#2462 = PCURVE('',#1801,#2463);
#2463 = DEFINITIONAL_REPRESENTATION('',(#2464),#2468);
#2464 = LINE('',#2465,#2466);
#2465 = CARTESIAN_POINT('',(0.33515625,0.786328125));
#2466 = VECTOR('',#2467,1.);
#2467 = DIRECTION('',(-0.991633098704,0.129088332376));
#2468 = ( GEOMETRIC_REPRESENTATION_CONTEXT(2)
PARAMETRIC_REPRESENTATION_CONTEXT() REPRESENTATION_CONTEXT('2D SPACE',''
  ) );
#2469 = ORIENTED_EDGE('',*,*,#2470,.T.);
#2470 = EDGE_CURVE('',#2448,#674,#2471,.T.);
#2471 = SURFACE_CURVE('',#2472,(#2476,#2483),.PCURVE_S1.);
#2472 = LINE('',#2473,#2474);
#2473 = CARTESIAN_POINT('',(0.33515625,8.2935546875,2.55));
#2474 = VECTOR('',#2475,1.);
#2475 = DIRECTION('',(0.,0.,1.));
#2476 = PCURVE('',#733,#2477);
#2477 = DEFINITIONAL_REPRESENTATION('',(#2478),#2482);
#2478 = LINE('',#2479,#2480);
#2479 = CARTESIAN_POINT('',(0.,0.));
#2480 = VECTOR('',#2481,1.);
#2481 = DIRECTION('',(0.,-1.));
#2482 = ( GEOMETRIC_REPRESENTATION_CONTEXT(2)
PARAMETRIC_REPRESENTATION_CONTEXT() REPRESENTATION_CONTEXT('2D SPACE',''
  ) );
#2483 = PCURVE('',#699,#2484);
#2484 = DEFINITIONAL_REPRESENTATION('',(#2485),#2489);
#2485 = LINE('',#2486,#2487);
#2486 = CARTESIAN_POINT('',(1.,0.));
#2487 = VECTOR('',#2488,1.);
#2488 = DIRECTION('',(0.,-1.));
#2489 = ( GEOMETRIC_REPRESENTATION_CONTEXT(2)
PARAMETRIC_REPRESENTATION_CONTEXT() REPRESENTATION_CONTEXT('2D SPACE',''
  ) );
#2490 = ORIENTED_EDGE('',*,*,#718,.F.);
#2491 = ORIENTED_EDGE('',*,*,#2421,.F.);
#2492 = ADVANCED_FACE('',(#2493),#699,.F.);
#2493 = FACE_BOUND('',#2494,.F.);
#2494 = EDGE_LOOP('',(#2495,#2518,#2539,#2540));
#2495 = ORIENTED_EDGE('',*,*,#2496,.F.);
#2496 = EDGE_CURVE('',#2497,#2448,#2499,.T.);
#2497 = VERTEX_POINT('',#2498);
#2498 = CARTESIAN_POINT('',(0.4640625,8.413671875,2.55));
#2499 = SURFACE_CURVE('',#2500,(#2504,#2511),.PCURVE_S1.);
#2500 = B_SPLINE_CURVE_WITH_KNOTS('',2,(#2501,#2502,#2503),
  .UNSPECIFIED.,.F.,.F.,(3,3),(0.,1.),.PIECEWISE_BEZIER_KNOTS.);
#2501 = CARTESIAN_POINT('',(0.4640625,8.413671875,2.55));
#2502 = CARTESIAN_POINT('',(0.38203125,8.3673828125,2.55));
#2503 = CARTESIAN_POINT('',(0.33515625,8.2935546875,2.55));
#2504 = PCURVE('',#699,#2505);
#2505 = DEFINITIONAL_REPRESENTATION('',(#2506),#2510);
#2506 = LINE('',#2507,#2508);
#2507 = CARTESIAN_POINT('',(0.,0.));
#2508 = VECTOR('',#2509,1.);
#2509 = DIRECTION('',(1.,0.));
#2510 = ( GEOMETRIC_REPRESENTATION_CONTEXT(2)
PARAMETRIC_REPRESENTATION_CONTEXT() REPRESENTATION_CONTEXT('2D SPACE',''
  ) );
#2511 = PCURVE('',#1801,#2512);
#2512 = DEFINITIONAL_REPRESENTATION('',(#2513),#2517);
#2513 = B_SPLINE_CURVE_WITH_KNOTS('',2,(#2514,#2515,#2516),
  .UNSPECIFIED.,.F.,.F.,(3,3),(0.,1.),.PIECEWISE_BEZIER_KNOTS.);
#2514 = CARTESIAN_POINT('',(0.4640625,0.9064453125));
#2515 = CARTESIAN_POINT('',(0.38203125,0.86015625));
#2516 = CARTESIAN_POINT('',(0.33515625,0.786328125));
#2517 = ( GEOMETRIC_REPRESENTATION_CONTEXT(2)
PARAMETRIC_REPRESENTATION_CONTEXT() REPRESENTATION_CONTEXT('2D SPACE',''
  ) );
#2518 = ORIENTED_EDGE('',*,*,#2519,.T.);
#2519 = EDGE_CURVE('',#2497,#629,#2520,.T.);
#2520 = SURFACE_CURVE('',#2521,(#2525,#2532),.PCURVE_S1.);
#2521 = LINE('',#2522,#2523);
#2522 = CARTESIAN_POINT('',(0.4640625,8.413671875,2.55));
#2523 = VECTOR('',#2524,1.);
#2524 = DIRECTION('',(0.,0.,1.));
#2525 = PCURVE('',#699,#2526);
#2526 = DEFINITIONAL_REPRESENTATION('',(#2527),#2531);
#2527 = LINE('',#2528,#2529);
#2528 = CARTESIAN_POINT('',(0.,0.));
#2529 = VECTOR('',#2530,1.);
#2530 = DIRECTION('',(0.,-1.));
#2531 = ( GEOMETRIC_REPRESENTATION_CONTEXT(2)
PARAMETRIC_REPRESENTATION_CONTEXT() REPRESENTATION_CONTEXT('2D SPACE',''
  ) );
#2532 = PCURVE('',#654,#2533);
#2533 = DEFINITIONAL_REPRESENTATION('',(#2534),#2538);
#2534 = LINE('',#2535,#2536);
#2535 = CARTESIAN_POINT('',(1.,0.));
#2536 = VECTOR('',#2537,1.);
#2537 = DIRECTION('',(0.,-1.));
#2538 = ( GEOMETRIC_REPRESENTATION_CONTEXT(2)
PARAMETRIC_REPRESENTATION_CONTEXT() REPRESENTATION_CONTEXT('2D SPACE',''
  ) );
#2539 = ORIENTED_EDGE('',*,*,#673,.F.);
#2540 = ORIENTED_EDGE('',*,*,#2470,.F.);
#2541 = ADVANCED_FACE('',(#2542),#654,.F.);
#2542 = FACE_BOUND('',#2543,.F.);
#2543 = EDGE_LOOP('',(#2544,#2567,#2588,#2589));
#2544 = ORIENTED_EDGE('',*,*,#2545,.F.);
#2545 = EDGE_CURVE('',#2546,#2497,#2548,.T.);
#2546 = VERTEX_POINT('',#2547);
#2547 = CARTESIAN_POINT('',(0.648046875,8.4599609375,2.55));
#2548 = SURFACE_CURVE('',#2549,(#2553,#2560),.PCURVE_S1.);
#2549 = B_SPLINE_CURVE_WITH_KNOTS('',2,(#2550,#2551,#2552),
  .UNSPECIFIED.,.F.,.F.,(3,3),(0.,1.),.PIECEWISE_BEZIER_KNOTS.);
#2550 = CARTESIAN_POINT('',(0.648046875,8.4599609375,2.55));
#2551 = CARTESIAN_POINT('',(0.54609375,8.4599609375,2.55));
#2552 = CARTESIAN_POINT('',(0.4640625,8.413671875,2.55));
#2553 = PCURVE('',#654,#2554);
#2554 = DEFINITIONAL_REPRESENTATION('',(#2555),#2559);
#2555 = LINE('',#2556,#2557);
#2556 = CARTESIAN_POINT('',(0.,0.));
#2557 = VECTOR('',#2558,1.);
#2558 = DIRECTION('',(1.,0.));
#2559 = ( GEOMETRIC_REPRESENTATION_CONTEXT(2)
PARAMETRIC_REPRESENTATION_CONTEXT() REPRESENTATION_CONTEXT('2D SPACE',''
  ) );
#2560 = PCURVE('',#1801,#2561);
#2561 = DEFINITIONAL_REPRESENTATION('',(#2562),#2566);
#2562 = B_SPLINE_CURVE_WITH_KNOTS('',2,(#2563,#2564,#2565),
  .UNSPECIFIED.,.F.,.F.,(3,3),(0.,1.),.PIECEWISE_BEZIER_KNOTS.);
#2563 = CARTESIAN_POINT('',(0.648046875,0.952734375));
#2564 = CARTESIAN_POINT('',(0.54609375,0.952734375));
#2565 = CARTESIAN_POINT('',(0.4640625,0.9064453125));
#2566 = ( GEOMETRIC_REPRESENTATION_CONTEXT(2)
PARAMETRIC_REPRESENTATION_CONTEXT() REPRESENTATION_CONTEXT('2D SPACE',''
  ) );
#2567 = ORIENTED_EDGE('',*,*,#2568,.T.);
#2568 = EDGE_CURVE('',#2546,#578,#2569,.T.);
#2569 = SURFACE_CURVE('',#2570,(#2574,#2581),.PCURVE_S1.);
#2570 = LINE('',#2571,#2572);
#2571 = CARTESIAN_POINT('',(0.648046875,8.4599609375,2.55));
#2572 = VECTOR('',#2573,1.);
#2573 = DIRECTION('',(0.,0.,1.));
#2574 = PCURVE('',#654,#2575);
#2575 = DEFINITIONAL_REPRESENTATION('',(#2576),#2580);
#2576 = LINE('',#2577,#2578);
#2577 = CARTESIAN_POINT('',(0.,0.));
#2578 = VECTOR('',#2579,1.);
#2579 = DIRECTION('',(0.,-1.));
#2580 = ( GEOMETRIC_REPRESENTATION_CONTEXT(2)
PARAMETRIC_REPRESENTATION_CONTEXT() REPRESENTATION_CONTEXT('2D SPACE',''
  ) );
#2581 = PCURVE('',#607,#2582);
#2582 = DEFINITIONAL_REPRESENTATION('',(#2583),#2587);
#2583 = LINE('',#2584,#2585);
#2584 = CARTESIAN_POINT('',(1.,0.));
#2585 = VECTOR('',#2586,1.);
#2586 = DIRECTION('',(0.,-1.));
#2587 = ( GEOMETRIC_REPRESENTATION_CONTEXT(2)
PARAMETRIC_REPRESENTATION_CONTEXT() REPRESENTATION_CONTEXT('2D SPACE',''
  ) );
#2588 = ORIENTED_EDGE('',*,*,#628,.F.);
#2589 = ORIENTED_EDGE('',*,*,#2519,.F.);
#2590 = ADVANCED_FACE('',(#2591),#607,.F.);
#2591 = FACE_BOUND('',#2592,.F.);
#2592 = EDGE_LOOP('',(#2593,#2616,#2637,#2638));
#2593 = ORIENTED_EDGE('',*,*,#2594,.F.);
#2594 = EDGE_CURVE('',#2595,#2546,#2597,.T.);
#2595 = VERTEX_POINT('',#2596);
#2596 = CARTESIAN_POINT('',(0.9134765625,8.3556640625,2.55));
#2597 = SURFACE_CURVE('',#2598,(#2602,#2609),.PCURVE_S1.);
#2598 = B_SPLINE_CURVE_WITH_KNOTS('',2,(#2599,#2600,#2601),
  .UNSPECIFIED.,.F.,.F.,(3,3),(0.,1.),.PIECEWISE_BEZIER_KNOTS.);
#2599 = CARTESIAN_POINT('',(0.9134765625,8.3556640625,2.55));
#2600 = CARTESIAN_POINT('',(0.812109375,8.4599609375,2.55));
#2601 = CARTESIAN_POINT('',(0.648046875,8.4599609375,2.55));
#2602 = PCURVE('',#607,#2603);
#2603 = DEFINITIONAL_REPRESENTATION('',(#2604),#2608);
#2604 = LINE('',#2605,#2606);
#2605 = CARTESIAN_POINT('',(0.,0.));
#2606 = VECTOR('',#2607,1.);
#2607 = DIRECTION('',(1.,0.));
#2608 = ( GEOMETRIC_REPRESENTATION_CONTEXT(2)
PARAMETRIC_REPRESENTATION_CONTEXT() REPRESENTATION_CONTEXT('2D SPACE',''
  ) );
#2609 = PCURVE('',#1801,#2610);
#2610 = DEFINITIONAL_REPRESENTATION('',(#2611),#2615);
#2611 = B_SPLINE_CURVE_WITH_KNOTS('',2,(#2612,#2613,#2614),
  .UNSPECIFIED.,.F.,.F.,(3,3),(0.,1.),.PIECEWISE_BEZIER_KNOTS.);
#2612 = CARTESIAN_POINT('',(0.9134765625,0.8484375));
#2613 = CARTESIAN_POINT('',(0.812109375,0.952734375));
#2614 = CARTESIAN_POINT('',(0.648046875,0.952734375));
#2615 = ( GEOMETRIC_REPRESENTATION_CONTEXT(2)
PARAMETRIC_REPRESENTATION_CONTEXT() REPRESENTATION_CONTEXT('2D SPACE',''
  ) );
#2616 = ORIENTED_EDGE('',*,*,#2617,.T.);
#2617 = EDGE_CURVE('',#2595,#527,#2618,.T.);
#2618 = SURFACE_CURVE('',#2619,(#2623,#2630),.PCURVE_S1.);
#2619 = LINE('',#2620,#2621);
#2620 = CARTESIAN_POINT('',(0.9134765625,8.3556640625,2.55));
#2621 = VECTOR('',#2622,1.);
#2622 = DIRECTION('',(0.,0.,1.));
#2623 = PCURVE('',#607,#2624);
#2624 = DEFINITIONAL_REPRESENTATION('',(#2625),#2629);
#2625 = LINE('',#2626,#2627);
#2626 = CARTESIAN_POINT('',(0.,0.));
#2627 = VECTOR('',#2628,1.);
#2628 = DIRECTION('',(0.,-1.));
#2629 = ( GEOMETRIC_REPRESENTATION_CONTEXT(2)
PARAMETRIC_REPRESENTATION_CONTEXT() REPRESENTATION_CONTEXT('2D SPACE',''
  ) );
#2630 = PCURVE('',#556,#2631);
#2631 = DEFINITIONAL_REPRESENTATION('',(#2632),#2636);
#2632 = LINE('',#2633,#2634);
#2633 = CARTESIAN_POINT('',(1.,0.));
#2634 = VECTOR('',#2635,1.);
#2635 = DIRECTION('',(0.,-1.));
#2636 = ( GEOMETRIC_REPRESENTATION_CONTEXT(2)
PARAMETRIC_REPRESENTATION_CONTEXT() REPRESENTATION_CONTEXT('2D SPACE',''
  ) );
#2637 = ORIENTED_EDGE('',*,*,#577,.F.);
#2638 = ORIENTED_EDGE('',*,*,#2568,.F.);
#2639 = ADVANCED_FACE('',(#2640),#556,.F.);
#2640 = FACE_BOUND('',#2641,.F.);
#2641 = EDGE_LOOP('',(#2642,#2665,#2686,#2687));
#2642 = ORIENTED_EDGE('',*,*,#2643,.F.);
#2643 = EDGE_CURVE('',#2644,#2595,#2646,.T.);
#2644 = VERTEX_POINT('',#2645);
#2645 = CARTESIAN_POINT('',(1.01484375,8.0708984375,2.55));
#2646 = SURFACE_CURVE('',#2647,(#2651,#2658),.PCURVE_S1.);
#2647 = B_SPLINE_CURVE_WITH_KNOTS('',2,(#2648,#2649,#2650),
  .UNSPECIFIED.,.F.,.F.,(3,3),(0.,1.),.PIECEWISE_BEZIER_KNOTS.);
#2648 = CARTESIAN_POINT('',(1.01484375,8.0708984375,2.55));
#2649 = CARTESIAN_POINT('',(1.01484375,8.2513671875,2.55));
#2650 = CARTESIAN_POINT('',(0.9134765625,8.3556640625,2.55));
#2651 = PCURVE('',#556,#2652);
#2652 = DEFINITIONAL_REPRESENTATION('',(#2653),#2657);
#2653 = LINE('',#2654,#2655);
#2654 = CARTESIAN_POINT('',(0.,0.));
#2655 = VECTOR('',#2656,1.);
#2656 = DIRECTION('',(1.,0.));
#2657 = ( GEOMETRIC_REPRESENTATION_CONTEXT(2)
PARAMETRIC_REPRESENTATION_CONTEXT() REPRESENTATION_CONTEXT('2D SPACE',''
  ) );
#2658 = PCURVE('',#1801,#2659);
#2659 = DEFINITIONAL_REPRESENTATION('',(#2660),#2664);
#2660 = B_SPLINE_CURVE_WITH_KNOTS('',2,(#2661,#2662,#2663),
  .UNSPECIFIED.,.F.,.F.,(3,3),(0.,1.),.PIECEWISE_BEZIER_KNOTS.);
#2661 = CARTESIAN_POINT('',(1.01484375,0.563671875));
#2662 = CARTESIAN_POINT('',(1.01484375,0.744140625));
#2663 = CARTESIAN_POINT('',(0.9134765625,0.8484375));
#2664 = ( GEOMETRIC_REPRESENTATION_CONTEXT(2)
PARAMETRIC_REPRESENTATION_CONTEXT() REPRESENTATION_CONTEXT('2D SPACE',''
  ) );
#2665 = ORIENTED_EDGE('',*,*,#2666,.T.);
#2666 = EDGE_CURVE('',#2644,#476,#2667,.T.);
#2667 = SURFACE_CURVE('',#2668,(#2672,#2679),.PCURVE_S1.);
#2668 = LINE('',#2669,#2670);
#2669 = CARTESIAN_POINT('',(1.01484375,8.0708984375,2.55));
#2670 = VECTOR('',#2671,1.);
#2671 = DIRECTION('',(0.,0.,1.));
#2672 = PCURVE('',#556,#2673);
#2673 = DEFINITIONAL_REPRESENTATION('',(#2674),#2678);
#2674 = LINE('',#2675,#2676);
#2675 = CARTESIAN_POINT('',(0.,0.));
#2676 = VECTOR('',#2677,1.);
#2677 = DIRECTION('',(0.,-1.));
#2678 = ( GEOMETRIC_REPRESENTATION_CONTEXT(2)
PARAMETRIC_REPRESENTATION_CONTEXT() REPRESENTATION_CONTEXT('2D SPACE',''
  ) );
#2679 = PCURVE('',#505,#2680);
#2680 = DEFINITIONAL_REPRESENTATION('',(#2681),#2685);
#2681 = LINE('',#2682,#2683);
#2682 = CARTESIAN_POINT('',(1.,0.));
#2683 = VECTOR('',#2684,1.);
#2684 = DIRECTION('',(0.,-1.));
#2685 = ( GEOMETRIC_REPRESENTATION_CONTEXT(2)
PARAMETRIC_REPRESENTATION_CONTEXT() REPRESENTATION_CONTEXT('2D SPACE',''
  ) );
#2686 = ORIENTED_EDGE('',*,*,#526,.F.);
#2687 = ORIENTED_EDGE('',*,*,#2617,.F.);
#2688 = ADVANCED_FACE('',(#2689),#505,.F.);
#2689 = FACE_BOUND('',#2690,.F.);
#2690 = EDGE_LOOP('',(#2691,#2714,#2735,#2736));
#2691 = ORIENTED_EDGE('',*,*,#2692,.F.);
#2692 = EDGE_CURVE('',#2693,#2644,#2695,.T.);
#2693 = VERTEX_POINT('',#2694);
#2694 = CARTESIAN_POINT('',(0.909375,7.7662109375,2.55));
#2695 = SURFACE_CURVE('',#2696,(#2700,#2707),.PCURVE_S1.);
#2696 = B_SPLINE_CURVE_WITH_KNOTS('',2,(#2697,#2698,#2699),
  .UNSPECIFIED.,.F.,.F.,(3,3),(0.,1.),.PIECEWISE_BEZIER_KNOTS.);
#2697 = CARTESIAN_POINT('',(0.909375,7.7662109375,2.55));
#2698 = CARTESIAN_POINT('',(1.01484375,7.8810546875,2.55));
#2699 = CARTESIAN_POINT('',(1.01484375,8.0708984375,2.55));
#2700 = PCURVE('',#505,#2701);
#2701 = DEFINITIONAL_REPRESENTATION('',(#2702),#2706);
#2702 = LINE('',#2703,#2704);
#2703 = CARTESIAN_POINT('',(0.,0.));
#2704 = VECTOR('',#2705,1.);
#2705 = DIRECTION('',(1.,0.));
#2706 = ( GEOMETRIC_REPRESENTATION_CONTEXT(2)
PARAMETRIC_REPRESENTATION_CONTEXT() REPRESENTATION_CONTEXT('2D SPACE',''
  ) );
#2707 = PCURVE('',#1801,#2708);
#2708 = DEFINITIONAL_REPRESENTATION('',(#2709),#2713);
#2709 = B_SPLINE_CURVE_WITH_KNOTS('',2,(#2710,#2711,#2712),
  .UNSPECIFIED.,.F.,.F.,(3,3),(0.,1.),.PIECEWISE_BEZIER_KNOTS.);
#2710 = CARTESIAN_POINT('',(0.909375,0.258984375));
#2711 = CARTESIAN_POINT('',(1.01484375,0.373828125));
#2712 = CARTESIAN_POINT('',(1.01484375,0.563671875));
#2713 = ( GEOMETRIC_REPRESENTATION_CONTEXT(2)
PARAMETRIC_REPRESENTATION_CONTEXT() REPRESENTATION_CONTEXT('2D SPACE',''
  ) );
#2714 = ORIENTED_EDGE('',*,*,#2715,.T.);
#2715 = EDGE_CURVE('',#2693,#431,#2716,.T.);
#2716 = SURFACE_CURVE('',#2717,(#2721,#2728),.PCURVE_S1.);
#2717 = LINE('',#2718,#2719);
#2718 = CARTESIAN_POINT('',(0.909375,7.7662109375,2.55));
#2719 = VECTOR('',#2720,1.);
#2720 = DIRECTION('',(0.,0.,1.));
#2721 = PCURVE('',#505,#2722);
#2722 = DEFINITIONAL_REPRESENTATION('',(#2723),#2727);
#2723 = LINE('',#2724,#2725);
#2724 = CARTESIAN_POINT('',(0.,0.));
#2725 = VECTOR('',#2726,1.);
#2726 = DIRECTION('',(0.,-1.));
#2727 = ( GEOMETRIC_REPRESENTATION_CONTEXT(2)
PARAMETRIC_REPRESENTATION_CONTEXT() REPRESENTATION_CONTEXT('2D SPACE',''
  ) );
#2728 = PCURVE('',#456,#2729);
#2729 = DEFINITIONAL_REPRESENTATION('',(#2730),#2734);
#2730 = LINE('',#2731,#2732);
#2731 = CARTESIAN_POINT('',(1.,0.));
#2732 = VECTOR('',#2733,1.);
#2733 = DIRECTION('',(0.,-1.));
#2734 = ( GEOMETRIC_REPRESENTATION_CONTEXT(2)
PARAMETRIC_REPRESENTATION_CONTEXT() REPRESENTATION_CONTEXT('2D SPACE',''
  ) );
#2735 = ORIENTED_EDGE('',*,*,#475,.F.);
#2736 = ORIENTED_EDGE('',*,*,#2666,.F.);
#2737 = ADVANCED_FACE('',(#2738),#456,.F.);
#2738 = FACE_BOUND('',#2739,.F.);
#2739 = EDGE_LOOP('',(#2740,#2763,#2784,#2785));
#2740 = ORIENTED_EDGE('',*,*,#2741,.F.);
#2741 = EDGE_CURVE('',#2742,#2693,#2744,.T.);
#2742 = VERTEX_POINT('',#2743);
#2743 = CARTESIAN_POINT('',(0.6515625,7.6513671875,2.55));
#2744 = SURFACE_CURVE('',#2745,(#2749,#2756),.PCURVE_S1.);
#2745 = B_SPLINE_CURVE_WITH_KNOTS('',2,(#2746,#2747,#2748),
  .UNSPECIFIED.,.F.,.F.,(3,3),(0.,1.),.PIECEWISE_BEZIER_KNOTS.);
#2746 = CARTESIAN_POINT('',(0.6515625,7.6513671875,2.55));
#2747 = CARTESIAN_POINT('',(0.80390625,7.6513671875,2.55));
#2748 = CARTESIAN_POINT('',(0.909375,7.7662109375,2.55));
#2749 = PCURVE('',#456,#2750);
#2750 = DEFINITIONAL_REPRESENTATION('',(#2751),#2755);
#2751 = LINE('',#2752,#2753);
#2752 = CARTESIAN_POINT('',(0.,0.));
#2753 = VECTOR('',#2754,1.);
#2754 = DIRECTION('',(1.,0.));
#2755 = ( GEOMETRIC_REPRESENTATION_CONTEXT(2)
PARAMETRIC_REPRESENTATION_CONTEXT() REPRESENTATION_CONTEXT('2D SPACE',''
  ) );
#2756 = PCURVE('',#1801,#2757);
#2757 = DEFINITIONAL_REPRESENTATION('',(#2758),#2762);
#2758 = B_SPLINE_CURVE_WITH_KNOTS('',2,(#2759,#2760,#2761),
  .UNSPECIFIED.,.F.,.F.,(3,3),(0.,1.),.PIECEWISE_BEZIER_KNOTS.);
#2759 = CARTESIAN_POINT('',(0.6515625,0.144140625));
#2760 = CARTESIAN_POINT('',(0.80390625,0.144140625));
#2761 = CARTESIAN_POINT('',(0.909375,0.258984375));
#2762 = ( GEOMETRIC_REPRESENTATION_CONTEXT(2)
PARAMETRIC_REPRESENTATION_CONTEXT() REPRESENTATION_CONTEXT('2D SPACE',''
  ) );
#2763 = ORIENTED_EDGE('',*,*,#2764,.T.);
#2764 = EDGE_CURVE('',#2742,#386,#2765,.T.);
#2765 = SURFACE_CURVE('',#2766,(#2770,#2777),.PCURVE_S1.);
#2766 = LINE('',#2767,#2768);
#2767 = CARTESIAN_POINT('',(0.6515625,7.6513671875,2.55));
#2768 = VECTOR('',#2769,1.);
#2769 = DIRECTION('',(0.,0.,1.));
#2770 = PCURVE('',#456,#2771);
#2771 = DEFINITIONAL_REPRESENTATION('',(#2772),#2776);
#2772 = LINE('',#2773,#2774);
#2773 = CARTESIAN_POINT('',(0.,0.));
#2774 = VECTOR('',#2775,1.);
#2775 = DIRECTION('',(0.,-1.));
#2776 = ( GEOMETRIC_REPRESENTATION_CONTEXT(2)
PARAMETRIC_REPRESENTATION_CONTEXT() REPRESENTATION_CONTEXT('2D SPACE',''
  ) );
#2777 = PCURVE('',#411,#2778);
#2778 = DEFINITIONAL_REPRESENTATION('',(#2779),#2783);
#2779 = LINE('',#2780,#2781);
#2780 = CARTESIAN_POINT('',(1.,0.));
#2781 = VECTOR('',#2782,1.);
#2782 = DIRECTION('',(0.,-1.));
#2783 = ( GEOMETRIC_REPRESENTATION_CONTEXT(2)
PARAMETRIC_REPRESENTATION_CONTEXT() REPRESENTATION_CONTEXT('2D SPACE',''
  ) );
#2784 = ORIENTED_EDGE('',*,*,#430,.F.);
#2785 = ORIENTED_EDGE('',*,*,#2715,.F.);
#2786 = ADVANCED_FACE('',(#2787),#411,.F.);
#2787 = FACE_BOUND('',#2788,.F.);
#2788 = EDGE_LOOP('',(#2789,#2812,#2833,#2834));
#2789 = ORIENTED_EDGE('',*,*,#2790,.F.);
#2790 = EDGE_CURVE('',#2791,#2742,#2793,.T.);
#2791 = VERTEX_POINT('',#2792);
#2792 = CARTESIAN_POINT('',(0.4353515625,7.7328125,2.55));
#2793 = SURFACE_CURVE('',#2794,(#2798,#2805),.PCURVE_S1.);
#2794 = B_SPLINE_CURVE_WITH_KNOTS('',2,(#2795,#2796,#2797),
  .UNSPECIFIED.,.F.,.F.,(3,3),(0.,1.),.PIECEWISE_BEZIER_KNOTS.);
#2795 = CARTESIAN_POINT('',(0.4353515625,7.7328125,2.55));
#2796 = CARTESIAN_POINT('',(0.525,7.6513671875,2.55));
#2797 = CARTESIAN_POINT('',(0.6515625,7.6513671875,2.55));
#2798 = PCURVE('',#411,#2799);
#2799 = DEFINITIONAL_REPRESENTATION('',(#2800),#2804);
#2800 = LINE('',#2801,#2802);
#2801 = CARTESIAN_POINT('',(0.,0.));
#2802 = VECTOR('',#2803,1.);
#2803 = DIRECTION('',(1.,0.));
#2804 = ( GEOMETRIC_REPRESENTATION_CONTEXT(2)
PARAMETRIC_REPRESENTATION_CONTEXT() REPRESENTATION_CONTEXT('2D SPACE',''
  ) );
#2805 = PCURVE('',#1801,#2806);
#2806 = DEFINITIONAL_REPRESENTATION('',(#2807),#2811);
#2807 = B_SPLINE_CURVE_WITH_KNOTS('',2,(#2808,#2809,#2810),
  .UNSPECIFIED.,.F.,.F.,(3,3),(0.,1.),.PIECEWISE_BEZIER_KNOTS.);
#2808 = CARTESIAN_POINT('',(0.4353515625,0.2255859375));
#2809 = CARTESIAN_POINT('',(0.525,0.144140625));
#2810 = CARTESIAN_POINT('',(0.6515625,0.144140625));
#2811 = ( GEOMETRIC_REPRESENTATION_CONTEXT(2)
PARAMETRIC_REPRESENTATION_CONTEXT() REPRESENTATION_CONTEXT('2D SPACE',''
  ) );
#2812 = ORIENTED_EDGE('',*,*,#2813,.T.);
#2813 = EDGE_CURVE('',#2791,#347,#2814,.T.);
#2814 = SURFACE_CURVE('',#2815,(#2819,#2826),.PCURVE_S1.);
#2815 = LINE('',#2816,#2817);
#2816 = CARTESIAN_POINT('',(0.4353515625,7.7328125,2.55));
#2817 = VECTOR('',#2818,1.);
#2818 = DIRECTION('',(0.,0.,1.));
#2819 = PCURVE('',#411,#2820);
#2820 = DEFINITIONAL_REPRESENTATION('',(#2821),#2825);
#2821 = LINE('',#2822,#2823);
#2822 = CARTESIAN_POINT('',(0.,0.));
#2823 = VECTOR('',#2824,1.);
#2824 = DIRECTION('',(0.,-1.));
#2825 = ( GEOMETRIC_REPRESENTATION_CONTEXT(2)
PARAMETRIC_REPRESENTATION_CONTEXT() REPRESENTATION_CONTEXT('2D SPACE',''
  ) );
#2826 = PCURVE('',#368,#2827);
#2827 = DEFINITIONAL_REPRESENTATION('',(#2828),#2832);
#2828 = LINE('',#2829,#2830);
#2829 = CARTESIAN_POINT('',(1.,0.));
#2830 = VECTOR('',#2831,1.);
#2831 = DIRECTION('',(0.,-1.));
#2832 = ( GEOMETRIC_REPRESENTATION_CONTEXT(2)
PARAMETRIC_REPRESENTATION_CONTEXT() REPRESENTATION_CONTEXT('2D SPACE',''
  ) );
#2833 = ORIENTED_EDGE('',*,*,#385,.F.);
#2834 = ORIENTED_EDGE('',*,*,#2764,.F.);
#2835 = ADVANCED_FACE('',(#2836),#368,.F.);
#2836 = FACE_BOUND('',#2837,.F.);
#2837 = EDGE_LOOP('',(#2838,#2859,#2860,#2861));
#2838 = ORIENTED_EDGE('',*,*,#2839,.F.);
#2839 = EDGE_CURVE('',#1786,#2791,#2840,.T.);
#2840 = SURFACE_CURVE('',#2841,(#2845,#2852),.PCURVE_S1.);
#2841 = B_SPLINE_CURVE_WITH_KNOTS('',2,(#2842,#2843,#2844),
  .UNSPECIFIED.,.F.,.F.,(3,3),(0.,1.),.PIECEWISE_BEZIER_KNOTS.);
#2842 = CARTESIAN_POINT('',(0.32109375,7.9759765625,2.55));
#2843 = CARTESIAN_POINT('',(0.345703125,7.8142578125,2.55));
#2844 = CARTESIAN_POINT('',(0.4353515625,7.7328125,2.55));
#2845 = PCURVE('',#368,#2846);
#2846 = DEFINITIONAL_REPRESENTATION('',(#2847),#2851);
#2847 = LINE('',#2848,#2849);
#2848 = CARTESIAN_POINT('',(0.,0.));
#2849 = VECTOR('',#2850,1.);
#2850 = DIRECTION('',(1.,0.));
#2851 = ( GEOMETRIC_REPRESENTATION_CONTEXT(2)
PARAMETRIC_REPRESENTATION_CONTEXT() REPRESENTATION_CONTEXT('2D SPACE',''
  ) );
#2852 = PCURVE('',#1801,#2853);
#2853 = DEFINITIONAL_REPRESENTATION('',(#2854),#2858);
#2854 = B_SPLINE_CURVE_WITH_KNOTS('',2,(#2855,#2856,#2857),
  .UNSPECIFIED.,.F.,.F.,(3,3),(0.,1.),.PIECEWISE_BEZIER_KNOTS.);
#2855 = CARTESIAN_POINT('',(0.32109375,0.46875));
#2856 = CARTESIAN_POINT('',(0.345703125,0.30703125));
#2857 = CARTESIAN_POINT('',(0.4353515625,0.2255859375));
#2858 = ( GEOMETRIC_REPRESENTATION_CONTEXT(2)
PARAMETRIC_REPRESENTATION_CONTEXT() REPRESENTATION_CONTEXT('2D SPACE',''
  ) );
#2859 = ORIENTED_EDGE('',*,*,#1835,.T.);
#2860 = ORIENTED_EDGE('',*,*,#346,.F.);
#2861 = ORIENTED_EDGE('',*,*,#2813,.F.);
#2862 = ADVANCED_FACE('',(#2863),#1248,.F.);
#2863 = FACE_BOUND('',#2864,.F.);
#2864 = EDGE_LOOP('',(#2865,#2895,#2916,#2917));
#2865 = ORIENTED_EDGE('',*,*,#2866,.F.);
#2866 = EDGE_CURVE('',#2867,#2869,#2871,.T.);
#2867 = VERTEX_POINT('',#2868);
#2868 = CARTESIAN_POINT('',(-0.440625,9.2322265625,2.55));
#2869 = VERTEX_POINT('',#2870);
#2870 = CARTESIAN_POINT('',(-0.440625,7.5072265625,2.55));
#2871 = SURFACE_CURVE('',#2872,(#2876,#2883),.PCURVE_S1.);
#2872 = LINE('',#2873,#2874);
#2873 = CARTESIAN_POINT('',(-0.440625,9.2322265625,2.55));
#2874 = VECTOR('',#2875,1.);
#2875 = DIRECTION('',(0.,-1.,0.));
#2876 = PCURVE('',#1248,#2877);
#2877 = DEFINITIONAL_REPRESENTATION('',(#2878),#2882);
#2878 = LINE('',#2879,#2880);
#2879 = CARTESIAN_POINT('',(0.,0.));
#2880 = VECTOR('',#2881,1.);
#2881 = DIRECTION('',(1.,0.));
#2882 = ( GEOMETRIC_REPRESENTATION_CONTEXT(2)
PARAMETRIC_REPRESENTATION_CONTEXT() REPRESENTATION_CONTEXT('2D SPACE',''
  ) );
#2883 = PCURVE('',#2884,#2889);
#2884 = PLANE('',#2885);
#2885 = AXIS2_PLACEMENT_3D('',#2886,#2887,#2888);
#2886 = CARTESIAN_POINT('',(-1.334765625,7.5072265625,2.55));
#2887 = DIRECTION('',(0.,0.,1.));
#2888 = DIRECTION('',(1.,0.,0.));
#2889 = DEFINITIONAL_REPRESENTATION('',(#2890),#2894);
#2890 = LINE('',#2891,#2892);
#2891 = CARTESIAN_POINT('',(0.894140625,1.725));
#2892 = VECTOR('',#2893,1.);
#2893 = DIRECTION('',(0.,-1.));
#2894 = ( GEOMETRIC_REPRESENTATION_CONTEXT(2)
PARAMETRIC_REPRESENTATION_CONTEXT() REPRESENTATION_CONTEXT('2D SPACE',''
  ) );
#2895 = ORIENTED_EDGE('',*,*,#2896,.T.);
#2896 = EDGE_CURVE('',#2867,#1234,#2897,.T.);
#2897 = SURFACE_CURVE('',#2898,(#2902,#2909),.PCURVE_S1.);
#2898 = LINE('',#2899,#2900);
#2899 = CARTESIAN_POINT('',(-0.440625,9.2322265625,2.55));
#2900 = VECTOR('',#2901,1.);
#2901 = DIRECTION('',(0.,0.,1.));
#2902 = PCURVE('',#1248,#2903);
#2903 = DEFINITIONAL_REPRESENTATION('',(#2904),#2908);
#2904 = LINE('',#2905,#2906);
#2905 = CARTESIAN_POINT('',(0.,0.));
#2906 = VECTOR('',#2907,1.);
#2907 = DIRECTION('',(0.,-1.));
#2908 = ( GEOMETRIC_REPRESENTATION_CONTEXT(2)
PARAMETRIC_REPRESENTATION_CONTEXT() REPRESENTATION_CONTEXT('2D SPACE',''
  ) );
#2909 = PCURVE('',#1503,#2910);
#2910 = DEFINITIONAL_REPRESENTATION('',(#2911),#2915);
#2911 = LINE('',#2912,#2913);
#2912 = CARTESIAN_POINT('',(0.1359375,0.));
#2913 = VECTOR('',#2914,1.);
#2914 = DIRECTION('',(0.,-1.));
#2915 = ( GEOMETRIC_REPRESENTATION_CONTEXT(2)
PARAMETRIC_REPRESENTATION_CONTEXT() REPRESENTATION_CONTEXT('2D SPACE',''
  ) );
#2916 = ORIENTED_EDGE('',*,*,#1231,.F.);
#2917 = ORIENTED_EDGE('',*,*,#2918,.F.);
#2918 = EDGE_CURVE('',#2869,#1232,#2919,.T.);
#2919 = SURFACE_CURVE('',#2920,(#2924,#2931),.PCURVE_S1.);
#2920 = LINE('',#2921,#2922);
#2921 = CARTESIAN_POINT('',(-0.440625,7.5072265625,2.55));
#2922 = VECTOR('',#2923,1.);
#2923 = DIRECTION('',(0.,0.,1.));
#2924 = PCURVE('',#1248,#2925);
#2925 = DEFINITIONAL_REPRESENTATION('',(#2926),#2930);
#2926 = LINE('',#2927,#2928);
#2927 = CARTESIAN_POINT('',(1.725,0.));
#2928 = VECTOR('',#2929,1.);
#2929 = DIRECTION('',(0.,-1.));
#2930 = ( GEOMETRIC_REPRESENTATION_CONTEXT(2)
PARAMETRIC_REPRESENTATION_CONTEXT() REPRESENTATION_CONTEXT('2D SPACE',''
  ) );
#2931 = PCURVE('',#1274,#2932);
#2932 = DEFINITIONAL_REPRESENTATION('',(#2933),#2937);
#2933 = LINE('',#2934,#2935);
#2934 = CARTESIAN_POINT('',(0.,-0.));
#2935 = VECTOR('',#2936,1.);
#2936 = DIRECTION('',(0.,-1.));
#2937 = ( GEOMETRIC_REPRESENTATION_CONTEXT(2)
PARAMETRIC_REPRESENTATION_CONTEXT() REPRESENTATION_CONTEXT('2D SPACE',''
  ) );
#2938 = ADVANCED_FACE('',(#2939),#1503,.F.);
#2939 = FACE_BOUND('',#2940,.F.);
#2940 = EDGE_LOOP('',(#2941,#2964,#2985,#2986));
#2941 = ORIENTED_EDGE('',*,*,#2942,.F.);
#2942 = EDGE_CURVE('',#2943,#2867,#2945,.T.);
#2943 = VERTEX_POINT('',#2944);
#2944 = CARTESIAN_POINT('',(-0.5765625,9.2322265625,2.55));
#2945 = SURFACE_CURVE('',#2946,(#2950,#2957),.PCURVE_S1.);
#2946 = LINE('',#2947,#2948);
#2947 = CARTESIAN_POINT('',(-0.5765625,9.2322265625,2.55));
#2948 = VECTOR('',#2949,1.);
#2949 = DIRECTION('',(1.,0.,0.));
#2950 = PCURVE('',#1503,#2951);
#2951 = DEFINITIONAL_REPRESENTATION('',(#2952),#2956);
#2952 = LINE('',#2953,#2954);
#2953 = CARTESIAN_POINT('',(0.,0.));
#2954 = VECTOR('',#2955,1.);
#2955 = DIRECTION('',(1.,0.));
#2956 = ( GEOMETRIC_REPRESENTATION_CONTEXT(2)
PARAMETRIC_REPRESENTATION_CONTEXT() REPRESENTATION_CONTEXT('2D SPACE',''
  ) );
#2957 = PCURVE('',#2884,#2958);
#2958 = DEFINITIONAL_REPRESENTATION('',(#2959),#2963);
#2959 = LINE('',#2960,#2961);
#2960 = CARTESIAN_POINT('',(0.758203125,1.725));
#2961 = VECTOR('',#2962,1.);
#2962 = DIRECTION('',(1.,0.));
#2963 = ( GEOMETRIC_REPRESENTATION_CONTEXT(2)
PARAMETRIC_REPRESENTATION_CONTEXT() REPRESENTATION_CONTEXT('2D SPACE',''
  ) );
#2964 = ORIENTED_EDGE('',*,*,#2965,.T.);
#2965 = EDGE_CURVE('',#2943,#1452,#2966,.T.);
#2966 = SURFACE_CURVE('',#2967,(#2971,#2978),.PCURVE_S1.);
#2967 = LINE('',#2968,#2969);
#2968 = CARTESIAN_POINT('',(-0.5765625,9.2322265625,2.55));
#2969 = VECTOR('',#2970,1.);
#2970 = DIRECTION('',(0.,0.,1.));
#2971 = PCURVE('',#1503,#2972);
#2972 = DEFINITIONAL_REPRESENTATION('',(#2973),#2977);
#2973 = LINE('',#2974,#2975);
#2974 = CARTESIAN_POINT('',(0.,0.));
#2975 = VECTOR('',#2976,1.);
#2976 = DIRECTION('',(0.,-1.));
#2977 = ( GEOMETRIC_REPRESENTATION_CONTEXT(2)
PARAMETRIC_REPRESENTATION_CONTEXT() REPRESENTATION_CONTEXT('2D SPACE',''
  ) );
#2978 = PCURVE('',#1473,#2979);
#2979 = DEFINITIONAL_REPRESENTATION('',(#2980),#2984);
#2980 = LINE('',#2981,#2982);
#2981 = CARTESIAN_POINT('',(1.,0.));
#2982 = VECTOR('',#2983,1.);
#2983 = DIRECTION('',(0.,-1.));
#2984 = ( GEOMETRIC_REPRESENTATION_CONTEXT(2)
PARAMETRIC_REPRESENTATION_CONTEXT() REPRESENTATION_CONTEXT('2D SPACE',''
  ) );
#2985 = ORIENTED_EDGE('',*,*,#1490,.F.);
#2986 = ORIENTED_EDGE('',*,*,#2896,.F.);
#2987 = ADVANCED_FACE('',(#2988),#1473,.F.);
#2988 = FACE_BOUND('',#2989,.F.);
#2989 = EDGE_LOOP('',(#2990,#3013,#3034,#3035));
#2990 = ORIENTED_EDGE('',*,*,#2991,.F.);
#2991 = EDGE_CURVE('',#2992,#2943,#2994,.T.);
#2992 = VERTEX_POINT('',#2993);
#2993 = CARTESIAN_POINT('',(-0.7640625,9.0025390625,2.55));
#2994 = SURFACE_CURVE('',#2995,(#2999,#3006),.PCURVE_S1.);
#2995 = B_SPLINE_CURVE_WITH_KNOTS('',2,(#2996,#2997,#2998),
  .UNSPECIFIED.,.F.,.F.,(3,3),(0.,1.),.PIECEWISE_BEZIER_KNOTS.);
#2996 = CARTESIAN_POINT('',(-0.7640625,9.0025390625,2.55));
#2997 = CARTESIAN_POINT('',(-0.631640625,9.1208984375,2.55));
#2998 = CARTESIAN_POINT('',(-0.5765625,9.2322265625,2.55));
#2999 = PCURVE('',#1473,#3000);
#3000 = DEFINITIONAL_REPRESENTATION('',(#3001),#3005);
#3001 = LINE('',#3002,#3003);
#3002 = CARTESIAN_POINT('',(0.,0.));
#3003 = VECTOR('',#3004,1.);
#3004 = DIRECTION('',(1.,0.));
#3005 = ( GEOMETRIC_REPRESENTATION_CONTEXT(2)
PARAMETRIC_REPRESENTATION_CONTEXT() REPRESENTATION_CONTEXT('2D SPACE',''
  ) );
#3006 = PCURVE('',#2884,#3007);
#3007 = DEFINITIONAL_REPRESENTATION('',(#3008),#3012);
#3008 = B_SPLINE_CURVE_WITH_KNOTS('',2,(#3009,#3010,#3011),
  .UNSPECIFIED.,.F.,.F.,(3,3),(0.,1.),.PIECEWISE_BEZIER_KNOTS.);
#3009 = CARTESIAN_POINT('',(0.570703125,1.4953125));
#3010 = CARTESIAN_POINT('',(0.703125,1.613671875));
#3011 = CARTESIAN_POINT('',(0.758203125,1.725));
#3012 = ( GEOMETRIC_REPRESENTATION_CONTEXT(2)
PARAMETRIC_REPRESENTATION_CONTEXT() REPRESENTATION_CONTEXT('2D SPACE',''
  ) );
#3013 = ORIENTED_EDGE('',*,*,#3014,.T.);
#3014 = EDGE_CURVE('',#2992,#1413,#3015,.T.);
#3015 = SURFACE_CURVE('',#3016,(#3020,#3027),.PCURVE_S1.);
#3016 = LINE('',#3017,#3018);
#3017 = CARTESIAN_POINT('',(-0.7640625,9.0025390625,2.55));
#3018 = VECTOR('',#3019,1.);
#3019 = DIRECTION('',(0.,0.,1.));
#3020 = PCURVE('',#1473,#3021);
#3021 = DEFINITIONAL_REPRESENTATION('',(#3022),#3026);
#3022 = LINE('',#3023,#3024);
#3023 = CARTESIAN_POINT('',(0.,0.));
#3024 = VECTOR('',#3025,1.);
#3025 = DIRECTION('',(0.,-1.));
#3026 = ( GEOMETRIC_REPRESENTATION_CONTEXT(2)
PARAMETRIC_REPRESENTATION_CONTEXT() REPRESENTATION_CONTEXT('2D SPACE',''
  ) );
#3027 = PCURVE('',#1434,#3028);
#3028 = DEFINITIONAL_REPRESENTATION('',(#3029),#3033);
#3029 = LINE('',#3030,#3031);
#3030 = CARTESIAN_POINT('',(1.,0.));
#3031 = VECTOR('',#3032,1.);
#3032 = DIRECTION('',(0.,-1.));
#3033 = ( GEOMETRIC_REPRESENTATION_CONTEXT(2)
PARAMETRIC_REPRESENTATION_CONTEXT() REPRESENTATION_CONTEXT('2D SPACE',''
  ) );
#3034 = ORIENTED_EDGE('',*,*,#1451,.F.);
#3035 = ORIENTED_EDGE('',*,*,#2965,.F.);
#3036 = ADVANCED_FACE('',(#3037),#1434,.F.);
#3037 = FACE_BOUND('',#3038,.F.);
#3038 = EDGE_LOOP('',(#3039,#3062,#3083,#3084));
#3039 = ORIENTED_EDGE('',*,*,#3040,.F.);
#3040 = EDGE_CURVE('',#3041,#2992,#3043,.T.);
#3041 = VERTEX_POINT('',#3042);
#3042 = CARTESIAN_POINT('',(-1.0734375,8.8009765625,2.55));
#3043 = SURFACE_CURVE('',#3044,(#3048,#3055),.PCURVE_S1.);
#3044 = B_SPLINE_CURVE_WITH_KNOTS('',2,(#3045,#3046,#3047),
  .UNSPECIFIED.,.F.,.F.,(3,3),(0.,1.),.PIECEWISE_BEZIER_KNOTS.);
#3045 = CARTESIAN_POINT('',(-1.0734375,8.8009765625,2.55));
#3046 = CARTESIAN_POINT('',(-0.896484375,8.8841796875,2.55));
#3047 = CARTESIAN_POINT('',(-0.7640625,9.0025390625,2.55));
#3048 = PCURVE('',#1434,#3049);
#3049 = DEFINITIONAL_REPRESENTATION('',(#3050),#3054);
#3050 = LINE('',#3051,#3052);
#3051 = CARTESIAN_POINT('',(0.,0.));
#3052 = VECTOR('',#3053,1.);
#3053 = DIRECTION('',(1.,0.));
#3054 = ( GEOMETRIC_REPRESENTATION_CONTEXT(2)
PARAMETRIC_REPRESENTATION_CONTEXT() REPRESENTATION_CONTEXT('2D SPACE',''
  ) );
#3055 = PCURVE('',#2884,#3056);
#3056 = DEFINITIONAL_REPRESENTATION('',(#3057),#3061);
#3057 = B_SPLINE_CURVE_WITH_KNOTS('',2,(#3058,#3059,#3060),
  .UNSPECIFIED.,.F.,.F.,(3,3),(0.,1.),.PIECEWISE_BEZIER_KNOTS.);
#3058 = CARTESIAN_POINT('',(0.261328125,1.29375));
#3059 = CARTESIAN_POINT('',(0.43828125,1.376953125));
#3060 = CARTESIAN_POINT('',(0.570703125,1.4953125));
#3061 = ( GEOMETRIC_REPRESENTATION_CONTEXT(2)
PARAMETRIC_REPRESENTATION_CONTEXT() REPRESENTATION_CONTEXT('2D SPACE',''
  ) );
#3062 = ORIENTED_EDGE('',*,*,#3063,.T.);
#3063 = EDGE_CURVE('',#3041,#1387,#3064,.T.);
#3064 = SURFACE_CURVE('',#3065,(#3069,#3076),.PCURVE_S1.);
#3065 = LINE('',#3066,#3067);
#3066 = CARTESIAN_POINT('',(-1.0734375,8.8009765625,2.55));
#3067 = VECTOR('',#3068,1.);
#3068 = DIRECTION('',(0.,0.,1.));
#3069 = PCURVE('',#1434,#3070);
#3070 = DEFINITIONAL_REPRESENTATION('',(#3071),#3075);
#3071 = LINE('',#3072,#3073);
#3072 = CARTESIAN_POINT('',(0.,0.));
#3073 = VECTOR('',#3074,1.);
#3074 = DIRECTION('',(0.,-1.));
#3075 = ( GEOMETRIC_REPRESENTATION_CONTEXT(2)
PARAMETRIC_REPRESENTATION_CONTEXT() REPRESENTATION_CONTEXT('2D SPACE',''
  ) );
#3076 = PCURVE('',#1401,#3077);
#3077 = DEFINITIONAL_REPRESENTATION('',(#3078),#3082);
#3078 = LINE('',#3079,#3080);
#3079 = CARTESIAN_POINT('',(0.20390625,0.));
#3080 = VECTOR('',#3081,1.);
#3081 = DIRECTION('',(0.,-1.));
#3082 = ( GEOMETRIC_REPRESENTATION_CONTEXT(2)
PARAMETRIC_REPRESENTATION_CONTEXT() REPRESENTATION_CONTEXT('2D SPACE',''
  ) );
#3083 = ORIENTED_EDGE('',*,*,#1412,.F.);
#3084 = ORIENTED_EDGE('',*,*,#3014,.F.);
#3085 = ADVANCED_FACE('',(#3086),#1401,.F.);
#3086 = FACE_BOUND('',#3087,.F.);
#3087 = EDGE_LOOP('',(#3088,#3111,#3132,#3133));
#3088 = ORIENTED_EDGE('',*,*,#3089,.F.);
#3089 = EDGE_CURVE('',#3090,#3041,#3092,.T.);
#3090 = VERTEX_POINT('',#3091);
#3091 = CARTESIAN_POINT('',(-1.0734375,8.5970703125,2.55));
#3092 = SURFACE_CURVE('',#3093,(#3097,#3104),.PCURVE_S1.);
#3093 = LINE('',#3094,#3095);
#3094 = CARTESIAN_POINT('',(-1.0734375,8.5970703125,2.55));
#3095 = VECTOR('',#3096,1.);
#3096 = DIRECTION('',(0.,1.,0.));
#3097 = PCURVE('',#1401,#3098);
#3098 = DEFINITIONAL_REPRESENTATION('',(#3099),#3103);
#3099 = LINE('',#3100,#3101);
#3100 = CARTESIAN_POINT('',(0.,0.));
#3101 = VECTOR('',#3102,1.);
#3102 = DIRECTION('',(1.,0.));
#3103 = ( GEOMETRIC_REPRESENTATION_CONTEXT(2)
PARAMETRIC_REPRESENTATION_CONTEXT() REPRESENTATION_CONTEXT('2D SPACE',''
  ) );
#3104 = PCURVE('',#2884,#3105);
#3105 = DEFINITIONAL_REPRESENTATION('',(#3106),#3110);
#3106 = LINE('',#3107,#3108);
#3107 = CARTESIAN_POINT('',(0.261328125,1.08984375));
#3108 = VECTOR('',#3109,1.);
#3109 = DIRECTION('',(0.,1.));
#3110 = ( GEOMETRIC_REPRESENTATION_CONTEXT(2)
PARAMETRIC_REPRESENTATION_CONTEXT() REPRESENTATION_CONTEXT('2D SPACE',''
  ) );
#3111 = ORIENTED_EDGE('',*,*,#3112,.T.);
#3112 = EDGE_CURVE('',#3090,#1351,#3113,.T.);
#3113 = SURFACE_CURVE('',#3114,(#3118,#3125),.PCURVE_S1.);
#3114 = LINE('',#3115,#3116);
#3115 = CARTESIAN_POINT('',(-1.0734375,8.5970703125,2.55));
#3116 = VECTOR('',#3117,1.);
#3117 = DIRECTION('',(0.,0.,1.));
#3118 = PCURVE('',#1401,#3119);
#3119 = DEFINITIONAL_REPRESENTATION('',(#3120),#3124);
#3120 = LINE('',#3121,#3122);
#3121 = CARTESIAN_POINT('',(0.,0.));
#3122 = VECTOR('',#3123,1.);
#3123 = DIRECTION('',(0.,-1.));
#3124 = ( GEOMETRIC_REPRESENTATION_CONTEXT(2)
PARAMETRIC_REPRESENTATION_CONTEXT() REPRESENTATION_CONTEXT('2D SPACE',''
  ) );
#3125 = PCURVE('',#1370,#3126);
#3126 = DEFINITIONAL_REPRESENTATION('',(#3127),#3131);
#3127 = LINE('',#3128,#3129);
#3128 = CARTESIAN_POINT('',(1.,0.));
#3129 = VECTOR('',#3130,1.);
#3130 = DIRECTION('',(0.,-1.));
#3131 = ( GEOMETRIC_REPRESENTATION_CONTEXT(2)
PARAMETRIC_REPRESENTATION_CONTEXT() REPRESENTATION_CONTEXT('2D SPACE',''
  ) );
#3132 = ORIENTED_EDGE('',*,*,#1386,.F.);
#3133 = ORIENTED_EDGE('',*,*,#3063,.F.);
#3134 = ADVANCED_FACE('',(#3135),#1370,.F.);
#3135 = FACE_BOUND('',#3136,.F.);
#3136 = EDGE_LOOP('',(#3137,#3160,#3181,#3182));
#3137 = ORIENTED_EDGE('',*,*,#3138,.F.);
#3138 = EDGE_CURVE('',#3139,#3090,#3141,.T.);
#3139 = VERTEX_POINT('',#3140);
#3140 = CARTESIAN_POINT('',(-0.8513671875,8.7060546875,2.55));
#3141 = SURFACE_CURVE('',#3142,(#3146,#3153),.PCURVE_S1.);
#3142 = B_SPLINE_CURVE_WITH_KNOTS('',2,(#3143,#3144,#3145),
  .UNSPECIFIED.,.F.,.F.,(3,3),(0.,1.),.PIECEWISE_BEZIER_KNOTS.);
#3143 = CARTESIAN_POINT('',(-0.8513671875,8.7060546875,2.55));
#3144 = CARTESIAN_POINT('',(-0.975,8.6333984375,2.55));
#3145 = CARTESIAN_POINT('',(-1.0734375,8.5970703125,2.55));
#3146 = PCURVE('',#1370,#3147);
#3147 = DEFINITIONAL_REPRESENTATION('',(#3148),#3152);
#3148 = LINE('',#3149,#3150);
#3149 = CARTESIAN_POINT('',(0.,0.));
#3150 = VECTOR('',#3151,1.);
#3151 = DIRECTION('',(1.,0.));
#3152 = ( GEOMETRIC_REPRESENTATION_CONTEXT(2)
PARAMETRIC_REPRESENTATION_CONTEXT() REPRESENTATION_CONTEXT('2D SPACE',''
  ) );
#3153 = PCURVE('',#2884,#3154);
#3154 = DEFINITIONAL_REPRESENTATION('',(#3155),#3159);
#3155 = B_SPLINE_CURVE_WITH_KNOTS('',2,(#3156,#3157,#3158),
  .UNSPECIFIED.,.F.,.F.,(3,3),(0.,1.),.PIECEWISE_BEZIER_KNOTS.);
#3156 = CARTESIAN_POINT('',(0.4833984375,1.198828125));
#3157 = CARTESIAN_POINT('',(0.359765625,1.126171875));
#3158 = CARTESIAN_POINT('',(0.261328125,1.08984375));
#3159 = ( GEOMETRIC_REPRESENTATION_CONTEXT(2)
PARAMETRIC_REPRESENTATION_CONTEXT() REPRESENTATION_CONTEXT('2D SPACE',''
  ) );
#3160 = ORIENTED_EDGE('',*,*,#3161,.T.);
#3161 = EDGE_CURVE('',#3139,#1312,#3162,.T.);
#3162 = SURFACE_CURVE('',#3163,(#3167,#3174),.PCURVE_S1.);
#3163 = LINE('',#3164,#3165);
#3164 = CARTESIAN_POINT('',(-0.8513671875,8.7060546875,2.55));
#3165 = VECTOR('',#3166,1.);
#3166 = DIRECTION('',(0.,0.,1.));
#3167 = PCURVE('',#1370,#3168);
#3168 = DEFINITIONAL_REPRESENTATION('',(#3169),#3173);
#3169 = LINE('',#3170,#3171);
#3170 = CARTESIAN_POINT('',(0.,0.));
#3171 = VECTOR('',#3172,1.);
#3172 = DIRECTION('',(0.,-1.));
#3173 = ( GEOMETRIC_REPRESENTATION_CONTEXT(2)
PARAMETRIC_REPRESENTATION_CONTEXT() REPRESENTATION_CONTEXT('2D SPACE',''
  ) );
#3174 = PCURVE('',#1333,#3175);
#3175 = DEFINITIONAL_REPRESENTATION('',(#3176),#3180);
#3176 = LINE('',#3177,#3178);
#3177 = CARTESIAN_POINT('',(1.,0.));
#3178 = VECTOR('',#3179,1.);
#3179 = DIRECTION('',(0.,-1.));
#3180 = ( GEOMETRIC_REPRESENTATION_CONTEXT(2)
PARAMETRIC_REPRESENTATION_CONTEXT() REPRESENTATION_CONTEXT('2D SPACE',''
  ) );
#3181 = ORIENTED_EDGE('',*,*,#1350,.F.);
#3182 = ORIENTED_EDGE('',*,*,#3112,.F.);
#3183 = ADVANCED_FACE('',(#3184),#1333,.F.);
#3184 = FACE_BOUND('',#3185,.F.);
#3185 = EDGE_LOOP('',(#3186,#3209,#3230,#3231));
#3186 = ORIENTED_EDGE('',*,*,#3187,.F.);
#3187 = EDGE_CURVE('',#3188,#3139,#3190,.T.);
#3188 = VERTEX_POINT('',#3189);
#3189 = CARTESIAN_POINT('',(-0.6515625,8.8513671875,2.55));
#3190 = SURFACE_CURVE('',#3191,(#3195,#3202),.PCURVE_S1.);
#3191 = B_SPLINE_CURVE_WITH_KNOTS('',2,(#3192,#3193,#3194),
  .UNSPECIFIED.,.F.,.F.,(3,3),(0.,1.),.PIECEWISE_BEZIER_KNOTS.);
#3192 = CARTESIAN_POINT('',(-0.6515625,8.8513671875,2.55));
#3193 = CARTESIAN_POINT('',(-0.727734375,8.7787109375,2.55));
#3194 = CARTESIAN_POINT('',(-0.8513671875,8.7060546875,2.55));
#3195 = PCURVE('',#1333,#3196);
#3196 = DEFINITIONAL_REPRESENTATION('',(#3197),#3201);
#3197 = LINE('',#3198,#3199);
#3198 = CARTESIAN_POINT('',(0.,0.));
#3199 = VECTOR('',#3200,1.);
#3200 = DIRECTION('',(1.,0.));
#3201 = ( GEOMETRIC_REPRESENTATION_CONTEXT(2)
PARAMETRIC_REPRESENTATION_CONTEXT() REPRESENTATION_CONTEXT('2D SPACE',''
  ) );
#3202 = PCURVE('',#2884,#3203);
#3203 = DEFINITIONAL_REPRESENTATION('',(#3204),#3208);
#3204 = B_SPLINE_CURVE_WITH_KNOTS('',2,(#3205,#3206,#3207),
  .UNSPECIFIED.,.F.,.F.,(3,3),(0.,1.),.PIECEWISE_BEZIER_KNOTS.);
#3205 = CARTESIAN_POINT('',(0.683203125,1.344140625));
#3206 = CARTESIAN_POINT('',(0.60703125,1.271484375));
#3207 = CARTESIAN_POINT('',(0.4833984375,1.198828125));
#3208 = ( GEOMETRIC_REPRESENTATION_CONTEXT(2)
PARAMETRIC_REPRESENTATION_CONTEXT() REPRESENTATION_CONTEXT('2D SPACE',''
  ) );
#3209 = ORIENTED_EDGE('',*,*,#3210,.T.);
#3210 = EDGE_CURVE('',#3188,#1286,#3211,.T.);
#3211 = SURFACE_CURVE('',#3212,(#3216,#3223),.PCURVE_S1.);
#3212 = LINE('',#3213,#3214);
#3213 = CARTESIAN_POINT('',(-0.6515625,8.8513671875,2.55));
#3214 = VECTOR('',#3215,1.);
#3215 = DIRECTION('',(0.,0.,1.));
#3216 = PCURVE('',#1333,#3217);
#3217 = DEFINITIONAL_REPRESENTATION('',(#3218),#3222);
#3218 = LINE('',#3219,#3220);
#3219 = CARTESIAN_POINT('',(0.,0.));
#3220 = VECTOR('',#3221,1.);
#3221 = DIRECTION('',(0.,-1.));
#3222 = ( GEOMETRIC_REPRESENTATION_CONTEXT(2)
PARAMETRIC_REPRESENTATION_CONTEXT() REPRESENTATION_CONTEXT('2D SPACE',''
  ) );
#3223 = PCURVE('',#1300,#3224);
#3224 = DEFINITIONAL_REPRESENTATION('',(#3225),#3229);
#3225 = LINE('',#3226,#3227);
#3226 = CARTESIAN_POINT('',(1.344140625,0.));
#3227 = VECTOR('',#3228,1.);
#3228 = DIRECTION('',(0.,-1.));
#3229 = ( GEOMETRIC_REPRESENTATION_CONTEXT(2)
PARAMETRIC_REPRESENTATION_CONTEXT() REPRESENTATION_CONTEXT('2D SPACE',''
  ) );
#3230 = ORIENTED_EDGE('',*,*,#1311,.F.);
#3231 = ORIENTED_EDGE('',*,*,#3161,.F.);
#3232 = ADVANCED_FACE('',(#3233),#1300,.F.);
#3233 = FACE_BOUND('',#3234,.F.);
#3234 = EDGE_LOOP('',(#3235,#3258,#3279,#3280));
#3235 = ORIENTED_EDGE('',*,*,#3236,.F.);
#3236 = EDGE_CURVE('',#3237,#3188,#3239,.T.);
#3237 = VERTEX_POINT('',#3238);
#3238 = CARTESIAN_POINT('',(-0.6515625,7.5072265625,2.55));
#3239 = SURFACE_CURVE('',#3240,(#3244,#3251),.PCURVE_S1.);
#3240 = LINE('',#3241,#3242);
#3241 = CARTESIAN_POINT('',(-0.6515625,7.5072265625,2.55));
#3242 = VECTOR('',#3243,1.);
#3243 = DIRECTION('',(0.,1.,0.));
#3244 = PCURVE('',#1300,#3245);
#3245 = DEFINITIONAL_REPRESENTATION('',(#3246),#3250);
#3246 = LINE('',#3247,#3248);
#3247 = CARTESIAN_POINT('',(0.,0.));
#3248 = VECTOR('',#3249,1.);
#3249 = DIRECTION('',(1.,0.));
#3250 = ( GEOMETRIC_REPRESENTATION_CONTEXT(2)
PARAMETRIC_REPRESENTATION_CONTEXT() REPRESENTATION_CONTEXT('2D SPACE',''
  ) );
#3251 = PCURVE('',#2884,#3252);
#3252 = DEFINITIONAL_REPRESENTATION('',(#3253),#3257);
#3253 = LINE('',#3254,#3255);
#3254 = CARTESIAN_POINT('',(0.683203125,0.));
#3255 = VECTOR('',#3256,1.);
#3256 = DIRECTION('',(0.,1.));
#3257 = ( GEOMETRIC_REPRESENTATION_CONTEXT(2)
PARAMETRIC_REPRESENTATION_CONTEXT() REPRESENTATION_CONTEXT('2D SPACE',''
  ) );
#3258 = ORIENTED_EDGE('',*,*,#3259,.T.);
#3259 = EDGE_CURVE('',#3237,#1260,#3260,.T.);
#3260 = SURFACE_CURVE('',#3261,(#3265,#3272),.PCURVE_S1.);
#3261 = LINE('',#3262,#3263);
#3262 = CARTESIAN_POINT('',(-0.6515625,7.5072265625,2.55));
#3263 = VECTOR('',#3264,1.);
#3264 = DIRECTION('',(0.,0.,1.));
#3265 = PCURVE('',#1300,#3266);
#3266 = DEFINITIONAL_REPRESENTATION('',(#3267),#3271);
#3267 = LINE('',#3268,#3269);
#3268 = CARTESIAN_POINT('',(0.,0.));
#3269 = VECTOR('',#3270,1.);
#3270 = DIRECTION('',(0.,-1.));
#3271 = ( GEOMETRIC_REPRESENTATION_CONTEXT(2)
PARAMETRIC_REPRESENTATION_CONTEXT() REPRESENTATION_CONTEXT('2D SPACE',''
  ) );
#3272 = PCURVE('',#1274,#3273);
#3273 = DEFINITIONAL_REPRESENTATION('',(#3274),#3278);
#3274 = LINE('',#3275,#3276);
#3275 = CARTESIAN_POINT('',(0.2109375,0.));
#3276 = VECTOR('',#3277,1.);
#3277 = DIRECTION('',(0.,-1.));
#3278 = ( GEOMETRIC_REPRESENTATION_CONTEXT(2)
PARAMETRIC_REPRESENTATION_CONTEXT() REPRESENTATION_CONTEXT('2D SPACE',''
  ) );
#3279 = ORIENTED_EDGE('',*,*,#1285,.F.);
#3280 = ORIENTED_EDGE('',*,*,#3210,.F.);
#3281 = ADVANCED_FACE('',(#3282),#1274,.F.);
#3282 = FACE_BOUND('',#3283,.F.);
#3283 = EDGE_LOOP('',(#3284,#3305,#3306,#3307));
#3284 = ORIENTED_EDGE('',*,*,#3285,.F.);
#3285 = EDGE_CURVE('',#2869,#3237,#3286,.T.);
#3286 = SURFACE_CURVE('',#3287,(#3291,#3298),.PCURVE_S1.);
#3287 = LINE('',#3288,#3289);
#3288 = CARTESIAN_POINT('',(-0.440625,7.5072265625,2.55));
#3289 = VECTOR('',#3290,1.);
#3290 = DIRECTION('',(-1.,0.,0.));
#3291 = PCURVE('',#1274,#3292);
#3292 = DEFINITIONAL_REPRESENTATION('',(#3293),#3297);
#3293 = LINE('',#3294,#3295);
#3294 = CARTESIAN_POINT('',(0.,-0.));
#3295 = VECTOR('',#3296,1.);
#3296 = DIRECTION('',(1.,0.));
#3297 = ( GEOMETRIC_REPRESENTATION_CONTEXT(2)
PARAMETRIC_REPRESENTATION_CONTEXT() REPRESENTATION_CONTEXT('2D SPACE',''
  ) );
#3298 = PCURVE('',#2884,#3299);
#3299 = DEFINITIONAL_REPRESENTATION('',(#3300),#3304);
#3300 = LINE('',#3301,#3302);
#3301 = CARTESIAN_POINT('',(0.894140625,0.));
#3302 = VECTOR('',#3303,1.);
#3303 = DIRECTION('',(-1.,0.));
#3304 = ( GEOMETRIC_REPRESENTATION_CONTEXT(2)
PARAMETRIC_REPRESENTATION_CONTEXT() REPRESENTATION_CONTEXT('2D SPACE',''
  ) );
#3305 = ORIENTED_EDGE('',*,*,#2918,.T.);
#3306 = ORIENTED_EDGE('',*,*,#1259,.F.);
#3307 = ORIENTED_EDGE('',*,*,#3259,.F.);
#3308 = ADVANCED_FACE('',(#3309,#3384,#3498,#3612),#1534,.T.);
#3309 = FACE_BOUND('',#3310,.T.);
#3310 = EDGE_LOOP('',(#3311,#3334,#3335,#3358));
#3311 = ORIENTED_EDGE('',*,*,#3312,.T.);
#3312 = EDGE_CURVE('',#3313,#1517,#3315,.T.);
#3313 = VERTEX_POINT('',#3314);
#3314 = CARTESIAN_POINT('',(-12.,-6.35,22.55));
#3315 = SURFACE_CURVE('',#3316,(#3320,#3327),.PCURVE_S1.);
#3316 = LINE('',#3317,#3318);
#3317 = CARTESIAN_POINT('',(-12.,-6.35,23.));
#3318 = VECTOR('',#3319,1.);
#3319 = DIRECTION('',(0.,-1.224646799147E-16,-1.));
#3320 = PCURVE('',#1534,#3321);
#3321 = DEFINITIONAL_REPRESENTATION('',(#3322),#3326);
#3322 = LINE('',#3323,#3324);
#3323 = CARTESIAN_POINT('',(0.,0.));
#3324 = VECTOR('',#3325,1.);
#3325 = DIRECTION('',(0.,-1.));
#3326 = ( GEOMETRIC_REPRESENTATION_CONTEXT(2)
PARAMETRIC_REPRESENTATION_CONTEXT() REPRESENTATION_CONTEXT('2D SPACE',''
  ) );
#3327 = PCURVE('',#1563,#3328);
#3328 = DEFINITIONAL_REPRESENTATION('',(#3329),#3333);
#3329 = LINE('',#3330,#3331);
#3330 = CARTESIAN_POINT('',(3.14159265359,0.));
#3331 = VECTOR('',#3332,1.);
#3332 = DIRECTION('',(0.,-1.));
#3333 = ( GEOMETRIC_REPRESENTATION_CONTEXT(2)
PARAMETRIC_REPRESENTATION_CONTEXT() REPRESENTATION_CONTEXT('2D SPACE',''
  ) );
#3334 = ORIENTED_EDGE('',*,*,#1516,.T.);
#3335 = ORIENTED_EDGE('',*,*,#3336,.F.);
#3336 = EDGE_CURVE('',#3337,#1519,#3339,.T.);
#3337 = VERTEX_POINT('',#3338);
#3338 = CARTESIAN_POINT('',(12.,-6.35,22.55));
#3339 = SURFACE_CURVE('',#3340,(#3344,#3351),.PCURVE_S1.);
#3340 = LINE('',#3341,#3342);
#3341 = CARTESIAN_POINT('',(12.,-6.35,23.));
#3342 = VECTOR('',#3343,1.);
#3343 = DIRECTION('',(0.,-1.224646799147E-16,-1.));
#3344 = PCURVE('',#1534,#3345);
#3345 = DEFINITIONAL_REPRESENTATION('',(#3346),#3350);
#3346 = LINE('',#3347,#3348);
#3347 = CARTESIAN_POINT('',(24.,0.));
#3348 = VECTOR('',#3349,1.);
#3349 = DIRECTION('',(0.,-1.));
#3350 = ( GEOMETRIC_REPRESENTATION_CONTEXT(2)
PARAMETRIC_REPRESENTATION_CONTEXT() REPRESENTATION_CONTEXT('2D SPACE',''
  ) );
#3351 = PCURVE('',#1618,#3352);
#3352 = DEFINITIONAL_REPRESENTATION('',(#3353),#3357);
#3353 = LINE('',#3354,#3355);
#3354 = CARTESIAN_POINT('',(0.,0.));
#3355 = VECTOR('',#3356,1.);
#3356 = DIRECTION('',(0.,-1.));
#3357 = ( GEOMETRIC_REPRESENTATION_CONTEXT(2)
PARAMETRIC_REPRESENTATION_CONTEXT() REPRESENTATION_CONTEXT('2D SPACE',''
  ) );
#3358 = ORIENTED_EDGE('',*,*,#3359,.F.);
#3359 = EDGE_CURVE('',#3313,#3337,#3360,.T.);
#3360 = SURFACE_CURVE('',#3361,(#3365,#3372),.PCURVE_S1.);
#3361 = LINE('',#3362,#3363);
#3362 = CARTESIAN_POINT('',(-12.,-6.35,22.55));
#3363 = VECTOR('',#3364,1.);
#3364 = DIRECTION('',(1.,0.,0.));
#3365 = PCURVE('',#1534,#3366);
#3366 = DEFINITIONAL_REPRESENTATION('',(#3367),#3371);
#3367 = LINE('',#3368,#3369);
#3368 = CARTESIAN_POINT('',(0.,-0.45));
#3369 = VECTOR('',#3370,1.);
#3370 = DIRECTION('',(1.,0.));
#3371 = ( GEOMETRIC_REPRESENTATION_CONTEXT(2)
PARAMETRIC_REPRESENTATION_CONTEXT() REPRESENTATION_CONTEXT('2D SPACE',''
  ) );
#3372 = PCURVE('',#3373,#3378);
#3373 = PLANE('',#3374);
#3374 = AXIS2_PLACEMENT_3D('',#3375,#3376,#3377);
#3375 = CARTESIAN_POINT('',(-12.,-6.125,22.775));
#3376 = DIRECTION('',(1.260490418254E-18,-0.707106781187,0.707106781187)
  );
#3377 = DIRECTION('',(1.,8.91301322368E-19,-8.91301322368E-19));
#3378 = DEFINITIONAL_REPRESENTATION('',(#3379),#3383);
#3379 = LINE('',#3380,#3381);
#3380 = CARTESIAN_POINT('',(9.58466568862E-34,-0.318198051534));
#3381 = VECTOR('',#3382,1.);
#3382 = DIRECTION('',(1.,1.2161410486E-34));
#3383 = ( GEOMETRIC_REPRESENTATION_CONTEXT(2)
PARAMETRIC_REPRESENTATION_CONTEXT() REPRESENTATION_CONTEXT('2D SPACE',''
  ) );
#3384 = FACE_BOUND('',#3385,.T.);
#3385 = EDGE_LOOP('',(#3386,#3416,#3444,#3472));
#3386 = ORIENTED_EDGE('',*,*,#3387,.F.);
#3387 = EDGE_CURVE('',#3388,#3390,#3392,.T.);
#3388 = VERTEX_POINT('',#3389);
#3389 = CARTESIAN_POINT('',(-4.,-6.35,7.85));
#3390 = VERTEX_POINT('',#3391);
#3391 = CARTESIAN_POINT('',(4.,-6.35,7.85));
#3392 = SURFACE_CURVE('',#3393,(#3397,#3404),.PCURVE_S1.);
#3393 = LINE('',#3394,#3395);
#3394 = CARTESIAN_POINT('',(-8.,-6.35,7.85));
#3395 = VECTOR('',#3396,1.);
#3396 = DIRECTION('',(1.,0.,0.));
#3397 = PCURVE('',#1534,#3398);
#3398 = DEFINITIONAL_REPRESENTATION('',(#3399),#3403);
#3399 = LINE('',#3400,#3401);
#3400 = CARTESIAN_POINT('',(4.,-15.15));
#3401 = VECTOR('',#3402,1.);
#3402 = DIRECTION('',(1.,0.));
#3403 = ( GEOMETRIC_REPRESENTATION_CONTEXT(2)
PARAMETRIC_REPRESENTATION_CONTEXT() REPRESENTATION_CONTEXT('2D SPACE',''
  ) );
#3404 = PCURVE('',#3405,#3410);
#3405 = PLANE('',#3406);
#3406 = AXIS2_PLACEMENT_3D('',#3407,#3408,#3409);
#3407 = CARTESIAN_POINT('',(-4.,-6.2,7.85));
#3408 = DIRECTION('',(0.,-1.224646799147E-16,-1.));
#3409 = DIRECTION('',(1.,0.,0.));
#3410 = DEFINITIONAL_REPRESENTATION('',(#3411),#3415);
#3411 = LINE('',#3412,#3413);
#3412 = CARTESIAN_POINT('',(-4.,0.15));
#3413 = VECTOR('',#3414,1.);
#3414 = DIRECTION('',(1.,0.));
#3415 = ( GEOMETRIC_REPRESENTATION_CONTEXT(2)
PARAMETRIC_REPRESENTATION_CONTEXT() REPRESENTATION_CONTEXT('2D SPACE',''
  ) );
#3416 = ORIENTED_EDGE('',*,*,#3417,.T.);
#3417 = EDGE_CURVE('',#3388,#3418,#3420,.T.);
#3418 = VERTEX_POINT('',#3419);
#3419 = CARTESIAN_POINT('',(-4.,-6.35,8.15));
#3420 = SURFACE_CURVE('',#3421,(#3425,#3432),.PCURVE_S1.);
#3421 = LINE('',#3422,#3423);
#3422 = CARTESIAN_POINT('',(-4.,-6.35,15.575));
#3423 = VECTOR('',#3424,1.);
#3424 = DIRECTION('',(0.,1.224646799147E-16,1.));
#3425 = PCURVE('',#1534,#3426);
#3426 = DEFINITIONAL_REPRESENTATION('',(#3427),#3431);
#3427 = LINE('',#3428,#3429);
#3428 = CARTESIAN_POINT('',(8.,-7.425));
#3429 = VECTOR('',#3430,1.);
#3430 = DIRECTION('',(0.,1.));
#3431 = ( GEOMETRIC_REPRESENTATION_CONTEXT(2)
PARAMETRIC_REPRESENTATION_CONTEXT() REPRESENTATION_CONTEXT('2D SPACE',''
  ) );
#3432 = PCURVE('',#3433,#3438);
#3433 = PLANE('',#3434);
#3434 = AXIS2_PLACEMENT_3D('',#3435,#3436,#3437);
#3435 = CARTESIAN_POINT('',(-4.,-6.2,8.15));
#3436 = DIRECTION('',(1.,0.,0.));
#3437 = DIRECTION('',(0.,-1.224646799147E-16,-1.));
#3438 = DEFINITIONAL_REPRESENTATION('',(#3439),#3443);
#3439 = LINE('',#3440,#3441);
#3440 = CARTESIAN_POINT('',(-7.425,-0.15));
#3441 = VECTOR('',#3442,1.);
#3442 = DIRECTION('',(-1.,0.));
#3443 = ( GEOMETRIC_REPRESENTATION_CONTEXT(2)
PARAMETRIC_REPRESENTATION_CONTEXT() REPRESENTATION_CONTEXT('2D SPACE',''
  ) );
#3444 = ORIENTED_EDGE('',*,*,#3445,.T.);
#3445 = EDGE_CURVE('',#3418,#3446,#3448,.T.);
#3446 = VERTEX_POINT('',#3447);
#3447 = CARTESIAN_POINT('',(4.,-6.35,8.15));
#3448 = SURFACE_CURVE('',#3449,(#3453,#3460),.PCURVE_S1.);
#3449 = LINE('',#3450,#3451);
#3450 = CARTESIAN_POINT('',(-8.,-6.35,8.15));
#3451 = VECTOR('',#3452,1.);
#3452 = DIRECTION('',(1.,0.,0.));
#3453 = PCURVE('',#1534,#3454);
#3454 = DEFINITIONAL_REPRESENTATION('',(#3455),#3459);
#3455 = LINE('',#3456,#3457);
#3456 = CARTESIAN_POINT('',(4.,-14.85));
#3457 = VECTOR('',#3458,1.);
#3458 = DIRECTION('',(1.,0.));
#3459 = ( GEOMETRIC_REPRESENTATION_CONTEXT(2)
PARAMETRIC_REPRESENTATION_CONTEXT() REPRESENTATION_CONTEXT('2D SPACE',''
  ) );
#3460 = PCURVE('',#3461,#3466);
#3461 = PLANE('',#3462);
#3462 = AXIS2_PLACEMENT_3D('',#3463,#3464,#3465);
#3463 = CARTESIAN_POINT('',(-4.,-6.2,8.15));
#3464 = DIRECTION('',(0.,-1.224646799147E-16,-1.));
#3465 = DIRECTION('',(1.,0.,0.));
#3466 = DEFINITIONAL_REPRESENTATION('',(#3467),#3471);
#3467 = LINE('',#3468,#3469);
#3468 = CARTESIAN_POINT('',(-4.,0.15));
#3469 = VECTOR('',#3470,1.);
#3470 = DIRECTION('',(1.,0.));
#3471 = ( GEOMETRIC_REPRESENTATION_CONTEXT(2)
PARAMETRIC_REPRESENTATION_CONTEXT() REPRESENTATION_CONTEXT('2D SPACE',''
  ) );
#3472 = ORIENTED_EDGE('',*,*,#3473,.F.);
#3473 = EDGE_CURVE('',#3390,#3446,#3474,.T.);
#3474 = SURFACE_CURVE('',#3475,(#3479,#3486),.PCURVE_S1.);
#3475 = LINE('',#3476,#3477);
#3476 = CARTESIAN_POINT('',(4.,-6.35,15.575));
#3477 = VECTOR('',#3478,1.);
#3478 = DIRECTION('',(0.,1.224646799147E-16,1.));
#3479 = PCURVE('',#1534,#3480);
#3480 = DEFINITIONAL_REPRESENTATION('',(#3481),#3485);
#3481 = LINE('',#3482,#3483);
#3482 = CARTESIAN_POINT('',(16.,-7.425));
#3483 = VECTOR('',#3484,1.);
#3484 = DIRECTION('',(0.,1.));
#3485 = ( GEOMETRIC_REPRESENTATION_CONTEXT(2)
PARAMETRIC_REPRESENTATION_CONTEXT() REPRESENTATION_CONTEXT('2D SPACE',''
  ) );
#3486 = PCURVE('',#3487,#3492);
#3487 = PLANE('',#3488);
#3488 = AXIS2_PLACEMENT_3D('',#3489,#3490,#3491);
#3489 = CARTESIAN_POINT('',(4.,-6.2,8.15));
#3490 = DIRECTION('',(1.,0.,0.));
#3491 = DIRECTION('',(0.,-1.224646799147E-16,-1.));
#3492 = DEFINITIONAL_REPRESENTATION('',(#3493),#3497);
#3493 = LINE('',#3494,#3495);
#3494 = CARTESIAN_POINT('',(-7.425,-0.15));
#3495 = VECTOR('',#3496,1.);
#3496 = DIRECTION('',(-1.,0.));
#3497 = ( GEOMETRIC_REPRESENTATION_CONTEXT(2)
PARAMETRIC_REPRESENTATION_CONTEXT() REPRESENTATION_CONTEXT('2D SPACE',''
  ) );
#3498 = FACE_BOUND('',#3499,.T.);
#3499 = EDGE_LOOP('',(#3500,#3530,#3558,#3586));
#3500 = ORIENTED_EDGE('',*,*,#3501,.F.);
#3501 = EDGE_CURVE('',#3502,#3504,#3506,.T.);
#3502 = VERTEX_POINT('',#3503);
#3503 = CARTESIAN_POINT('',(-4.,-6.35,12.85));
#3504 = VERTEX_POINT('',#3505);
#3505 = CARTESIAN_POINT('',(4.,-6.35,12.85));
#3506 = SURFACE_CURVE('',#3507,(#3511,#3518),.PCURVE_S1.);
#3507 = LINE('',#3508,#3509);
#3508 = CARTESIAN_POINT('',(-8.,-6.35,12.85));
#3509 = VECTOR('',#3510,1.);
#3510 = DIRECTION('',(1.,0.,0.));
#3511 = PCURVE('',#1534,#3512);
#3512 = DEFINITIONAL_REPRESENTATION('',(#3513),#3517);
#3513 = LINE('',#3514,#3515);
#3514 = CARTESIAN_POINT('',(4.,-10.15));
#3515 = VECTOR('',#3516,1.);
#3516 = DIRECTION('',(1.,0.));
#3517 = ( GEOMETRIC_REPRESENTATION_CONTEXT(2)
PARAMETRIC_REPRESENTATION_CONTEXT() REPRESENTATION_CONTEXT('2D SPACE',''
  ) );
#3518 = PCURVE('',#3519,#3524);
#3519 = PLANE('',#3520);
#3520 = AXIS2_PLACEMENT_3D('',#3521,#3522,#3523);
#3521 = CARTESIAN_POINT('',(-4.,-6.2,12.85));
#3522 = DIRECTION('',(0.,-1.224646799147E-16,-1.));
#3523 = DIRECTION('',(1.,0.,0.));
#3524 = DEFINITIONAL_REPRESENTATION('',(#3525),#3529);
#3525 = LINE('',#3526,#3527);
#3526 = CARTESIAN_POINT('',(-4.,0.15));
#3527 = VECTOR('',#3528,1.);
#3528 = DIRECTION('',(1.,0.));
#3529 = ( GEOMETRIC_REPRESENTATION_CONTEXT(2)
PARAMETRIC_REPRESENTATION_CONTEXT() REPRESENTATION_CONTEXT('2D SPACE',''
  ) );
#3530 = ORIENTED_EDGE('',*,*,#3531,.T.);
#3531 = EDGE_CURVE('',#3502,#3532,#3534,.T.);
#3532 = VERTEX_POINT('',#3533);
#3533 = CARTESIAN_POINT('',(-4.,-6.35,13.15));
#3534 = SURFACE_CURVE('',#3535,(#3539,#3546),.PCURVE_S1.);
#3535 = LINE('',#3536,#3537);
#3536 = CARTESIAN_POINT('',(-4.,-6.35,18.075));
#3537 = VECTOR('',#3538,1.);
#3538 = DIRECTION('',(0.,1.224646799147E-16,1.));
#3539 = PCURVE('',#1534,#3540);
#3540 = DEFINITIONAL_REPRESENTATION('',(#3541),#3545);
#3541 = LINE('',#3542,#3543);
#3542 = CARTESIAN_POINT('',(8.,-4.925));
#3543 = VECTOR('',#3544,1.);
#3544 = DIRECTION('',(0.,1.));
#3545 = ( GEOMETRIC_REPRESENTATION_CONTEXT(2)
PARAMETRIC_REPRESENTATION_CONTEXT() REPRESENTATION_CONTEXT('2D SPACE',''
  ) );
#3546 = PCURVE('',#3547,#3552);
#3547 = PLANE('',#3548);
#3548 = AXIS2_PLACEMENT_3D('',#3549,#3550,#3551);
#3549 = CARTESIAN_POINT('',(-4.,-6.2,13.15));
#3550 = DIRECTION('',(1.,0.,0.));
#3551 = DIRECTION('',(0.,-1.224646799147E-16,-1.));
#3552 = DEFINITIONAL_REPRESENTATION('',(#3553),#3557);
#3553 = LINE('',#3554,#3555);
#3554 = CARTESIAN_POINT('',(-4.925,-0.15));
#3555 = VECTOR('',#3556,1.);
#3556 = DIRECTION('',(-1.,0.));
#3557 = ( GEOMETRIC_REPRESENTATION_CONTEXT(2)
PARAMETRIC_REPRESENTATION_CONTEXT() REPRESENTATION_CONTEXT('2D SPACE',''
  ) );
#3558 = ORIENTED_EDGE('',*,*,#3559,.T.);
#3559 = EDGE_CURVE('',#3532,#3560,#3562,.T.);
#3560 = VERTEX_POINT('',#3561);
#3561 = CARTESIAN_POINT('',(4.,-6.35,13.15));
#3562 = SURFACE_CURVE('',#3563,(#3567,#3574),.PCURVE_S1.);
#3563 = LINE('',#3564,#3565);
#3564 = CARTESIAN_POINT('',(-8.,-6.35,13.15));
#3565 = VECTOR('',#3566,1.);
#3566 = DIRECTION('',(1.,0.,0.));
#3567 = PCURVE('',#1534,#3568);
#3568 = DEFINITIONAL_REPRESENTATION('',(#3569),#3573);
#3569 = LINE('',#3570,#3571);
#3570 = CARTESIAN_POINT('',(4.,-9.85));
#3571 = VECTOR('',#3572,1.);
#3572 = DIRECTION('',(1.,0.));
#3573 = ( GEOMETRIC_REPRESENTATION_CONTEXT(2)
PARAMETRIC_REPRESENTATION_CONTEXT() REPRESENTATION_CONTEXT('2D SPACE',''
  ) );
#3574 = PCURVE('',#3575,#3580);
#3575 = PLANE('',#3576);
#3576 = AXIS2_PLACEMENT_3D('',#3577,#3578,#3579);
#3577 = CARTESIAN_POINT('',(-4.,-6.2,13.15));
#3578 = DIRECTION('',(0.,-1.224646799147E-16,-1.));
#3579 = DIRECTION('',(1.,0.,0.));
#3580 = DEFINITIONAL_REPRESENTATION('',(#3581),#3585);
#3581 = LINE('',#3582,#3583);
#3582 = CARTESIAN_POINT('',(-4.,0.15));
#3583 = VECTOR('',#3584,1.);
#3584 = DIRECTION('',(1.,0.));
#3585 = ( GEOMETRIC_REPRESENTATION_CONTEXT(2)
PARAMETRIC_REPRESENTATION_CONTEXT() REPRESENTATION_CONTEXT('2D SPACE',''
  ) );
#3586 = ORIENTED_EDGE('',*,*,#3587,.F.);
#3587 = EDGE_CURVE('',#3504,#3560,#3588,.T.);
#3588 = SURFACE_CURVE('',#3589,(#3593,#3600),.PCURVE_S1.);
#3589 = LINE('',#3590,#3591);
#3590 = CARTESIAN_POINT('',(4.,-6.35,18.075));
#3591 = VECTOR('',#3592,1.);
#3592 = DIRECTION('',(0.,1.224646799147E-16,1.));
#3593 = PCURVE('',#1534,#3594);
#3594 = DEFINITIONAL_REPRESENTATION('',(#3595),#3599);
#3595 = LINE('',#3596,#3597);
#3596 = CARTESIAN_POINT('',(16.,-4.925));
#3597 = VECTOR('',#3598,1.);
#3598 = DIRECTION('',(0.,1.));
#3599 = ( GEOMETRIC_REPRESENTATION_CONTEXT(2)
PARAMETRIC_REPRESENTATION_CONTEXT() REPRESENTATION_CONTEXT('2D SPACE',''
  ) );
#3600 = PCURVE('',#3601,#3606);
#3601 = PLANE('',#3602);
#3602 = AXIS2_PLACEMENT_3D('',#3603,#3604,#3605);
#3603 = CARTESIAN_POINT('',(4.,-6.2,13.15));
#3604 = DIRECTION('',(1.,0.,0.));
#3605 = DIRECTION('',(0.,-1.224646799147E-16,-1.));
#3606 = DEFINITIONAL_REPRESENTATION('',(#3607),#3611);
#3607 = LINE('',#3608,#3609);
#3608 = CARTESIAN_POINT('',(-4.925,-0.15));
#3609 = VECTOR('',#3610,1.);
#3610 = DIRECTION('',(-1.,0.));
#3611 = ( GEOMETRIC_REPRESENTATION_CONTEXT(2)
PARAMETRIC_REPRESENTATION_CONTEXT() REPRESENTATION_CONTEXT('2D SPACE',''
  ) );
#3612 = FACE_BOUND('',#3613,.T.);
#3613 = EDGE_LOOP('',(#3614,#3644,#3672,#3700));
#3614 = ORIENTED_EDGE('',*,*,#3615,.F.);
#3615 = EDGE_CURVE('',#3616,#3618,#3620,.T.);
#3616 = VERTEX_POINT('',#3617);
#3617 = CARTESIAN_POINT('',(-4.,-6.35,17.85));
#3618 = VERTEX_POINT('',#3619);
#3619 = CARTESIAN_POINT('',(4.,-6.35,17.85));
#3620 = SURFACE_CURVE('',#3621,(#3625,#3632),.PCURVE_S1.);
#3621 = LINE('',#3622,#3623);
#3622 = CARTESIAN_POINT('',(-8.,-6.35,17.85));
#3623 = VECTOR('',#3624,1.);
#3624 = DIRECTION('',(1.,0.,0.));
#3625 = PCURVE('',#1534,#3626);
#3626 = DEFINITIONAL_REPRESENTATION('',(#3627),#3631);
#3627 = LINE('',#3628,#3629);
#3628 = CARTESIAN_POINT('',(4.,-5.15));
#3629 = VECTOR('',#3630,1.);
#3630 = DIRECTION('',(1.,0.));
#3631 = ( GEOMETRIC_REPRESENTATION_CONTEXT(2)
PARAMETRIC_REPRESENTATION_CONTEXT() REPRESENTATION_CONTEXT('2D SPACE',''
  ) );
#3632 = PCURVE('',#3633,#3638);
#3633 = PLANE('',#3634);
#3634 = AXIS2_PLACEMENT_3D('',#3635,#3636,#3637);
#3635 = CARTESIAN_POINT('',(-4.,-6.2,17.85));
#3636 = DIRECTION('',(0.,-1.224646799147E-16,-1.));
#3637 = DIRECTION('',(1.,0.,0.));
#3638 = DEFINITIONAL_REPRESENTATION('',(#3639),#3643);
#3639 = LINE('',#3640,#3641);
#3640 = CARTESIAN_POINT('',(-4.,0.15));
#3641 = VECTOR('',#3642,1.);
#3642 = DIRECTION('',(1.,0.));
#3643 = ( GEOMETRIC_REPRESENTATION_CONTEXT(2)
PARAMETRIC_REPRESENTATION_CONTEXT() REPRESENTATION_CONTEXT('2D SPACE',''
  ) );
#3644 = ORIENTED_EDGE('',*,*,#3645,.T.);
#3645 = EDGE_CURVE('',#3616,#3646,#3648,.T.);
#3646 = VERTEX_POINT('',#3647);
#3647 = CARTESIAN_POINT('',(-4.,-6.35,18.15));
#3648 = SURFACE_CURVE('',#3649,(#3653,#3660),.PCURVE_S1.);
#3649 = LINE('',#3650,#3651);
#3650 = CARTESIAN_POINT('',(-4.,-6.35,20.575));
#3651 = VECTOR('',#3652,1.);
#3652 = DIRECTION('',(0.,1.224646799147E-16,1.));
#3653 = PCURVE('',#1534,#3654);
#3654 = DEFINITIONAL_REPRESENTATION('',(#3655),#3659);
#3655 = LINE('',#3656,#3657);
#3656 = CARTESIAN_POINT('',(8.,-2.425));
#3657 = VECTOR('',#3658,1.);
#3658 = DIRECTION('',(0.,1.));
#3659 = ( GEOMETRIC_REPRESENTATION_CONTEXT(2)
PARAMETRIC_REPRESENTATION_CONTEXT() REPRESENTATION_CONTEXT('2D SPACE',''
  ) );
#3660 = PCURVE('',#3661,#3666);
#3661 = PLANE('',#3662);
#3662 = AXIS2_PLACEMENT_3D('',#3663,#3664,#3665);
#3663 = CARTESIAN_POINT('',(-4.,-6.2,18.15));
#3664 = DIRECTION('',(1.,0.,0.));
#3665 = DIRECTION('',(0.,-1.224646799147E-16,-1.));
#3666 = DEFINITIONAL_REPRESENTATION('',(#3667),#3671);
#3667 = LINE('',#3668,#3669);
#3668 = CARTESIAN_POINT('',(-2.425,-0.15));
#3669 = VECTOR('',#3670,1.);
#3670 = DIRECTION('',(-1.,0.));
#3671 = ( GEOMETRIC_REPRESENTATION_CONTEXT(2)
PARAMETRIC_REPRESENTATION_CONTEXT() REPRESENTATION_CONTEXT('2D SPACE',''
  ) );
#3672 = ORIENTED_EDGE('',*,*,#3673,.T.);
#3673 = EDGE_CURVE('',#3646,#3674,#3676,.T.);
#3674 = VERTEX_POINT('',#3675);
#3675 = CARTESIAN_POINT('',(4.,-6.35,18.15));
#3676 = SURFACE_CURVE('',#3677,(#3681,#3688),.PCURVE_S1.);
#3677 = LINE('',#3678,#3679);
#3678 = CARTESIAN_POINT('',(-8.,-6.35,18.15));
#3679 = VECTOR('',#3680,1.);
#3680 = DIRECTION('',(1.,0.,0.));
#3681 = PCURVE('',#1534,#3682);
#3682 = DEFINITIONAL_REPRESENTATION('',(#3683),#3687);
#3683 = LINE('',#3684,#3685);
#3684 = CARTESIAN_POINT('',(4.,-4.85));
#3685 = VECTOR('',#3686,1.);
#3686 = DIRECTION('',(1.,0.));
#3687 = ( GEOMETRIC_REPRESENTATION_CONTEXT(2)
PARAMETRIC_REPRESENTATION_CONTEXT() REPRESENTATION_CONTEXT('2D SPACE',''
  ) );
#3688 = PCURVE('',#3689,#3694);
#3689 = PLANE('',#3690);
#3690 = AXIS2_PLACEMENT_3D('',#3691,#3692,#3693);
#3691 = CARTESIAN_POINT('',(-4.,-6.2,18.15));
#3692 = DIRECTION('',(0.,-1.224646799147E-16,-1.));
#3693 = DIRECTION('',(1.,0.,0.));
#3694 = DEFINITIONAL_REPRESENTATION('',(#3695),#3699);
#3695 = LINE('',#3696,#3697);
#3696 = CARTESIAN_POINT('',(-4.,0.15));
#3697 = VECTOR('',#3698,1.);
#3698 = DIRECTION('',(1.,0.));
#3699 = ( GEOMETRIC_REPRESENTATION_CONTEXT(2)
PARAMETRIC_REPRESENTATION_CONTEXT() REPRESENTATION_CONTEXT('2D SPACE',''
  ) );
#3700 = ORIENTED_EDGE('',*,*,#3701,.F.);
#3701 = EDGE_CURVE('',#3618,#3674,#3702,.T.);
#3702 = SURFACE_CURVE('',#3703,(#3707,#3714),.PCURVE_S1.);
#3703 = LINE('',#3704,#3705);
#3704 = CARTESIAN_POINT('',(4.,-6.35,20.575));
#3705 = VECTOR('',#3706,1.);
#3706 = DIRECTION('',(0.,1.224646799147E-16,1.));
#3707 = PCURVE('',#1534,#3708);
#3708 = DEFINITIONAL_REPRESENTATION('',(#3709),#3713);
#3709 = LINE('',#3710,#3711);
#3710 = CARTESIAN_POINT('',(16.,-2.425));
#3711 = VECTOR('',#3712,1.);
#3712 = DIRECTION('',(0.,1.));
#3713 = ( GEOMETRIC_REPRESENTATION_CONTEXT(2)
PARAMETRIC_REPRESENTATION_CONTEXT() REPRESENTATION_CONTEXT('2D SPACE',''
  ) );
#3714 = PCURVE('',#3715,#3720);
#3715 = PLANE('',#3716);
#3716 = AXIS2_PLACEMENT_3D('',#3717,#3718,#3719);
#3717 = CARTESIAN_POINT('',(4.,-6.2,18.15));
#3718 = DIRECTION('',(1.,0.,0.));
#3719 = DIRECTION('',(0.,-1.224646799147E-16,-1.));
#3720 = DEFINITIONAL_REPRESENTATION('',(#3721),#3725);
#3721 = LINE('',#3722,#3723);
#3722 = CARTESIAN_POINT('',(-2.425,-0.15));
#3723 = VECTOR('',#3724,1.);
#3724 = DIRECTION('',(-1.,0.));
#3725 = ( GEOMETRIC_REPRESENTATION_CONTEXT(2)
PARAMETRIC_REPRESENTATION_CONTEXT() REPRESENTATION_CONTEXT('2D SPACE',''
  ) );
#3726 = ADVANCED_FACE('',(#3727),#1563,.T.);
#3727 = FACE_BOUND('',#3728,.T.);
#3728 = EDGE_LOOP('',(#3729,#3752,#3753,#3754));
#3729 = ORIENTED_EDGE('',*,*,#3730,.T.);
#3730 = EDGE_CURVE('',#3731,#1547,#3733,.T.);
#3731 = VERTEX_POINT('',#3732);
#3732 = CARTESIAN_POINT('',(-12.,6.35,22.55));
#3733 = SURFACE_CURVE('',#3734,(#3738,#3745),.PCURVE_S1.);
#3734 = LINE('',#3735,#3736);
#3735 = CARTESIAN_POINT('',(-12.,6.35,23.));
#3736 = VECTOR('',#3737,1.);
#3737 = DIRECTION('',(0.,-1.224646799147E-16,-1.));
#3738 = PCURVE('',#1563,#3739);
#3739 = DEFINITIONAL_REPRESENTATION('',(#3740),#3744);
#3740 = LINE('',#3741,#3742);
#3741 = CARTESIAN_POINT('',(0.,0.));
#3742 = VECTOR('',#3743,1.);
#3743 = DIRECTION('',(0.,-1.));
#3744 = ( GEOMETRIC_REPRESENTATION_CONTEXT(2)
PARAMETRIC_REPRESENTATION_CONTEXT() REPRESENTATION_CONTEXT('2D SPACE',''
  ) );
#3745 = PCURVE('',#1591,#3746);
#3746 = DEFINITIONAL_REPRESENTATION('',(#3747),#3751);
#3747 = LINE('',#3748,#3749);
#3748 = CARTESIAN_POINT('',(24.,0.));
#3749 = VECTOR('',#3750,1.);
#3750 = DIRECTION('',(0.,-1.));
#3751 = ( GEOMETRIC_REPRESENTATION_CONTEXT(2)
PARAMETRIC_REPRESENTATION_CONTEXT() REPRESENTATION_CONTEXT('2D SPACE',''
  ) );
#3752 = ORIENTED_EDGE('',*,*,#1546,.T.);
#3753 = ORIENTED_EDGE('',*,*,#3312,.F.);
#3754 = ORIENTED_EDGE('',*,*,#3755,.F.);
#3755 = EDGE_CURVE('',#3731,#3313,#3756,.T.);
#3756 = SURFACE_CURVE('',#3757,(#3762,#3769),.PCURVE_S1.);
#3757 = CIRCLE('',#3758,6.35);
#3758 = AXIS2_PLACEMENT_3D('',#3759,#3760,#3761);
#3759 = CARTESIAN_POINT('',(-12.,-6.183797755144E-16,22.55));
#3760 = DIRECTION('',(0.,1.224646799147E-16,1.));
#3761 = DIRECTION('',(-2.797412345512E-16,1.,-1.224646799147E-16));
#3762 = PCURVE('',#1563,#3763);
#3763 = DEFINITIONAL_REPRESENTATION('',(#3764),#3768);
#3764 = LINE('',#3765,#3766);
#3765 = CARTESIAN_POINT('',(0.,-0.45));
#3766 = VECTOR('',#3767,1.);
#3767 = DIRECTION('',(1.,0.));
#3768 = ( GEOMETRIC_REPRESENTATION_CONTEXT(2)
PARAMETRIC_REPRESENTATION_CONTEXT() REPRESENTATION_CONTEXT('2D SPACE',''
  ) );
#3769 = PCURVE('',#3770,#3775);
#3770 = CONICAL_SURFACE('',#3771,6.35,0.785398163397);
#3771 = AXIS2_PLACEMENT_3D('',#3772,#3773,#3774);
#3772 = CARTESIAN_POINT('',(-12.,-6.183797755144E-16,22.55));
#3773 = DIRECTION('',(-0.,-1.224646799147E-16,-1.));
#3774 = DIRECTION('',(-2.797412345512E-16,1.,-1.224646799147E-16));
#3775 = DEFINITIONAL_REPRESENTATION('',(#3776),#3780);
#3776 = LINE('',#3777,#3778);
#3777 = CARTESIAN_POINT('',(-0.,-0.));
#3778 = VECTOR('',#3779,1.);
#3779 = DIRECTION('',(-1.,-0.));
#3780 = ( GEOMETRIC_REPRESENTATION_CONTEXT(2)
PARAMETRIC_REPRESENTATION_CONTEXT() REPRESENTATION_CONTEXT('2D SPACE',''
  ) );
#3781 = ADVANCED_FACE('',(#3782),#1618,.T.);
#3782 = FACE_BOUND('',#3783,.T.);
#3783 = EDGE_LOOP('',(#3784,#3785,#3786,#3809));
#3784 = ORIENTED_EDGE('',*,*,#3336,.T.);
#3785 = ORIENTED_EDGE('',*,*,#1603,.T.);
#3786 = ORIENTED_EDGE('',*,*,#3787,.F.);
#3787 = EDGE_CURVE('',#3788,#1576,#3790,.T.);
#3788 = VERTEX_POINT('',#3789);
#3789 = CARTESIAN_POINT('',(12.,6.35,22.55));
#3790 = SURFACE_CURVE('',#3791,(#3795,#3802),.PCURVE_S1.);
#3791 = LINE('',#3792,#3793);
#3792 = CARTESIAN_POINT('',(12.,6.35,23.));
#3793 = VECTOR('',#3794,1.);
#3794 = DIRECTION('',(0.,-1.224646799147E-16,-1.));
#3795 = PCURVE('',#1618,#3796);
#3796 = DEFINITIONAL_REPRESENTATION('',(#3797),#3801);
#3797 = LINE('',#3798,#3799);
#3798 = CARTESIAN_POINT('',(3.14159265359,0.));
#3799 = VECTOR('',#3800,1.);
#3800 = DIRECTION('',(0.,-1.));
#3801 = ( GEOMETRIC_REPRESENTATION_CONTEXT(2)
PARAMETRIC_REPRESENTATION_CONTEXT() REPRESENTATION_CONTEXT('2D SPACE',''
  ) );
#3802 = PCURVE('',#1591,#3803);
#3803 = DEFINITIONAL_REPRESENTATION('',(#3804),#3808);
#3804 = LINE('',#3805,#3806);
#3805 = CARTESIAN_POINT('',(0.,0.));
#3806 = VECTOR('',#3807,1.);
#3807 = DIRECTION('',(0.,-1.));
#3808 = ( GEOMETRIC_REPRESENTATION_CONTEXT(2)
PARAMETRIC_REPRESENTATION_CONTEXT() REPRESENTATION_CONTEXT('2D SPACE',''
  ) );
#3809 = ORIENTED_EDGE('',*,*,#3810,.F.);
#3810 = EDGE_CURVE('',#3337,#3788,#3811,.T.);
#3811 = SURFACE_CURVE('',#3812,(#3817,#3824),.PCURVE_S1.);
#3812 = CIRCLE('',#3813,6.35);
#3813 = AXIS2_PLACEMENT_3D('',#3814,#3815,#3816);
#3814 = CARTESIAN_POINT('',(12.,5.081615635912E-16,22.55));
#3815 = DIRECTION('',(0.,1.224646799147E-16,1.));
#3816 = DIRECTION('',(2.797412345512E-16,-1.,1.224646799147E-16));
#3817 = PCURVE('',#1618,#3818);
#3818 = DEFINITIONAL_REPRESENTATION('',(#3819),#3823);
#3819 = LINE('',#3820,#3821);
#3820 = CARTESIAN_POINT('',(0.,-0.45));
#3821 = VECTOR('',#3822,1.);
#3822 = DIRECTION('',(1.,0.));
#3823 = ( GEOMETRIC_REPRESENTATION_CONTEXT(2)
PARAMETRIC_REPRESENTATION_CONTEXT() REPRESENTATION_CONTEXT('2D SPACE',''
  ) );
#3824 = PCURVE('',#3825,#3830);
#3825 = CONICAL_SURFACE('',#3826,6.35,0.785398163397);
#3826 = AXIS2_PLACEMENT_3D('',#3827,#3828,#3829);
#3827 = CARTESIAN_POINT('',(12.,5.081615635912E-16,22.55));
#3828 = DIRECTION('',(-0.,-1.224646799147E-16,-1.));
#3829 = DIRECTION('',(2.797412345512E-16,-1.,1.224646799147E-16));
#3830 = DEFINITIONAL_REPRESENTATION('',(#3831),#3835);
#3831 = LINE('',#3832,#3833);
#3832 = CARTESIAN_POINT('',(-0.,-0.));
#3833 = VECTOR('',#3834,1.);
#3834 = DIRECTION('',(-1.,-0.));
#3835 = ( GEOMETRIC_REPRESENTATION_CONTEXT(2)
PARAMETRIC_REPRESENTATION_CONTEXT() REPRESENTATION_CONTEXT('2D SPACE',''
  ) );
#3836 = ADVANCED_FACE('',(#3837),#1591,.T.);
#3837 = FACE_BOUND('',#3838,.T.);
#3838 = EDGE_LOOP('',(#3839,#3840,#3841,#3842));
#3839 = ORIENTED_EDGE('',*,*,#3787,.T.);
#3840 = ORIENTED_EDGE('',*,*,#1575,.T.);
#3841 = ORIENTED_EDGE('',*,*,#3730,.F.);
#3842 = ORIENTED_EDGE('',*,*,#3843,.F.);
#3843 = EDGE_CURVE('',#3788,#3731,#3844,.T.);
#3844 = SURFACE_CURVE('',#3845,(#3849,#3856),.PCURVE_S1.);
#3845 = LINE('',#3846,#3847);
#3846 = CARTESIAN_POINT('',(12.,6.35,22.55));
#3847 = VECTOR('',#3848,1.);
#3848 = DIRECTION('',(-1.,-0.,0.));
#3849 = PCURVE('',#1591,#3850);
#3850 = DEFINITIONAL_REPRESENTATION('',(#3851),#3855);
#3851 = LINE('',#3852,#3853);
#3852 = CARTESIAN_POINT('',(-0.,-0.45));
#3853 = VECTOR('',#3854,1.);
#3854 = DIRECTION('',(1.,0.));
#3855 = ( GEOMETRIC_REPRESENTATION_CONTEXT(2)
PARAMETRIC_REPRESENTATION_CONTEXT() REPRESENTATION_CONTEXT('2D SPACE',''
  ) );
#3856 = PCURVE('',#3857,#3862);
#3857 = PLANE('',#3858);
#3858 = AXIS2_PLACEMENT_3D('',#3859,#3860,#3861);
#3859 = CARTESIAN_POINT('',(12.,6.125,22.775));
#3860 = DIRECTION('',(-1.260490418254E-18,0.707106781187,0.707106781187)
  );
#3861 = DIRECTION('',(-1.,-8.91301322368E-19,-8.91301322368E-19));
#3862 = DEFINITIONAL_REPRESENTATION('',(#3863),#3867);
#3863 = LINE('',#3864,#3865);
#3864 = CARTESIAN_POINT('',(-8.021429716452E-34,-0.318198051534));
#3865 = VECTOR('',#3866,1.);
#3866 = DIRECTION('',(1.,5.988926724227E-35));
#3867 = ( GEOMETRIC_REPRESENTATION_CONTEXT(2)
PARAMETRIC_REPRESENTATION_CONTEXT() REPRESENTATION_CONTEXT('2D SPACE',''
  ) );
#3868 = ADVANCED_FACE('',(#3869),#1677,.F.);
#3869 = FACE_BOUND('',#3870,.F.);
#3870 = EDGE_LOOP('',(#3871,#3901,#3922,#3923));
#3871 = ORIENTED_EDGE('',*,*,#3872,.F.);
#3872 = EDGE_CURVE('',#3873,#3875,#3877,.T.);
#3873 = VERTEX_POINT('',#3874);
#3874 = CARTESIAN_POINT('',(-12.,-4.75,23.));
#3875 = VERTEX_POINT('',#3876);
#3876 = CARTESIAN_POINT('',(12.,-4.75,23.));
#3877 = SURFACE_CURVE('',#3878,(#3882,#3889),.PCURVE_S1.);
#3878 = LINE('',#3879,#3880);
#3879 = CARTESIAN_POINT('',(-6.,-4.75,23.));
#3880 = VECTOR('',#3881,1.);
#3881 = DIRECTION('',(1.,0.,0.));
#3882 = PCURVE('',#1677,#3883);
#3883 = DEFINITIONAL_REPRESENTATION('',(#3884),#3888);
#3884 = LINE('',#3885,#3886);
#3885 = CARTESIAN_POINT('',(6.,-1.));
#3886 = VECTOR('',#3887,1.);
#3887 = DIRECTION('',(1.,0.));
#3888 = ( GEOMETRIC_REPRESENTATION_CONTEXT(2)
PARAMETRIC_REPRESENTATION_CONTEXT() REPRESENTATION_CONTEXT('2D SPACE',''
  ) );
#3889 = PCURVE('',#3890,#3895);
#3890 = PLANE('',#3891);
#3891 = AXIS2_PLACEMENT_3D('',#3892,#3893,#3894);
#3892 = CARTESIAN_POINT('',(-4.95151732237E-16,1.237879330593E-16,23.));
#3893 = DIRECTION('',(-0.,1.224646799147E-16,1.));
#3894 = DIRECTION('',(-1.,-0.,0.));
#3895 = DEFINITIONAL_REPRESENTATION('',(#3896),#3900);
#3896 = LINE('',#3897,#3898);
#3897 = CARTESIAN_POINT('',(6.,4.75));
#3898 = VECTOR('',#3899,1.);
#3899 = DIRECTION('',(-1.,0.));
#3900 = ( GEOMETRIC_REPRESENTATION_CONTEXT(2)
PARAMETRIC_REPRESENTATION_CONTEXT() REPRESENTATION_CONTEXT('2D SPACE',''
  ) );
#3901 = ORIENTED_EDGE('',*,*,#3902,.T.);
#3902 = EDGE_CURVE('',#3873,#1660,#3903,.T.);
#3903 = SURFACE_CURVE('',#3904,(#3908,#3915),.PCURVE_S1.);
#3904 = LINE('',#3905,#3906);
#3905 = CARTESIAN_POINT('',(-12.,-4.75,24.));
#3906 = VECTOR('',#3907,1.);
#3907 = DIRECTION('',(0.,-1.224646799147E-16,-1.));
#3908 = PCURVE('',#1677,#3909);
#3909 = DEFINITIONAL_REPRESENTATION('',(#3910),#3914);
#3910 = LINE('',#3911,#3912);
#3911 = CARTESIAN_POINT('',(0.,0.));
#3912 = VECTOR('',#3913,1.);
#3913 = DIRECTION('',(0.,-1.));
#3914 = ( GEOMETRIC_REPRESENTATION_CONTEXT(2)
PARAMETRIC_REPRESENTATION_CONTEXT() REPRESENTATION_CONTEXT('2D SPACE',''
  ) );
#3915 = PCURVE('',#1706,#3916);
#3916 = DEFINITIONAL_REPRESENTATION('',(#3917),#3921);
#3917 = LINE('',#3918,#3919);
#3918 = CARTESIAN_POINT('',(3.14159265359,0.));
#3919 = VECTOR('',#3920,1.);
#3920 = DIRECTION('',(0.,-1.));
#3921 = ( GEOMETRIC_REPRESENTATION_CONTEXT(2)
PARAMETRIC_REPRESENTATION_CONTEXT() REPRESENTATION_CONTEXT('2D SPACE',''
  ) );
#3922 = ORIENTED_EDGE('',*,*,#1659,.T.);
#3923 = ORIENTED_EDGE('',*,*,#3924,.F.);
#3924 = EDGE_CURVE('',#3875,#1662,#3925,.T.);
#3925 = SURFACE_CURVE('',#3926,(#3930,#3937),.PCURVE_S1.);
#3926 = LINE('',#3927,#3928);
#3927 = CARTESIAN_POINT('',(12.,-4.75,24.));
#3928 = VECTOR('',#3929,1.);
#3929 = DIRECTION('',(0.,-1.224646799147E-16,-1.));
#3930 = PCURVE('',#1677,#3931);
#3931 = DEFINITIONAL_REPRESENTATION('',(#3932),#3936);
#3932 = LINE('',#3933,#3934);
#3933 = CARTESIAN_POINT('',(24.,0.));
#3934 = VECTOR('',#3935,1.);
#3935 = DIRECTION('',(0.,-1.));
#3936 = ( GEOMETRIC_REPRESENTATION_CONTEXT(2)
PARAMETRIC_REPRESENTATION_CONTEXT() REPRESENTATION_CONTEXT('2D SPACE',''
  ) );
#3937 = PCURVE('',#1761,#3938);
#3938 = DEFINITIONAL_REPRESENTATION('',(#3939),#3943);
#3939 = LINE('',#3940,#3941);
#3940 = CARTESIAN_POINT('',(0.,0.));
#3941 = VECTOR('',#3942,1.);
#3942 = DIRECTION('',(0.,-1.));
#3943 = ( GEOMETRIC_REPRESENTATION_CONTEXT(2)
PARAMETRIC_REPRESENTATION_CONTEXT() REPRESENTATION_CONTEXT('2D SPACE',''
  ) );
#3944 = ADVANCED_FACE('',(#3945),#1761,.F.);
#3945 = FACE_BOUND('',#3946,.F.);
#3946 = EDGE_LOOP('',(#3947,#3971,#3972,#3973));
#3947 = ORIENTED_EDGE('',*,*,#3948,.F.);
#3948 = EDGE_CURVE('',#3875,#3949,#3951,.T.);
#3949 = VERTEX_POINT('',#3950);
#3950 = CARTESIAN_POINT('',(12.,4.75,23.));
#3951 = SURFACE_CURVE('',#3952,(#3957,#3964),.PCURVE_S1.);
#3952 = CIRCLE('',#3953,4.75);
#3953 = AXIS2_PLACEMENT_3D('',#3954,#3955,#3956);
#3954 = CARTESIAN_POINT('',(12.,3.434577253371E-16,23.));
#3955 = DIRECTION('',(-0.,1.224646799147E-16,1.));
#3956 = DIRECTION('',(0.,-1.,1.224646799147E-16));
#3957 = PCURVE('',#1761,#3958);
#3958 = DEFINITIONAL_REPRESENTATION('',(#3959),#3963);
#3959 = LINE('',#3960,#3961);
#3960 = CARTESIAN_POINT('',(0.,-1.));
#3961 = VECTOR('',#3962,1.);
#3962 = DIRECTION('',(1.,0.));
#3963 = ( GEOMETRIC_REPRESENTATION_CONTEXT(2)
PARAMETRIC_REPRESENTATION_CONTEXT() REPRESENTATION_CONTEXT('2D SPACE',''
  ) );
#3964 = PCURVE('',#3890,#3965);
#3965 = DEFINITIONAL_REPRESENTATION('',(#3966),#3970);
#3966 = CIRCLE('',#3967,4.75);
#3967 = AXIS2_PLACEMENT_2D('',#3968,#3969);
#3968 = CARTESIAN_POINT('',(-12.,-2.196697922778E-16));
#3969 = DIRECTION('',(0.,1.));
#3970 = ( GEOMETRIC_REPRESENTATION_CONTEXT(2)
PARAMETRIC_REPRESENTATION_CONTEXT() REPRESENTATION_CONTEXT('2D SPACE',''
  ) );
#3971 = ORIENTED_EDGE('',*,*,#3924,.T.);
#3972 = ORIENTED_EDGE('',*,*,#1746,.T.);
#3973 = ORIENTED_EDGE('',*,*,#3974,.F.);
#3974 = EDGE_CURVE('',#3949,#1719,#3975,.T.);
#3975 = SURFACE_CURVE('',#3976,(#3980,#3987),.PCURVE_S1.);
#3976 = LINE('',#3977,#3978);
#3977 = CARTESIAN_POINT('',(12.,4.75,24.));
#3978 = VECTOR('',#3979,1.);
#3979 = DIRECTION('',(0.,-1.224646799147E-16,-1.));
#3980 = PCURVE('',#1761,#3981);
#3981 = DEFINITIONAL_REPRESENTATION('',(#3982),#3986);
#3982 = LINE('',#3983,#3984);
#3983 = CARTESIAN_POINT('',(3.14159265359,0.));
#3984 = VECTOR('',#3985,1.);
#3985 = DIRECTION('',(0.,-1.));
#3986 = ( GEOMETRIC_REPRESENTATION_CONTEXT(2)
PARAMETRIC_REPRESENTATION_CONTEXT() REPRESENTATION_CONTEXT('2D SPACE',''
  ) );
#3987 = PCURVE('',#1734,#3988);
#3988 = DEFINITIONAL_REPRESENTATION('',(#3989),#3993);
#3989 = LINE('',#3990,#3991);
#3990 = CARTESIAN_POINT('',(0.,0.));
#3991 = VECTOR('',#3992,1.);
#3992 = DIRECTION('',(0.,-1.));
#3993 = ( GEOMETRIC_REPRESENTATION_CONTEXT(2)
PARAMETRIC_REPRESENTATION_CONTEXT() REPRESENTATION_CONTEXT('2D SPACE',''
  ) );
#3994 = ADVANCED_FACE('',(#3995),#1734,.F.);
#3995 = FACE_BOUND('',#3996,.F.);
#3996 = EDGE_LOOP('',(#3997,#4020,#4021,#4022));
#3997 = ORIENTED_EDGE('',*,*,#3998,.F.);
#3998 = EDGE_CURVE('',#3949,#3999,#4001,.T.);
#3999 = VERTEX_POINT('',#4000);
#4000 = CARTESIAN_POINT('',(-12.,4.75,23.));
#4001 = SURFACE_CURVE('',#4002,(#4006,#4013),.PCURVE_S1.);
#4002 = LINE('',#4003,#4004);
#4003 = CARTESIAN_POINT('',(6.,4.75,23.));
#4004 = VECTOR('',#4005,1.);
#4005 = DIRECTION('',(-1.,-0.,0.));
#4006 = PCURVE('',#1734,#4007);
#4007 = DEFINITIONAL_REPRESENTATION('',(#4008),#4012);
#4008 = LINE('',#4009,#4010);
#4009 = CARTESIAN_POINT('',(6.,-1.));
#4010 = VECTOR('',#4011,1.);
#4011 = DIRECTION('',(1.,0.));
#4012 = ( GEOMETRIC_REPRESENTATION_CONTEXT(2)
PARAMETRIC_REPRESENTATION_CONTEXT() REPRESENTATION_CONTEXT('2D SPACE',''
  ) );
#4013 = PCURVE('',#3890,#4014);
#4014 = DEFINITIONAL_REPRESENTATION('',(#4015),#4019);
#4015 = LINE('',#4016,#4017);
#4016 = CARTESIAN_POINT('',(-6.,-4.75));
#4017 = VECTOR('',#4018,1.);
#4018 = DIRECTION('',(1.,0.));
#4019 = ( GEOMETRIC_REPRESENTATION_CONTEXT(2)
PARAMETRIC_REPRESENTATION_CONTEXT() REPRESENTATION_CONTEXT('2D SPACE',''
  ) );
#4020 = ORIENTED_EDGE('',*,*,#3974,.T.);
#4021 = ORIENTED_EDGE('',*,*,#1718,.T.);
#4022 = ORIENTED_EDGE('',*,*,#4023,.F.);
#4023 = EDGE_CURVE('',#3999,#1690,#4024,.T.);
#4024 = SURFACE_CURVE('',#4025,(#4029,#4036),.PCURVE_S1.);
#4025 = LINE('',#4026,#4027);
#4026 = CARTESIAN_POINT('',(-12.,4.75,24.));
#4027 = VECTOR('',#4028,1.);
#4028 = DIRECTION('',(0.,-1.224646799147E-16,-1.));
#4029 = PCURVE('',#1734,#4030);
#4030 = DEFINITIONAL_REPRESENTATION('',(#4031),#4035);
#4031 = LINE('',#4032,#4033);
#4032 = CARTESIAN_POINT('',(24.,0.));
#4033 = VECTOR('',#4034,1.);
#4034 = DIRECTION('',(0.,-1.));
#4035 = ( GEOMETRIC_REPRESENTATION_CONTEXT(2)
PARAMETRIC_REPRESENTATION_CONTEXT() REPRESENTATION_CONTEXT('2D SPACE',''
  ) );
#4036 = PCURVE('',#1706,#4037);
#4037 = DEFINITIONAL_REPRESENTATION('',(#4038),#4042);
#4038 = LINE('',#4039,#4040);
#4039 = CARTESIAN_POINT('',(0.,0.));
#4040 = VECTOR('',#4041,1.);
#4041 = DIRECTION('',(0.,-1.));
#4042 = ( GEOMETRIC_REPRESENTATION_CONTEXT(2)
PARAMETRIC_REPRESENTATION_CONTEXT() REPRESENTATION_CONTEXT('2D SPACE',''
  ) );
#4043 = ADVANCED_FACE('',(#4044),#1706,.F.);
#4044 = FACE_BOUND('',#4045,.F.);
#4045 = EDGE_LOOP('',(#4046,#4068,#4069,#4070));
#4046 = ORIENTED_EDGE('',*,*,#4047,.F.);
#4047 = EDGE_CURVE('',#3999,#3873,#4048,.T.);
#4048 = SURFACE_CURVE('',#4049,(#4054,#4061),.PCURVE_S1.);
#4049 = CIRCLE('',#4050,4.75);
#4050 = AXIS2_PLACEMENT_3D('',#4051,#4052,#4053);
#4051 = CARTESIAN_POINT('',(-12.,-3.434577253371E-16,23.));
#4052 = DIRECTION('',(0.,1.224646799147E-16,1.));
#4053 = DIRECTION('',(0.,1.,-1.224646799147E-16));
#4054 = PCURVE('',#1706,#4055);
#4055 = DEFINITIONAL_REPRESENTATION('',(#4056),#4060);
#4056 = LINE('',#4057,#4058);
#4057 = CARTESIAN_POINT('',(0.,-1.));
#4058 = VECTOR('',#4059,1.);
#4059 = DIRECTION('',(1.,0.));
#4060 = ( GEOMETRIC_REPRESENTATION_CONTEXT(2)
PARAMETRIC_REPRESENTATION_CONTEXT() REPRESENTATION_CONTEXT('2D SPACE',''
  ) );
#4061 = PCURVE('',#3890,#4062);
#4062 = DEFINITIONAL_REPRESENTATION('',(#4063),#4067);
#4063 = CIRCLE('',#4064,4.75);
#4064 = AXIS2_PLACEMENT_2D('',#4065,#4066);
#4065 = CARTESIAN_POINT('',(12.,4.672456583963E-16));
#4066 = DIRECTION('',(-0.,-1.));
#4067 = ( GEOMETRIC_REPRESENTATION_CONTEXT(2)
PARAMETRIC_REPRESENTATION_CONTEXT() REPRESENTATION_CONTEXT('2D SPACE',''
  ) );
#4068 = ORIENTED_EDGE('',*,*,#4023,.T.);
#4069 = ORIENTED_EDGE('',*,*,#1689,.T.);
#4070 = ORIENTED_EDGE('',*,*,#3902,.F.);
#4071 = ADVANCED_FACE('',(#4072),#1801,.T.);
#4072 = FACE_BOUND('',#4073,.F.);
#4073 = EDGE_LOOP('',(#4074,#4075,#4076,#4077,#4078,#4079,#4080,#4081,
    #4082,#4083,#4084,#4085,#4086,#4087,#4088,#4089,#4090,#4091,#4092,
    #4093,#4094,#4095));
#4074 = ORIENTED_EDGE('',*,*,#1783,.T.);
#4075 = ORIENTED_EDGE('',*,*,#2839,.T.);
#4076 = ORIENTED_EDGE('',*,*,#2790,.T.);
#4077 = ORIENTED_EDGE('',*,*,#2741,.T.);
#4078 = ORIENTED_EDGE('',*,*,#2692,.T.);
#4079 = ORIENTED_EDGE('',*,*,#2643,.T.);
#4080 = ORIENTED_EDGE('',*,*,#2594,.T.);
#4081 = ORIENTED_EDGE('',*,*,#2545,.T.);
#4082 = ORIENTED_EDGE('',*,*,#2496,.T.);
#4083 = ORIENTED_EDGE('',*,*,#2447,.T.);
#4084 = ORIENTED_EDGE('',*,*,#2398,.T.);
#4085 = ORIENTED_EDGE('',*,*,#2349,.T.);
#4086 = ORIENTED_EDGE('',*,*,#2300,.T.);
#4087 = ORIENTED_EDGE('',*,*,#2251,.T.);
#4088 = ORIENTED_EDGE('',*,*,#2202,.T.);
#4089 = ORIENTED_EDGE('',*,*,#2153,.T.);
#4090 = ORIENTED_EDGE('',*,*,#2104,.T.);
#4091 = ORIENTED_EDGE('',*,*,#2055,.T.);
#4092 = ORIENTED_EDGE('',*,*,#2006,.T.);
#4093 = ORIENTED_EDGE('',*,*,#1957,.T.);
#4094 = ORIENTED_EDGE('',*,*,#1908,.T.);
#4095 = ORIENTED_EDGE('',*,*,#1859,.T.);
#4096 = ADVANCED_FACE('',(#4097),#2884,.T.);
#4097 = FACE_BOUND('',#4098,.F.);
#4098 = EDGE_LOOP('',(#4099,#4100,#4101,#4102,#4103,#4104,#4105,#4106,
    #4107));
#4099 = ORIENTED_EDGE('',*,*,#2866,.T.);
#4100 = ORIENTED_EDGE('',*,*,#3285,.T.);
#4101 = ORIENTED_EDGE('',*,*,#3236,.T.);
#4102 = ORIENTED_EDGE('',*,*,#3187,.T.);
#4103 = ORIENTED_EDGE('',*,*,#3138,.T.);
#4104 = ORIENTED_EDGE('',*,*,#3089,.T.);
#4105 = ORIENTED_EDGE('',*,*,#3040,.T.);
#4106 = ORIENTED_EDGE('',*,*,#2991,.T.);
#4107 = ORIENTED_EDGE('',*,*,#2942,.T.);
#4108 = ADVANCED_FACE('',(#4109),#3373,.T.);
#4109 = FACE_BOUND('',#4110,.T.);
#4110 = EDGE_LOOP('',(#4111,#4134,#4135,#4158));
#4111 = ORIENTED_EDGE('',*,*,#4112,.F.);
#4112 = EDGE_CURVE('',#3313,#4113,#4115,.T.);
#4113 = VERTEX_POINT('',#4114);
#4114 = CARTESIAN_POINT('',(-12.,-5.9,23.));
#4115 = SURFACE_CURVE('',#4116,(#4120,#4127),.PCURVE_S1.);
#4116 = LINE('',#4117,#4118);
#4117 = CARTESIAN_POINT('',(-12.,-6.125,22.775));
#4118 = VECTOR('',#4119,1.);
#4119 = DIRECTION('',(7.097888957873E-35,0.707106781187,0.707106781187)
  );
#4120 = PCURVE('',#3373,#4121);
#4121 = DEFINITIONAL_REPRESENTATION('',(#4122),#4126);
#4122 = LINE('',#4123,#4124);
#4123 = CARTESIAN_POINT('',(0.,0.));
#4124 = VECTOR('',#4125,1.);
#4125 = DIRECTION('',(-1.456970751665E-35,1.));
#4126 = ( GEOMETRIC_REPRESENTATION_CONTEXT(2)
PARAMETRIC_REPRESENTATION_CONTEXT() REPRESENTATION_CONTEXT('2D SPACE',''
  ) );
#4127 = PCURVE('',#3770,#4128);
#4128 = DEFINITIONAL_REPRESENTATION('',(#4129),#4133);
#4129 = LINE('',#4130,#4131);
#4130 = CARTESIAN_POINT('',(-3.14159265359,-0.225));
#4131 = VECTOR('',#4132,1.);
#4132 = DIRECTION('',(-0.,-1.));
#4133 = ( GEOMETRIC_REPRESENTATION_CONTEXT(2)
PARAMETRIC_REPRESENTATION_CONTEXT() REPRESENTATION_CONTEXT('2D SPACE',''
  ) );
#4134 = ORIENTED_EDGE('',*,*,#3359,.T.);
#4135 = ORIENTED_EDGE('',*,*,#4136,.T.);
#4136 = EDGE_CURVE('',#3337,#4137,#4139,.T.);
#4137 = VERTEX_POINT('',#4138);
#4138 = CARTESIAN_POINT('',(12.,-5.9,23.));
#4139 = SURFACE_CURVE('',#4140,(#4144,#4151),.PCURVE_S1.);
#4140 = LINE('',#4141,#4142);
#4141 = CARTESIAN_POINT('',(12.,-6.125,22.775));
#4142 = VECTOR('',#4143,1.);
#4143 = DIRECTION('',(7.097888957873E-35,0.707106781187,0.707106781187)
  );
#4144 = PCURVE('',#3373,#4145);
#4145 = DEFINITIONAL_REPRESENTATION('',(#4146),#4150);
#4146 = LINE('',#4147,#4148);
#4147 = CARTESIAN_POINT('',(24.,1.70349334989E-33));
#4148 = VECTOR('',#4149,1.);
#4149 = DIRECTION('',(-1.456970751665E-35,1.));
#4150 = ( GEOMETRIC_REPRESENTATION_CONTEXT(2)
PARAMETRIC_REPRESENTATION_CONTEXT() REPRESENTATION_CONTEXT('2D SPACE',''
  ) );
#4151 = PCURVE('',#3825,#4152);
#4152 = DEFINITIONAL_REPRESENTATION('',(#4153),#4157);
#4153 = LINE('',#4154,#4155);
#4154 = CARTESIAN_POINT('',(-0.,-0.225));
#4155 = VECTOR('',#4156,1.);
#4156 = DIRECTION('',(-0.,-1.));
#4157 = ( GEOMETRIC_REPRESENTATION_CONTEXT(2)
PARAMETRIC_REPRESENTATION_CONTEXT() REPRESENTATION_CONTEXT('2D SPACE',''
  ) );
#4158 = ORIENTED_EDGE('',*,*,#4159,.F.);
#4159 = EDGE_CURVE('',#4113,#4137,#4160,.T.);
#4160 = SURFACE_CURVE('',#4161,(#4165,#4172),.PCURVE_S1.);
#4161 = LINE('',#4162,#4163);
#4162 = CARTESIAN_POINT('',(-12.,-5.9,23.));
#4163 = VECTOR('',#4164,1.);
#4164 = DIRECTION('',(1.,0.,0.));
#4165 = PCURVE('',#3373,#4166);
#4166 = DEFINITIONAL_REPRESENTATION('',(#4167),#4171);
#4167 = LINE('',#4168,#4169);
#4168 = CARTESIAN_POINT('',(1.413625728988E-33,0.318198051534));
#4169 = VECTOR('',#4170,1.);
#4170 = DIRECTION('',(1.,1.2161410486E-34));
#4171 = ( GEOMETRIC_REPRESENTATION_CONTEXT(2)
PARAMETRIC_REPRESENTATION_CONTEXT() REPRESENTATION_CONTEXT('2D SPACE',''
  ) );
#4172 = PCURVE('',#3890,#4173);
#4173 = DEFINITIONAL_REPRESENTATION('',(#4174),#4178);
#4174 = LINE('',#4175,#4176);
#4175 = CARTESIAN_POINT('',(12.,5.9));
#4176 = VECTOR('',#4177,1.);
#4177 = DIRECTION('',(-1.,0.));
#4178 = ( GEOMETRIC_REPRESENTATION_CONTEXT(2)
PARAMETRIC_REPRESENTATION_CONTEXT() REPRESENTATION_CONTEXT('2D SPACE',''
  ) );
#4179 = ADVANCED_FACE('',(#4180),#3405,.F.);
#4180 = FACE_BOUND('',#4181,.F.);
#4181 = EDGE_LOOP('',(#4182,#4205,#4233,#4254));
#4182 = ORIENTED_EDGE('',*,*,#4183,.F.);
#4183 = EDGE_CURVE('',#4184,#3388,#4186,.T.);
#4184 = VERTEX_POINT('',#4185);
#4185 = CARTESIAN_POINT('',(-4.,-6.2,7.85));
#4186 = SURFACE_CURVE('',#4187,(#4191,#4198),.PCURVE_S1.);
#4187 = LINE('',#4188,#4189);
#4188 = CARTESIAN_POINT('',(-4.,-6.2,7.85));
#4189 = VECTOR('',#4190,1.);
#4190 = DIRECTION('',(0.,-1.,1.224646799147E-16));
#4191 = PCURVE('',#3405,#4192);
#4192 = DEFINITIONAL_REPRESENTATION('',(#4193),#4197);
#4193 = LINE('',#4194,#4195);
#4194 = CARTESIAN_POINT('',(0.,0.));
#4195 = VECTOR('',#4196,1.);
#4196 = DIRECTION('',(0.,1.));
#4197 = ( GEOMETRIC_REPRESENTATION_CONTEXT(2)
PARAMETRIC_REPRESENTATION_CONTEXT() REPRESENTATION_CONTEXT('2D SPACE',''
  ) );
#4198 = PCURVE('',#3433,#4199);
#4199 = DEFINITIONAL_REPRESENTATION('',(#4200),#4204);
#4200 = LINE('',#4201,#4202);
#4201 = CARTESIAN_POINT('',(0.3,3.673940397442E-17));
#4202 = VECTOR('',#4203,1.);
#4203 = DIRECTION('',(0.,-1.));
#4204 = ( GEOMETRIC_REPRESENTATION_CONTEXT(2)
PARAMETRIC_REPRESENTATION_CONTEXT() REPRESENTATION_CONTEXT('2D SPACE',''
  ) );
#4205 = ORIENTED_EDGE('',*,*,#4206,.T.);
#4206 = EDGE_CURVE('',#4184,#4207,#4209,.T.);
#4207 = VERTEX_POINT('',#4208);
#4208 = CARTESIAN_POINT('',(4.,-6.2,7.85));
#4209 = SURFACE_CURVE('',#4210,(#4214,#4221),.PCURVE_S1.);
#4210 = LINE('',#4211,#4212);
#4211 = CARTESIAN_POINT('',(-4.,-6.2,7.85));
#4212 = VECTOR('',#4213,1.);
#4213 = DIRECTION('',(1.,0.,0.));
#4214 = PCURVE('',#3405,#4215);
#4215 = DEFINITIONAL_REPRESENTATION('',(#4216),#4220);
#4216 = LINE('',#4217,#4218);
#4217 = CARTESIAN_POINT('',(0.,0.));
#4218 = VECTOR('',#4219,1.);
#4219 = DIRECTION('',(1.,0.));
#4220 = ( GEOMETRIC_REPRESENTATION_CONTEXT(2)
PARAMETRIC_REPRESENTATION_CONTEXT() REPRESENTATION_CONTEXT('2D SPACE',''
  ) );
#4221 = PCURVE('',#4222,#4227);
#4222 = PLANE('',#4223);
#4223 = AXIS2_PLACEMENT_3D('',#4224,#4225,#4226);
#4224 = CARTESIAN_POINT('',(-4.,-6.2,8.15));
#4225 = DIRECTION('',(0.,-1.,1.224646799147E-16));
#4226 = DIRECTION('',(0.,-1.224646799147E-16,-1.));
#4227 = DEFINITIONAL_REPRESENTATION('',(#4228),#4232);
#4228 = LINE('',#4229,#4230);
#4229 = CARTESIAN_POINT('',(0.3,0.));
#4230 = VECTOR('',#4231,1.);
#4231 = DIRECTION('',(0.,1.));
#4232 = ( GEOMETRIC_REPRESENTATION_CONTEXT(2)
PARAMETRIC_REPRESENTATION_CONTEXT() REPRESENTATION_CONTEXT('2D SPACE',''
  ) );
#4233 = ORIENTED_EDGE('',*,*,#4234,.T.);
#4234 = EDGE_CURVE('',#4207,#3390,#4235,.T.);
#4235 = SURFACE_CURVE('',#4236,(#4240,#4247),.PCURVE_S1.);
#4236 = LINE('',#4237,#4238);
#4237 = CARTESIAN_POINT('',(4.,-6.2,7.85));
#4238 = VECTOR('',#4239,1.);
#4239 = DIRECTION('',(0.,-1.,1.224646799147E-16));
#4240 = PCURVE('',#3405,#4241);
#4241 = DEFINITIONAL_REPRESENTATION('',(#4242),#4246);
#4242 = LINE('',#4243,#4244);
#4243 = CARTESIAN_POINT('',(8.,0.));
#4244 = VECTOR('',#4245,1.);
#4245 = DIRECTION('',(0.,1.));
#4246 = ( GEOMETRIC_REPRESENTATION_CONTEXT(2)
PARAMETRIC_REPRESENTATION_CONTEXT() REPRESENTATION_CONTEXT('2D SPACE',''
  ) );
#4247 = PCURVE('',#3487,#4248);
#4248 = DEFINITIONAL_REPRESENTATION('',(#4249),#4253);
#4249 = LINE('',#4250,#4251);
#4250 = CARTESIAN_POINT('',(0.3,3.673940397442E-17));
#4251 = VECTOR('',#4252,1.);
#4252 = DIRECTION('',(0.,-1.));
#4253 = ( GEOMETRIC_REPRESENTATION_CONTEXT(2)
PARAMETRIC_REPRESENTATION_CONTEXT() REPRESENTATION_CONTEXT('2D SPACE',''
  ) );
#4254 = ORIENTED_EDGE('',*,*,#3387,.F.);
#4255 = ADVANCED_FACE('',(#4256),#3487,.F.);
#4256 = FACE_BOUND('',#4257,.F.);
#4257 = EDGE_LOOP('',(#4258,#4259,#4282,#4303));
#4258 = ORIENTED_EDGE('',*,*,#4234,.F.);
#4259 = ORIENTED_EDGE('',*,*,#4260,.F.);
#4260 = EDGE_CURVE('',#4261,#4207,#4263,.T.);
#4261 = VERTEX_POINT('',#4262);
#4262 = CARTESIAN_POINT('',(4.,-6.2,8.15));
#4263 = SURFACE_CURVE('',#4264,(#4268,#4275),.PCURVE_S1.);
#4264 = LINE('',#4265,#4266);
#4265 = CARTESIAN_POINT('',(4.,-6.2,8.15));
#4266 = VECTOR('',#4267,1.);
#4267 = DIRECTION('',(0.,-1.224646799147E-16,-1.));
#4268 = PCURVE('',#3487,#4269);
#4269 = DEFINITIONAL_REPRESENTATION('',(#4270),#4274);
#4270 = LINE('',#4271,#4272);
#4271 = CARTESIAN_POINT('',(0.,0.));
#4272 = VECTOR('',#4273,1.);
#4273 = DIRECTION('',(1.,0.));
#4274 = ( GEOMETRIC_REPRESENTATION_CONTEXT(2)
PARAMETRIC_REPRESENTATION_CONTEXT() REPRESENTATION_CONTEXT('2D SPACE',''
  ) );
#4275 = PCURVE('',#4222,#4276);
#4276 = DEFINITIONAL_REPRESENTATION('',(#4277),#4281);
#4277 = LINE('',#4278,#4279);
#4278 = CARTESIAN_POINT('',(0.,8.));
#4279 = VECTOR('',#4280,1.);
#4280 = DIRECTION('',(1.,0.));
#4281 = ( GEOMETRIC_REPRESENTATION_CONTEXT(2)
PARAMETRIC_REPRESENTATION_CONTEXT() REPRESENTATION_CONTEXT('2D SPACE',''
  ) );
#4282 = ORIENTED_EDGE('',*,*,#4283,.T.);
#4283 = EDGE_CURVE('',#4261,#3446,#4284,.T.);
#4284 = SURFACE_CURVE('',#4285,(#4289,#4296),.PCURVE_S1.);
#4285 = LINE('',#4286,#4287);
#4286 = CARTESIAN_POINT('',(4.,-6.2,8.15));
#4287 = VECTOR('',#4288,1.);
#4288 = DIRECTION('',(0.,-1.,1.224646799147E-16));
#4289 = PCURVE('',#3487,#4290);
#4290 = DEFINITIONAL_REPRESENTATION('',(#4291),#4295);
#4291 = LINE('',#4292,#4293);
#4292 = CARTESIAN_POINT('',(0.,0.));
#4293 = VECTOR('',#4294,1.);
#4294 = DIRECTION('',(0.,-1.));
#4295 = ( GEOMETRIC_REPRESENTATION_CONTEXT(2)
PARAMETRIC_REPRESENTATION_CONTEXT() REPRESENTATION_CONTEXT('2D SPACE',''
  ) );
#4296 = PCURVE('',#3461,#4297);
#4297 = DEFINITIONAL_REPRESENTATION('',(#4298),#4302);
#4298 = LINE('',#4299,#4300);
#4299 = CARTESIAN_POINT('',(8.,0.));
#4300 = VECTOR('',#4301,1.);
#4301 = DIRECTION('',(0.,1.));
#4302 = ( GEOMETRIC_REPRESENTATION_CONTEXT(2)
PARAMETRIC_REPRESENTATION_CONTEXT() REPRESENTATION_CONTEXT('2D SPACE',''
  ) );
#4303 = ORIENTED_EDGE('',*,*,#3473,.F.);
#4304 = ADVANCED_FACE('',(#4305),#3461,.T.);
#4305 = FACE_BOUND('',#4306,.T.);
#4306 = EDGE_LOOP('',(#4307,#4330,#4351,#4352));
#4307 = ORIENTED_EDGE('',*,*,#4308,.F.);
#4308 = EDGE_CURVE('',#4309,#3418,#4311,.T.);
#4309 = VERTEX_POINT('',#4310);
#4310 = CARTESIAN_POINT('',(-4.,-6.2,8.15));
#4311 = SURFACE_CURVE('',#4312,(#4316,#4323),.PCURVE_S1.);
#4312 = LINE('',#4313,#4314);
#4313 = CARTESIAN_POINT('',(-4.,-6.2,8.15));
#4314 = VECTOR('',#4315,1.);
#4315 = DIRECTION('',(0.,-1.,1.224646799147E-16));
#4316 = PCURVE('',#3461,#4317);
#4317 = DEFINITIONAL_REPRESENTATION('',(#4318),#4322);
#4318 = LINE('',#4319,#4320);
#4319 = CARTESIAN_POINT('',(0.,0.));
#4320 = VECTOR('',#4321,1.);
#4321 = DIRECTION('',(0.,1.));
#4322 = ( GEOMETRIC_REPRESENTATION_CONTEXT(2)
PARAMETRIC_REPRESENTATION_CONTEXT() REPRESENTATION_CONTEXT('2D SPACE',''
  ) );
#4323 = PCURVE('',#3433,#4324);
#4324 = DEFINITIONAL_REPRESENTATION('',(#4325),#4329);
#4325 = LINE('',#4326,#4327);
#4326 = CARTESIAN_POINT('',(0.,0.));
#4327 = VECTOR('',#4328,1.);
#4328 = DIRECTION('',(0.,-1.));
#4329 = ( GEOMETRIC_REPRESENTATION_CONTEXT(2)
PARAMETRIC_REPRESENTATION_CONTEXT() REPRESENTATION_CONTEXT('2D SPACE',''
  ) );
#4330 = ORIENTED_EDGE('',*,*,#4331,.T.);
#4331 = EDGE_CURVE('',#4309,#4261,#4332,.T.);
#4332 = SURFACE_CURVE('',#4333,(#4337,#4344),.PCURVE_S1.);
#4333 = LINE('',#4334,#4335);
#4334 = CARTESIAN_POINT('',(-4.,-6.2,8.15));
#4335 = VECTOR('',#4336,1.);
#4336 = DIRECTION('',(1.,0.,0.));
#4337 = PCURVE('',#3461,#4338);
#4338 = DEFINITIONAL_REPRESENTATION('',(#4339),#4343);
#4339 = LINE('',#4340,#4341);
#4340 = CARTESIAN_POINT('',(0.,0.));
#4341 = VECTOR('',#4342,1.);
#4342 = DIRECTION('',(1.,0.));
#4343 = ( GEOMETRIC_REPRESENTATION_CONTEXT(2)
PARAMETRIC_REPRESENTATION_CONTEXT() REPRESENTATION_CONTEXT('2D SPACE',''
  ) );
#4344 = PCURVE('',#4222,#4345);
#4345 = DEFINITIONAL_REPRESENTATION('',(#4346),#4350);
#4346 = LINE('',#4347,#4348);
#4347 = CARTESIAN_POINT('',(0.,0.));
#4348 = VECTOR('',#4349,1.);
#4349 = DIRECTION('',(0.,1.));
#4350 = ( GEOMETRIC_REPRESENTATION_CONTEXT(2)
PARAMETRIC_REPRESENTATION_CONTEXT() REPRESENTATION_CONTEXT('2D SPACE',''
  ) );
#4351 = ORIENTED_EDGE('',*,*,#4283,.T.);
#4352 = ORIENTED_EDGE('',*,*,#3445,.F.);
#4353 = ADVANCED_FACE('',(#4354),#3433,.T.);
#4354 = FACE_BOUND('',#4355,.T.);
#4355 = EDGE_LOOP('',(#4356,#4357,#4378,#4379));
#4356 = ORIENTED_EDGE('',*,*,#4183,.F.);
#4357 = ORIENTED_EDGE('',*,*,#4358,.F.);
#4358 = EDGE_CURVE('',#4309,#4184,#4359,.T.);
#4359 = SURFACE_CURVE('',#4360,(#4364,#4371),.PCURVE_S1.);
#4360 = LINE('',#4361,#4362);
#4361 = CARTESIAN_POINT('',(-4.,-6.2,8.15));
#4362 = VECTOR('',#4363,1.);
#4363 = DIRECTION('',(0.,-1.224646799147E-16,-1.));
#4364 = PCURVE('',#3433,#4365);
#4365 = DEFINITIONAL_REPRESENTATION('',(#4366),#4370);
#4366 = LINE('',#4367,#4368);
#4367 = CARTESIAN_POINT('',(0.,0.));
#4368 = VECTOR('',#4369,1.);
#4369 = DIRECTION('',(1.,0.));
#4370 = ( GEOMETRIC_REPRESENTATION_CONTEXT(2)
PARAMETRIC_REPRESENTATION_CONTEXT() REPRESENTATION_CONTEXT('2D SPACE',''
  ) );
#4371 = PCURVE('',#4222,#4372);
#4372 = DEFINITIONAL_REPRESENTATION('',(#4373),#4377);
#4373 = LINE('',#4374,#4375);
#4374 = CARTESIAN_POINT('',(0.,0.));
#4375 = VECTOR('',#4376,1.);
#4376 = DIRECTION('',(1.,0.));
#4377 = ( GEOMETRIC_REPRESENTATION_CONTEXT(2)
PARAMETRIC_REPRESENTATION_CONTEXT() REPRESENTATION_CONTEXT('2D SPACE',''
  ) );
#4378 = ORIENTED_EDGE('',*,*,#4308,.T.);
#4379 = ORIENTED_EDGE('',*,*,#3417,.F.);
#4380 = ADVANCED_FACE('',(#4381),#3519,.F.);
#4381 = FACE_BOUND('',#4382,.F.);
#4382 = EDGE_LOOP('',(#4383,#4406,#4434,#4455));
#4383 = ORIENTED_EDGE('',*,*,#4384,.F.);
#4384 = EDGE_CURVE('',#4385,#3502,#4387,.T.);
#4385 = VERTEX_POINT('',#4386);
#4386 = CARTESIAN_POINT('',(-4.,-6.2,12.85));
#4387 = SURFACE_CURVE('',#4388,(#4392,#4399),.PCURVE_S1.);
#4388 = LINE('',#4389,#4390);
#4389 = CARTESIAN_POINT('',(-4.,-6.2,12.85));
#4390 = VECTOR('',#4391,1.);
#4391 = DIRECTION('',(0.,-1.,1.224646799147E-16));
#4392 = PCURVE('',#3519,#4393);
#4393 = DEFINITIONAL_REPRESENTATION('',(#4394),#4398);
#4394 = LINE('',#4395,#4396);
#4395 = CARTESIAN_POINT('',(0.,0.));
#4396 = VECTOR('',#4397,1.);
#4397 = DIRECTION('',(0.,1.));
#4398 = ( GEOMETRIC_REPRESENTATION_CONTEXT(2)
PARAMETRIC_REPRESENTATION_CONTEXT() REPRESENTATION_CONTEXT('2D SPACE',''
  ) );
#4399 = PCURVE('',#3547,#4400);
#4400 = DEFINITIONAL_REPRESENTATION('',(#4401),#4405);
#4401 = LINE('',#4402,#4403);
#4402 = CARTESIAN_POINT('',(0.3,3.673940397442E-17));
#4403 = VECTOR('',#4404,1.);
#4404 = DIRECTION('',(0.,-1.));
#4405 = ( GEOMETRIC_REPRESENTATION_CONTEXT(2)
PARAMETRIC_REPRESENTATION_CONTEXT() REPRESENTATION_CONTEXT('2D SPACE',''
  ) );
#4406 = ORIENTED_EDGE('',*,*,#4407,.T.);
#4407 = EDGE_CURVE('',#4385,#4408,#4410,.T.);
#4408 = VERTEX_POINT('',#4409);
#4409 = CARTESIAN_POINT('',(4.,-6.2,12.85));
#4410 = SURFACE_CURVE('',#4411,(#4415,#4422),.PCURVE_S1.);
#4411 = LINE('',#4412,#4413);
#4412 = CARTESIAN_POINT('',(-4.,-6.2,12.85));
#4413 = VECTOR('',#4414,1.);
#4414 = DIRECTION('',(1.,0.,0.));
#4415 = PCURVE('',#3519,#4416);
#4416 = DEFINITIONAL_REPRESENTATION('',(#4417),#4421);
#4417 = LINE('',#4418,#4419);
#4418 = CARTESIAN_POINT('',(0.,0.));
#4419 = VECTOR('',#4420,1.);
#4420 = DIRECTION('',(1.,0.));
#4421 = ( GEOMETRIC_REPRESENTATION_CONTEXT(2)
PARAMETRIC_REPRESENTATION_CONTEXT() REPRESENTATION_CONTEXT('2D SPACE',''
  ) );
#4422 = PCURVE('',#4423,#4428);
#4423 = PLANE('',#4424);
#4424 = AXIS2_PLACEMENT_3D('',#4425,#4426,#4427);
#4425 = CARTESIAN_POINT('',(-4.,-6.2,13.15));
#4426 = DIRECTION('',(0.,-1.,1.224646799147E-16));
#4427 = DIRECTION('',(0.,-1.224646799147E-16,-1.));
#4428 = DEFINITIONAL_REPRESENTATION('',(#4429),#4433);
#4429 = LINE('',#4430,#4431);
#4430 = CARTESIAN_POINT('',(0.3,0.));
#4431 = VECTOR('',#4432,1.);
#4432 = DIRECTION('',(0.,1.));
#4433 = ( GEOMETRIC_REPRESENTATION_CONTEXT(2)
PARAMETRIC_REPRESENTATION_CONTEXT() REPRESENTATION_CONTEXT('2D SPACE',''
  ) );
#4434 = ORIENTED_EDGE('',*,*,#4435,.T.);
#4435 = EDGE_CURVE('',#4408,#3504,#4436,.T.);
#4436 = SURFACE_CURVE('',#4437,(#4441,#4448),.PCURVE_S1.);
#4437 = LINE('',#4438,#4439);
#4438 = CARTESIAN_POINT('',(4.,-6.2,12.85));
#4439 = VECTOR('',#4440,1.);
#4440 = DIRECTION('',(0.,-1.,1.224646799147E-16));
#4441 = PCURVE('',#3519,#4442);
#4442 = DEFINITIONAL_REPRESENTATION('',(#4443),#4447);
#4443 = LINE('',#4444,#4445);
#4444 = CARTESIAN_POINT('',(8.,0.));
#4445 = VECTOR('',#4446,1.);
#4446 = DIRECTION('',(0.,1.));
#4447 = ( GEOMETRIC_REPRESENTATION_CONTEXT(2)
PARAMETRIC_REPRESENTATION_CONTEXT() REPRESENTATION_CONTEXT('2D SPACE',''
  ) );
#4448 = PCURVE('',#3601,#4449);
#4449 = DEFINITIONAL_REPRESENTATION('',(#4450),#4454);
#4450 = LINE('',#4451,#4452);
#4451 = CARTESIAN_POINT('',(0.3,3.673940397442E-17));
#4452 = VECTOR('',#4453,1.);
#4453 = DIRECTION('',(0.,-1.));
#4454 = ( GEOMETRIC_REPRESENTATION_CONTEXT(2)
PARAMETRIC_REPRESENTATION_CONTEXT() REPRESENTATION_CONTEXT('2D SPACE',''
  ) );
#4455 = ORIENTED_EDGE('',*,*,#3501,.F.);
#4456 = ADVANCED_FACE('',(#4457),#3547,.T.);
#4457 = FACE_BOUND('',#4458,.T.);
#4458 = EDGE_LOOP('',(#4459,#4460,#4483,#4504));
#4459 = ORIENTED_EDGE('',*,*,#4384,.F.);
#4460 = ORIENTED_EDGE('',*,*,#4461,.F.);
#4461 = EDGE_CURVE('',#4462,#4385,#4464,.T.);
#4462 = VERTEX_POINT('',#4463);
#4463 = CARTESIAN_POINT('',(-4.,-6.2,13.15));
#4464 = SURFACE_CURVE('',#4465,(#4469,#4476),.PCURVE_S1.);
#4465 = LINE('',#4466,#4467);
#4466 = CARTESIAN_POINT('',(-4.,-6.2,13.15));
#4467 = VECTOR('',#4468,1.);
#4468 = DIRECTION('',(0.,-1.224646799147E-16,-1.));
#4469 = PCURVE('',#3547,#4470);
#4470 = DEFINITIONAL_REPRESENTATION('',(#4471),#4475);
#4471 = LINE('',#4472,#4473);
#4472 = CARTESIAN_POINT('',(0.,0.));
#4473 = VECTOR('',#4474,1.);
#4474 = DIRECTION('',(1.,0.));
#4475 = ( GEOMETRIC_REPRESENTATION_CONTEXT(2)
PARAMETRIC_REPRESENTATION_CONTEXT() REPRESENTATION_CONTEXT('2D SPACE',''
  ) );
#4476 = PCURVE('',#4423,#4477);
#4477 = DEFINITIONAL_REPRESENTATION('',(#4478),#4482);
#4478 = LINE('',#4479,#4480);
#4479 = CARTESIAN_POINT('',(0.,0.));
#4480 = VECTOR('',#4481,1.);
#4481 = DIRECTION('',(1.,0.));
#4482 = ( GEOMETRIC_REPRESENTATION_CONTEXT(2)
PARAMETRIC_REPRESENTATION_CONTEXT() REPRESENTATION_CONTEXT('2D SPACE',''
  ) );
#4483 = ORIENTED_EDGE('',*,*,#4484,.T.);
#4484 = EDGE_CURVE('',#4462,#3532,#4485,.T.);
#4485 = SURFACE_CURVE('',#4486,(#4490,#4497),.PCURVE_S1.);
#4486 = LINE('',#4487,#4488);
#4487 = CARTESIAN_POINT('',(-4.,-6.2,13.15));
#4488 = VECTOR('',#4489,1.);
#4489 = DIRECTION('',(0.,-1.,1.224646799147E-16));
#4490 = PCURVE('',#3547,#4491);
#4491 = DEFINITIONAL_REPRESENTATION('',(#4492),#4496);
#4492 = LINE('',#4493,#4494);
#4493 = CARTESIAN_POINT('',(0.,0.));
#4494 = VECTOR('',#4495,1.);
#4495 = DIRECTION('',(0.,-1.));
#4496 = ( GEOMETRIC_REPRESENTATION_CONTEXT(2)
PARAMETRIC_REPRESENTATION_CONTEXT() REPRESENTATION_CONTEXT('2D SPACE',''
  ) );
#4497 = PCURVE('',#3575,#4498);
#4498 = DEFINITIONAL_REPRESENTATION('',(#4499),#4503);
#4499 = LINE('',#4500,#4501);
#4500 = CARTESIAN_POINT('',(0.,0.));
#4501 = VECTOR('',#4502,1.);
#4502 = DIRECTION('',(0.,1.));
#4503 = ( GEOMETRIC_REPRESENTATION_CONTEXT(2)
PARAMETRIC_REPRESENTATION_CONTEXT() REPRESENTATION_CONTEXT('2D SPACE',''
  ) );
#4504 = ORIENTED_EDGE('',*,*,#3531,.F.);
#4505 = ADVANCED_FACE('',(#4506),#3601,.F.);
#4506 = FACE_BOUND('',#4507,.F.);
#4507 = EDGE_LOOP('',(#4508,#4509,#4532,#4553));
#4508 = ORIENTED_EDGE('',*,*,#4435,.F.);
#4509 = ORIENTED_EDGE('',*,*,#4510,.F.);
#4510 = EDGE_CURVE('',#4511,#4408,#4513,.T.);
#4511 = VERTEX_POINT('',#4512);
#4512 = CARTESIAN_POINT('',(4.,-6.2,13.15));
#4513 = SURFACE_CURVE('',#4514,(#4518,#4525),.PCURVE_S1.);
#4514 = LINE('',#4515,#4516);
#4515 = CARTESIAN_POINT('',(4.,-6.2,13.15));
#4516 = VECTOR('',#4517,1.);
#4517 = DIRECTION('',(0.,-1.224646799147E-16,-1.));
#4518 = PCURVE('',#3601,#4519);
#4519 = DEFINITIONAL_REPRESENTATION('',(#4520),#4524);
#4520 = LINE('',#4521,#4522);
#4521 = CARTESIAN_POINT('',(0.,0.));
#4522 = VECTOR('',#4523,1.);
#4523 = DIRECTION('',(1.,0.));
#4524 = ( GEOMETRIC_REPRESENTATION_CONTEXT(2)
PARAMETRIC_REPRESENTATION_CONTEXT() REPRESENTATION_CONTEXT('2D SPACE',''
  ) );
#4525 = PCURVE('',#4423,#4526);
#4526 = DEFINITIONAL_REPRESENTATION('',(#4527),#4531);
#4527 = LINE('',#4528,#4529);
#4528 = CARTESIAN_POINT('',(0.,8.));
#4529 = VECTOR('',#4530,1.);
#4530 = DIRECTION('',(1.,0.));
#4531 = ( GEOMETRIC_REPRESENTATION_CONTEXT(2)
PARAMETRIC_REPRESENTATION_CONTEXT() REPRESENTATION_CONTEXT('2D SPACE',''
  ) );
#4532 = ORIENTED_EDGE('',*,*,#4533,.T.);
#4533 = EDGE_CURVE('',#4511,#3560,#4534,.T.);
#4534 = SURFACE_CURVE('',#4535,(#4539,#4546),.PCURVE_S1.);
#4535 = LINE('',#4536,#4537);
#4536 = CARTESIAN_POINT('',(4.,-6.2,13.15));
#4537 = VECTOR('',#4538,1.);
#4538 = DIRECTION('',(0.,-1.,1.224646799147E-16));
#4539 = PCURVE('',#3601,#4540);
#4540 = DEFINITIONAL_REPRESENTATION('',(#4541),#4545);
#4541 = LINE('',#4542,#4543);
#4542 = CARTESIAN_POINT('',(0.,0.));
#4543 = VECTOR('',#4544,1.);
#4544 = DIRECTION('',(0.,-1.));
#4545 = ( GEOMETRIC_REPRESENTATION_CONTEXT(2)
PARAMETRIC_REPRESENTATION_CONTEXT() REPRESENTATION_CONTEXT('2D SPACE',''
  ) );
#4546 = PCURVE('',#3575,#4547);
#4547 = DEFINITIONAL_REPRESENTATION('',(#4548),#4552);
#4548 = LINE('',#4549,#4550);
#4549 = CARTESIAN_POINT('',(8.,0.));
#4550 = VECTOR('',#4551,1.);
#4551 = DIRECTION('',(0.,1.));
#4552 = ( GEOMETRIC_REPRESENTATION_CONTEXT(2)
PARAMETRIC_REPRESENTATION_CONTEXT() REPRESENTATION_CONTEXT('2D SPACE',''
  ) );
#4553 = ORIENTED_EDGE('',*,*,#3587,.F.);
#4554 = ADVANCED_FACE('',(#4555),#3575,.T.);
#4555 = FACE_BOUND('',#4556,.T.);
#4556 = EDGE_LOOP('',(#4557,#4558,#4579,#4580));
#4557 = ORIENTED_EDGE('',*,*,#4484,.F.);
#4558 = ORIENTED_EDGE('',*,*,#4559,.T.);
#4559 = EDGE_CURVE('',#4462,#4511,#4560,.T.);
#4560 = SURFACE_CURVE('',#4561,(#4565,#4572),.PCURVE_S1.);
#4561 = LINE('',#4562,#4563);
#4562 = CARTESIAN_POINT('',(-4.,-6.2,13.15));
#4563 = VECTOR('',#4564,1.);
#4564 = DIRECTION('',(1.,0.,0.));
#4565 = PCURVE('',#3575,#4566);
#4566 = DEFINITIONAL_REPRESENTATION('',(#4567),#4571);
#4567 = LINE('',#4568,#4569);
#4568 = CARTESIAN_POINT('',(0.,0.));
#4569 = VECTOR('',#4570,1.);
#4570 = DIRECTION('',(1.,0.));
#4571 = ( GEOMETRIC_REPRESENTATION_CONTEXT(2)
PARAMETRIC_REPRESENTATION_CONTEXT() REPRESENTATION_CONTEXT('2D SPACE',''
  ) );
#4572 = PCURVE('',#4423,#4573);
#4573 = DEFINITIONAL_REPRESENTATION('',(#4574),#4578);
#4574 = LINE('',#4575,#4576);
#4575 = CARTESIAN_POINT('',(0.,0.));
#4576 = VECTOR('',#4577,1.);
#4577 = DIRECTION('',(0.,1.));
#4578 = ( GEOMETRIC_REPRESENTATION_CONTEXT(2)
PARAMETRIC_REPRESENTATION_CONTEXT() REPRESENTATION_CONTEXT('2D SPACE',''
  ) );
#4579 = ORIENTED_EDGE('',*,*,#4533,.T.);
#4580 = ORIENTED_EDGE('',*,*,#3559,.F.);
#4581 = ADVANCED_FACE('',(#4582),#3633,.F.);
#4582 = FACE_BOUND('',#4583,.F.);
#4583 = EDGE_LOOP('',(#4584,#4607,#4635,#4656));
#4584 = ORIENTED_EDGE('',*,*,#4585,.F.);
#4585 = EDGE_CURVE('',#4586,#3616,#4588,.T.);
#4586 = VERTEX_POINT('',#4587);
#4587 = CARTESIAN_POINT('',(-4.,-6.2,17.85));
#4588 = SURFACE_CURVE('',#4589,(#4593,#4600),.PCURVE_S1.);
#4589 = LINE('',#4590,#4591);
#4590 = CARTESIAN_POINT('',(-4.,-6.2,17.85));
#4591 = VECTOR('',#4592,1.);
#4592 = DIRECTION('',(0.,-1.,1.224646799147E-16));
#4593 = PCURVE('',#3633,#4594);
#4594 = DEFINITIONAL_REPRESENTATION('',(#4595),#4599);
#4595 = LINE('',#4596,#4597);
#4596 = CARTESIAN_POINT('',(0.,0.));
#4597 = VECTOR('',#4598,1.);
#4598 = DIRECTION('',(0.,1.));
#4599 = ( GEOMETRIC_REPRESENTATION_CONTEXT(2)
PARAMETRIC_REPRESENTATION_CONTEXT() REPRESENTATION_CONTEXT('2D SPACE',''
  ) );
#4600 = PCURVE('',#3661,#4601);
#4601 = DEFINITIONAL_REPRESENTATION('',(#4602),#4606);
#4602 = LINE('',#4603,#4604);
#4603 = CARTESIAN_POINT('',(0.3,3.673940397442E-17));
#4604 = VECTOR('',#4605,1.);
#4605 = DIRECTION('',(0.,-1.));
#4606 = ( GEOMETRIC_REPRESENTATION_CONTEXT(2)
PARAMETRIC_REPRESENTATION_CONTEXT() REPRESENTATION_CONTEXT('2D SPACE',''
  ) );
#4607 = ORIENTED_EDGE('',*,*,#4608,.T.);
#4608 = EDGE_CURVE('',#4586,#4609,#4611,.T.);
#4609 = VERTEX_POINT('',#4610);
#4610 = CARTESIAN_POINT('',(4.,-6.2,17.85));
#4611 = SURFACE_CURVE('',#4612,(#4616,#4623),.PCURVE_S1.);
#4612 = LINE('',#4613,#4614);
#4613 = CARTESIAN_POINT('',(-4.,-6.2,17.85));
#4614 = VECTOR('',#4615,1.);
#4615 = DIRECTION('',(1.,0.,0.));
#4616 = PCURVE('',#3633,#4617);
#4617 = DEFINITIONAL_REPRESENTATION('',(#4618),#4622);
#4618 = LINE('',#4619,#4620);
#4619 = CARTESIAN_POINT('',(0.,0.));
#4620 = VECTOR('',#4621,1.);
#4621 = DIRECTION('',(1.,0.));
#4622 = ( GEOMETRIC_REPRESENTATION_CONTEXT(2)
PARAMETRIC_REPRESENTATION_CONTEXT() REPRESENTATION_CONTEXT('2D SPACE',''
  ) );
#4623 = PCURVE('',#4624,#4629);
#4624 = PLANE('',#4625);
#4625 = AXIS2_PLACEMENT_3D('',#4626,#4627,#4628);
#4626 = CARTESIAN_POINT('',(-4.,-6.2,18.15));
#4627 = DIRECTION('',(0.,-1.,1.224646799147E-16));
#4628 = DIRECTION('',(0.,-1.224646799147E-16,-1.));
#4629 = DEFINITIONAL_REPRESENTATION('',(#4630),#4634);
#4630 = LINE('',#4631,#4632);
#4631 = CARTESIAN_POINT('',(0.3,0.));
#4632 = VECTOR('',#4633,1.);
#4633 = DIRECTION('',(0.,1.));
#4634 = ( GEOMETRIC_REPRESENTATION_CONTEXT(2)
PARAMETRIC_REPRESENTATION_CONTEXT() REPRESENTATION_CONTEXT('2D SPACE',''
  ) );
#4635 = ORIENTED_EDGE('',*,*,#4636,.T.);
#4636 = EDGE_CURVE('',#4609,#3618,#4637,.T.);
#4637 = SURFACE_CURVE('',#4638,(#4642,#4649),.PCURVE_S1.);
#4638 = LINE('',#4639,#4640);
#4639 = CARTESIAN_POINT('',(4.,-6.2,17.85));
#4640 = VECTOR('',#4641,1.);
#4641 = DIRECTION('',(0.,-1.,1.224646799147E-16));
#4642 = PCURVE('',#3633,#4643);
#4643 = DEFINITIONAL_REPRESENTATION('',(#4644),#4648);
#4644 = LINE('',#4645,#4646);
#4645 = CARTESIAN_POINT('',(8.,0.));
#4646 = VECTOR('',#4647,1.);
#4647 = DIRECTION('',(0.,1.));
#4648 = ( GEOMETRIC_REPRESENTATION_CONTEXT(2)
PARAMETRIC_REPRESENTATION_CONTEXT() REPRESENTATION_CONTEXT('2D SPACE',''
  ) );
#4649 = PCURVE('',#3715,#4650);
#4650 = DEFINITIONAL_REPRESENTATION('',(#4651),#4655);
#4651 = LINE('',#4652,#4653);
#4652 = CARTESIAN_POINT('',(0.3,3.673940397442E-17));
#4653 = VECTOR('',#4654,1.);
#4654 = DIRECTION('',(0.,-1.));
#4655 = ( GEOMETRIC_REPRESENTATION_CONTEXT(2)
PARAMETRIC_REPRESENTATION_CONTEXT() REPRESENTATION_CONTEXT('2D SPACE',''
  ) );
#4656 = ORIENTED_EDGE('',*,*,#3615,.F.);
#4657 = ADVANCED_FACE('',(#4658),#3661,.T.);
#4658 = FACE_BOUND('',#4659,.T.);
#4659 = EDGE_LOOP('',(#4660,#4661,#4684,#4705));
#4660 = ORIENTED_EDGE('',*,*,#4585,.F.);
#4661 = ORIENTED_EDGE('',*,*,#4662,.F.);
#4662 = EDGE_CURVE('',#4663,#4586,#4665,.T.);
#4663 = VERTEX_POINT('',#4664);
#4664 = CARTESIAN_POINT('',(-4.,-6.2,18.15));
#4665 = SURFACE_CURVE('',#4666,(#4670,#4677),.PCURVE_S1.);
#4666 = LINE('',#4667,#4668);
#4667 = CARTESIAN_POINT('',(-4.,-6.2,18.15));
#4668 = VECTOR('',#4669,1.);
#4669 = DIRECTION('',(0.,-1.224646799147E-16,-1.));
#4670 = PCURVE('',#3661,#4671);
#4671 = DEFINITIONAL_REPRESENTATION('',(#4672),#4676);
#4672 = LINE('',#4673,#4674);
#4673 = CARTESIAN_POINT('',(0.,0.));
#4674 = VECTOR('',#4675,1.);
#4675 = DIRECTION('',(1.,0.));
#4676 = ( GEOMETRIC_REPRESENTATION_CONTEXT(2)
PARAMETRIC_REPRESENTATION_CONTEXT() REPRESENTATION_CONTEXT('2D SPACE',''
  ) );
#4677 = PCURVE('',#4624,#4678);
#4678 = DEFINITIONAL_REPRESENTATION('',(#4679),#4683);
#4679 = LINE('',#4680,#4681);
#4680 = CARTESIAN_POINT('',(0.,0.));
#4681 = VECTOR('',#4682,1.);
#4682 = DIRECTION('',(1.,0.));
#4683 = ( GEOMETRIC_REPRESENTATION_CONTEXT(2)
PARAMETRIC_REPRESENTATION_CONTEXT() REPRESENTATION_CONTEXT('2D SPACE',''
  ) );
#4684 = ORIENTED_EDGE('',*,*,#4685,.T.);
#4685 = EDGE_CURVE('',#4663,#3646,#4686,.T.);
#4686 = SURFACE_CURVE('',#4687,(#4691,#4698),.PCURVE_S1.);
#4687 = LINE('',#4688,#4689);
#4688 = CARTESIAN_POINT('',(-4.,-6.2,18.15));
#4689 = VECTOR('',#4690,1.);
#4690 = DIRECTION('',(0.,-1.,1.224646799147E-16));
#4691 = PCURVE('',#3661,#4692);
#4692 = DEFINITIONAL_REPRESENTATION('',(#4693),#4697);
#4693 = LINE('',#4694,#4695);
#4694 = CARTESIAN_POINT('',(0.,0.));
#4695 = VECTOR('',#4696,1.);
#4696 = DIRECTION('',(0.,-1.));
#4697 = ( GEOMETRIC_REPRESENTATION_CONTEXT(2)
PARAMETRIC_REPRESENTATION_CONTEXT() REPRESENTATION_CONTEXT('2D SPACE',''
  ) );
#4698 = PCURVE('',#3689,#4699);
#4699 = DEFINITIONAL_REPRESENTATION('',(#4700),#4704);
#4700 = LINE('',#4701,#4702);
#4701 = CARTESIAN_POINT('',(0.,0.));
#4702 = VECTOR('',#4703,1.);
#4703 = DIRECTION('',(0.,1.));
#4704 = ( GEOMETRIC_REPRESENTATION_CONTEXT(2)
PARAMETRIC_REPRESENTATION_CONTEXT() REPRESENTATION_CONTEXT('2D SPACE',''
  ) );
#4705 = ORIENTED_EDGE('',*,*,#3645,.F.);
#4706 = ADVANCED_FACE('',(#4707),#3715,.F.);
#4707 = FACE_BOUND('',#4708,.F.);
#4708 = EDGE_LOOP('',(#4709,#4710,#4733,#4754));
#4709 = ORIENTED_EDGE('',*,*,#4636,.F.);
#4710 = ORIENTED_EDGE('',*,*,#4711,.F.);
#4711 = EDGE_CURVE('',#4712,#4609,#4714,.T.);
#4712 = VERTEX_POINT('',#4713);
#4713 = CARTESIAN_POINT('',(4.,-6.2,18.15));
#4714 = SURFACE_CURVE('',#4715,(#4719,#4726),.PCURVE_S1.);
#4715 = LINE('',#4716,#4717);
#4716 = CARTESIAN_POINT('',(4.,-6.2,18.15));
#4717 = VECTOR('',#4718,1.);
#4718 = DIRECTION('',(0.,-1.224646799147E-16,-1.));
#4719 = PCURVE('',#3715,#4720);
#4720 = DEFINITIONAL_REPRESENTATION('',(#4721),#4725);
#4721 = LINE('',#4722,#4723);
#4722 = CARTESIAN_POINT('',(0.,0.));
#4723 = VECTOR('',#4724,1.);
#4724 = DIRECTION('',(1.,0.));
#4725 = ( GEOMETRIC_REPRESENTATION_CONTEXT(2)
PARAMETRIC_REPRESENTATION_CONTEXT() REPRESENTATION_CONTEXT('2D SPACE',''
  ) );
#4726 = PCURVE('',#4624,#4727);
#4727 = DEFINITIONAL_REPRESENTATION('',(#4728),#4732);
#4728 = LINE('',#4729,#4730);
#4729 = CARTESIAN_POINT('',(0.,8.));
#4730 = VECTOR('',#4731,1.);
#4731 = DIRECTION('',(1.,0.));
#4732 = ( GEOMETRIC_REPRESENTATION_CONTEXT(2)
PARAMETRIC_REPRESENTATION_CONTEXT() REPRESENTATION_CONTEXT('2D SPACE',''
  ) );
#4733 = ORIENTED_EDGE('',*,*,#4734,.T.);
#4734 = EDGE_CURVE('',#4712,#3674,#4735,.T.);
#4735 = SURFACE_CURVE('',#4736,(#4740,#4747),.PCURVE_S1.);
#4736 = LINE('',#4737,#4738);
#4737 = CARTESIAN_POINT('',(4.,-6.2,18.15));
#4738 = VECTOR('',#4739,1.);
#4739 = DIRECTION('',(0.,-1.,1.224646799147E-16));
#4740 = PCURVE('',#3715,#4741);
#4741 = DEFINITIONAL_REPRESENTATION('',(#4742),#4746);
#4742 = LINE('',#4743,#4744);
#4743 = CARTESIAN_POINT('',(0.,0.));
#4744 = VECTOR('',#4745,1.);
#4745 = DIRECTION('',(0.,-1.));
#4746 = ( GEOMETRIC_REPRESENTATION_CONTEXT(2)
PARAMETRIC_REPRESENTATION_CONTEXT() REPRESENTATION_CONTEXT('2D SPACE',''
  ) );
#4747 = PCURVE('',#3689,#4748);
#4748 = DEFINITIONAL_REPRESENTATION('',(#4749),#4753);
#4749 = LINE('',#4750,#4751);
#4750 = CARTESIAN_POINT('',(8.,0.));
#4751 = VECTOR('',#4752,1.);
#4752 = DIRECTION('',(0.,1.));
#4753 = ( GEOMETRIC_REPRESENTATION_CONTEXT(2)
PARAMETRIC_REPRESENTATION_CONTEXT() REPRESENTATION_CONTEXT('2D SPACE',''
  ) );
#4754 = ORIENTED_EDGE('',*,*,#3701,.F.);
#4755 = ADVANCED_FACE('',(#4756),#3689,.T.);
#4756 = FACE_BOUND('',#4757,.T.);
#4757 = EDGE_LOOP('',(#4758,#4759,#4780,#4781));
#4758 = ORIENTED_EDGE('',*,*,#4685,.F.);
#4759 = ORIENTED_EDGE('',*,*,#4760,.T.);
#4760 = EDGE_CURVE('',#4663,#4712,#4761,.T.);
#4761 = SURFACE_CURVE('',#4762,(#4766,#4773),.PCURVE_S1.);
#4762 = LINE('',#4763,#4764);
#4763 = CARTESIAN_POINT('',(-4.,-6.2,18.15));
#4764 = VECTOR('',#4765,1.);
#4765 = DIRECTION('',(1.,0.,0.));
#4766 = PCURVE('',#3689,#4767);
#4767 = DEFINITIONAL_REPRESENTATION('',(#4768),#4772);
#4768 = LINE('',#4769,#4770);
#4769 = CARTESIAN_POINT('',(0.,0.));
#4770 = VECTOR('',#4771,1.);
#4771 = DIRECTION('',(1.,0.));
#4772 = ( GEOMETRIC_REPRESENTATION_CONTEXT(2)
PARAMETRIC_REPRESENTATION_CONTEXT() REPRESENTATION_CONTEXT('2D SPACE',''
  ) );
#4773 = PCURVE('',#4624,#4774);
#4774 = DEFINITIONAL_REPRESENTATION('',(#4775),#4779);
#4775 = LINE('',#4776,#4777);
#4776 = CARTESIAN_POINT('',(0.,0.));
#4777 = VECTOR('',#4778,1.);
#4778 = DIRECTION('',(0.,1.));
#4779 = ( GEOMETRIC_REPRESENTATION_CONTEXT(2)
PARAMETRIC_REPRESENTATION_CONTEXT() REPRESENTATION_CONTEXT('2D SPACE',''
  ) );
#4780 = ORIENTED_EDGE('',*,*,#4734,.T.);
#4781 = ORIENTED_EDGE('',*,*,#3673,.F.);
#4782 = ADVANCED_FACE('',(#4783),#3770,.T.);
#4783 = FACE_BOUND('',#4784,.T.);
#4784 = EDGE_LOOP('',(#4785,#4808,#4809,#4810));
#4785 = ORIENTED_EDGE('',*,*,#4786,.F.);
#4786 = EDGE_CURVE('',#3731,#4787,#4789,.T.);
#4787 = VERTEX_POINT('',#4788);
#4788 = CARTESIAN_POINT('',(-12.,5.9,23.));
#4789 = SURFACE_CURVE('',#4790,(#4794,#4801),.PCURVE_S1.);
#4790 = LINE('',#4791,#4792);
#4791 = CARTESIAN_POINT('',(-12.,6.125,22.775));
#4792 = VECTOR('',#4793,1.);
#4793 = DIRECTION('',(-7.097888957873E-35,-0.707106781187,0.707106781187
    ));
#4794 = PCURVE('',#3770,#4795);
#4795 = DEFINITIONAL_REPRESENTATION('',(#4796),#4800);
#4796 = LINE('',#4797,#4798);
#4797 = CARTESIAN_POINT('',(-0.,-0.225));
#4798 = VECTOR('',#4799,1.);
#4799 = DIRECTION('',(-0.,-1.));
#4800 = ( GEOMETRIC_REPRESENTATION_CONTEXT(2)
PARAMETRIC_REPRESENTATION_CONTEXT() REPRESENTATION_CONTEXT('2D SPACE',''
  ) );
#4801 = PCURVE('',#3857,#4802);
#4802 = DEFINITIONAL_REPRESENTATION('',(#4803),#4807);
#4803 = LINE('',#4804,#4805);
#4804 = CARTESIAN_POINT('',(24.,1.70349334989E-33));
#4805 = VECTOR('',#4806,1.);
#4806 = DIRECTION('',(5.988926724227E-35,1.));
#4807 = ( GEOMETRIC_REPRESENTATION_CONTEXT(2)
PARAMETRIC_REPRESENTATION_CONTEXT() REPRESENTATION_CONTEXT('2D SPACE',''
  ) );
#4808 = ORIENTED_EDGE('',*,*,#3755,.T.);
#4809 = ORIENTED_EDGE('',*,*,#4112,.T.);
#4810 = ORIENTED_EDGE('',*,*,#4811,.F.);
#4811 = EDGE_CURVE('',#4787,#4113,#4812,.T.);
#4812 = SURFACE_CURVE('',#4813,(#4818,#4825),.PCURVE_S1.);
#4813 = CIRCLE('',#4814,5.9);
#4814 = AXIS2_PLACEMENT_3D('',#4815,#4816,#4817);
#4815 = CARTESIAN_POINT('',(-12.,-5.632706695528E-16,23.));
#4816 = DIRECTION('',(0.,1.224646799147E-16,1.));
#4817 = DIRECTION('',(-2.797412345512E-16,1.,-1.224646799147E-16));
#4818 = PCURVE('',#3770,#4819);
#4819 = DEFINITIONAL_REPRESENTATION('',(#4820),#4824);
#4820 = LINE('',#4821,#4822);
#4821 = CARTESIAN_POINT('',(-0.,-0.45));
#4822 = VECTOR('',#4823,1.);
#4823 = DIRECTION('',(-1.,-0.));
#4824 = ( GEOMETRIC_REPRESENTATION_CONTEXT(2)
PARAMETRIC_REPRESENTATION_CONTEXT() REPRESENTATION_CONTEXT('2D SPACE',''
  ) );
#4825 = PCURVE('',#3890,#4826);
#4826 = DEFINITIONAL_REPRESENTATION('',(#4827),#4831);
#4827 = CIRCLE('',#4828,5.9);
#4828 = AXIS2_PLACEMENT_2D('',#4829,#4830);
#4829 = CARTESIAN_POINT('',(12.,6.870586026121E-16));
#4830 = DIRECTION('',(2.797412345512E-16,-1.));
#4831 = ( GEOMETRIC_REPRESENTATION_CONTEXT(2)
PARAMETRIC_REPRESENTATION_CONTEXT() REPRESENTATION_CONTEXT('2D SPACE',''
  ) );
#4832 = ADVANCED_FACE('',(#4833),#3825,.T.);
#4833 = FACE_BOUND('',#4834,.T.);
#4834 = EDGE_LOOP('',(#4835,#4836,#4837,#4860));
#4835 = ORIENTED_EDGE('',*,*,#4136,.F.);
#4836 = ORIENTED_EDGE('',*,*,#3810,.T.);
#4837 = ORIENTED_EDGE('',*,*,#4838,.T.);
#4838 = EDGE_CURVE('',#3788,#4839,#4841,.T.);
#4839 = VERTEX_POINT('',#4840);
#4840 = CARTESIAN_POINT('',(12.,5.9,23.));
#4841 = SURFACE_CURVE('',#4842,(#4846,#4853),.PCURVE_S1.);
#4842 = LINE('',#4843,#4844);
#4843 = CARTESIAN_POINT('',(12.,6.35,22.55));
#4844 = VECTOR('',#4845,1.);
#4845 = DIRECTION('',(-2.028071734316E-16,-0.707106781187,0.707106781187
    ));
#4846 = PCURVE('',#3825,#4847);
#4847 = DEFINITIONAL_REPRESENTATION('',(#4848),#4852);
#4848 = LINE('',#4849,#4850);
#4849 = CARTESIAN_POINT('',(-3.14159265359,-0.));
#4850 = VECTOR('',#4851,1.);
#4851 = DIRECTION('',(-0.,-1.));
#4852 = ( GEOMETRIC_REPRESENTATION_CONTEXT(2)
PARAMETRIC_REPRESENTATION_CONTEXT() REPRESENTATION_CONTEXT('2D SPACE',''
  ) );
#4853 = PCURVE('',#3857,#4854);
#4854 = DEFINITIONAL_REPRESENTATION('',(#4855),#4859);
#4855 = LINE('',#4856,#4857);
#4856 = CARTESIAN_POINT('',(1.59402345051E-33,-0.318198051534));
#4857 = VECTOR('',#4858,1.);
#4858 = DIRECTION('',(2.028071734316E-16,1.));
#4859 = ( GEOMETRIC_REPRESENTATION_CONTEXT(2)
PARAMETRIC_REPRESENTATION_CONTEXT() REPRESENTATION_CONTEXT('2D SPACE',''
  ) );
#4860 = ORIENTED_EDGE('',*,*,#4861,.F.);
#4861 = EDGE_CURVE('',#4137,#4839,#4862,.T.);
#4862 = SURFACE_CURVE('',#4863,(#4868,#4875),.PCURVE_S1.);
#4863 = CIRCLE('',#4864,5.9);
#4864 = AXIS2_PLACEMENT_3D('',#4865,#4866,#4867);
#4865 = CARTESIAN_POINT('',(12.,5.632706695528E-16,23.));
#4866 = DIRECTION('',(0.,1.224646799147E-16,1.));
#4867 = DIRECTION('',(2.797412345512E-16,-1.,1.224646799147E-16));
#4868 = PCURVE('',#3825,#4869);
#4869 = DEFINITIONAL_REPRESENTATION('',(#4870),#4874);
#4870 = LINE('',#4871,#4872);
#4871 = CARTESIAN_POINT('',(-0.,-0.45));
#4872 = VECTOR('',#4873,1.);
#4873 = DIRECTION('',(-1.,-0.));
#4874 = ( GEOMETRIC_REPRESENTATION_CONTEXT(2)
PARAMETRIC_REPRESENTATION_CONTEXT() REPRESENTATION_CONTEXT('2D SPACE',''
  ) );
#4875 = PCURVE('',#3890,#4876);
#4876 = DEFINITIONAL_REPRESENTATION('',(#4877),#4881);
#4877 = CIRCLE('',#4878,5.9);
#4878 = AXIS2_PLACEMENT_2D('',#4879,#4880);
#4879 = CARTESIAN_POINT('',(-12.,-4.394827364936E-16));
#4880 = DIRECTION('',(-2.797412345512E-16,1.));
#4881 = ( GEOMETRIC_REPRESENTATION_CONTEXT(2)
PARAMETRIC_REPRESENTATION_CONTEXT() REPRESENTATION_CONTEXT('2D SPACE',''
  ) );
#4882 = ADVANCED_FACE('',(#4883),#3857,.T.);
#4883 = FACE_BOUND('',#4884,.T.);
#4884 = EDGE_LOOP('',(#4885,#4886,#4887,#4888));
#4885 = ORIENTED_EDGE('',*,*,#4838,.F.);
#4886 = ORIENTED_EDGE('',*,*,#3843,.T.);
#4887 = ORIENTED_EDGE('',*,*,#4786,.T.);
#4888 = ORIENTED_EDGE('',*,*,#4889,.F.);
#4889 = EDGE_CURVE('',#4839,#4787,#4890,.T.);
#4890 = SURFACE_CURVE('',#4891,(#4895,#4902),.PCURVE_S1.);
#4891 = LINE('',#4892,#4893);
#4892 = CARTESIAN_POINT('',(12.,5.9,23.));
#4893 = VECTOR('',#4894,1.);
#4894 = DIRECTION('',(-1.,-0.,0.));
#4895 = PCURVE('',#3857,#4896);
#4896 = DEFINITIONAL_REPRESENTATION('',(#4897),#4901);
#4897 = LINE('',#4898,#4899);
#4898 = CARTESIAN_POINT('',(-5.131246390281E-36,0.318198051534));
#4899 = VECTOR('',#4900,1.);
#4900 = DIRECTION('',(1.,5.988926724227E-35));
#4901 = ( GEOMETRIC_REPRESENTATION_CONTEXT(2)
PARAMETRIC_REPRESENTATION_CONTEXT() REPRESENTATION_CONTEXT('2D SPACE',''
  ) );
#4902 = PCURVE('',#3890,#4903);
#4903 = DEFINITIONAL_REPRESENTATION('',(#4904),#4908);
#4904 = LINE('',#4905,#4906);
#4905 = CARTESIAN_POINT('',(-12.,-5.9));
#4906 = VECTOR('',#4907,1.);
#4907 = DIRECTION('',(1.,0.));
#4908 = ( GEOMETRIC_REPRESENTATION_CONTEXT(2)
PARAMETRIC_REPRESENTATION_CONTEXT() REPRESENTATION_CONTEXT('2D SPACE',''
  ) );
#4909 = ADVANCED_FACE('',(#4910,#4916),#3890,.T.);
#4910 = FACE_BOUND('',#4911,.T.);
#4911 = EDGE_LOOP('',(#4912,#4913,#4914,#4915));
#4912 = ORIENTED_EDGE('',*,*,#4159,.T.);
#4913 = ORIENTED_EDGE('',*,*,#4861,.T.);
#4914 = ORIENTED_EDGE('',*,*,#4889,.T.);
#4915 = ORIENTED_EDGE('',*,*,#4811,.T.);
#4916 = FACE_BOUND('',#4917,.T.);
#4917 = EDGE_LOOP('',(#4918,#4919,#4920,#4921));
#4918 = ORIENTED_EDGE('',*,*,#3872,.F.);
#4919 = ORIENTED_EDGE('',*,*,#4047,.F.);
#4920 = ORIENTED_EDGE('',*,*,#3998,.F.);
#4921 = ORIENTED_EDGE('',*,*,#3948,.F.);
#4922 = ADVANCED_FACE('',(#4923),#4222,.T.);
#4923 = FACE_BOUND('',#4924,.T.);
#4924 = EDGE_LOOP('',(#4925,#4926,#4927,#4928));
#4925 = ORIENTED_EDGE('',*,*,#4331,.F.);
#4926 = ORIENTED_EDGE('',*,*,#4358,.T.);
#4927 = ORIENTED_EDGE('',*,*,#4206,.T.);
#4928 = ORIENTED_EDGE('',*,*,#4260,.F.);
#4929 = ADVANCED_FACE('',(#4930),#4423,.T.);
#4930 = FACE_BOUND('',#4931,.T.);
#4931 = EDGE_LOOP('',(#4932,#4933,#4934,#4935));
#4932 = ORIENTED_EDGE('',*,*,#4559,.F.);
#4933 = ORIENTED_EDGE('',*,*,#4461,.T.);
#4934 = ORIENTED_EDGE('',*,*,#4407,.T.);
#4935 = ORIENTED_EDGE('',*,*,#4510,.F.);
#4936 = ADVANCED_FACE('',(#4937),#4624,.T.);
#4937 = FACE_BOUND('',#4938,.T.);
#4938 = EDGE_LOOP('',(#4939,#4940,#4941,#4942));
#4939 = ORIENTED_EDGE('',*,*,#4760,.F.);
#4940 = ORIENTED_EDGE('',*,*,#4662,.T.);
#4941 = ORIENTED_EDGE('',*,*,#4608,.T.);
#4942 = ORIENTED_EDGE('',*,*,#4711,.F.);
#4943 = ( GEOMETRIC_REPRESENTATION_CONTEXT(3)
GLOBAL_UNCERTAINTY_ASSIGNED_CONTEXT((#4947))
GLOBAL_UNIT_ASSIGNED_CONTEXT((#4944,#4945,#4946)) REPRESENTATION_CONTEXT
('Context #1','3D Context with UNIT and UNCERTAINTY') );
#4944 = ( LENGTH_UNIT() NAMED_UNIT(*) SI_UNIT(.MILLI.,.METRE.) );
#4945 = ( NAMED_UNIT(*) PLANE_ANGLE_UNIT() SI_UNIT($,.RADIAN.) );
#4946 = ( NAMED_UNIT(*) SI_UNIT($,.STERADIAN.) SOLID_ANGLE_UNIT() );
#4947 = UNCERTAINTY_MEASURE_WITH_UNIT(LENGTH_MEASURE(1.E-06),#4944,
  'distance_accuracy_value','confusion accuracy');
#4948 = PRODUCT_RELATED_PRODUCT_CATEGORY('part',$,(#7));
ENDSEC;
END-ISO-10303-21;
